season,TEAM_ID,TEAM_ABBREVIATION,GAME_ID,GAME_DATE,MATCHUP,WL,PTS,PLUS_MINUS
2022-23,1610612744,GSW,0022200002,2022-10-18,GSW vs. LAL,W,123,14
2022-23,1610612738,BOS,0022200001,2022-10-18,BOS vs. PHI,W,126,9
2022-23,1610612755,PHI,0022200001,2022-10-18,PHI @ BOS,L,117,-9
2022-23,1610612747,LAL,0022200002,2022-10-18,LAL @ GSW,L,109,-14
2022-23,1610612741,CHI,0022200007,2022-10-19,CHI @ MIA,W,116,8
2022-23,1610612760,OKC,0022200010,2022-10-19,OKC @ MIN,L,108,-7
2022-23,1610612740,NOP,0022200006,2022-10-19,NOP @ BKN,W,130,22
2022-23,1610612763,MEM,0022200009,2022-10-19,MEM vs. NYK,W,115,3
2022-23,1610612765,DET,0022200003,2022-10-19,DET vs. ORL,W,113,4
2022-23,1610612764,WAS,0022200004,2022-10-19,WAS @ IND,W,114,7
2022-23,1610612742,DAL,0022200013,2022-10-19,DAL @ PHX,L,105,-2
2022-23,1610612758,SAC,0022200014,2022-10-19,SAC vs. POR,L,108,-7
2022-23,1610612757,POR,0022200014,2022-10-19,POR @ SAC,W,115,7
2022-23,1610612766,CHA,0022200011,2022-10-19,CHA @ SAS,W,129,27
2022-23,1610612745,HOU,0022200005,2022-10-19,HOU @ ATL,L,107,-10
2022-23,1610612761,TOR,0022200008,2022-10-19,TOR vs. CLE,W,108,3
2022-23,1610612751,BKN,0022200006,2022-10-19,BKN vs. NOP,L,108,-22
2022-23,1610612748,MIA,0022200007,2022-10-19,MIA vs. CHI,L,108,-8
2022-23,1610612756,PHX,0022200013,2022-10-19,PHX vs. DAL,W,107,2
2022-23,1610612762,UTA,0022200012,2022-10-19,UTA vs. DEN,W,123,21
2022-23,1610612737,ATL,0022200005,2022-10-19,ATL vs. HOU,W,117,10
2022-23,1610612750,MIN,0022200010,2022-10-19,MIN vs. OKC,W,115,7
2022-23,1610612739,CLE,0022200008,2022-10-19,CLE @ TOR,L,105,-3
2022-23,1610612743,DEN,0022200012,2022-10-19,DEN @ UTA,L,102,-21
2022-23,1610612752,NYK,0022200009,2022-10-19,NYK @ MEM,L,112,-3
2022-23,1610612754,IND,0022200004,2022-10-19,IND vs. WAS,L,107,-7
2022-23,1610612753,ORL,0022200003,2022-10-19,ORL @ DET,L,109,-4
2022-23,1610612759,SAS,0022200011,2022-10-19,SAS vs. CHA,L,102,-27
2022-23,1610612746,LAC,0022200016,2022-10-20,LAC @ LAL,W,103,6
2022-23,1610612755,PHI,0022200015,2022-10-20,PHI vs. MIL,L,88,-2
2022-23,1610612749,MIL,0022200015,2022-10-20,MIL @ PHI,W,90,2
2022-23,1610612747,LAL,0022200016,2022-10-20,LAL vs. LAC,L,97,-6
2022-23,1610612738,BOS,0022200022,2022-10-21,BOS @ MIA,W,111,7
2022-23,1610612762,UTA,0022200025,2022-10-21,UTA @ MIN,W,132,6
2022-23,1610612761,TOR,0022200021,2022-10-21,TOR @ BKN,L,105,-4
2022-23,1610612765,DET,0022200023,2022-10-21,DET @ NYK,L,106,-24
2022-23,1610612737,ATL,0022200020,2022-10-21,ATL vs. ORL,W,108,10
2022-23,1610612759,SAS,0022200018,2022-10-21,SAS @ IND,W,137,3
2022-23,1610612757,POR,0022200027,2022-10-21,POR vs. PHX,W,113,2
2022-23,1610612756,PHX,0022200027,2022-10-21,PHX @ POR,L,111,-2
2022-23,1610612754,IND,0022200018,2022-10-21,IND vs. SAS,L,134,-3
2022-23,1610612753,ORL,0022200020,2022-10-21,ORL @ ATL,L,98,-10
2022-23,1610612748,MIA,0022200022,2022-10-21,MIA vs. BOS,L,104,-7
2022-23,1610612766,CHA,0022200017,2022-10-21,CHA vs. NOP,L,112,-12
2022-23,1610612764,WAS,0022200019,2022-10-21,WAS vs. CHI,W,102,2
2022-23,1610612744,GSW,0022200026,2022-10-21,GSW vs. DEN,L,123,-5
2022-23,1610612743,DEN,0022200026,2022-10-21,DEN @ GSW,W,128,5
2022-23,1610612763,MEM,0022200024,2022-10-21,MEM @ HOU,W,129,7
2022-23,1610612751,BKN,0022200021,2022-10-21,BKN vs. TOR,W,109,4
2022-23,1610612750,MIN,0022200025,2022-10-21,MIN vs. UTA,L,126,-6
2022-23,1610612745,HOU,0022200024,2022-10-21,HOU vs. MEM,L,122,-7
2022-23,1610612741,CHI,0022200019,2022-10-21,CHI @ WAS,L,100,-2
2022-23,1610612752,NYK,0022200023,2022-10-21,NYK vs. DET,W,130,24
2022-23,1610612740,NOP,0022200017,2022-10-21,NOP @ CHA,W,124,12
2022-23,1610612761,TOR,0022200031,2022-10-22,TOR @ MIA,L,109,-3
2022-23,1610612745,HOU,0022200033,2022-10-22,HOU @ MIL,L,105,-20
2022-23,1610612738,BOS,0022200030,2022-10-22,BOS @ ORL,W,126,6
2022-23,1610612765,DET,0022200029,2022-10-22,DET @ IND,L,115,-9
2022-23,1610612759,SAS,0022200028,2022-10-22,SAS @ PHI,W,114,9
2022-23,1610612746,LAC,0022200036,2022-10-22,LAC @ SAC,W,111,2
2022-23,1610612755,PHI,0022200028,2022-10-22,PHI vs. SAS,L,105,-9
2022-23,1610612753,ORL,0022200030,2022-10-22,ORL vs. BOS,L,120,-6
2022-23,1610612741,CHI,0022200032,2022-10-22,CHI vs. CLE,L,96,-32
2022-23,1610612739,CLE,0022200032,2022-10-22,CLE @ CHI,W,128,32
2022-23,1610612763,MEM,0022200034,2022-10-22,MEM @ DAL,L,96,-41
2022-23,1610612760,OKC,0022200035,2022-10-22,OKC @ DEN,L,117,-5
2022-23,1610612749,MIL,0022200033,2022-10-22,MIL vs. HOU,W,125,20
2022-23,1610612758,SAC,0022200036,2022-10-22,SAC vs. LAC,L,109,-2
2022-23,1610612743,DEN,0022200035,2022-10-22,DEN vs. OKC,W,122,5
2022-23,1610612748,MIA,0022200031,2022-10-22,MIA vs. TOR,W,112,3
2022-23,1610612742,DAL,0022200034,2022-10-22,DAL vs. MEM,W,137,41
2022-23,1610612754,IND,0022200029,2022-10-22,IND vs. DET,W,124,9
2022-23,1610612757,POR,0022200037,2022-10-23,POR @ LAL,W,106,2
2022-23,1610612760,OKC,0022200041,2022-10-23,OKC vs. MIN,L,106,-10
2022-23,1610612746,LAC,0022200043,2022-10-23,LAC vs. PHX,L,95,-17
2022-23,1610612747,LAL,0022200037,2022-10-23,LAL vs. POR,L,104,-2
2022-23,1610612744,GSW,0022200042,2022-10-23,GSW vs. SAC,W,130,5
2022-23,1610612766,CHA,0022200038,2022-10-23,CHA @ ATL,W,126,17
2022-23,1610612764,WAS,0022200039,2022-10-23,WAS @ CLE,L,107,-10
2022-23,1610612762,UTA,0022200040,2022-10-23,UTA @ NOP,W,122,1
2022-23,1610612758,SAC,0022200042,2022-10-23,SAC @ GSW,L,125,-5
2022-23,1610612756,PHX,0022200043,2022-10-23,PHX @ LAC,W,112,17
2022-23,1610612750,MIN,0022200041,2022-10-23,MIN @ OKC,W,116,10
2022-23,1610612740,NOP,0022200040,2022-10-23,NOP vs. UTA,L,121,-1
2022-23,1610612739,CLE,0022200039,2022-10-23,CLE vs. WAS,W,117,10
2022-23,1610612737,ATL,0022200038,2022-10-23,ATL vs. CHA,L,109,-17
2022-23,1610612761,TOR,0022200045,2022-10-24,TOR @ MIA,W,98,8
2022-23,1610612759,SAS,0022200050,2022-10-24,SAS @ MIN,W,115,9
2022-23,1610612763,MEM,0022200049,2022-10-24,MEM vs. BKN,W,134,10
2022-23,1610612753,ORL,0022200046,2022-10-24,ORL @ NYK,L,102,-13
2022-23,1610612752,NYK,0022200046,2022-10-24,NYK vs. ORL,W,115,13
2022-23,1610612755,PHI,0022200044,2022-10-24,PHI vs. IND,W,120,14
2022-23,1610612754,IND,0022200044,2022-10-24,IND @ PHI,L,106,-14
2022-23,1610612743,DEN,0022200051,2022-10-24,DEN @ POR,L,110,-25
2022-23,1610612750,MIN,0022200050,2022-10-24,MIN vs. SAS,L,106,-9
2022-23,1610612741,CHI,0022200047,2022-10-24,CHI vs. BOS,W,120,18
2022-23,1610612738,BOS,0022200047,2022-10-24,BOS @ CHI,L,102,-18
2022-23,1610612757,POR,0022200051,2022-10-24,POR vs. DEN,W,135,25
2022-23,1610612762,UTA,0022200048,2022-10-24,UTA @ HOU,L,108,-6
2022-23,1610612748,MIA,0022200045,2022-10-24,MIA vs. TOR,L,90,-8
2022-23,1610612745,HOU,0022200048,2022-10-24,HOU vs. UTA,W,114,6
2022-23,1610612751,BKN,0022200049,2022-10-24,BKN @ MEM,L,124,-10
2022-23,1610612744,GSW,0022200055,2022-10-25,GSW @ PHX,L,105,-29
2022-23,1610612742,DAL,0022200053,2022-10-25,DAL @ NOP,L,111,-2
2022-23,1610612740,NOP,0022200053,2022-10-25,NOP vs. DAL,W,113,2
2022-23,1610612756,PHX,0022200055,2022-10-25,PHX vs. GSW,W,134,29
2022-23,1610612760,OKC,0022200054,2022-10-25,OKC vs. LAC,W,108,14
2022-23,1610612746,LAC,0022200054,2022-10-25,LAC @ OKC,L,94,-14
2022-23,1610612765,DET,0022200052,2022-10-25,DET @ WAS,L,99,-21
2022-23,1610612764,WAS,0022200052,2022-10-25,WAS vs. DET,W,120,21
2022-23,1610612743,DEN,0022200064,2022-10-26,DEN vs. LAL,W,110,11
2022-23,1610612757,POR,0022200065,2022-10-26,POR vs. MIA,L,98,-21
2022-23,1610612751,BKN,0022200060,2022-10-26,BKN @ MIL,L,99,-11
2022-23,1610612759,SAS,0022200062,2022-10-26,SAS @ MIN,L,122,-12
2022-23,1610612749,MIL,0022200060,2022-10-26,MIL vs. BKN,W,110,11
2022-23,1610612766,CHA,0022200058,2022-10-26,CHA @ NYK,L,131,-3
2022-23,1610612739,CLE,0022200056,2022-10-26,CLE vs. ORL,W,103,11
2022-23,1610612741,CHI,0022200061,2022-10-26,CHI vs. IND,W,124,15
2022-23,1610612761,TOR,0022200059,2022-10-26,TOR vs. PHI,W,119,10
2022-23,1610612748,MIA,0022200065,2022-10-26,MIA @ POR,W,119,21
2022-23,1610612750,MIN,0022200062,2022-10-26,MIN vs. SAS,W,134,12
2022-23,1610612765,DET,0022200057,2022-10-26,DET vs. ATL,L,113,-5
2022-23,1610612753,ORL,0022200056,2022-10-26,ORL @ CLE,L,92,-11
2022-23,1610612754,IND,0022200061,2022-10-26,IND @ CHI,L,109,-15
2022-23,1610612747,LAL,0022200064,2022-10-26,LAL @ DEN,L,99,-11
2022-23,1610612762,UTA,0022200063,2022-10-26,UTA vs. HOU,W,109,8
2022-23,1610612755,PHI,0022200059,2022-10-26,PHI @ TOR,L,109,-10
2022-23,1610612745,HOU,0022200063,2022-10-26,HOU @ UTA,L,101,-8
2022-23,1610612737,ATL,0022200057,2022-10-26,ATL @ DET,W,118,5
2022-23,1610612752,NYK,0022200058,2022-10-26,NYK vs. CHA,W,134,3
2022-23,1610612744,GSW,0022200068,2022-10-27,GSW vs. MIA,W,123,13
2022-23,1610612742,DAL,0022200066,2022-10-27,DAL @ BKN,W,129,4
2022-23,1610612763,MEM,0022200069,2022-10-27,MEM @ SAC,W,125,15
2022-23,1610612751,BKN,0022200066,2022-10-27,BKN vs. DAL,L,125,-4
2022-23,1610612748,MIA,0022200068,2022-10-27,MIA @ GSW,L,110,-13
2022-23,1610612760,OKC,0022200067,2022-10-27,OKC vs. LAC,W,118,8
2022-23,1610612746,LAC,0022200067,2022-10-27,LAC @ OKC,L,110,-8
2022-23,1610612758,SAC,0022200069,2022-10-27,SAC vs. MEM,L,110,-15
2022-23,1610612750,MIN,0022200076,2022-10-28,MIN vs. LAL,W,111,9
2022-23,1610612752,NYK,0022200075,2022-10-28,NYK @ MIL,L,108,-11
2022-23,1610612747,LAL,0022200076,2022-10-28,LAL @ MIN,L,102,-9
2022-23,1610612749,MIL,0022200075,2022-10-28,MIL vs. NYK,W,119,11
2022-23,1610612766,CHA,0022200071,2022-10-28,CHA @ ORL,L,93,-20
2022-23,1610612764,WAS,0022200074,2022-10-28,WAS vs. IND,L,117,-10
2022-23,1610612761,TOR,0022200073,2022-10-28,TOR vs. PHI,L,90,-22
2022-23,1610612740,NOP,0022200079,2022-10-28,NOP @ PHX,L,111,-13
2022-23,1610612745,HOU,0022200080,2022-10-28,HOU @ POR,L,111,-14
2022-23,1610612741,CHI,0022200077,2022-10-28,CHI @ SAS,L,124,-5
2022-23,1610612765,DET,0022200070,2022-10-28,DET vs. ATL,L,112,-24
2022-23,1610612739,CLE,0022200072,2022-10-28,CLE @ BOS,W,132,9
2022-23,1610612738,BOS,0022200072,2022-10-28,BOS vs. CLE,L,123,-9
2022-23,1610612756,PHX,0022200079,2022-10-28,PHX vs. NOP,W,124,13
2022-23,1610612759,SAS,0022200077,2022-10-28,SAS vs. CHI,W,129,5
2022-23,1610612762,UTA,0022200078,2022-10-28,UTA @ DEN,L,101,-16
2022-23,1610612757,POR,0022200080,2022-10-28,POR vs. HOU,W,125,14
2022-23,1610612755,PHI,0022200073,2022-10-28,PHI @ TOR,W,112,22
2022-23,1610612743,DEN,0022200078,2022-10-28,DEN vs. UTA,W,117,16
2022-23,1610612754,IND,0022200074,2022-10-28,IND @ WAS,W,127,10
2022-23,1610612737,ATL,0022200070,2022-10-28,ATL @ DET,W,136,24
2022-23,1610612753,ORL,0022200071,2022-10-28,ORL vs. CHA,W,113,20
2022-23,1610612758,SAC,0022200081,2022-10-29,SAC vs. MIA,W,119,6
2022-23,1610612737,ATL,0022200085,2022-10-29,ATL @ MIL,L,115,-8
2022-23,1610612754,IND,0022200083,2022-10-29,IND @ BKN,W,125,9
2022-23,1610612751,BKN,0022200083,2022-10-29,BKN vs. IND,L,116,-9
2022-23,1610612741,CHI,0022200084,2022-10-29,CHI vs. PHI,L,109,-5
2022-23,1610612748,MIA,0022200081,2022-10-29,MIA @ SAC,L,113,-6
2022-23,1610612749,MIL,0022200085,2022-10-29,MIL vs. ATL,W,123,8
2022-23,1610612755,PHI,0022200084,2022-10-29,PHI @ CHI,W,114,5
2022-23,1610612760,OKC,0022200086,2022-10-29,OKC @ DAL,W,117,6
2022-23,1610612766,CHA,0022200082,2022-10-29,CHA vs. GSW,W,120,7
2022-23,1610612742,DAL,0022200086,2022-10-29,DAL vs. OKC,L,111,-6
2022-23,1610612763,MEM,0022200087,2022-10-29,MEM @ UTA,L,123,-1
2022-23,1610612762,UTA,0022200087,2022-10-29,UTA vs. MEM,W,124,1
2022-23,1610612744,GSW,0022200082,2022-10-29,GSW @ CHA,L,113,-7
2022-23,1610612743,DEN,0022200095,2022-10-30,DEN @ LAL,L,110,-11
2022-23,1610612759,SAS,0022200092,2022-10-30,SAS vs. MIN,W,107,9
2022-23,1610612739,CLE,0022200090,2022-10-30,CLE vs. NYK,W,121,13
2022-23,1610612742,DAL,0022200093,2022-10-30,DAL vs. ORL,W,114,9
2022-23,1610612745,HOU,0022200094,2022-10-30,HOU @ PHX,L,109,-15
2022-23,1610612750,MIN,0022200092,2022-10-30,MIN @ SAS,L,98,-9
2022-23,1610612764,WAS,0022200089,2022-10-30,WAS @ BOS,L,94,-18
2022-23,1610612752,NYK,0022200090,2022-10-30,NYK @ CLE,L,108,-13
2022-23,1610612746,LAC,0022200088,2022-10-30,LAC vs. NOP,L,91,-21
2022-23,1610612753,ORL,0022200093,2022-10-30,ORL @ DAL,L,105,-9
2022-23,1610612747,LAL,0022200095,2022-10-30,LAL vs. DEN,W,121,11
2022-23,1610612765,DET,0022200091,2022-10-30,DET vs. GSW,W,128,14
2022-23,1610612756,PHX,0022200094,2022-10-30,PHX vs. HOU,W,124,15
2022-23,1610612740,NOP,0022200088,2022-10-30,NOP @ LAC,W,112,21
2022-23,1610612738,BOS,0022200089,2022-10-30,BOS vs. WAS,W,112,18
2022-23,1610612744,GSW,0022200091,2022-10-30,GSW @ DET,L,114,-14
2022-23,1610612765,DET,0022200100,2022-10-31,DET @ MIL,L,108,-2
2022-23,1610612754,IND,0022200098,2022-10-31,IND @ BKN,L,109,-7
2022-23,1610612751,BKN,0022200098,2022-10-31,BKN vs. IND,W,116,7
2022-23,1610612764,WAS,0022200097,2022-10-31,WAS vs. PHI,L,111,-7
2022-23,1610612766,CHA,0022200096,2022-10-31,CHA vs. SAC,L,108,-7
2022-23,1610612761,TOR,0022200099,2022-10-31,TOR vs. ATL,W,139,30
2022-23,1610612746,LAC,0022200102,2022-10-31,LAC vs. HOU,W,95,2
2022-23,1610612745,HOU,0022200102,2022-10-31,HOU @ LAC,L,93,-2
2022-23,1610612737,ATL,0022200099,2022-10-31,ATL @ TOR,L,109,-30
2022-23,1610612763,MEM,0022200101,2022-10-31,MEM @ UTA,L,105,-16
2022-23,1610612762,UTA,0022200101,2022-10-31,UTA vs. MEM,W,121,16
2022-23,1610612755,PHI,0022200097,2022-10-31,PHI @ WAS,W,118,7
2022-23,1610612749,MIL,0022200100,2022-10-31,MIL vs. DET,W,110,2
2022-23,1610612758,SAC,0022200096,2022-10-31,SAC @ CHA,W,115,7
2022-23,1610612744,GSW,0022200104,2022-11-01,GSW @ MIA,L,109,-7
2022-23,1610612756,PHX,0022200106,2022-11-01,PHX vs. MIN,W,116,9
2022-23,1610612741,CHI,0022200103,2022-11-01,CHI @ BKN,W,108,9
2022-23,1610612760,OKC,0022200105,2022-11-01,OKC vs. ORL,W,116,8
2022-23,1610612750,MIN,0022200106,2022-11-01,MIN @ PHX,L,107,-9
2022-23,1610612751,BKN,0022200103,2022-11-01,BKN vs. CHI,L,99,-9
2022-23,1610612748,MIA,0022200104,2022-11-01,MIA vs. GSW,W,116,7
2022-23,1610612753,ORL,0022200105,2022-11-01,ORL @ OKC,L,108,-8
2022-23,1610612740,NOP,0022200117,2022-11-02,NOP @ LAL,L,117,-3
2022-23,1610612758,SAC,0022200109,2022-11-02,SAC @ MIA,L,107,-3
2022-23,1610612765,DET,0022200113,2022-11-02,DET @ MIL,L,91,-25
2022-23,1610612737,ATL,0022200110,2022-11-02,ATL @ NYK,W,112,13
2022-23,1610612764,WAS,0022200108,2022-11-02,WAS @ PHI,W,121,10
2022-23,1610612763,MEM,0022200116,2022-11-02,MEM @ POR,W,111,5
2022-23,1610612748,MIA,0022200109,2022-11-02,MIA vs. SAC,W,110,3
2022-23,1610612761,TOR,0022200114,2022-11-02,TOR @ SAS,W,143,43
2022-23,1610612752,NYK,0022200110,2022-11-02,NYK vs. ATL,L,99,-13
2022-23,1610612739,CLE,0022200107,2022-11-02,CLE vs. BOS,W,114,1
2022-23,1610612738,BOS,0022200107,2022-11-02,BOS @ CLE,L,113,-1
2022-23,1610612747,LAL,0022200117,2022-11-02,LAL vs. NOP,W,120,3
2022-23,1610612766,CHA,0022200111,2022-11-02,CHA @ CHI,L,88,-18
2022-23,1610612762,UTA,0022200115,2022-11-02,UTA @ DAL,L,100,-3
2022-23,1610612746,LAC,0022200112,2022-11-02,LAC @ HOU,W,109,8
2022-23,1610612745,HOU,0022200112,2022-11-02,HOU vs. LAC,L,101,-8
2022-23,1610612759,SAS,0022200114,2022-11-02,SAS vs. TOR,L,100,-43
2022-23,1610612742,DAL,0022200115,2022-11-02,DAL vs. UTA,W,103,3
2022-23,1610612757,POR,0022200116,2022-11-02,POR vs. MEM,L,106,-5
2022-23,1610612755,PHI,0022200108,2022-11-02,PHI vs. WAS,L,111,-10
2022-23,1610612749,MIL,0022200113,2022-11-02,MIL vs. DET,W,116,25
2022-23,1610612741,CHI,0022200111,2022-11-02,CHI vs. CHA,W,106,18
2022-23,1610612744,GSW,0022200118,2022-11-03,GSW @ ORL,L,129,-1
2022-23,1610612760,OKC,0022200119,2022-11-03,OKC vs. DEN,L,110,-12
2022-23,1610612753,ORL,0022200118,2022-11-03,ORL vs. GSW,W,130,1
2022-23,1610612743,DEN,0022200119,2022-11-03,DEN @ OKC,W,122,12
2022-23,1610612762,UTA,0022200131,2022-11-04,UTA @ LAL,W,130,14
2022-23,1610612754,IND,0022200121,2022-11-04,IND vs. MIA,W,101,2
2022-23,1610612750,MIN,0022200129,2022-11-04,MIN vs. MIL,L,102,-13
2022-23,1610612749,MIL,0022200129,2022-11-04,MIL @ MIN,W,115,13
2022-23,1610612764,WAS,0022200123,2022-11-04,WAS vs. BKN,L,86,-42
2022-23,1610612755,PHI,0022200122,2022-11-04,PHI vs. NYK,L,104,-2
2022-23,1610612748,MIA,0022200121,2022-11-04,MIA @ IND,L,99,-2
2022-23,1610612752,NYK,0022200122,2022-11-04,NYK @ PHI,W,106,2
2022-23,1610612757,POR,0022200130,2022-11-04,POR @ PHX,W,108,2
2022-23,1610612756,PHX,0022200130,2022-11-04,PHX vs. POR,L,106,-2
2022-23,1610612746,LAC,0022200126,2022-11-04,LAC @ SAS,W,113,7
2022-23,1610612741,CHI,0022200124,2022-11-04,CHI @ BOS,L,119,-4
2022-23,1610612765,DET,0022200120,2022-11-04,DET vs. CLE,L,88,-24
2022-23,1610612744,GSW,0022200128,2022-11-04,GSW @ NOP,L,105,-9
2022-23,1610612738,BOS,0022200124,2022-11-04,BOS vs. CHI,W,123,4
2022-23,1610612761,TOR,0022200127,2022-11-04,TOR @ DAL,L,110,-1
2022-23,1610612740,NOP,0022200128,2022-11-04,NOP vs. GSW,W,114,9
2022-23,1610612759,SAS,0022200126,2022-11-04,SAS vs. LAC,L,106,-7
2022-23,1610612742,DAL,0022200127,2022-11-04,DAL vs. TOR,W,111,1
2022-23,1610612747,LAL,0022200131,2022-11-04,LAL vs. UTA,L,116,-14
2022-23,1610612766,CHA,0022200125,2022-11-04,CHA @ MEM,L,99,-31
2022-23,1610612751,BKN,0022200123,2022-11-04,BKN @ WAS,W,128,42
2022-23,1610612739,CLE,0022200120,2022-11-04,CLE @ DET,W,112,24
2022-23,1610612763,MEM,0022200125,2022-11-04,MEM vs. CHA,W,130,31
2022-23,1610612760,OKC,0022200136,2022-11-05,OKC @ MIL,L,94,-14
2022-23,1610612745,HOU,0022200137,2022-11-05,HOU @ MIN,L,117,-12
2022-23,1610612766,CHA,0022200133,2022-11-05,CHA vs. BKN,L,94,-4
2022-23,1610612738,BOS,0022200135,2022-11-05,BOS @ NYK,W,133,15
2022-23,1610612758,SAC,0022200132,2022-11-05,SAC @ ORL,W,126,3
2022-23,1610612757,POR,0022200139,2022-11-05,POR @ PHX,L,82,-20
2022-23,1610612756,PHX,0022200139,2022-11-05,PHX vs. POR,W,102,20
2022-23,1610612753,ORL,0022200132,2022-11-05,ORL vs. SAC,L,123,-3
2022-23,1610612743,DEN,0022200138,2022-11-05,DEN vs. SAS,W,126,25
2022-23,1610612740,NOP,0022200134,2022-11-05,NOP @ ATL,L,121,-3
2022-23,1610612752,NYK,0022200135,2022-11-05,NYK vs. BOS,L,118,-15
2022-23,1610612737,ATL,0022200134,2022-11-05,ATL vs. NOP,W,124,3
2022-23,1610612759,SAS,0022200138,2022-11-05,SAS @ DEN,L,101,-25
2022-23,1610612750,MIN,0022200137,2022-11-05,MIN vs. HOU,W,129,12
2022-23,1610612749,MIL,0022200136,2022-11-05,MIL vs. OKC,W,108,14
2022-23,1610612751,BKN,0022200133,2022-11-05,BKN @ CHA,W,98,4
2022-23,1610612739,CLE,0022200140,2022-11-06,CLE @ LAL,W,114,14
2022-23,1610612747,LAL,0022200140,2022-11-06,LAL vs. CLE,L,100,-14
2022-23,1610612761,TOR,0022200141,2022-11-06,TOR vs. CHI,W,113,9
2022-23,1610612762,UTA,0022200143,2022-11-06,UTA @ LAC,W,110,8
2022-23,1610612741,CHI,0022200141,2022-11-06,CHI @ TOR,L,104,-9
2022-23,1610612746,LAC,0022200143,2022-11-06,LAC vs. UTA,L,102,-8
2022-23,1610612764,WAS,0022200142,2022-11-06,WAS @ MEM,L,97,-6
2022-23,1610612763,MEM,0022200142,2022-11-06,MEM vs. WAS,W,103,6
2022-23,1610612762,UTA,0022200157,2022-11-07,UTA vs. LAL,W,139,23
2022-23,1610612757,POR,0022200150,2022-11-07,POR @ MIA,W,110,3
2022-23,1610612737,ATL,0022200149,2022-11-07,ATL vs. MIL,W,117,19
2022-23,1610612752,NYK,0022200153,2022-11-07,NYK @ MIN,W,120,13
2022-23,1610612742,DAL,0022200155,2022-11-07,DAL vs. BKN,W,96,2
2022-23,1610612750,MIN,0022200153,2022-11-07,MIN vs. NYK,L,107,-13
2022-23,1610612745,HOU,0022200145,2022-11-07,HOU @ ORL,W,134,7
2022-23,1610612740,NOP,0022200147,2022-11-07,NOP @ IND,L,122,-7
2022-23,1610612756,PHX,0022200148,2022-11-07,PHX @ PHI,L,88,-12
2022-23,1610612755,PHI,0022200148,2022-11-07,PHI vs. PHX,W,100,12
2022-23,1610612748,MIA,0022200150,2022-11-07,MIA vs. POR,L,107,-3
2022-23,1610612744,GSW,0022200156,2022-11-07,GSW vs. SAC,W,116,3
2022-23,1610612743,DEN,0022200154,2022-11-07,DEN @ SAS,W,115,6
2022-23,1610612749,MIL,0022200149,2022-11-07,MIL @ ATL,L,98,-19
2022-23,1610612763,MEM,0022200152,2022-11-07,MEM vs. BOS,L,106,-3
2022-23,1610612746,LAC,0022200158,2022-11-07,LAC vs. CLE,W,119,2
2022-23,1610612754,IND,0022200147,2022-11-07,IND vs. NOP,W,129,7
2022-23,1610612761,TOR,0022200151,2022-11-07,TOR @ CHI,L,97,-14
2022-23,1610612751,BKN,0022200155,2022-11-07,BKN @ DAL,L,94,-2
2022-23,1610612759,SAS,0022200154,2022-11-07,SAS vs. DEN,L,109,-6
2022-23,1610612758,SAC,0022200156,2022-11-07,SAC @ GSW,L,113,-3
2022-23,1610612753,ORL,0022200145,2022-11-07,ORL vs. HOU,L,127,-7
2022-23,1610612739,CLE,0022200158,2022-11-07,CLE @ LAC,L,117,-2
2022-23,1610612765,DET,0022200146,2022-11-07,DET vs. OKC,W,112,9
2022-23,1610612741,CHI,0022200151,2022-11-07,CHI vs. TOR,W,111,14
2022-23,1610612747,LAL,0022200157,2022-11-07,LAL @ UTA,L,116,-23
2022-23,1610612738,BOS,0022200152,2022-11-07,BOS @ MEM,W,109,3
2022-23,1610612766,CHA,0022200144,2022-11-07,CHA vs. WAS,L,100,-8
2022-23,1610612760,OKC,0022200146,2022-11-07,OKC @ DET,L,103,-9
2022-23,1610612764,WAS,0022200144,2022-11-07,WAS @ CHA,W,108,8
2022-23,1610612746,LAC,0022200170,2022-11-09,LAC vs. LAL,W,114,13
2022-23,1610612760,OKC,0022200168,2022-11-09,OKC vs. MIL,L,132,-4
2022-23,1610612756,PHX,0022200167,2022-11-09,PHX @ MIN,W,129,12
2022-23,1610612752,NYK,0022200164,2022-11-09,NYK @ BKN,L,85,-27
2022-23,1610612751,BKN,0022200164,2022-11-09,BKN vs. NYK,W,112,27
2022-23,1610612742,DAL,0022200161,2022-11-09,DAL @ ORL,L,87,-7
2022-23,1610612743,DEN,0022200160,2022-11-09,DEN @ IND,W,122,3
2022-23,1610612750,MIN,0022200167,2022-11-09,MIN vs. PHX,L,117,-12
2022-23,1610612766,CHA,0022200159,2022-11-09,CHA vs. POR,L,95,-10
2022-23,1610612739,CLE,0022200171,2022-11-09,CLE @ SAC,L,120,-7
2022-23,1610612763,MEM,0022200169,2022-11-09,MEM @ SAS,W,124,2
2022-23,1610612762,UTA,0022200162,2022-11-09,UTA @ ATL,W,125,6
2022-23,1610612765,DET,0022200163,2022-11-09,DET @ BOS,L,112,-16
2022-23,1610612758,SAC,0022200171,2022-11-09,SAC vs. CLE,W,127,7
2022-23,1610612741,CHI,0022200166,2022-11-09,CHI vs. NOP,L,111,-4
2022-23,1610612740,NOP,0022200166,2022-11-09,NOP @ CHI,W,115,4
2022-23,1610612753,ORL,0022200161,2022-11-09,ORL vs. DAL,W,94,7
2022-23,1610612754,IND,0022200160,2022-11-09,IND vs. DEN,L,119,-3
2022-23,1610612761,TOR,0022200165,2022-11-09,TOR vs. HOU,W,116,7
2022-23,1610612747,LAL,0022200170,2022-11-09,LAL @ LAC,L,101,-13
2022-23,1610612749,MIL,0022200168,2022-11-09,MIL @ OKC,W,136,4
2022-23,1610612745,HOU,0022200165,2022-11-09,HOU @ TOR,L,109,-7
2022-23,1610612737,ATL,0022200162,2022-11-09,ATL vs. UTA,L,119,-6
2022-23,1610612759,SAS,0022200169,2022-11-09,SAS vs. MEM,L,122,-2
2022-23,1610612738,BOS,0022200163,2022-11-09,BOS vs. DET,W,128,16
2022-23,1610612757,POR,0022200159,2022-11-09,POR @ CHA,W,105,10
2022-23,1610612766,CHA,0022200174,2022-11-10,CHA @ MIA,L,112,-5
2022-23,1610612737,ATL,0022200173,2022-11-10,ATL vs. PHI,W,104,9
2022-23,1610612740,NOP,0022200175,2022-11-10,NOP vs. POR,L,95,-11
2022-23,1610612755,PHI,0022200173,2022-11-10,PHI @ ATL,L,95,-9
2022-23,1610612757,POR,0022200175,2022-11-10,POR @ NOP,W,106,11
2022-23,1610612764,WAS,0022200172,2022-11-10,WAS vs. DAL,W,113,8
2022-23,1610612742,DAL,0022200172,2022-11-10,DAL @ WAS,L,105,-8
2022-23,1610612748,MIA,0022200174,2022-11-10,MIA vs. CHA,W,117,5
2022-23,1610612758,SAC,0022200183,2022-11-11,SAC @ LAL,W,120,6
2022-23,1610612759,SAS,0022200180,2022-11-11,SAS vs. MIL,W,111,18
2022-23,1610612763,MEM,0022200181,2022-11-11,MEM vs. MIN,W,114,11
2022-23,1610612765,DET,0022200178,2022-11-11,DET @ NYK,L,112,-9
2022-23,1610612756,PHX,0022200177,2022-11-11,PHX @ ORL,L,97,-17
2022-23,1610612753,ORL,0022200177,2022-11-11,ORL vs. PHX,W,114,17
2022-23,1610612747,LAL,0022200183,2022-11-11,LAL vs. SAC,L,114,-6
2022-23,1610612749,MIL,0022200180,2022-11-11,MIL @ SAS,L,93,-18
2022-23,1610612743,DEN,0022200176,2022-11-11,DEN @ BOS,L,112,-19
2022-23,1610612744,GSW,0022200182,2022-11-11,GSW vs. CLE,W,106,5
2022-23,1610612738,BOS,0022200176,2022-11-11,BOS vs. DEN,W,131,19
2022-23,1610612739,CLE,0022200182,2022-11-11,CLE @ GSW,L,101,-5
2022-23,1610612761,TOR,0022200179,2022-11-11,TOR @ OKC,L,113,-19
2022-23,1610612760,OKC,0022200179,2022-11-11,OKC vs. TOR,W,132,19
2022-23,1610612750,MIN,0022200181,2022-11-11,MIN @ MEM,L,103,-11
2022-23,1610612752,NYK,0022200178,2022-11-11,NYK vs. DET,W,121,9
2022-23,1610612766,CHA,0022200189,2022-11-12,CHA @ MIA,L,115,-17
2022-23,1610612746,LAC,0022200184,2022-11-12,LAC vs. BKN,L,95,-15
2022-23,1610612761,TOR,0022200187,2022-11-12,TOR @ IND,L,104,-14
2022-23,1610612737,ATL,0022200188,2022-11-12,ATL @ PHI,L,109,-12
2022-23,1610612742,DAL,0022200190,2022-11-12,DAL vs. POR,W,117,5
2022-23,1610612755,PHI,0022200188,2022-11-12,PHI vs. ATL,W,121,12
2022-23,1610612765,DET,0022200186,2022-11-12,DET vs. BOS,L,108,-9
2022-23,1610612745,HOU,0022200191,2022-11-12,HOU @ NOP,L,106,-13
2022-23,1610612757,POR,0022200190,2022-11-12,POR @ DAL,L,112,-5
2022-23,1610612740,NOP,0022200191,2022-11-12,NOP vs. HOU,W,119,13
2022-23,1610612751,BKN,0022200184,2022-11-12,BKN @ LAC,W,110,15
2022-23,1610612754,IND,0022200187,2022-11-12,IND vs. TOR,W,118,14
2022-23,1610612764,WAS,0022200185,2022-11-12,WAS vs. UTA,W,121,9
2022-23,1610612762,UTA,0022200185,2022-11-12,UTA @ WAS,L,112,-9
2022-23,1610612738,BOS,0022200186,2022-11-12,BOS @ DET,W,117,9
2022-23,1610612748,MIA,0022200189,2022-11-12,MIA vs. CHA,W,132,17
2022-23,1610612751,BKN,0022200198,2022-11-13,BKN @ LAL,L,103,-13
2022-23,1610612739,CLE,0022200193,2022-11-13,CLE vs. MIN,L,124,-5
2022-23,1610612747,LAL,0022200198,2022-11-13,LAL vs. BKN,W,116,13
2022-23,1610612760,OKC,0022200192,2022-11-13,OKC @ NYK,W,145,10
2022-23,1610612762,UTA,0022200195,2022-11-13,UTA @ PHI,L,98,-7
2022-23,1610612744,GSW,0022200197,2022-11-13,GSW @ SAC,L,115,-7
2022-23,1610612750,MIN,0022200193,2022-11-13,MIN @ CLE,W,129,5
2022-23,1610612743,DEN,0022200196,2022-11-13,DEN @ CHI,W,126,23
2022-23,1610612741,CHI,0022200196,2022-11-13,CHI vs. DEN,L,103,-23
2022-23,1610612758,SAC,0022200197,2022-11-13,SAC vs. GSW,W,122,7
2022-23,1610612752,NYK,0022200192,2022-11-13,NYK vs. OKC,L,135,-10
2022-23,1610612755,PHI,0022200195,2022-11-13,PHI vs. UTA,W,105,7
2022-23,1610612764,WAS,0022200194,2022-11-13,WAS vs. MEM,W,102,10
2022-23,1610612763,MEM,0022200194,2022-11-13,MEM @ WAS,L,92,-10
2022-23,1610612756,PHX,0022200202,2022-11-14,PHX @ MIA,L,112,-1
2022-23,1610612737,ATL,0022200204,2022-11-14,ATL @ MIL,W,121,15
2022-23,1610612766,CHA,0022200200,2022-11-14,CHA @ ORL,W,112,7
2022-23,1610612748,MIA,0022200202,2022-11-14,MIA vs. PHX,W,113,1
2022-23,1610612744,GSW,0022200205,2022-11-14,GSW vs. SAS,W,132,37
2022-23,1610612749,MIL,0022200204,2022-11-14,MIL vs. ATL,L,106,-15
2022-23,1610612760,OKC,0022200201,2022-11-14,OKC @ BOS,L,122,-4
2022-23,1610612759,SAS,0022200205,2022-11-14,SAS @ GSW,L,95,-37
2022-23,1610612746,LAC,0022200203,2022-11-14,LAC @ HOU,W,122,16
2022-23,1610612745,HOU,0022200203,2022-11-14,HOU vs. LAC,L,106,-16
2022-23,1610612738,BOS,0022200201,2022-11-14,BOS vs. OKC,W,126,4
2022-23,1610612765,DET,0022200199,2022-11-14,DET vs. TOR,L,111,-4
2022-23,1610612761,TOR,0022200199,2022-11-14,TOR @ DET,W,115,4
2022-23,1610612753,ORL,0022200200,2022-11-14,ORL vs. CHA,L,105,-7
2022-23,1610612758,SAC,0022200210,2022-11-15,SAC vs. BKN,W,153,32
2022-23,1610612762,UTA,0022200208,2022-11-15,UTA vs. NYK,L,111,-7
2022-23,1610612759,SAS,0022200209,2022-11-15,SAS @ POR,L,110,-7
2022-23,1610612751,BKN,0022200210,2022-11-15,BKN @ SAC,L,121,-32
2022-23,1610612757,POR,0022200209,2022-11-15,POR vs. SAS,W,117,7
2022-23,1610612763,MEM,0022200206,2022-11-15,MEM @ NOP,L,102,-11
2022-23,1610612746,LAC,0022200207,2022-11-15,LAC @ DAL,L,101,-2
2022-23,1610612742,DAL,0022200207,2022-11-15,DAL vs. LAC,W,103,2
2022-23,1610612752,NYK,0022200208,2022-11-15,NYK @ UTA,W,118,7
2022-23,1610612740,NOP,0022200206,2022-11-15,NOP vs. MEM,W,113,11
2022-23,1610612761,TOR,0022200215,2022-11-16,TOR vs. MIA,W,112,8
2022-23,1610612739,CLE,0022200216,2022-11-16,CLE @ MIL,L,98,-15
2022-23,1610612753,ORL,0022200212,2022-11-16,ORL vs. MIN,L,108,-18
2022-23,1610612743,DEN,0022200219,2022-11-16,DEN vs. NYK,L,103,-3
2022-23,1610612750,MIN,0022200212,2022-11-16,MIN @ ORL,W,126,18
2022-23,1610612766,CHA,0022200211,2022-11-16,CHA vs. IND,L,113,-12
2022-23,1610612744,GSW,0022200220,2022-11-16,GSW @ PHX,L,119,-11
2022-23,1610612738,BOS,0022200214,2022-11-16,BOS @ ATL,W,126,25
2022-23,1610612737,ATL,0022200214,2022-11-16,ATL vs. BOS,L,101,-25
2022-23,1610612749,MIL,0022200216,2022-11-16,MIL vs. CLE,W,113,15
2022-23,1610612741,CHI,0022200217,2022-11-16,CHI @ NOP,L,110,-14
2022-23,1610612740,NOP,0022200217,2022-11-16,NOP vs. CHI,W,124,14
2022-23,1610612745,HOU,0022200218,2022-11-16,HOU @ DAL,W,101,9
2022-23,1610612752,NYK,0022200219,2022-11-16,NYK @ DEN,W,106,3
2022-23,1610612756,PHX,0022200220,2022-11-16,PHX vs. GSW,W,130,11
2022-23,1610612742,DAL,0022200218,2022-11-16,DAL vs. HOU,L,92,-9
2022-23,1610612764,WAS,0022200213,2022-11-16,WAS vs. OKC,L,120,-1
2022-23,1610612748,MIA,0022200215,2022-11-16,MIA @ TOR,L,104,-8
2022-23,1610612760,OKC,0022200213,2022-11-16,OKC @ WAS,W,121,1
2022-23,1610612754,IND,0022200211,2022-11-16,IND @ CHA,W,125,12
2022-23,1610612757,POR,0022200221,2022-11-17,POR vs. BKN,L,107,-2
2022-23,1610612751,BKN,0022200221,2022-11-17,BKN @ POR,W,109,2
2022-23,1610612759,SAS,0022200222,2022-11-17,SAS @ SAC,L,112,-18
2022-23,1610612758,SAC,0022200222,2022-11-17,SAC vs. SAS,W,130,18
2022-23,1610612765,DET,0022200223,2022-11-17,DET @ LAC,L,91,-5
2022-23,1610612746,LAC,0022200223,2022-11-17,LAC vs. DET,W,96,5
2022-23,1610612765,DET,0022200234,2022-11-18,DET @ LAL,L,121,-7
2022-23,1610612764,WAS,0022200224,2022-11-18,WAS vs. MIA,W,107,1
2022-23,1610612755,PHI,0022200226,2022-11-18,PHI vs. MIL,W,110,8
2022-23,1610612744,GSW,0022200233,2022-11-18,GSW vs. NYK,W,111,10
2022-23,1610612741,CHI,0022200227,2022-11-18,CHI vs. ORL,L,107,-1
2022-23,1610612745,HOU,0022200228,2022-11-18,HOU vs. IND,L,91,-8
2022-23,1610612749,MIL,0022200226,2022-11-18,MIL @ PHI,L,102,-8
2022-23,1610612762,UTA,0022200232,2022-11-18,UTA vs. PHX,W,134,1
2022-23,1610612740,NOP,0022200231,2022-11-18,NOP vs. BOS,L,109,-8
2022-23,1610612766,CHA,0022200225,2022-11-18,CHA @ CLE,L,122,-10
2022-23,1610612738,BOS,0022200231,2022-11-18,BOS @ NOP,W,117,8
2022-23,1610612753,ORL,0022200227,2022-11-18,ORL @ CHI,W,108,1
2022-23,1610612743,DEN,0022200230,2022-11-18,DEN @ DAL,L,99,-28
2022-23,1610612742,DAL,0022200230,2022-11-18,DAL vs. DEN,W,127,28
2022-23,1610612752,NYK,0022200233,2022-11-18,NYK @ GSW,L,101,-10
2022-23,1610612754,IND,0022200228,2022-11-18,IND @ HOU,W,99,8
2022-23,1610612763,MEM,0022200229,2022-11-18,MEM vs. OKC,W,121,11
2022-23,1610612756,PHX,0022200232,2022-11-18,PHX @ UTA,L,133,-1
2022-23,1610612760,OKC,0022200229,2022-11-18,OKC @ MEM,L,110,-11
2022-23,1610612748,MIA,0022200224,2022-11-18,MIA @ WAS,L,106,-1
2022-23,1610612747,LAL,0022200234,2022-11-18,LAL vs. DET,W,128,7
2022-23,1610612739,CLE,0022200225,2022-11-18,CLE vs. CHA,W,132,10
2022-23,1610612755,PHI,0022200237,2022-11-19,PHI vs. MIN,L,109,-3
2022-23,1610612754,IND,0022200236,2022-11-19,IND vs. ORL,W,114,1
2022-23,1610612753,ORL,0022200236,2022-11-19,ORL @ IND,L,113,-1
2022-23,1610612750,MIN,0022200237,2022-11-19,MIN @ PHI,W,112,3
2022-23,1610612762,UTA,0022200238,2022-11-19,UTA @ POR,W,118,5
2022-23,1610612746,LAC,0022200239,2022-11-19,LAC vs. SAS,W,119,22
2022-23,1610612761,TOR,0022200235,2022-11-19,TOR @ ATL,L,122,-2
2022-23,1610612759,SAS,0022200239,2022-11-19,SAS @ LAC,L,97,-22
2022-23,1610612737,ATL,0022200235,2022-11-19,ATL vs. TOR,W,124,2
2022-23,1610612757,POR,0022200238,2022-11-19,POR vs. UTA,L,113,-5
2022-23,1610612759,SAS,0022200247,2022-11-20,SAS @ LAL,L,92,-31
2022-23,1610612739,CLE,0022200244,2022-11-20,CLE vs. MIA,W,113,26
2022-23,1610612763,MEM,0022200243,2022-11-20,MEM @ BKN,L,115,-12
2022-23,1610612756,PHX,0022200240,2022-11-20,PHX vs. NYK,W,116,21
2022-23,1610612752,NYK,0022200240,2022-11-20,NYK @ PHX,L,95,-21
2022-23,1610612765,DET,0022200242,2022-11-20,DET @ SAC,L,129,-8
2022-23,1610612747,LAL,0022200247,2022-11-20,LAL vs. SAS,W,123,31
2022-23,1610612748,MIA,0022200244,2022-11-20,MIA @ CLE,L,87,-26
2022-23,1610612743,DEN,0022200246,2022-11-20,DEN @ DAL,W,98,1
2022-23,1610612742,DAL,0022200246,2022-11-20,DAL vs. DEN,L,97,-1
2022-23,1610612745,HOU,0022200245,2022-11-20,HOU vs. GSW,L,120,-7
2022-23,1610612744,GSW,0022200245,2022-11-20,GSW @ HOU,W,127,7
2022-23,1610612751,BKN,0022200243,2022-11-20,BKN vs. MEM,W,127,12
2022-23,1610612766,CHA,0022200241,2022-11-20,CHA @ WAS,L,102,-4
2022-23,1610612758,SAC,0022200242,2022-11-20,SAC vs. DET,W,137,8
2022-23,1610612764,WAS,0022200241,2022-11-20,WAS vs. CHA,W,106,4
2022-23,1610612750,MIN,0022200252,2022-11-21,MIN vs. MIA,W,105,4
2022-23,1610612757,POR,0022200251,2022-11-21,POR @ MIL,L,111,-8
2022-23,1610612748,MIA,0022200252,2022-11-21,MIA @ MIN,L,101,-4
2022-23,1610612760,OKC,0022200254,2022-11-21,OKC vs. NYK,L,119,-10
2022-23,1610612754,IND,0022200249,2022-11-21,IND vs. ORL,W,123,21
2022-23,1610612753,ORL,0022200249,2022-11-21,ORL @ IND,L,102,-21
2022-23,1610612749,MIL,0022200251,2022-11-21,MIL vs. POR,W,119,8
2022-23,1610612739,CLE,0022200248,2022-11-21,CLE vs. ATL,W,114,12
2022-23,1610612741,CHI,0022200250,2022-11-21,CHI vs. BOS,W,121,14
2022-23,1610612737,ATL,0022200248,2022-11-21,ATL @ CLE,L,102,-12
2022-23,1610612744,GSW,0022200253,2022-11-21,GSW @ NOP,L,83,-45
2022-23,1610612738,BOS,0022200250,2022-11-21,BOS @ CHI,L,107,-14
2022-23,1610612740,NOP,0022200253,2022-11-21,NOP vs. GSW,W,128,45
2022-23,1610612762,UTA,0022200255,2022-11-21,UTA @ LAC,L,114,-7
2022-23,1610612752,NYK,0022200254,2022-11-21,NYK @ OKC,W,129,10
2022-23,1610612746,LAC,0022200255,2022-11-21,LAC vs. UTA,W,121,7
2022-23,1610612756,PHX,0022200259,2022-11-22,PHX vs. LAL,W,115,10
2022-23,1610612755,PHI,0022200256,2022-11-22,PHI vs. BKN,W,115,9
2022-23,1610612751,BKN,0022200256,2022-11-22,BKN @ PHI,L,106,-9
2022-23,1610612747,LAL,0022200259,2022-11-22,LAL @ PHX,L,105,-10
2022-23,1610612763,MEM,0022200257,2022-11-22,MEM vs. SAC,L,109,-4
2022-23,1610612765,DET,0022200258,2022-11-22,DET @ DEN,W,110,2
2022-23,1610612758,SAC,0022200257,2022-11-22,SAC @ MEM,W,113,4
2022-23,1610612743,DEN,0022200258,2022-11-22,DEN vs. DET,L,108,-2
2022-23,1610612764,WAS,0022200265,2022-11-23,WAS @ MIA,L,105,-8
2022-23,1610612741,CHI,0022200267,2022-11-23,CHI @ MIL,W,118,5
2022-23,1610612754,IND,0022200262,2022-11-23,IND vs. MIN,L,101,-14
2022-23,1610612761,TOR,0022200266,2022-11-23,TOR vs. BKN,L,98,-14
2022-23,1610612750,MIN,0022200262,2022-11-23,MIN @ IND,W,115,14
2022-23,1610612766,CHA,0022200260,2022-11-23,CHA vs. PHI,W,107,6
2022-23,1610612739,CLE,0022200261,2022-11-23,CLE vs. POR,W,114,18
2022-23,1610612737,ATL,0022200263,2022-11-23,ATL vs. SAC,W,115,9
2022-23,1610612740,NOP,0022200269,2022-11-23,NOP @ SAS,W,129,19
2022-23,1610612758,SAC,0022200263,2022-11-23,SAC @ ATL,L,106,-9
2022-23,1610612742,DAL,0022200264,2022-11-23,DAL @ BOS,L,112,-13
2022-23,1610612757,POR,0022200261,2022-11-23,POR @ CLE,L,96,-18
2022-23,1610612759,SAS,0022200269,2022-11-23,SAS vs. NOP,L,110,-19
2022-23,1610612749,MIL,0022200267,2022-11-23,MIL vs. CHI,L,113,-5
2022-23,1610612738,BOS,0022200264,2022-11-23,BOS vs. DAL,W,125,13
2022-23,1610612760,OKC,0022200268,2022-11-23,OKC vs. DEN,L,126,-5
2022-23,1610612746,LAC,0022200271,2022-11-23,LAC @ GSW,L,107,-17
2022-23,1610612744,GSW,0022200271,2022-11-23,GSW vs. LAC,W,124,17
2022-23,1610612743,DEN,0022200268,2022-11-23,DEN @ OKC,W,131,5
2022-23,1610612751,BKN,0022200266,2022-11-23,BKN @ TOR,W,112,14
2022-23,1610612765,DET,0022200270,2022-11-23,DET @ UTA,W,125,9
2022-23,1610612748,MIA,0022200265,2022-11-23,MIA vs. WAS,W,113,8
2022-23,1610612762,UTA,0022200270,2022-11-23,UTA vs. DET,L,116,-9
2022-23,1610612755,PHI,0022200260,2022-11-23,PHI @ CHA,L,101,-6
2022-23,1610612759,SAS,0022200282,2022-11-25,SAS vs. LAL,L,94,-11
2022-23,1610612764,WAS,0022200277,2022-11-25,WAS @ MIA,L,107,-3
2022-23,1610612739,CLE,0022200280,2022-11-25,CLE @ MIL,L,102,-15
2022-23,1610612766,CHA,0022200272,2022-11-25,CHA vs. MIN,W,110,2
2022-23,1610612754,IND,0022200276,2022-11-25,IND vs. BKN,W,128,11
2022-23,1610612757,POR,0022200274,2022-11-25,POR @ NYK,W,132,3
2022-23,1610612755,PHI,0022200273,2022-11-25,PHI @ ORL,W,107,8
2022-23,1610612751,BKN,0022200276,2022-11-25,BKN @ IND,L,117,-11
2022-23,1610612753,ORL,0022200273,2022-11-25,ORL vs. PHI,L,99,-8
2022-23,1610612765,DET,0022200283,2022-11-25,DET @ PHX,L,102,-6
2022-23,1610612752,NYK,0022200274,2022-11-25,NYK vs. POR,L,129,-3
2022-23,1610612738,BOS,0022200275,2022-11-25,BOS vs. SAC,W,122,18
2022-23,1610612747,LAL,0022200282,2022-11-25,LAL @ SAS,W,105,11
2022-23,1610612745,HOU,0022200278,2022-11-25,HOU vs. ATL,W,128,6
2022-23,1610612758,SAC,0022200275,2022-11-25,SAC @ BOS,L,104,-18
2022-23,1610612749,MIL,0022200280,2022-11-25,MIL vs. CLE,W,117,15
2022-23,1610612763,MEM,0022200279,2022-11-25,MEM vs. NOP,W,132,21
2022-23,1610612760,OKC,0022200281,2022-11-25,OKC vs. CHI,W,123,4
2022-23,1610612746,LAC,0022200285,2022-11-25,LAC vs. DEN,L,104,-10
2022-23,1610612762,UTA,0022200284,2022-11-25,UTA @ GSW,L,118,-11
2022-23,1610612737,ATL,0022200278,2022-11-25,ATL @ HOU,L,122,-6
2022-23,1610612743,DEN,0022200285,2022-11-25,DEN @ LAC,W,114,10
2022-23,1610612741,CHI,0022200281,2022-11-25,CHI @ OKC,L,119,-4
2022-23,1610612744,GSW,0022200284,2022-11-25,GSW vs. UTA,W,129,11
2022-23,1610612740,NOP,0022200279,2022-11-25,NOP @ MEM,L,111,-21
2022-23,1610612748,MIA,0022200277,2022-11-25,MIA vs. WAS,W,110,3
2022-23,1610612756,PHX,0022200283,2022-11-25,PHX vs. DET,W,108,6
2022-23,1610612750,MIN,0022200272,2022-11-25,MIN @ CHA,L,108,-2
2022-23,1610612759,SAS,0022200288,2022-11-26,SAS vs. LAL,L,138,-5
2022-23,1610612762,UTA,0022200289,2022-11-26,UTA @ PHX,L,112,-1
2022-23,1610612747,LAL,0022200288,2022-11-26,LAL @ SAS,W,143,5
2022-23,1610612761,TOR,0022200286,2022-11-26,TOR vs. DAL,W,105,5
2022-23,1610612760,OKC,0022200287,2022-11-26,OKC @ HOU,L,105,-13
2022-23,1610612745,HOU,0022200287,2022-11-26,HOU vs. OKC,W,118,13
2022-23,1610612742,DAL,0022200286,2022-11-26,DAL @ TOR,L,100,-5
2022-23,1610612756,PHX,0022200289,2022-11-26,PHX vs. UTA,W,113,1
2022-23,1610612737,ATL,0022200293,2022-11-27,ATL vs. MIA,L,98,-8
2022-23,1610612742,DAL,0022200298,2022-11-27,DAL @ MIL,L,115,-9
2022-23,1610612744,GSW,0022200291,2022-11-27,GSW @ MIN,W,137,23
2022-23,1610612757,POR,0022200290,2022-11-27,POR @ BKN,L,97,-14
2022-23,1610612763,MEM,0022200296,2022-11-27,MEM @ NYK,W,127,4
2022-23,1610612755,PHI,0022200297,2022-11-27,PHI @ ORL,W,133,30
2022-23,1610612746,LAC,0022200292,2022-11-27,LAC vs. IND,W,114,14
2022-23,1610612753,ORL,0022200297,2022-11-27,ORL vs. PHI,L,103,-30
2022-23,1610612751,BKN,0022200290,2022-11-27,BKN vs. POR,W,111,14
2022-23,1610612748,MIA,0022200293,2022-11-27,MIA @ ATL,W,106,8
2022-23,1610612764,WAS,0022200294,2022-11-27,WAS @ BOS,L,121,-9
2022-23,1610612765,DET,0022200295,2022-11-27,DET vs. CLE,L,94,-8
2022-23,1610612749,MIL,0022200298,2022-11-27,MIL vs. DAL,W,124,9
2022-23,1610612750,MIN,0022200291,2022-11-27,MIN vs. GSW,L,114,-23
2022-23,1610612754,IND,0022200292,2022-11-27,IND @ LAC,L,100,-14
2022-23,1610612752,NYK,0022200296,2022-11-27,NYK vs. MEM,L,123,-4
2022-23,1610612738,BOS,0022200294,2022-11-27,BOS vs. WAS,W,130,9
2022-23,1610612739,CLE,0022200295,2022-11-27,CLE @ DET,W,102,8
2022-23,1610612754,IND,0022200308,2022-11-28,IND @ LAL,W,116,1
2022-23,1610612764,WAS,0022200300,2022-11-28,WAS vs. MIN,W,142,15
2022-23,1610612753,ORL,0022200302,2022-11-28,ORL @ BKN,L,102,-7
2022-23,1610612751,BKN,0022200302,2022-11-28,BKN vs. ORL,W,109,7
2022-23,1610612747,LAL,0022200308,2022-11-28,LAL vs. IND,L,115,-1
2022-23,1610612737,ATL,0022200299,2022-11-28,ATL @ PHI,L,101,-3
2022-23,1610612758,SAC,0022200307,2022-11-28,SAC vs. PHX,L,117,-5
2022-23,1610612756,PHX,0022200307,2022-11-28,PHX @ SAC,W,122,5
2022-23,1610612755,PHI,0022200299,2022-11-28,PHI vs. ATL,W,104,3
2022-23,1610612766,CHA,0022200301,2022-11-28,CHA @ BOS,L,105,-35
2022-23,1610612761,TOR,0022200303,2022-11-28,TOR vs. CLE,W,100,12
2022-23,1610612760,OKC,0022200304,2022-11-28,OKC @ NOP,L,101,-4
2022-23,1610612762,UTA,0022200306,2022-11-28,UTA vs. CHI,L,107,-7
2022-23,1610612745,HOU,0022200305,2022-11-28,HOU @ DEN,L,113,-16
2022-23,1610612743,DEN,0022200305,2022-11-28,DEN vs. HOU,W,129,16
2022-23,1610612740,NOP,0022200304,2022-11-28,NOP vs. OKC,W,105,4
2022-23,1610612739,CLE,0022200303,2022-11-28,CLE @ TOR,L,88,-12
2022-23,1610612741,CHI,0022200306,2022-11-28,CHI @ UTA,W,114,7
2022-23,1610612750,MIN,0022200300,2022-11-28,MIN @ WAS,L,127,-15
2022-23,1610612738,BOS,0022200301,2022-11-28,BOS vs. CHA,W,140,35
2022-23,1610612765,DET,0022200309,2022-11-29,DET vs. NYK,L,110,-30
2022-23,1610612746,LAC,0022200311,2022-11-29,LAC @ POR,W,118,6
2022-23,1610612744,GSW,0022200310,2022-11-29,GSW @ DAL,L,113,-3
2022-23,1610612742,DAL,0022200310,2022-11-29,DAL vs. GSW,W,116,3
2022-23,1610612757,POR,0022200311,2022-11-29,POR vs. LAC,L,112,-6
2022-23,1610612752,NYK,0022200309,2022-11-29,NYK @ DET,W,140,30
2022-23,1610612757,POR,0022200324,2022-11-30,POR @ LAL,L,109,-19
2022-23,1610612738,BOS,0022200314,2022-11-30,BOS vs. MIA,W,134,13
2022-23,1610612752,NYK,0022200316,2022-11-30,NYK vs. MIL,L,103,-6
2022-23,1610612763,MEM,0022200317,2022-11-30,MEM @ MIN,L,101,-8
2022-23,1610612764,WAS,0022200315,2022-11-30,WAS @ BKN,L,107,-6
2022-23,1610612749,MIL,0022200316,2022-11-30,MIL @ NYK,W,109,6
2022-23,1610612737,ATL,0022200313,2022-11-30,ATL @ ORL,W,125,17
2022-23,1610612758,SAC,0022200323,2022-11-30,SAC vs. IND,W,137,23
2022-23,1610612739,CLE,0022200312,2022-11-30,CLE vs. PHI,W,113,28
2022-23,1610612741,CHI,0022200321,2022-11-30,CHI @ PHX,L,113,-19
2022-23,1610612747,LAL,0022200324,2022-11-30,LAL vs. POR,W,128,19
2022-23,1610612754,IND,0022200323,2022-11-30,IND @ SAC,L,114,-23
2022-23,1610612760,OKC,0022200319,2022-11-30,OKC vs. SAS,W,119,8
2022-23,1610612753,ORL,0022200313,2022-11-30,ORL vs. ATL,L,108,-17
2022-23,1610612748,MIA,0022200314,2022-11-30,MIA @ BOS,L,121,-13
2022-23,1610612755,PHI,0022200312,2022-11-30,PHI @ CLE,L,85,-28
2022-23,1610612761,TOR,0022200318,2022-11-30,TOR @ NOP,L,108,-18
2022-23,1610612756,PHX,0022200321,2022-11-30,PHX vs. CHI,W,132,19
2022-23,1610612745,HOU,0022200320,2022-11-30,HOU @ DEN,L,100,-20
2022-23,1610612743,DEN,0022200320,2022-11-30,DEN vs. HOU,W,120,20
2022-23,1610612762,UTA,0022200322,2022-11-30,UTA vs. LAC,W,125,13
2022-23,1610612759,SAS,0022200319,2022-11-30,SAS @ OKC,L,111,-8
2022-23,1610612740,NOP,0022200318,2022-11-30,NOP vs. TOR,W,126,18
2022-23,1610612746,LAC,0022200322,2022-11-30,LAC @ UTA,L,112,-13
2022-23,1610612750,MIN,0022200317,2022-11-30,MIN vs. MEM,W,109,8
2022-23,1610612751,BKN,0022200315,2022-11-30,BKN vs. WAS,W,113,6
2022-23,1610612765,DET,0022200325,2022-12-01,DET vs. DAL,W,131,6
2022-23,1610612742,DAL,0022200325,2022-12-01,DAL @ DET,L,125,-6
2022-23,1610612749,MIL,0022200331,2022-12-02,MIL vs. LAL,L,129,-4
2022-23,1610612738,BOS,0022200328,2022-12-02,BOS vs. MIA,L,116,-4
2022-23,1610612747,LAL,0022200331,2022-12-02,LAL @ MIL,W,133,4
2022-23,1610612761,TOR,0022200329,2022-12-02,TOR @ BKN,L,105,-9
2022-23,1610612739,CLE,0022200330,2022-12-02,CLE vs. ORL,W,107,11
2022-23,1610612762,UTA,0022200335,2022-12-02,UTA vs. IND,W,139,20
2022-23,1610612763,MEM,0022200332,2022-12-02,MEM vs. PHI,W,117,8
2022-23,1610612745,HOU,0022200334,2022-12-02,HOU @ PHX,W,122,1
2022-23,1610612740,NOP,0022200333,2022-12-02,NOP @ SAS,W,117,18
2022-23,1610612743,DEN,0022200327,2022-12-02,DEN @ ATL,L,109,-8
2022-23,1610612748,MIA,0022200328,2022-12-02,MIA @ BOS,W,120,4
2022-23,1610612753,ORL,0022200330,2022-12-02,ORL @ CLE,L,96,-11
2022-23,1610612759,SAS,0022200333,2022-12-02,SAS vs. NOP,L,99,-18
2022-23,1610612744,GSW,0022200336,2022-12-02,GSW vs. CHI,W,119,8
2022-23,1610612737,ATL,0022200327,2022-12-02,ATL vs. DEN,W,117,8
2022-23,1610612741,CHI,0022200336,2022-12-02,CHI @ GSW,L,111,-8
2022-23,1610612756,PHX,0022200334,2022-12-02,PHX vs. HOU,L,121,-1
2022-23,1610612751,BKN,0022200329,2022-12-02,BKN vs. TOR,W,114,9
2022-23,1610612754,IND,0022200335,2022-12-02,IND @ UTA,L,119,-20
2022-23,1610612755,PHI,0022200332,2022-12-02,PHI @ MEM,L,109,-8
2022-23,1610612766,CHA,0022200326,2022-12-02,CHA vs. WAS,W,117,1
2022-23,1610612764,WAS,0022200326,2022-12-02,WAS @ CHA,L,116,-1
2022-23,1610612766,CHA,0022200339,2022-12-03,CHA vs. MIL,L,96,-9
2022-23,1610612760,OKC,0022200341,2022-12-03,OKC @ MIN,W,135,7
2022-23,1610612742,DAL,0022200337,2022-12-03,DAL @ NYK,W,121,21
2022-23,1610612761,TOR,0022200340,2022-12-03,TOR vs. ORL,W,121,13
2022-23,1610612762,UTA,0022200343,2022-12-03,UTA vs. POR,L,111,-5
2022-23,1610612746,LAC,0022200338,2022-12-03,LAC vs. SAC,L,96,-27
2022-23,1610612752,NYK,0022200337,2022-12-03,NYK vs. DAL,L,100,-21
2022-23,1610612745,HOU,0022200342,2022-12-03,HOU @ GSW,L,101,-19
2022-23,1610612744,GSW,0022200342,2022-12-03,GSW vs. HOU,W,120,19
2022-23,1610612758,SAC,0022200338,2022-12-03,SAC @ LAC,W,123,27
2022-23,1610612750,MIN,0022200341,2022-12-03,MIN vs. OKC,L,128,-7
2022-23,1610612753,ORL,0022200340,2022-12-03,ORL @ TOR,L,108,-13
2022-23,1610612757,POR,0022200343,2022-12-03,POR @ UTA,W,116,5
2022-23,1610612749,MIL,0022200339,2022-12-03,MIL @ CHA,W,105,9
2022-23,1610612764,WAS,0022200349,2022-12-04,WAS vs. LAL,L,119,-11
2022-23,1610612738,BOS,0022200346,2022-12-04,BOS @ BKN,W,103,11
2022-23,1610612739,CLE,0022200348,2022-12-04,CLE @ NYK,L,81,-11
2022-23,1610612757,POR,0022200351,2022-12-04,POR vs. IND,W,116,16
2022-23,1610612759,SAS,0022200345,2022-12-04,SAS vs. PHX,L,95,-38
2022-23,1610612754,IND,0022200351,2022-12-04,IND @ POR,L,100,-16
2022-23,1610612741,CHI,0022200350,2022-12-04,CHI @ SAC,L,101,-9
2022-23,1610612756,PHX,0022200345,2022-12-04,PHX @ SAS,W,133,38
2022-23,1610612751,BKN,0022200346,2022-12-04,BKN vs. BOS,L,92,-11
2022-23,1610612752,NYK,0022200348,2022-12-04,NYK vs. CLE,W,92,11
2022-23,1610612743,DEN,0022200344,2022-12-04,DEN @ NOP,L,106,-15
2022-23,1610612758,SAC,0022200350,2022-12-04,SAC vs. CHI,W,110,9
2022-23,1610612740,NOP,0022200344,2022-12-04,NOP vs. DEN,W,121,15
2022-23,1610612765,DET,0022200347,2022-12-04,DET vs. MEM,L,112,-10
2022-23,1610612747,LAL,0022200349,2022-12-04,LAL @ WAS,W,130,11
2022-23,1610612763,MEM,0022200347,2022-12-04,MEM @ DET,W,122,10
2022-23,1610612763,MEM,0022200357,2022-12-05,MEM vs. MIA,W,101,8
2022-23,1610612753,ORL,0022200353,2022-12-05,ORL vs. MIL,L,102,-7
2022-23,1610612749,MIL,0022200353,2022-12-05,MIL @ ORL,W,109,7
2022-23,1610612744,GSW,0022200359,2022-12-05,GSW vs. IND,L,104,-8
2022-23,1610612745,HOU,0022200356,2022-12-05,HOU vs. PHI,W,132,9
2022-23,1610612742,DAL,0022200358,2022-12-05,DAL vs. PHX,W,130,19
2022-23,1610612760,OKC,0022200354,2022-12-05,OKC @ ATL,W,121,7
2022-23,1610612761,TOR,0022200355,2022-12-05,TOR vs. BOS,L,110,-6
2022-23,1610612756,PHX,0022200358,2022-12-05,PHX @ DAL,L,111,-19
2022-23,1610612754,IND,0022200359,2022-12-05,IND @ GSW,W,112,8
2022-23,1610612755,PHI,0022200356,2022-12-05,PHI @ HOU,L,123,-9
2022-23,1610612766,CHA,0022200352,2022-12-05,CHA vs. LAC,L,117,-2
2022-23,1610612737,ATL,0022200354,2022-12-05,ATL vs. OKC,L,114,-7
2022-23,1610612738,BOS,0022200355,2022-12-05,BOS @ TOR,W,116,6
2022-23,1610612748,MIA,0022200357,2022-12-05,MIA @ MEM,L,93,-8
2022-23,1610612746,LAC,0022200352,2022-12-05,LAC @ CHA,W,119,2
2022-23,1610612739,CLE,0022200360,2022-12-06,CLE vs. LAL,W,116,14
2022-23,1610612765,DET,0022200361,2022-12-06,DET @ MIA,W,116,20
2022-23,1610612747,LAL,0022200360,2022-12-06,LAL @ CLE,L,102,-14
2022-23,1610612743,DEN,0022200362,2022-12-06,DEN vs. DAL,L,115,-1
2022-23,1610612742,DAL,0022200362,2022-12-06,DAL @ DEN,W,116,1
2022-23,1610612748,MIA,0022200361,2022-12-06,MIA vs. DET,L,96,-20
2022-23,1610612761,TOR,0022200366,2022-12-07,TOR vs. LAL,W,126,13
2022-23,1610612758,SAC,0022200369,2022-12-07,SAC @ MIL,L,113,-13
2022-23,1610612754,IND,0022200370,2022-12-07,IND @ MIN,L,115,-6
2022-23,1610612766,CHA,0022200364,2022-12-07,CHA @ BKN,L,116,-6
2022-23,1610612737,ATL,0022200365,2022-12-07,ATL @ NYK,L,89,-24
2022-23,1610612746,LAC,0022200363,2022-12-07,LAC @ ORL,L,111,-5
2022-23,1610612750,MIN,0022200370,2022-12-07,MIN vs. IND,W,121,6
2022-23,1610612738,BOS,0022200373,2022-12-07,BOS @ PHX,W,125,27
2022-23,1610612749,MIL,0022200369,2022-12-07,MIL vs. SAC,W,126,13
2022-23,1610612752,NYK,0022200365,2022-12-07,NYK vs. ATL,W,113,24
2022-23,1610612756,PHX,0022200373,2022-12-07,PHX vs. BOS,L,98,-27
2022-23,1610612765,DET,0022200371,2022-12-07,DET @ NOP,L,98,-6
2022-23,1610612764,WAS,0022200367,2022-12-07,WAS @ CHI,L,111,-4
2022-23,1610612762,UTA,0022200372,2022-12-07,UTA vs. GSW,W,124,1
2022-23,1610612753,ORL,0022200363,2022-12-07,ORL vs. LAC,W,116,5
2022-23,1610612763,MEM,0022200368,2022-12-07,MEM vs. OKC,W,123,21
2022-23,1610612747,LAL,0022200366,2022-12-07,LAL @ TOR,L,113,-13
2022-23,1610612744,GSW,0022200372,2022-12-07,GSW @ UTA,L,123,-1
2022-23,1610612760,OKC,0022200368,2022-12-07,OKC @ MEM,L,102,-21
2022-23,1610612741,CHI,0022200367,2022-12-07,CHI vs. WAS,W,115,4
2022-23,1610612740,NOP,0022200371,2022-12-07,NOP vs. DET,W,104,6
2022-23,1610612751,BKN,0022200364,2022-12-07,BKN vs. CHA,W,122,6
2022-23,1610612746,LAC,0022200374,2022-12-08,LAC @ MIA,L,110,-5
2022-23,1610612743,DEN,0022200376,2022-12-08,DEN @ POR,W,121,1
2022-23,1610612745,HOU,0022200375,2022-12-08,HOU @ SAS,L,109,-9
2022-23,1610612757,POR,0022200376,2022-12-08,POR vs. DEN,L,120,-1
2022-23,1610612759,SAS,0022200375,2022-12-08,SAS vs. HOU,W,118,9
2022-23,1610612748,MIA,0022200374,2022-12-08,MIA vs. LAC,W,115,5
2022-23,1610612755,PHI,0022200382,2022-12-09,PHI vs. LAL,W,133,11
2022-23,1610612742,DAL,0022200386,2022-12-09,DAL vs. MIL,L,105,-1
2022-23,1610612762,UTA,0022200385,2022-12-09,UTA vs. MIN,L,108,-10
2022-23,1610612737,ATL,0022200380,2022-12-09,ATL @ BKN,L,116,-4
2022-23,1610612766,CHA,0022200377,2022-12-09,CHA vs. NYK,L,102,-19
2022-23,1610612761,TOR,0022200379,2022-12-09,TOR @ ORL,L,109,-4
2022-23,1610612764,WAS,0022200378,2022-12-09,WAS @ IND,L,111,-10
2022-23,1610612747,LAL,0022200382,2022-12-09,LAL @ PHI,L,122,-11
2022-23,1610612740,NOP,0022200384,2022-12-09,NOP vs. PHX,W,128,11
2022-23,1610612739,CLE,0022200381,2022-12-09,CLE vs. SAC,L,95,-11
2022-23,1610612751,BKN,0022200380,2022-12-09,BKN vs. ATL,W,120,4
2022-23,1610612758,SAC,0022200381,2022-12-09,SAC @ CLE,W,106,11
2022-23,1610612756,PHX,0022200384,2022-12-09,PHX @ NOP,L,117,-11
2022-23,1610612749,MIL,0022200386,2022-12-09,MIL @ DAL,W,106,1
2022-23,1610612753,ORL,0022200379,2022-12-09,ORL vs. TOR,W,113,4
2022-23,1610612750,MIN,0022200385,2022-12-09,MIN @ UTA,W,118,10
2022-23,1610612765,DET,0022200383,2022-12-09,DET @ MEM,L,103,-11
2022-23,1610612754,IND,0022200378,2022-12-09,IND vs. WAS,W,121,10
2022-23,1610612763,MEM,0022200383,2022-12-09,MEM vs. DET,W,114,11
2022-23,1610612752,NYK,0022200377,2022-12-09,NYK @ CHA,W,121,19
2022-23,1610612759,SAS,0022200387,2022-12-10,SAS @ MIA,W,115,4
2022-23,1610612757,POR,0022200394,2022-12-10,POR vs. MIN,W,124,6
2022-23,1610612754,IND,0022200388,2022-12-10,IND vs. BKN,L,133,-3
2022-23,1610612751,BKN,0022200388,2022-12-10,BKN @ IND,W,136,3
2022-23,1610612750,MIN,0022200394,2022-12-10,MIN @ POR,L,118,-6
2022-23,1610612748,MIA,0022200387,2022-12-10,MIA vs. SAS,L,111,-4
2022-23,1610612744,GSW,0022200392,2022-12-10,GSW vs. BOS,W,123,16
2022-23,1610612760,OKC,0022200390,2022-12-10,OKC @ CLE,L,102,-8
2022-23,1610612742,DAL,0022200391,2022-12-10,DAL @ CHI,L,115,-29
2022-23,1610612741,CHI,0022200391,2022-12-10,CHI vs. DAL,W,144,29
2022-23,1610612762,UTA,0022200393,2022-12-10,UTA @ DEN,L,110,-5
2022-23,1610612738,BOS,0022200392,2022-12-10,BOS @ GSW,L,107,-16
2022-23,1610612764,WAS,0022200389,2022-12-10,WAS vs. LAC,L,107,-7
2022-23,1610612739,CLE,0022200390,2022-12-10,CLE vs. OKC,W,110,8
2022-23,1610612743,DEN,0022200393,2022-12-10,DEN vs. UTA,W,115,5
2022-23,1610612746,LAC,0022200389,2022-12-10,LAC @ WAS,W,114,7
2022-23,1610612765,DET,0022200396,2022-12-11,DET vs. LAL,L,117,-7
2022-23,1610612745,HOU,0022200401,2022-12-11,HOU vs. MIL,W,97,5
2022-23,1610612758,SAC,0022200397,2022-12-11,SAC @ NYK,L,99,-13
2022-23,1610612761,TOR,0022200398,2022-12-11,TOR @ ORL,L,99,-12
2022-23,1610612766,CHA,0022200399,2022-12-11,CHA @ PHI,L,113,-18
2022-23,1610612740,NOP,0022200395,2022-12-11,NOP vs. PHX,W,129,5
2022-23,1610612752,NYK,0022200397,2022-12-11,NYK vs. SAC,W,112,13
2022-23,1610612741,CHI,0022200400,2022-12-11,CHI @ ATL,L,122,-1
2022-23,1610612756,PHX,0022200395,2022-12-11,PHX @ NOP,L,124,-5
2022-23,1610612737,ATL,0022200400,2022-12-11,ATL vs. CHI,W,123,1
2022-23,1610612749,MIL,0022200401,2022-12-11,MIL @ HOU,L,92,-5
2022-23,1610612753,ORL,0022200398,2022-12-11,ORL vs. TOR,W,111,12
2022-23,1610612747,LAL,0022200396,2022-12-11,LAL @ DET,W,124,7
2022-23,1610612755,PHI,0022200399,2022-12-11,PHI vs. CHA,W,131,18
2022-23,1610612754,IND,0022200402,2022-12-12,IND vs. MIA,L,82,-5
2022-23,1610612757,POR,0022200407,2022-12-12,POR vs. MIN,W,133,21
2022-23,1610612764,WAS,0022200403,2022-12-12,WAS vs. BKN,L,100,-12
2022-23,1610612748,MIA,0022200402,2022-12-12,MIA @ IND,W,87,5
2022-23,1610612750,MIN,0022200407,2022-12-12,MIN @ POR,L,112,-21
2022-23,1610612739,CLE,0022200406,2022-12-12,CLE @ SAS,L,111,-1
2022-23,1610612763,MEM,0022200404,2022-12-12,MEM vs. ATL,W,128,25
2022-23,1610612746,LAC,0022200408,2022-12-12,LAC vs. BOS,W,113,20
2022-23,1610612759,SAS,0022200406,2022-12-12,SAS vs. CLE,W,112,1
2022-23,1610612760,OKC,0022200405,2022-12-12,OKC @ DAL,L,114,-7
2022-23,1610612738,BOS,0022200408,2022-12-12,BOS @ LAC,L,93,-20
2022-23,1610612742,DAL,0022200405,2022-12-12,DAL vs. OKC,W,121,7
2022-23,1610612737,ATL,0022200404,2022-12-12,ATL @ MEM,L,103,-25
2022-23,1610612751,BKN,0022200403,2022-12-12,BKN @ WAS,W,112,12
2022-23,1610612738,BOS,0022200413,2022-12-13,BOS @ LAL,W,122,4
2022-23,1610612744,GSW,0022200410,2022-12-13,GSW @ MIL,L,111,-17
2022-23,1610612758,SAC,0022200409,2022-12-13,SAC @ PHI,L,103,-20
2022-23,1610612745,HOU,0022200411,2022-12-13,HOU vs. PHX,W,111,14
2022-23,1610612755,PHI,0022200409,2022-12-13,PHI vs. SAC,W,123,20
2022-23,1610612747,LAL,0022200413,2022-12-13,LAL vs. BOS,L,118,-4
2022-23,1610612762,UTA,0022200412,2022-12-13,UTA vs. NOP,W,121,21
2022-23,1610612749,MIL,0022200410,2022-12-13,MIL vs. GSW,W,128,17
2022-23,1610612756,PHX,0022200411,2022-12-13,PHX @ HOU,L,97,-14
2022-23,1610612740,NOP,0022200412,2022-12-13,NOP @ UTA,L,100,-21
2022-23,1610612760,OKC,0022200419,2022-12-14,OKC vs. MIA,L,108,-2
2022-23,1610612746,LAC,0022200423,2022-12-14,LAC vs. MIN,W,99,11
2022-23,1610612741,CHI,0022200418,2022-12-14,CHI vs. NYK,L,120,-8
2022-23,1610612737,ATL,0022200416,2022-12-14,ATL @ ORL,L,124,-11
2022-23,1610612744,GSW,0022200415,2022-12-14,GSW @ IND,L,119,-6
2022-23,1610612759,SAS,0022200420,2022-12-14,SAS vs. POR,L,112,-16
2022-23,1610612761,TOR,0022200417,2022-12-14,TOR vs. SAC,L,123,-1
2022-23,1610612757,POR,0022200420,2022-12-14,POR @ SAS,W,128,16
2022-23,1610612753,ORL,0022200416,2022-12-14,ORL vs. ATL,W,135,11
2022-23,1610612742,DAL,0022200421,2022-12-14,DAL vs. CLE,L,90,-15
2022-23,1610612752,NYK,0022200418,2022-12-14,NYK @ CHI,W,128,8
2022-23,1610612739,CLE,0022200421,2022-12-14,CLE @ DAL,W,105,15
2022-23,1610612764,WAS,0022200422,2022-12-14,WAS @ DEN,L,128,-13
2022-23,1610612754,IND,0022200415,2022-12-14,IND vs. GSW,W,125,6
2022-23,1610612750,MIN,0022200423,2022-12-14,MIN @ LAC,L,88,-11
2022-23,1610612748,MIA,0022200419,2022-12-14,MIA @ OKC,W,110,2
2022-23,1610612758,SAC,0022200417,2022-12-14,SAC @ TOR,W,124,1
2022-23,1610612743,DEN,0022200422,2022-12-14,DEN vs. WAS,W,141,13
2022-23,1610612766,CHA,0022200414,2022-12-14,CHA vs. DET,L,134,-7
2022-23,1610612765,DET,0022200414,2022-12-14,DET @ CHA,W,141,7
2022-23,1610612745,HOU,0022200424,2022-12-15,HOU vs. MIA,L,108,-3
2022-23,1610612763,MEM,0022200425,2022-12-15,MEM vs. MIL,W,142,41
2022-23,1610612746,LAC,0022200427,2022-12-15,LAC vs. PHX,L,95,-16
2022-23,1610612762,UTA,0022200426,2022-12-15,UTA vs. NOP,W,132,3
2022-23,1610612748,MIA,0022200424,2022-12-15,MIA @ HOU,W,111,3
2022-23,1610612756,PHX,0022200427,2022-12-15,PHX @ LAC,W,111,16
2022-23,1610612740,NOP,0022200426,2022-12-15,NOP @ UTA,L,129,-3
2022-23,1610612749,MIL,0022200425,2022-12-15,MIL @ MEM,L,101,-41
2022-23,1610612743,DEN,0022200437,2022-12-16,DEN @ LAL,L,108,-18
2022-23,1610612760,OKC,0022200435,2022-12-16,OKC vs. MIN,L,110,-2
2022-23,1610612761,TOR,0022200433,2022-12-16,TOR vs. BKN,L,116,-3
2022-23,1610612741,CHI,0022200434,2022-12-16,CHI vs. NYK,L,91,-23
2022-23,1610612738,BOS,0022200430,2022-12-16,BOS vs. ORL,L,109,-8
2022-23,1610612739,CLE,0022200431,2022-12-16,CLE vs. IND,W,118,6
2022-23,1610612744,GSW,0022200432,2022-12-16,GSW @ PHI,L,106,-12
2022-23,1610612742,DAL,0022200436,2022-12-16,DAL vs. POR,W,130,20
2022-23,1610612765,DET,0022200429,2022-12-16,DET vs. SAC,L,113,-9
2022-23,1610612766,CHA,0022200428,2022-12-16,CHA vs. ATL,L,106,-19
2022-23,1610612753,ORL,0022200430,2022-12-16,ORL @ BOS,W,117,8
2022-23,1610612754,IND,0022200431,2022-12-16,IND @ CLE,L,112,-6
2022-23,1610612752,NYK,0022200434,2022-12-16,NYK @ CHI,W,114,23
2022-23,1610612757,POR,0022200436,2022-12-16,POR @ DAL,L,110,-20
2022-23,1610612747,LAL,0022200437,2022-12-16,LAL vs. DEN,W,126,18
2022-23,1610612755,PHI,0022200432,2022-12-16,PHI vs. GSW,W,118,12
2022-23,1610612750,MIN,0022200435,2022-12-16,MIN @ OKC,W,112,2
2022-23,1610612751,BKN,0022200433,2022-12-16,BKN @ TOR,W,119,3
2022-23,1610612758,SAC,0022200429,2022-12-16,SAC @ DET,W,122,9
2022-23,1610612737,ATL,0022200428,2022-12-16,ATL @ CHA,W,125,19
2022-23,1610612759,SAS,0022200439,2022-12-17,SAS vs. MIA,L,101,-10
2022-23,1610612762,UTA,0022200442,2022-12-17,UTA @ MIL,L,97,-26
2022-23,1610612740,NOP,0022200444,2022-12-17,NOP @ PHX,L,114,-4
2022-23,1610612745,HOU,0022200441,2022-12-17,HOU vs. POR,L,95,-12
2022-23,1610612748,MIA,0022200439,2022-12-17,MIA @ SAS,W,111,10
2022-23,1610612742,DAL,0022200440,2022-12-17,DAL @ CLE,L,99,-1
2022-23,1610612756,PHX,0022200444,2022-12-17,PHX vs. NOP,W,118,4
2022-23,1610612739,CLE,0022200440,2022-12-17,CLE vs. DAL,W,100,1
2022-23,1610612757,POR,0022200441,2022-12-17,POR @ HOU,W,107,12
2022-23,1610612764,WAS,0022200438,2022-12-17,WAS @ LAC,L,93,-9
2022-23,1610612763,MEM,0022200443,2022-12-17,MEM @ OKC,L,109,-6
2022-23,1610612749,MIL,0022200442,2022-12-17,MIL vs. UTA,W,123,26
2022-23,1610612760,OKC,0022200443,2022-12-17,OKC vs. MEM,W,115,6
2022-23,1610612746,LAC,0022200438,2022-12-17,LAC vs. WAS,W,102,9
2022-23,1610612764,WAS,0022200451,2022-12-18,WAS @ LAL,L,117,-2
2022-23,1610612741,CHI,0022200449,2022-12-18,CHI @ MIN,L,126,-24
2022-23,1610612765,DET,0022200447,2022-12-18,DET vs. BKN,L,121,-3
2022-23,1610612754,IND,0022200446,2022-12-18,IND vs. NYK,L,106,-3
2022-23,1610612738,BOS,0022200445,2022-12-18,BOS vs. ORL,L,92,-3
2022-23,1610612752,NYK,0022200446,2022-12-18,NYK @ IND,W,109,3
2022-23,1610612753,ORL,0022200445,2022-12-18,ORL @ BOS,W,95,3
2022-23,1610612750,MIN,0022200449,2022-12-18,MIN vs. CHI,W,150,24
2022-23,1610612766,CHA,0022200450,2022-12-18,CHA @ DEN,L,115,-4
2022-23,1610612761,TOR,0022200448,2022-12-18,TOR vs. GSW,L,110,-16
2022-23,1610612744,GSW,0022200448,2022-12-18,GSW @ TOR,W,126,16
2022-23,1610612747,LAL,0022200451,2022-12-18,LAL vs. WAS,W,119,2
2022-23,1610612751,BKN,0022200447,2022-12-18,BKN @ DET,W,124,3
2022-23,1610612743,DEN,0022200450,2022-12-18,DEN vs. CHA,W,119,4
2022-23,1610612756,PHX,0022200459,2022-12-19,PHX vs. LAL,W,130,26
2022-23,1610612740,NOP,0022200457,2022-12-19,NOP vs. MIL,L,119,-9
2022-23,1610612742,DAL,0022200456,2022-12-19,DAL @ MIN,L,106,-10
2022-23,1610612737,ATL,0022200454,2022-12-19,ATL vs. ORL,W,126,1
2022-23,1610612761,TOR,0022200453,2022-12-19,TOR @ PHI,L,101,-3
2022-23,1610612747,LAL,0022200459,2022-12-19,LAL @ PHX,L,104,-26
2022-23,1610612760,OKC,0022200458,2022-12-19,OKC vs. POR,W,123,2
2022-23,1610612766,CHA,0022200460,2022-12-19,CHA @ SAC,W,125,6
2022-23,1610612745,HOU,0022200455,2022-12-19,HOU vs. SAS,L,105,-19
2022-23,1610612753,ORL,0022200454,2022-12-19,ORL @ ATL,L,125,-1
2022-23,1610612762,UTA,0022200452,2022-12-19,UTA @ CLE,L,99,-23
2022-23,1610612749,MIL,0022200457,2022-12-19,MIL @ NOP,W,128,9
2022-23,1610612750,MIN,0022200456,2022-12-19,MIN vs. DAL,W,116,10
2022-23,1610612759,SAS,0022200455,2022-12-19,SAS @ HOU,W,124,19
2022-23,1610612757,POR,0022200458,2022-12-19,POR @ OKC,L,121,-2
2022-23,1610612755,PHI,0022200453,2022-12-19,PHI vs. TOR,W,104,3
2022-23,1610612739,CLE,0022200452,2022-12-19,CLE vs. UTA,W,122,23
2022-23,1610612758,SAC,0022200460,2022-12-19,SAC vs. CHA,L,119,-6
2022-23,1610612741,CHI,0022200462,2022-12-20,CHI @ MIA,W,113,10
2022-23,1610612744,GSW,0022200463,2022-12-20,GSW @ NYK,L,94,-38
2022-23,1610612764,WAS,0022200464,2022-12-20,WAS @ PHX,W,113,3
2022-23,1610612748,MIA,0022200462,2022-12-20,MIA vs. CHI,L,103,-10
2022-23,1610612763,MEM,0022200465,2022-12-20,MEM @ DEN,L,91,-14
2022-23,1610612752,NYK,0022200463,2022-12-20,NYK vs. GSW,W,132,38
2022-23,1610612765,DET,0022200461,2022-12-20,DET vs. UTA,L,111,-15
2022-23,1610612743,DEN,0022200465,2022-12-20,DEN vs. MEM,W,105,14
2022-23,1610612756,PHX,0022200464,2022-12-20,PHX vs. WAS,L,110,-3
2022-23,1610612762,UTA,0022200461,2022-12-20,UTA @ DET,W,126,15
2022-23,1610612758,SAC,0022200475,2022-12-21,SAC vs. LAL,W,134,14
2022-23,1610612739,CLE,0022200466,2022-12-21,CLE vs. MIL,W,114,8
2022-23,1610612742,DAL,0022200473,2022-12-21,DAL @ MIN,W,104,5
2022-23,1610612744,GSW,0022200470,2022-12-21,GSW @ BKN,L,113,-30
2022-23,1610612761,TOR,0022200471,2022-12-21,TOR @ NYK,W,113,7
2022-23,1610612745,HOU,0022200472,2022-12-21,HOU vs. ORL,L,110,-6
2022-23,1610612738,BOS,0022200469,2022-12-21,BOS vs. IND,L,112,-5
2022-23,1610612765,DET,0022200467,2022-12-21,DET @ PHI,L,93,-20
2022-23,1610612760,OKC,0022200474,2022-12-21,OKC vs. POR,W,101,3
2022-23,1610612747,LAL,0022200475,2022-12-21,LAL @ SAC,L,120,-14
2022-23,1610612741,CHI,0022200468,2022-12-21,CHI @ ATL,W,110,2
2022-23,1610612754,IND,0022200469,2022-12-21,IND @ BOS,W,117,5
2022-23,1610612749,MIL,0022200466,2022-12-21,MIL @ CLE,L,106,-8
2022-23,1610612737,ATL,0022200468,2022-12-21,ATL vs. CHI,L,108,-2
2022-23,1610612750,MIN,0022200473,2022-12-21,MIN vs. DAL,L,99,-5
2022-23,1610612751,BKN,0022200470,2022-12-21,BKN vs. GSW,W,143,30
2022-23,1610612753,ORL,0022200472,2022-12-21,ORL @ HOU,W,116,6
2022-23,1610612766,CHA,0022200476,2022-12-21,CHA @ LAC,L,105,-21
2022-23,1610612757,POR,0022200474,2022-12-21,POR @ OKC,L,98,-3
2022-23,1610612752,NYK,0022200471,2022-12-21,NYK vs. TOR,L,106,-7
2022-23,1610612755,PHI,0022200467,2022-12-21,PHI vs. DET,W,113,20
2022-23,1610612746,LAC,0022200476,2022-12-21,LAC vs. CHA,W,126,21
2022-23,1610612740,NOP,0022200477,2022-12-22,NOP vs. SAS,W,126,9
2022-23,1610612759,SAS,0022200477,2022-12-22,SAS @ NOP,L,117,-9
2022-23,1610612764,WAS,0022200478,2022-12-22,WAS @ UTA,L,112,-8
2022-23,1610612762,UTA,0022200478,2022-12-22,UTA vs. WAS,W,120,8
2022-23,1610612766,CHA,0022200492,2022-12-23,CHA @ LAL,W,134,4
2022-23,1610612754,IND,0022200486,2022-12-23,IND @ MIA,W,111,3
2022-23,1610612751,BKN,0022200483,2022-12-23,BKN vs. MIL,W,118,18
2022-23,1610612738,BOS,0022200482,2022-12-23,BOS vs. MIN,W,121,12
2022-23,1610612749,MIL,0022200483,2022-12-23,MIL @ BKN,L,100,-18
2022-23,1610612741,CHI,0022200485,2022-12-23,CHI @ NYK,W,118,1
2022-23,1610612759,SAS,0022200479,2022-12-23,SAS @ ORL,L,113,-20
2022-23,1610612748,MIA,0022200486,2022-12-23,MIA vs. IND,L,108,-3
2022-23,1610612746,LAC,0022200480,2022-12-23,LAC @ PHI,L,114,-5
2022-23,1610612763,MEM,0022200490,2022-12-23,MEM @ PHX,W,125,25
2022-23,1610612743,DEN,0022200489,2022-12-23,DEN vs. POR,W,120,13
2022-23,1610612764,WAS,0022200491,2022-12-23,WAS @ SAC,W,125,14
2022-23,1610612753,ORL,0022200479,2022-12-23,ORL vs. SAS,W,133,20
2022-23,1610612765,DET,0022200481,2022-12-23,DET @ ATL,L,105,-25
2022-23,1610612750,MIN,0022200482,2022-12-23,MIN @ BOS,L,109,-12
2022-23,1610612761,TOR,0022200484,2022-12-23,TOR @ CLE,W,118,11
2022-23,1610612760,OKC,0022200488,2022-12-23,OKC vs. NOP,L,125,-3
2022-23,1610612752,NYK,0022200485,2022-12-23,NYK vs. CHI,L,117,-1
2022-23,1610612745,HOU,0022200487,2022-12-23,HOU vs. DAL,L,106,-6
2022-23,1610612757,POR,0022200489,2022-12-23,POR @ DEN,L,107,-13
2022-23,1610612742,DAL,0022200487,2022-12-23,DAL @ HOU,W,112,6
2022-23,1610612755,PHI,0022200480,2022-12-23,PHI vs. LAC,W,119,5
2022-23,1610612740,NOP,0022200488,2022-12-23,NOP @ OKC,W,128,3
2022-23,1610612739,CLE,0022200484,2022-12-23,CLE vs. TOR,L,107,-11
2022-23,1610612756,PHX,0022200490,2022-12-23,PHX vs. MEM,L,100,-25
2022-23,1610612758,SAC,0022200491,2022-12-23,SAC vs. WAS,L,111,-14
2022-23,1610612737,ATL,0022200481,2022-12-23,ATL vs. DET,W,130,25
2022-23,1610612747,LAL,0022200492,2022-12-23,LAL vs. CHA,L,130,-4
2022-23,1610612742,DAL,0022200494,2022-12-25,DAL vs. LAL,W,124,9
2022-23,1610612738,BOS,0022200495,2022-12-25,BOS vs. MIL,W,139,21
2022-23,1610612755,PHI,0022200493,2022-12-25,PHI @ NYK,W,119,7
2022-23,1610612752,NYK,0022200493,2022-12-25,NYK vs. PHI,L,112,-7
2022-23,1610612743,DEN,0022200497,2022-12-25,DEN vs. PHX,W,128,3
2022-23,1610612749,MIL,0022200495,2022-12-25,MIL @ BOS,L,118,-21
2022-23,1610612747,LAL,0022200494,2022-12-25,LAL @ DAL,L,115,-9
2022-23,1610612756,PHX,0022200497,2022-12-25,PHX @ DEN,L,125,-3
2022-23,1610612763,MEM,0022200496,2022-12-25,MEM @ GSW,L,109,-14
2022-23,1610612744,GSW,0022200496,2022-12-25,GSW vs. MEM,W,123,14
2022-23,1610612750,MIN,0022200500,2022-12-26,MIN @ MIA,L,110,-3
2022-23,1610612748,MIA,0022200500,2022-12-26,MIA vs. MIN,W,113,3
2022-23,1610612739,CLE,0022200498,2022-12-26,CLE vs. BKN,L,117,-8
2022-23,1610612740,NOP,0022200502,2022-12-26,NOP vs. IND,W,113,20
2022-23,1610612766,CHA,0022200504,2022-12-26,CHA @ POR,L,113,-11
2022-23,1610612762,UTA,0022200503,2022-12-26,UTA @ SAS,L,122,-4
2022-23,1610612751,BKN,0022200498,2022-12-26,BKN @ CLE,W,125,8
2022-23,1610612754,IND,0022200502,2022-12-26,IND @ NOP,L,93,-20
2022-23,1610612745,HOU,0022200501,2022-12-26,HOU @ CHI,W,133,15
2022-23,1610612741,CHI,0022200501,2022-12-26,CHI vs. HOU,L,118,-15
2022-23,1610612765,DET,0022200499,2022-12-26,DET vs. LAC,L,131,-11
2022-23,1610612759,SAS,0022200503,2022-12-26,SAS vs. UTA,W,126,4
2022-23,1610612746,LAC,0022200499,2022-12-26,LAC @ DET,W,142,11
2022-23,1610612757,POR,0022200504,2022-12-26,POR vs. CHA,W,124,11
2022-23,1610612753,ORL,0022200505,2022-12-27,ORL vs. LAL,L,110,-19
2022-23,1610612742,DAL,0022200512,2022-12-27,DAL vs. NYK,W,126,5
2022-23,1610612747,LAL,0022200505,2022-12-27,LAL @ ORL,W,129,19
2022-23,1610612737,ATL,0022200508,2022-12-27,ATL @ IND,L,114,-15
2022-23,1610612764,WAS,0022200506,2022-12-27,WAS vs. PHI,W,116,5
2022-23,1610612763,MEM,0022200510,2022-12-27,MEM vs. PHX,L,108,-17
2022-23,1610612743,DEN,0022200514,2022-12-27,DEN @ SAC,W,113,7
2022-23,1610612760,OKC,0022200511,2022-12-27,OKC vs. SAS,W,130,16
2022-23,1610612754,IND,0022200508,2022-12-27,IND vs. ATL,W,129,15
2022-23,1610612745,HOU,0022200507,2022-12-27,HOU @ BOS,L,102,-24
2022-23,1610612752,NYK,0022200512,2022-12-27,NYK @ DAL,L,121,-5
2022-23,1610612758,SAC,0022200514,2022-12-27,SAC vs. DEN,L,106,-7
2022-23,1610612766,CHA,0022200513,2022-12-27,CHA @ GSW,L,105,-5
2022-23,1610612738,BOS,0022200507,2022-12-27,BOS vs. HOU,W,126,24
2022-23,1610612761,TOR,0022200509,2022-12-27,TOR vs. LAC,L,113,-11
2022-23,1610612759,SAS,0022200511,2022-12-27,SAS @ OKC,L,114,-16
2022-23,1610612746,LAC,0022200509,2022-12-27,LAC @ TOR,W,124,11
2022-23,1610612756,PHX,0022200510,2022-12-27,PHX @ MEM,W,125,17
2022-23,1610612755,PHI,0022200506,2022-12-27,PHI @ WAS,L,111,-5
2022-23,1610612744,GSW,0022200513,2022-12-27,GSW vs. CHA,W,110,5
2022-23,1610612748,MIA,0022200518,2022-12-28,MIA vs. LAL,W,112,14
2022-23,1610612747,LAL,0022200518,2022-12-28,LAL @ MIA,L,98,-14
2022-23,1610612741,CHI,0022200519,2022-12-28,CHI vs. MIL,W,119,6
2022-23,1610612740,NOP,0022200520,2022-12-28,NOP vs. MIN,W,119,1
2022-23,1610612737,ATL,0022200517,2022-12-28,ATL vs. BKN,L,107,-1
2022-23,1610612765,DET,0022200515,2022-12-28,DET vs. ORL,W,121,20
2022-23,1610612764,WAS,0022200516,2022-12-28,WAS vs. PHX,W,127,25
2022-23,1610612743,DEN,0022200522,2022-12-28,DEN @ SAC,L,126,-1
2022-23,1610612751,BKN,0022200517,2022-12-28,BKN @ ATL,W,108,1
2022-23,1610612750,MIN,0022200520,2022-12-28,MIN @ NOP,L,118,-1
2022-23,1610612749,MIL,0022200519,2022-12-28,MIL @ CHI,L,113,-6
2022-23,1610612758,SAC,0022200522,2022-12-28,SAC vs. DEN,W,127,1
2022-23,1610612762,UTA,0022200521,2022-12-28,UTA @ GSW,L,107,-5
2022-23,1610612744,GSW,0022200521,2022-12-28,GSW vs. UTA,W,112,5
2022-23,1610612756,PHX,0022200516,2022-12-28,PHX @ WAS,L,102,-25
2022-23,1610612753,ORL,0022200515,2022-12-28,ORL @ DET,L,101,-20
2022-23,1610612759,SAS,0022200527,2022-12-29,SAS vs. NYK,W,122,7
2022-23,1610612739,CLE,0022200524,2022-12-29,CLE @ IND,L,126,-9
2022-23,1610612752,NYK,0022200527,2022-12-29,NYK @ SAS,L,115,-7
2022-23,1610612746,LAC,0022200525,2022-12-29,LAC @ BOS,L,110,-6
2022-23,1610612754,IND,0022200524,2022-12-29,IND vs. CLE,W,135,9
2022-23,1610612745,HOU,0022200528,2022-12-29,HOU @ DAL,L,114,-15
2022-23,1610612742,DAL,0022200528,2022-12-29,DAL vs. HOU,W,129,15
2022-23,1610612738,BOS,0022200525,2022-12-29,BOS vs. LAC,W,116,6
2022-23,1610612766,CHA,0022200523,2022-12-29,CHA vs. OKC,W,121,8
2022-23,1610612763,MEM,0022200526,2022-12-29,MEM @ TOR,W,119,13
2022-23,1610612761,TOR,0022200526,2022-12-29,TOR vs. MEM,L,106,-13
2022-23,1610612760,OKC,0022200523,2022-12-29,OKC @ CHA,L,113,-8
2022-23,1610612737,ATL,0022200530,2022-12-30,ATL vs. LAL,L,121,-9
2022-23,1610612743,DEN,0022200535,2022-12-30,DEN vs. MIA,W,124,5
2022-23,1610612750,MIN,0022200533,2022-12-30,MIN @ MIL,L,114,-9
2022-23,1610612749,MIL,0022200533,2022-12-30,MIL vs. MIN,W,123,9
2022-23,1610612764,WAS,0022200529,2022-12-30,WAS @ ORL,W,119,19
2022-23,1610612740,NOP,0022200534,2022-12-30,NOP vs. PHI,W,127,11
2022-23,1610612761,TOR,0022200531,2022-12-30,TOR vs. PHX,W,113,9
2022-23,1610612744,GSW,0022200536,2022-12-30,GSW vs. POR,W,118,6
2022-23,1610612762,UTA,0022200537,2022-12-30,UTA @ SAC,L,125,-1
2022-23,1610612747,LAL,0022200530,2022-12-30,LAL @ ATL,W,130,9
2022-23,1610612755,PHI,0022200534,2022-12-30,PHI @ NOP,L,116,-11
2022-23,1610612765,DET,0022200532,2022-12-30,DET @ CHI,L,118,-14
2022-23,1610612748,MIA,0022200535,2022-12-30,MIA @ DEN,L,119,-5
2022-23,1610612757,POR,0022200536,2022-12-30,POR @ GSW,L,112,-6
2022-23,1610612756,PHX,0022200531,2022-12-30,PHX @ TOR,L,104,-9
2022-23,1610612758,SAC,0022200537,2022-12-30,SAC vs. UTA,W,126,1
2022-23,1610612753,ORL,0022200529,2022-12-30,ORL vs. WAS,L,100,-19
2022-23,1610612741,CHI,0022200532,2022-12-30,CHI vs. DET,W,132,14
2022-23,1610612762,UTA,0022200546,2022-12-31,UTA vs. MIA,L,123,-3
2022-23,1610612765,DET,0022200544,2022-12-31,DET @ MIN,W,116,12
2022-23,1610612766,CHA,0022200539,2022-12-31,CHA vs. BKN,L,106,-17
2022-23,1610612745,HOU,0022200541,2022-12-31,HOU vs. NYK,L,88,-20
2022-23,1610612746,LAC,0022200538,2022-12-31,LAC @ IND,L,130,-1
2022-23,1610612760,OKC,0022200545,2022-12-31,OKC vs. PHI,L,96,-19
2022-23,1610612742,DAL,0022200542,2022-12-31,DAL @ SAS,W,126,1
2022-23,1610612741,CHI,0022200540,2022-12-31,CHI vs. CLE,L,102,-1
2022-23,1610612763,MEM,0022200543,2022-12-31,MEM vs. NOP,W,116,15
2022-23,1610612739,CLE,0022200540,2022-12-31,CLE @ CHI,W,103,1
2022-23,1610612759,SAS,0022200542,2022-12-31,SAS vs. DAL,L,125,-1
2022-23,1610612752,NYK,0022200541,2022-12-31,NYK @ HOU,W,108,20
2022-23,1610612754,IND,0022200538,2022-12-31,IND vs. LAC,W,131,1
2022-23,1610612755,PHI,0022200545,2022-12-31,PHI @ OKC,W,115,19
2022-23,1610612748,MIA,0022200546,2022-12-31,MIA @ UTA,W,126,3
2022-23,1610612740,NOP,0022200543,2022-12-31,NOP @ MEM,L,101,-15
2022-23,1610612750,MIN,0022200544,2022-12-31,MIN vs. DET,L,104,-12
2022-23,1610612751,BKN,0022200539,2022-12-31,BKN @ CHA,W,123,17
2022-23,1610612764,WAS,0022200548,2023-01-01,WAS @ MIL,W,118,23
2022-23,1610612763,MEM,0022200547,2023-01-01,MEM vs. SAC,W,118,10
2022-23,1610612743,DEN,0022200549,2023-01-01,DEN vs. BOS,W,123,12
2022-23,1610612738,BOS,0022200549,2023-01-01,BOS @ DEN,L,111,-12
2022-23,1610612758,SAC,0022200547,2023-01-01,SAC @ MEM,L,108,-10
2022-23,1610612749,MIL,0022200548,2023-01-01,MIL vs. WAS,L,95,-23
2022-23,1610612766,CHA,0022200551,2023-01-02,CHA vs. LAL,L,115,-6
2022-23,1610612746,LAC,0022200560,2023-01-02,LAC vs. MIA,L,100,-10
2022-23,1610612743,DEN,0022200557,2023-01-02,DEN @ MIN,L,111,-13
2022-23,1610612759,SAS,0022200555,2023-01-02,SAS @ BKN,L,103,-36
2022-23,1610612756,PHX,0022200550,2023-01-02,PHX @ NYK,L,83,-19
2022-23,1610612761,TOR,0022200553,2023-01-02,TOR @ IND,L,114,-8
2022-23,1610612740,NOP,0022200554,2023-01-02,NOP @ PHI,L,111,-9
2022-23,1610612752,NYK,0022200550,2023-01-02,NYK vs. PHX,W,102,19
2022-23,1610612765,DET,0022200559,2023-01-02,DET @ POR,L,106,-29
2022-23,1610612751,BKN,0022200555,2023-01-02,BKN vs. SAS,W,139,36
2022-23,1610612744,GSW,0022200558,2023-01-02,GSW vs. ATL,W,143,2
2022-23,1610612741,CHI,0022200552,2023-01-02,CHI @ CLE,L,134,-11
2022-23,1610612755,PHI,0022200554,2023-01-02,PHI vs. NOP,W,120,9
2022-23,1610612739,CLE,0022200552,2023-01-02,CLE vs. CHI,W,145,11
2022-23,1610612745,HOU,0022200556,2023-01-02,HOU vs. DAL,L,106,-5
2022-23,1610612750,MIN,0022200557,2023-01-02,MIN vs. DEN,W,124,13
2022-23,1610612737,ATL,0022200558,2023-01-02,ATL @ GSW,L,141,-2
2022-23,1610612742,DAL,0022200556,2023-01-02,DAL @ HOU,W,111,5
2022-23,1610612748,MIA,0022200560,2023-01-02,MIA @ LAC,W,110,10
2022-23,1610612754,IND,0022200553,2023-01-02,IND vs. TOR,W,122,8
2022-23,1610612757,POR,0022200559,2023-01-02,POR vs. DET,W,135,29
2022-23,1610612747,LAL,0022200551,2023-01-02,LAL @ CHA,W,121,6
2022-23,1610612764,WAS,0022200561,2023-01-03,WAS @ MIL,L,113,-10
2022-23,1610612762,UTA,0022200563,2023-01-03,UTA vs. SAC,L,115,-2
2022-23,1610612760,OKC,0022200562,2023-01-03,OKC vs. BOS,W,150,33
2022-23,1610612738,BOS,0022200562,2023-01-03,BOS @ OKC,L,117,-33
2022-23,1610612758,SAC,0022200563,2023-01-03,SAC @ UTA,W,117,2
2022-23,1610612749,MIL,0022200561,2023-01-03,MIL vs. WAS,W,123,10
2022-23,1610612748,MIA,0022200574,2023-01-04,MIA @ LAL,L,109,-3
2022-23,1610612747,LAL,0022200574,2023-01-04,LAL vs. MIA,W,112,3
2022-23,1610612761,TOR,0022200569,2023-01-04,TOR vs. MIL,L,101,-3
2022-23,1610612757,POR,0022200571,2023-01-04,POR @ MIN,L,106,-7
2022-23,1610612741,CHI,0022200570,2023-01-04,CHI vs. BKN,W,121,9
2022-23,1610612759,SAS,0022200568,2023-01-04,SAS @ NYK,L,114,-3
2022-23,1610612760,OKC,0022200566,2023-01-04,OKC @ ORL,L,115,-11
2022-23,1610612755,PHI,0022200567,2023-01-04,PHI vs. IND,W,129,3
2022-23,1610612754,IND,0022200567,2023-01-04,IND @ PHI,L,126,-3
2022-23,1610612739,CLE,0022200565,2023-01-04,CLE vs. PHX,W,90,2
2022-23,1610612750,MIN,0022200571,2023-01-04,MIN vs. POR,W,113,7
2022-23,1610612737,ATL,0022200575,2023-01-04,ATL @ SAC,W,120,3
2022-23,1610612752,NYK,0022200568,2023-01-04,NYK vs. SAS,W,117,3
2022-23,1610612758,SAC,0022200575,2023-01-04,SAC vs. ATL,L,117,-3
2022-23,1610612756,PHX,0022200565,2023-01-04,PHX @ CLE,L,88,-2
2022-23,1610612745,HOU,0022200572,2023-01-04,HOU @ NOP,L,108,-11
2022-23,1610612751,BKN,0022200570,2023-01-04,BKN @ CHI,L,112,-9
2022-23,1610612765,DET,0022200573,2023-01-04,DET @ GSW,W,122,3
2022-23,1610612740,NOP,0022200572,2023-01-04,NOP vs. HOU,W,119,11
2022-23,1610612753,ORL,0022200566,2023-01-04,ORL vs. OKC,W,126,11
2022-23,1610612749,MIL,0022200569,2023-01-04,MIL @ TOR,W,104,3
2022-23,1610612766,CHA,0022200564,2023-01-04,CHA vs. MEM,L,107,-24
2022-23,1610612744,GSW,0022200573,2023-01-04,GSW vs. DET,L,119,-3
2022-23,1610612763,MEM,0022200564,2023-01-04,MEM @ CHA,W,131,24
2022-23,1610612763,MEM,0022200576,2023-01-05,MEM @ ORL,W,123,8
2022-23,1610612742,DAL,0022200577,2023-01-05,DAL vs. BOS,L,95,-29
2022-23,1610612738,BOS,0022200577,2023-01-05,BOS @ DAL,W,124,29
2022-23,1610612746,LAC,0022200579,2023-01-05,LAC @ DEN,L,91,-31
2022-23,1610612762,UTA,0022200578,2023-01-05,UTA @ HOU,W,131,17
2022-23,1610612743,DEN,0022200579,2023-01-05,DEN vs. LAC,W,122,31
2022-23,1610612745,HOU,0022200578,2023-01-05,HOU vs. UTA,L,114,-17
2022-23,1610612753,ORL,0022200576,2023-01-05,ORL vs. MEM,L,115,-8
2022-23,1610612737,ATL,0022200590,2023-01-06,ATL @ LAL,L,114,-16
2022-23,1610612756,PHX,0022200589,2023-01-06,PHX vs. MIA,L,96,-8
2022-23,1610612766,CHA,0022200583,2023-01-06,CHA @ MIL,W,138,29
2022-23,1610612746,LAC,0022200587,2023-01-06,LAC @ MIN,L,115,-13
2022-23,1610612740,NOP,0022200586,2023-01-06,NOP vs. BKN,L,102,-6
2022-23,1610612761,TOR,0022200582,2023-01-06,TOR vs. NYK,L,108,-4
2022-23,1610612757,POR,0022200580,2023-01-06,POR @ IND,L,99,-9
2022-23,1610612741,CHI,0022200581,2023-01-06,CHI @ PHI,W,126,14
2022-23,1610612748,MIA,0022200589,2023-01-06,MIA @ PHX,W,104,8
2022-23,1610612754,IND,0022200580,2023-01-06,IND vs. POR,W,108,9
2022-23,1610612765,DET,0022200585,2023-01-06,DET @ SAS,L,109,-12
2022-23,1610612747,LAL,0022200590,2023-01-06,LAL vs. ATL,W,130,16
2022-23,1610612743,DEN,0022200588,2023-01-06,DEN vs. CLE,W,121,13
2022-23,1610612751,BKN,0022200586,2023-01-06,BKN @ NOP,W,108,6
2022-23,1610612755,PHI,0022200581,2023-01-06,PHI vs. CHI,L,112,-14
2022-23,1610612739,CLE,0022200588,2023-01-06,CLE @ DEN,L,108,-13
2022-23,1610612750,MIN,0022200587,2023-01-06,MIN vs. LAC,W,128,13
2022-23,1610612764,WAS,0022200584,2023-01-06,WAS @ OKC,L,110,-17
2022-23,1610612752,NYK,0022200582,2023-01-06,NYK @ TOR,W,112,4
2022-23,1610612760,OKC,0022200584,2023-01-06,OKC vs. WAS,W,127,17
2022-23,1610612759,SAS,0022200585,2023-01-06,SAS vs. DET,W,121,12
2022-23,1610612749,MIL,0022200583,2023-01-06,MIL vs. CHA,L,109,-29
2022-23,1610612758,SAC,0022200595,2023-01-07,SAC vs. LAL,L,134,-2
2022-23,1610612744,GSW,0022200594,2023-01-07,GSW vs. ORL,L,101,-14
2022-23,1610612747,LAL,0022200595,2023-01-07,LAL @ SAC,W,136,2
2022-23,1610612738,BOS,0022200591,2023-01-07,BOS @ SAS,W,121,5
2022-23,1610612759,SAS,0022200591,2023-01-07,SAS vs. BOS,L,116,-5
2022-23,1610612742,DAL,0022200593,2023-01-07,DAL vs. NOP,W,127,10
2022-23,1610612762,UTA,0022200592,2023-01-07,UTA @ CHI,L,118,-8
2022-23,1610612740,NOP,0022200593,2023-01-07,NOP @ DAL,L,117,-10
2022-23,1610612753,ORL,0022200594,2023-01-07,ORL @ GSW,W,115,14
2022-23,1610612741,CHI,0022200592,2023-01-07,CHI vs. UTA,W,126,8
2022-23,1610612751,BKN,0022200599,2023-01-08,BKN @ MIA,W,102,1
2022-23,1610612745,HOU,0022200601,2023-01-08,HOU vs. MIN,L,96,-8
2022-23,1610612748,MIA,0022200599,2023-01-08,MIA vs. BKN,L,101,-1
2022-23,1610612766,CHA,0022200598,2023-01-08,CHA @ IND,L,111,-5
2022-23,1610612765,DET,0022200596,2023-01-08,DET vs. PHI,L,111,-12
2022-23,1610612739,CLE,0022200603,2023-01-08,CLE @ PHX,W,112,14
2022-23,1610612761,TOR,0022200597,2023-01-08,TOR vs. POR,W,117,12
2022-23,1610612746,LAC,0022200604,2023-01-08,LAC vs. ATL,L,108,-4
2022-23,1610612756,PHX,0022200603,2023-01-08,PHX vs. CLE,L,98,-14
2022-23,1610612760,OKC,0022200602,2023-01-08,OKC vs. DAL,W,120,11
2022-23,1610612750,MIN,0022200601,2023-01-08,MIN @ HOU,W,104,8
2022-23,1610612737,ATL,0022200604,2023-01-08,ATL @ LAC,W,112,4
2022-23,1610612742,DAL,0022200602,2023-01-08,DAL @ OKC,L,109,-11
2022-23,1610612757,POR,0022200597,2023-01-08,POR @ TOR,L,105,-12
2022-23,1610612763,MEM,0022200600,2023-01-08,MEM vs. UTA,W,123,5
2022-23,1610612762,UTA,0022200600,2023-01-08,UTA @ MEM,L,118,-5
2022-23,1610612755,PHI,0022200596,2023-01-08,PHI @ DET,W,123,12
2022-23,1610612754,IND,0022200598,2023-01-08,IND vs. CHA,W,116,5
2022-23,1610612743,DEN,0022200609,2023-01-09,DEN vs. LAL,W,122,13
2022-23,1610612752,NYK,0022200607,2023-01-09,NYK vs. MIL,L,107,-4
2022-23,1610612749,MIL,0022200607,2023-01-09,MIL @ NYK,W,111,4
2022-23,1610612758,SAC,0022200610,2023-01-09,SAC vs. ORL,W,136,25
2022-23,1610612753,ORL,0022200610,2023-01-09,ORL @ SAC,L,111,-25
2022-23,1610612763,MEM,0022200608,2023-01-09,MEM vs. SAS,W,121,8
2022-23,1610612741,CHI,0022200606,2023-01-09,CHI @ BOS,L,99,-8
2022-23,1610612764,WAS,0022200605,2023-01-09,WAS vs. NOP,L,112,-20
2022-23,1610612738,BOS,0022200606,2023-01-09,BOS vs. CHI,W,107,8
2022-23,1610612747,LAL,0022200609,2023-01-09,LAL @ DEN,L,109,-13
2022-23,1610612759,SAS,0022200608,2023-01-09,SAS @ MEM,L,113,-8
2022-23,1610612740,NOP,0022200605,2023-01-09,NOP @ WAS,W,132,20
2022-23,1610612760,OKC,0022200611,2023-01-10,OKC @ MIA,L,111,-1
2022-23,1610612757,POR,0022200616,2023-01-10,POR vs. ORL,L,106,-3
2022-23,1610612765,DET,0022200612,2023-01-10,DET @ PHI,L,116,-31
2022-23,1610612744,GSW,0022200615,2023-01-10,GSW vs. PHX,L,113,-12
2022-23,1610612753,ORL,0022200616,2023-01-10,ORL @ POR,W,109,3
2022-23,1610612762,UTA,0022200614,2023-01-10,UTA vs. CLE,W,116,2
2022-23,1610612746,LAC,0022200617,2023-01-10,LAC vs. DAL,W,113,12
2022-23,1610612756,PHX,0022200615,2023-01-10,PHX @ GSW,W,125,12
2022-23,1610612742,DAL,0022200617,2023-01-10,DAL @ LAC,L,101,-12
2022-23,1610612748,MIA,0022200611,2023-01-10,MIA vs. OKC,W,112,1
2022-23,1610612766,CHA,0022200613,2023-01-10,CHA @ TOR,L,120,-12
2022-23,1610612739,CLE,0022200614,2023-01-10,CLE @ UTA,L,114,-2
2022-23,1610612755,PHI,0022200612,2023-01-10,PHI vs. DET,W,147,31
2022-23,1610612761,TOR,0022200613,2023-01-10,TOR vs. CHA,W,132,12
2022-23,1610612737,ATL,0022200620,2023-01-11,ATL vs. MIL,L,105,-9
2022-23,1610612765,DET,0022200618,2023-01-11,DET vs. MIN,W,135,17
2022-23,1610612754,IND,0022200622,2023-01-11,IND @ NYK,L,113,-6
2022-23,1610612752,NYK,0022200622,2023-01-11,NYK vs. IND,W,119,6
2022-23,1610612743,DEN,0022200624,2023-01-11,DEN vs. PHX,W,126,29
2022-23,1610612745,HOU,0022200625,2023-01-11,HOU @ SAC,L,115,-20
2022-23,1610612763,MEM,0022200623,2023-01-11,MEM vs. SAS,W,135,6
2022-23,1610612749,MIL,0022200620,2023-01-11,MIL @ ATL,W,114,9
2022-23,1610612740,NOP,0022200621,2023-01-11,NOP @ BOS,L,114,-11
2022-23,1610612738,BOS,0022200621,2023-01-11,BOS vs. NOP,W,125,11
2022-23,1610612764,WAS,0022200619,2023-01-11,WAS vs. CHI,W,100,3
2022-23,1610612756,PHX,0022200624,2023-01-11,PHX @ DEN,L,97,-29
2022-23,1610612758,SAC,0022200625,2023-01-11,SAC vs. HOU,W,135,20
2022-23,1610612759,SAS,0022200623,2023-01-11,SAS @ MEM,L,129,-6
2022-23,1610612741,CHI,0022200619,2023-01-11,CHI @ WAS,L,97,-3
2022-23,1610612750,MIN,0022200618,2023-01-11,MIN @ DET,L,118,-17
2022-23,1610612742,DAL,0022200630,2023-01-12,DAL @ LAL,W,119,4
2022-23,1610612749,MIL,0022200628,2023-01-12,MIL @ MIA,L,102,-6
2022-23,1610612748,MIA,0022200628,2023-01-12,MIA vs. MIL,W,108,6
2022-23,1610612738,BOS,0022200627,2023-01-12,BOS @ BKN,W,109,11
2022-23,1610612760,OKC,0022200626,2023-01-12,OKC @ PHI,W,133,19
2022-23,1610612739,CLE,0022200631,2023-01-12,CLE @ POR,W,119,6
2022-23,1610612751,BKN,0022200627,2023-01-12,BKN vs. BOS,L,98,-11
2022-23,1610612757,POR,0022200631,2023-01-12,POR vs. CLE,L,113,-6
2022-23,1610612747,LAL,0022200630,2023-01-12,LAL vs. DAL,L,115,-4
2022-23,1610612755,PHI,0022200626,2023-01-12,PHI vs. OKC,L,114,-19
2022-23,1610612766,CHA,0022200629,2023-01-12,CHA @ TOR,L,114,-10
2022-23,1610612761,TOR,0022200629,2023-01-12,TOR vs. CHA,W,124,10
2022-23,1610612756,PHX,0022200637,2023-01-13,PHX @ MIN,L,116,-5
2022-23,1610612764,WAS,0022200634,2023-01-13,WAS vs. NYK,L,108,-4
2022-23,1610612762,UTA,0022200638,2023-01-13,UTA vs. ORL,W,112,4
2022-23,1610612737,ATL,0022200633,2023-01-13,ATL @ IND,W,113,2
2022-23,1610612750,MIN,0022200637,2023-01-13,MIN vs. PHX,W,121,5
2022-23,1610612745,HOU,0022200640,2023-01-13,HOU @ SAC,L,114,-25
2022-23,1610612744,GSW,0022200635,2023-01-13,GSW @ SAS,W,144,31
2022-23,1610612754,IND,0022200633,2023-01-13,IND vs. ATL,L,111,-2
2022-23,1610612765,DET,0022200632,2023-01-13,DET vs. NOP,L,110,-6
2022-23,1610612760,OKC,0022200636,2023-01-13,OKC @ CHI,W,124,14
2022-23,1610612746,LAC,0022200639,2023-01-13,LAC vs. DEN,L,103,-12
2022-23,1610612759,SAS,0022200635,2023-01-13,SAS vs. GSW,L,113,-31
2022-23,1610612758,SAC,0022200640,2023-01-13,SAC vs. HOU,W,139,25
2022-23,1610612743,DEN,0022200639,2023-01-13,DEN @ LAC,W,115,12
2022-23,1610612741,CHI,0022200636,2023-01-13,CHI vs. OKC,L,110,-14
2022-23,1610612753,ORL,0022200638,2023-01-13,ORL @ UTA,L,108,-4
2022-23,1610612752,NYK,0022200634,2023-01-13,NYK @ WAS,W,112,4
2022-23,1610612740,NOP,0022200632,2023-01-13,NOP @ DET,W,116,6
2022-23,1610612749,MIL,0022200641,2023-01-14,MIL @ MIA,L,95,-16
2022-23,1610612748,MIA,0022200641,2023-01-14,MIA vs. MIL,W,111,16
2022-23,1610612739,CLE,0022200645,2023-01-14,CLE @ MIN,L,102,-8
2022-23,1610612763,MEM,0022200643,2023-01-14,MEM @ IND,W,130,18
2022-23,1610612762,UTA,0022200646,2023-01-14,UTA vs. PHI,L,117,-1
2022-23,1610612742,DAL,0022200647,2023-01-14,DAL @ POR,L,119,-17
2022-23,1610612761,TOR,0022200644,2023-01-14,TOR vs. ATL,L,103,-11
2022-23,1610612766,CHA,0022200642,2023-01-14,CHA vs. BOS,L,106,-16
2022-23,1610612750,MIN,0022200645,2023-01-14,MIN vs. CLE,W,110,8
2022-23,1610612757,POR,0022200647,2023-01-14,POR vs. DAL,W,136,17
2022-23,1610612737,ATL,0022200644,2023-01-14,ATL @ TOR,W,114,11
2022-23,1610612755,PHI,0022200646,2023-01-14,PHI @ UTA,W,118,1
2022-23,1610612754,IND,0022200643,2023-01-14,IND vs. MEM,L,112,-18
2022-23,1610612738,BOS,0022200642,2023-01-14,BOS @ CHA,W,122,16
2022-23,1610612755,PHI,0022200655,2023-01-15,PHI @ LAL,W,113,1
2022-23,1610612760,OKC,0022200651,2023-01-15,OKC @ BKN,W,112,10
2022-23,1610612765,DET,0022200648,2023-01-15,DET vs. NYK,L,104,-13
2022-23,1610612743,DEN,0022200653,2023-01-15,DEN vs. ORL,W,119,3
2022-23,1610612747,LAL,0022200655,2023-01-15,LAL vs. PHI,L,112,-1
2022-23,1610612742,DAL,0022200654,2023-01-15,DAL @ POR,L,123,-17
2022-23,1610612759,SAS,0022200652,2023-01-15,SAS vs. SAC,L,119,-13
2022-23,1610612758,SAC,0022200652,2023-01-15,SAC @ SAS,W,132,13
2022-23,1610612744,GSW,0022200650,2023-01-15,GSW @ CHI,L,118,-14
2022-23,1610612757,POR,0022200654,2023-01-15,POR vs. DAL,W,140,17
2022-23,1610612753,ORL,0022200653,2023-01-15,ORL @ DEN,L,116,-3
2022-23,1610612741,CHI,0022200650,2023-01-15,CHI vs. GSW,W,132,14
2022-23,1610612746,LAC,0022200649,2023-01-15,LAC vs. HOU,W,121,21
2022-23,1610612745,HOU,0022200649,2023-01-15,HOU @ LAC,L,100,-21
2022-23,1610612751,BKN,0022200651,2023-01-15,BKN vs. OKC,L,102,-10
2022-23,1610612752,NYK,0022200648,2023-01-15,NYK @ DET,W,117,13
2022-23,1610612745,HOU,0022200664,2023-01-16,HOU @ LAL,L,132,-8
2022-23,1610612737,ATL,0022200661,2023-01-16,ATL vs. MIA,W,121,8
2022-23,1610612754,IND,0022200657,2023-01-16,IND @ MIL,L,119,-13
2022-23,1610612762,UTA,0022200662,2023-01-16,UTA @ MIN,W,126,1
2022-23,1610612761,TOR,0022200659,2023-01-16,TOR @ NYK,W,123,2
2022-23,1610612749,MIL,0022200657,2023-01-16,MIL vs. IND,W,132,13
2022-23,1610612763,MEM,0022200663,2023-01-16,MEM vs. PHX,W,136,30
2022-23,1610612748,MIA,0022200661,2023-01-16,MIA @ ATL,L,113,-8
2022-23,1610612766,CHA,0022200656,2023-01-16,CHA vs. BOS,L,118,-12
2022-23,1610612740,NOP,0022200658,2023-01-16,NOP @ CLE,L,103,-10
2022-23,1610612739,CLE,0022200658,2023-01-16,CLE vs. NOP,W,113,10
2022-23,1610612764,WAS,0022200660,2023-01-16,WAS vs. GSW,L,118,-9
2022-23,1610612747,LAL,0022200664,2023-01-16,LAL vs. HOU,W,140,8
2022-23,1610612752,NYK,0022200659,2023-01-16,NYK vs. TOR,L,121,-2
2022-23,1610612750,MIN,0022200662,2023-01-16,MIN vs. UTA,L,125,-1
2022-23,1610612756,PHX,0022200663,2023-01-16,PHX @ MEM,L,106,-30
2022-23,1610612744,GSW,0022200660,2023-01-16,GSW @ WAS,W,127,9
2022-23,1610612738,BOS,0022200656,2023-01-16,BOS @ CHA,W,130,12
2022-23,1610612761,TOR,0022200665,2023-01-17,TOR @ MIL,L,122,-8
2022-23,1610612759,SAS,0022200666,2023-01-17,SAS vs. BKN,W,106,8
2022-23,1610612746,LAC,0022200668,2023-01-17,LAC vs. PHI,L,110,-10
2022-23,1610612743,DEN,0022200667,2023-01-17,DEN vs. POR,W,122,9
2022-23,1610612751,BKN,0022200666,2023-01-17,BKN @ SAS,L,98,-8
2022-23,1610612757,POR,0022200667,2023-01-17,POR @ DEN,L,113,-9
2022-23,1610612755,PHI,0022200668,2023-01-17,PHI @ LAC,W,120,10
2022-23,1610612749,MIL,0022200665,2023-01-17,MIL vs. TOR,W,130,8
2022-23,1610612758,SAC,0022200677,2023-01-18,SAC @ LAL,W,116,5
2022-23,1610612740,NOP,0022200673,2023-01-18,NOP vs. MIA,L,98,-26
2022-23,1610612743,DEN,0022200676,2023-01-18,DEN vs. MIN,W,122,4
2022-23,1610612764,WAS,0022200669,2023-01-18,WAS @ NYK,W,116,11
2022-23,1610612760,OKC,0022200674,2023-01-18,OKC vs. IND,W,126,20
2022-23,1610612747,LAL,0022200677,2023-01-18,LAL vs. SAC,L,111,-5
2022-23,1610612742,DAL,0022200670,2023-01-18,DAL vs. ATL,L,122,-8
2022-23,1610612763,MEM,0022200672,2023-01-18,MEM vs. CLE,W,115,1
2022-23,1610612748,MIA,0022200673,2023-01-18,MIA @ NOP,W,124,26
2022-23,1610612737,ATL,0022200670,2023-01-18,ATL @ DAL,W,130,8
2022-23,1610612750,MIN,0022200676,2023-01-18,MIN @ DEN,L,118,-4
2022-23,1610612766,CHA,0022200671,2023-01-18,CHA @ HOU,W,122,5
2022-23,1610612762,UTA,0022200675,2023-01-18,UTA vs. LAC,W,126,23
2022-23,1610612754,IND,0022200674,2023-01-18,IND @ OKC,L,106,-20
2022-23,1610612746,LAC,0022200675,2023-01-18,LAC @ UTA,L,103,-23
2022-23,1610612739,CLE,0022200672,2023-01-18,CLE @ MEM,L,114,-1
2022-23,1610612752,NYK,0022200669,2023-01-18,NYK vs. WAS,L,105,-11
2022-23,1610612745,HOU,0022200671,2023-01-18,HOU vs. CHA,L,117,-5
2022-23,1610612761,TOR,0022200680,2023-01-19,TOR @ MIN,L,126,-2
2022-23,1610612756,PHX,0022200681,2023-01-19,PHX vs. BKN,W,117,5
2022-23,1610612757,POR,0022200682,2023-01-19,POR vs. PHI,L,95,-10
2022-23,1610612751,BKN,0022200681,2023-01-19,BKN @ PHX,L,112,-5
2022-23,1610612755,PHI,0022200682,2023-01-19,PHI @ POR,W,105,10
2022-23,1610612744,GSW,0022200679,2023-01-19,GSW @ BOS,L,118,-3
2022-23,1610612765,DET,0022200678,2023-01-19,DET vs. CHI,L,108,-18
2022-23,1610612738,BOS,0022200679,2023-01-19,BOS vs. GSW,W,121,3
2022-23,1610612750,MIN,0022200680,2023-01-19,MIN vs. TOR,W,128,2
2022-23,1610612741,CHI,0022200678,2023-01-19,CHI @ DET,W,126,18
2022-23,1610612763,MEM,0022200690,2023-01-20,MEM @ LAL,L,121,-1
2022-23,1610612742,DAL,0022200686,2023-01-20,DAL vs. MIA,W,115,25
2022-23,1610612762,UTA,0022200689,2023-01-20,UTA vs. BKN,L,106,-11
2022-23,1610612737,ATL,0022200684,2023-01-20,ATL vs. NYK,W,139,15
2022-23,1610612740,NOP,0022200683,2023-01-20,NOP @ ORL,L,110,-13
2022-23,1610612743,DEN,0022200688,2023-01-20,DEN vs. IND,W,134,23
2022-23,1610612760,OKC,0022200691,2023-01-20,OKC @ SAC,L,113,-5
2022-23,1610612746,LAC,0022200687,2023-01-20,LAC @ SAS,W,131,5
2022-23,1610612752,NYK,0022200684,2023-01-20,NYK @ ATL,L,124,-15
2022-23,1610612744,GSW,0022200685,2023-01-20,GSW @ CLE,W,120,6
2022-23,1610612753,ORL,0022200683,2023-01-20,ORL vs. NOP,W,123,13
2022-23,1610612748,MIA,0022200686,2023-01-20,MIA @ DAL,L,90,-25
2022-23,1610612754,IND,0022200688,2023-01-20,IND @ DEN,L,111,-23
2022-23,1610612739,CLE,0022200685,2023-01-20,CLE vs. GSW,L,114,-6
2022-23,1610612759,SAS,0022200687,2023-01-20,SAS vs. LAC,L,126,-5
2022-23,1610612758,SAC,0022200691,2023-01-20,SAC vs. OKC,W,118,5
2022-23,1610612751,BKN,0022200689,2023-01-20,BKN @ UTA,W,117,11
2022-23,1610612747,LAL,0022200690,2023-01-20,LAL vs. MEM,W,122,1
2022-23,1610612739,CLE,0022200695,2023-01-21,CLE vs. MIL,W,114,12
2022-23,1610612745,HOU,0022200696,2023-01-21,HOU @ MIN,L,104,-9
2022-23,1610612764,WAS,0022200693,2023-01-21,WAS vs. ORL,W,138,20
2022-23,1610612756,PHX,0022200697,2023-01-21,PHX vs. IND,W,112,5
2022-23,1610612758,SAC,0022200698,2023-01-21,SAC vs. PHI,L,127,-2
2022-23,1610612754,IND,0022200697,2023-01-21,IND @ PHX,L,107,-5
2022-23,1610612755,PHI,0022200698,2023-01-21,PHI @ SAC,W,129,2
2022-23,1610612766,CHA,0022200694,2023-01-21,CHA @ ATL,W,122,4
2022-23,1610612761,TOR,0022200692,2023-01-21,TOR vs. BOS,L,104,-2
2022-23,1610612749,MIL,0022200695,2023-01-21,MIL @ CLE,L,102,-12
2022-23,1610612750,MIN,0022200696,2023-01-21,MIN vs. HOU,W,113,9
2022-23,1610612738,BOS,0022200692,2023-01-21,BOS @ TOR,W,106,2
2022-23,1610612753,ORL,0022200693,2023-01-21,ORL @ WAS,L,118,-20
2022-23,1610612737,ATL,0022200694,2023-01-21,ATL vs. CHA,L,118,-4
2022-23,1610612757,POR,0022200705,2023-01-22,POR vs. LAL,L,112,-9
2022-23,1610612740,NOP,0022200699,2023-01-22,NOP @ MIA,L,96,-4
2022-23,1610612744,GSW,0022200704,2023-01-22,GSW vs. BKN,L,116,-4
2022-23,1610612761,TOR,0022200700,2023-01-22,TOR vs. NYK,W,125,9
2022-23,1610612763,MEM,0022200703,2023-01-22,MEM @ PHX,L,110,-2
2022-23,1610612747,LAL,0022200705,2023-01-22,LAL @ POR,W,121,9
2022-23,1610612748,MIA,0022200699,2023-01-22,MIA vs. NOP,W,100,4
2022-23,1610612746,LAC,0022200701,2023-01-22,LAC @ DAL,W,112,14
2022-23,1610612760,OKC,0022200702,2023-01-22,OKC @ DEN,W,101,2
2022-23,1610612751,BKN,0022200704,2023-01-22,BKN @ GSW,W,120,4
2022-23,1610612742,DAL,0022200701,2023-01-22,DAL vs. LAC,L,98,-14
2022-23,1610612743,DEN,0022200702,2023-01-22,DEN vs. OKC,L,99,-2
2022-23,1610612752,NYK,0022200700,2023-01-22,NYK @ TOR,L,116,-9
2022-23,1610612756,PHX,0022200703,2023-01-22,PHX vs. MEM,W,112,2
2022-23,1610612765,DET,0022200706,2023-01-23,DET vs. MIL,L,130,-20
2022-23,1610612745,HOU,0022200709,2023-01-23,HOU vs. MIN,W,119,5
2022-23,1610612738,BOS,0022200707,2023-01-23,BOS @ ORL,L,98,-15
2022-23,1610612759,SAS,0022200711,2023-01-23,SAS @ POR,L,127,-20
2022-23,1610612763,MEM,0022200712,2023-01-23,MEM @ SAC,L,100,-33
2022-23,1610612757,POR,0022200711,2023-01-23,POR vs. SAS,W,147,20
2022-23,1610612741,CHI,0022200708,2023-01-23,CHI vs. ATL,W,111,11
2022-23,1610612753,ORL,0022200707,2023-01-23,ORL vs. BOS,W,113,15
2022-23,1610612737,ATL,0022200708,2023-01-23,ATL @ CHI,L,100,-11
2022-23,1610612750,MIN,0022200709,2023-01-23,MIN @ HOU,L,114,-5
2022-23,1610612766,CHA,0022200710,2023-01-23,CHA @ UTA,L,102,-18
2022-23,1610612758,SAC,0022200712,2023-01-23,SAC vs. MEM,W,133,33
2022-23,1610612749,MIL,0022200706,2023-01-23,MIL @ DET,W,150,20
2022-23,1610612762,UTA,0022200710,2023-01-23,UTA vs. CHA,W,120,18
2022-23,1610612746,LAC,0022200719,2023-01-24,LAC @ LAL,W,133,18
2022-23,1610612738,BOS,0022200714,2023-01-24,BOS @ MIA,L,95,-3
2022-23,1610612739,CLE,0022200715,2023-01-24,CLE @ NYK,L,103,-2
2022-23,1610612741,CHI,0022200713,2023-01-24,CHI @ IND,L,110,-6
2022-23,1610612766,CHA,0022200718,2023-01-24,CHA @ PHX,L,97,-31
2022-23,1610612748,MIA,0022200714,2023-01-24,MIA vs. BOS,W,98,3
2022-23,1610612752,NYK,0022200715,2023-01-24,NYK vs. CLE,W,105,2
2022-23,1610612743,DEN,0022200716,2023-01-24,DEN @ NOP,W,99,1
2022-23,1610612754,IND,0022200713,2023-01-24,IND vs. CHI,W,116,6
2022-23,1610612764,WAS,0022200717,2023-01-24,WAS @ DAL,W,127,1
2022-23,1610612740,NOP,0022200716,2023-01-24,NOP vs. DEN,L,98,-1
2022-23,1610612747,LAL,0022200719,2023-01-24,LAL vs. LAC,L,115,-18
2022-23,1610612742,DAL,0022200717,2023-01-24,DAL vs. WAS,L,126,-1
2022-23,1610612756,PHX,0022200718,2023-01-24,PHX vs. CHA,W,128,31
2022-23,1610612759,SAS,0022200729,2023-01-25,SAS @ LAL,L,104,-9
2022-23,1610612743,DEN,0022200723,2023-01-25,DEN @ MIL,L,99,-8
2022-23,1610612740,NOP,0022200724,2023-01-25,NOP vs. MIN,L,102,-9
2022-23,1610612755,PHI,0022200721,2023-01-25,PHI vs. BKN,W,137,4
2022-23,1610612754,IND,0022200720,2023-01-25,IND @ ORL,L,120,-6
2022-23,1610612753,ORL,0022200720,2023-01-25,ORL vs. IND,W,126,6
2022-23,1610612751,BKN,0022200721,2023-01-25,BKN @ PHI,L,133,-4
2022-23,1610612762,UTA,0022200727,2023-01-25,UTA @ POR,L,124,-10
2022-23,1610612761,TOR,0022200728,2023-01-25,TOR @ SAC,W,113,18
2022-23,1610612747,LAL,0022200729,2023-01-25,LAL vs. SAS,W,113,9
2022-23,1610612760,OKC,0022200725,2023-01-25,OKC vs. ATL,L,132,-5
2022-23,1610612750,MIN,0022200724,2023-01-25,MIN @ NOP,W,111,9
2022-23,1610612749,MIL,0022200723,2023-01-25,MIL vs. DEN,W,107,8
2022-23,1610612763,MEM,0022200726,2023-01-25,MEM @ GSW,L,120,-2
2022-23,1610612764,WAS,0022200722,2023-01-25,WAS @ HOU,W,108,5
2022-23,1610612737,ATL,0022200725,2023-01-25,ATL @ OKC,W,137,5
2022-23,1610612758,SAC,0022200728,2023-01-25,SAC vs. TOR,L,95,-18
2022-23,1610612757,POR,0022200727,2023-01-25,POR vs. UTA,W,134,10
2022-23,1610612744,GSW,0022200726,2023-01-25,GSW vs. MEM,W,122,2
2022-23,1610612745,HOU,0022200722,2023-01-25,HOU vs. WAS,L,103,-5
2022-23,1610612765,DET,0022200731,2023-01-26,DET @ BKN,W,130,8
2022-23,1610612738,BOS,0022200730,2023-01-26,BOS vs. NYK,L,117,-3
2022-23,1610612742,DAL,0022200734,2023-01-26,DAL @ PHX,W,99,4
2022-23,1610612746,LAC,0022200735,2023-01-26,LAC vs. SAS,W,138,38
2022-23,1610612752,NYK,0022200730,2023-01-26,NYK @ BOS,W,120,3
2022-23,1610612745,HOU,0022200733,2023-01-26,HOU vs. CLE,L,95,-18
2022-23,1610612766,CHA,0022200732,2023-01-26,CHA vs. CHI,W,111,15
2022-23,1610612756,PHX,0022200734,2023-01-26,PHX vs. DAL,L,95,-4
2022-23,1610612739,CLE,0022200733,2023-01-26,CLE @ HOU,W,113,18
2022-23,1610612759,SAS,0022200735,2023-01-26,SAS @ LAC,L,100,-38
2022-23,1610612751,BKN,0022200731,2023-01-26,BKN vs. DET,L,122,-8
2022-23,1610612741,CHI,0022200732,2023-01-26,CHI @ CHA,L,96,-15
2022-23,1610612753,ORL,0022200738,2023-01-27,ORL @ MIA,L,105,-5
2022-23,1610612754,IND,0022200736,2023-01-27,IND vs. MIL,L,131,-10
2022-23,1610612763,MEM,0022200737,2023-01-27,MEM @ MIN,L,100,-11
2022-23,1610612748,MIA,0022200738,2023-01-27,MIA vs. ORL,W,110,5
2022-23,1610612749,MIL,0022200736,2023-01-27,MIL @ IND,W,141,10
2022-23,1610612760,OKC,0022200739,2023-01-27,OKC vs. CLE,W,112,12
2022-23,1610612761,TOR,0022200740,2023-01-27,TOR @ GSW,L,117,-12
2022-23,1610612739,CLE,0022200739,2023-01-27,CLE @ OKC,L,100,-12
2022-23,1610612744,GSW,0022200740,2023-01-27,GSW vs. TOR,W,129,12
2022-23,1610612750,MIN,0022200737,2023-01-27,MIN vs. MEM,W,111,11
2022-23,1610612738,BOS,0022200749,2023-01-28,BOS vs. LAL,W,125,4
2022-23,1610612758,SAC,0022200746,2023-01-28,SAC @ MIN,L,110,-7
2022-23,1610612752,NYK,0022200742,2023-01-28,NYK @ BKN,L,115,-7
2022-23,1610612751,BKN,0022200742,2023-01-28,BKN vs. NYK,W,122,7
2022-23,1610612741,CHI,0022200744,2023-01-28,CHI @ ORL,W,128,19
2022-23,1610612743,DEN,0022200741,2023-01-28,DEN @ PHI,L,119,-7
2022-23,1610612759,SAS,0022200748,2023-01-28,SAS vs. PHX,L,118,-10
2022-23,1610612761,TOR,0022200751,2023-01-28,TOR @ POR,W,123,18
2022-23,1610612750,MIN,0022200746,2023-01-28,MIN vs. SAC,W,117,7
2022-23,1610612756,PHX,0022200748,2023-01-28,PHX @ SAS,W,128,10
2022-23,1610612746,LAC,0022200745,2023-01-28,LAC @ ATL,W,120,7
2022-23,1610612747,LAL,0022200749,2023-01-28,LAL @ BOS,L,121,-4
2022-23,1610612764,WAS,0022200747,2023-01-28,WAS @ NOP,W,113,10
2022-23,1610612753,ORL,0022200744,2023-01-28,ORL vs. CHI,L,109,-19
2022-23,1610612762,UTA,0022200750,2023-01-28,UTA vs. DAL,W,108,8
2022-23,1610612755,PHI,0022200741,2023-01-28,PHI vs. DEN,W,126,7
2022-23,1610612765,DET,0022200743,2023-01-28,DET vs. HOU,L,114,-3
2022-23,1610612737,ATL,0022200745,2023-01-28,ATL vs. LAC,L,113,-7
2022-23,1610612757,POR,0022200751,2023-01-28,POR vs. TOR,L,105,-18
2022-23,1610612742,DAL,0022200750,2023-01-28,DAL @ UTA,L,100,-8
2022-23,1610612740,NOP,0022200747,2023-01-28,NOP vs. WAS,L,103,-10
2022-23,1610612745,HOU,0022200743,2023-01-28,HOU @ DET,W,117,3
2022-23,1610612766,CHA,0022200752,2023-01-29,CHA vs. MIA,W,122,5
2022-23,1610612740,NOP,0022200755,2023-01-29,NOP @ MIL,L,110,-25
2022-23,1610612763,MEM,0022200753,2023-01-29,MEM vs. IND,W,112,12
2022-23,1610612746,LAC,0022200754,2023-01-29,LAC @ CLE,L,99,-23
2022-23,1610612749,MIL,0022200755,2023-01-29,MIL vs. NOP,W,135,25
2022-23,1610612739,CLE,0022200754,2023-01-29,CLE vs. LAC,W,122,23
2022-23,1610612754,IND,0022200753,2023-01-29,IND @ MEM,L,100,-12
2022-23,1610612748,MIA,0022200752,2023-01-29,MIA @ CHA,L,117,-5
2022-23,1610612751,BKN,0022200757,2023-01-30,BKN vs. LAL,W,121,17
2022-23,1610612758,SAC,0022200758,2023-01-30,SAC @ MIN,W,118,7
2022-23,1610612747,LAL,0022200757,2023-01-30,LAL @ BKN,L,104,-17
2022-23,1610612755,PHI,0022200756,2023-01-30,PHI vs. ORL,L,109,-10
2022-23,1610612753,ORL,0022200756,2023-01-30,ORL @ PHI,W,119,10
2022-23,1610612761,TOR,0022200762,2023-01-30,TOR @ PHX,L,106,-8
2022-23,1610612737,ATL,0022200763,2023-01-30,ATL @ POR,L,125,-4
2022-23,1610612750,MIN,0022200758,2023-01-30,MIN vs. SAC,L,111,-7
2022-23,1610612764,WAS,0022200760,2023-01-30,WAS @ SAS,W,127,21
2022-23,1610612757,POR,0022200763,2023-01-30,POR vs. ATL,W,129,4
2022-23,1610612765,DET,0022200761,2023-01-30,DET @ DAL,L,105,-6
2022-23,1610612760,OKC,0022200759,2023-01-30,OKC vs. GSW,L,120,-8
2022-23,1610612744,GSW,0022200759,2023-01-30,GSW @ OKC,W,128,8
2022-23,1610612756,PHX,0022200762,2023-01-30,PHX vs. TOR,W,114,8
2022-23,1610612759,SAS,0022200760,2023-01-30,SAS vs. WAS,L,106,-21
2022-23,1610612742,DAL,0022200761,2023-01-30,DAL vs. DET,W,111,6
2022-23,1610612752,NYK,0022200765,2023-01-31,NYK vs. LAL,L,123,-6
2022-23,1610612739,CLE,0022200764,2023-01-31,CLE vs. MIA,L,97,-3
2022-23,1610612766,CHA,0022200767,2023-01-31,CHA @ MIL,L,115,-9
2022-23,1610612747,LAL,0022200765,2023-01-31,LAL @ NYK,W,129,6
2022-23,1610612748,MIA,0022200764,2023-01-31,MIA @ CLE,W,100,3
2022-23,1610612743,DEN,0022200768,2023-01-31,DEN vs. NOP,W,122,9
2022-23,1610612746,LAC,0022200766,2023-01-31,LAC @ CHI,W,108,5
2022-23,1610612740,NOP,0022200768,2023-01-31,NOP @ DEN,L,113,-9
2022-23,1610612741,CHI,0022200766,2023-01-31,CHI vs. LAC,L,103,-5
2022-23,1610612749,MIL,0022200767,2023-01-31,MIL vs. CHA,W,124,9
2022-23,1610612744,GSW,0022200774,2023-02-01,GSW @ MIN,L,114,-5
2022-23,1610612738,BOS,0022200772,2023-02-01,BOS vs. BKN,W,139,43
2022-23,1610612755,PHI,0022200770,2023-02-01,PHI vs. ORL,W,105,11
2022-23,1610612753,ORL,0022200770,2023-02-01,ORL @ PHI,L,94,-11
2022-23,1610612737,ATL,0022200777,2023-02-01,ATL @ PHX,W,132,32
2022-23,1610612763,MEM,0022200771,2023-02-01,MEM vs. POR,L,112,-10
2022-23,1610612759,SAS,0022200775,2023-02-01,SAS vs. SAC,L,109,-10
2022-23,1610612758,SAC,0022200775,2023-02-01,SAC @ SAS,W,119,10
2022-23,1610612756,PHX,0022200777,2023-02-01,PHX vs. ATL,L,100,-32
2022-23,1610612751,BKN,0022200772,2023-02-01,BKN @ BOS,L,96,-43
2022-23,1610612750,MIN,0022200774,2023-02-01,MIN vs. GSW,W,119,5
2022-23,1610612760,OKC,0022200773,2023-02-01,OKC @ HOU,L,106,-6
2022-23,1610612745,HOU,0022200773,2023-02-01,HOU vs. OKC,W,112,6
2022-23,1610612762,UTA,0022200776,2023-02-01,UTA vs. TOR,W,131,3
2022-23,1610612761,TOR,0022200776,2023-02-01,TOR @ UTA,L,128,-3
2022-23,1610612757,POR,0022200771,2023-02-01,POR @ MEM,W,122,10
2022-23,1610612754,IND,0022200778,2023-02-02,IND vs. LAL,L,111,-1
2022-23,1610612752,NYK,0022200780,2023-02-02,NYK vs. MIA,W,106,2
2022-23,1610612746,LAC,0022200784,2023-02-02,LAC @ MIL,L,105,-1
2022-23,1610612748,MIA,0022200780,2023-02-02,MIA @ NYK,L,104,-2
2022-23,1610612747,LAL,0022200778,2023-02-02,LAL @ IND,W,112,1
2022-23,1610612763,MEM,0022200779,2023-02-02,MEM @ CLE,L,113,-15
2022-23,1610612742,DAL,0022200782,2023-02-02,DAL vs. NOP,W,111,5
2022-23,1610612766,CHA,0022200781,2023-02-02,CHA @ CHI,L,98,-16
2022-23,1610612740,NOP,0022200782,2023-02-02,NOP @ DAL,L,106,-5
2022-23,1610612744,GSW,0022200783,2023-02-02,GSW @ DEN,L,117,-17
2022-23,1610612743,DEN,0022200783,2023-02-02,DEN vs. GSW,W,134,17
2022-23,1610612749,MIL,0022200784,2023-02-02,MIL vs. LAC,W,106,1
2022-23,1610612739,CLE,0022200779,2023-02-02,CLE vs. MEM,W,128,15
2022-23,1610612741,CHI,0022200781,2023-02-02,CHI vs. CHA,W,114,16
2022-23,1610612753,ORL,0022200790,2023-02-03,ORL @ MIN,W,127,7
2022-23,1610612750,MIN,0022200790,2023-02-03,MIN vs. ORL,L,120,-7
2022-23,1610612758,SAC,0022200786,2023-02-03,SAC @ IND,L,104,-3
2022-23,1610612759,SAS,0022200791,2023-02-03,SAS vs. PHI,L,125,-12
2022-23,1610612738,BOS,0022200788,2023-02-03,BOS vs. PHX,L,94,-12
2022-23,1610612764,WAS,0022200787,2023-02-03,WAS vs. POR,L,116,-8
2022-23,1610612754,IND,0022200786,2023-02-03,IND vs. SAC,W,107,3
2022-23,1610612755,PHI,0022200791,2023-02-03,PHI @ SAS,W,137,12
2022-23,1610612762,UTA,0022200792,2023-02-03,UTA vs. ATL,L,108,-7
2022-23,1610612756,PHX,0022200788,2023-02-03,PHX @ BOS,W,106,12
2022-23,1610612761,TOR,0022200789,2023-02-03,TOR @ HOU,W,117,6
2022-23,1610612745,HOU,0022200789,2023-02-03,HOU vs. TOR,L,111,-6
2022-23,1610612737,ATL,0022200792,2023-02-03,ATL @ UTA,W,115,7
2022-23,1610612757,POR,0022200787,2023-02-03,POR @ WAS,W,124,8
2022-23,1610612766,CHA,0022200785,2023-02-03,CHA @ DET,L,112,-6
2022-23,1610612765,DET,0022200785,2023-02-03,DET vs. CHA,W,118,6
2022-23,1610612740,NOP,0022200798,2023-02-04,NOP vs. LAL,W,131,5
2022-23,1610612749,MIL,0022200797,2023-02-04,MIL vs. MIA,W,123,8
2022-23,1610612748,MIA,0022200797,2023-02-04,MIA @ MIL,L,115,-8
2022-23,1610612764,WAS,0022200793,2023-02-04,WAS @ BKN,L,123,-2
2022-23,1610612746,LAC,0022200795,2023-02-04,LAC @ NYK,W,134,6
2022-23,1610612765,DET,0022200794,2023-02-04,DET vs. PHX,L,100,-16
2022-23,1610612741,CHI,0022200796,2023-02-04,CHI vs. POR,W,129,8
2022-23,1610612743,DEN,0022200801,2023-02-04,DEN vs. ATL,W,128,20
2022-23,1610612747,LAL,0022200798,2023-02-04,LAL @ NOP,L,126,-5
2022-23,1610612757,POR,0022200796,2023-02-04,POR @ CHI,L,121,-8
2022-23,1610612744,GSW,0022200800,2023-02-04,GSW vs. DAL,W,119,6
2022-23,1610612737,ATL,0022200801,2023-02-04,ATL @ DEN,L,108,-20
2022-23,1610612742,DAL,0022200800,2023-02-04,DAL @ GSW,L,113,-6
2022-23,1610612760,OKC,0022200799,2023-02-04,OKC vs. HOU,W,153,32
2022-23,1610612752,NYK,0022200795,2023-02-04,NYK vs. LAC,L,128,-6
2022-23,1610612745,HOU,0022200799,2023-02-04,HOU @ OKC,L,121,-32
2022-23,1610612751,BKN,0022200793,2023-02-04,BKN vs. WAS,W,125,2
2022-23,1610612756,PHX,0022200794,2023-02-04,PHX @ DET,W,116,16
2022-23,1610612743,DEN,0022200806,2023-02-05,DEN @ MIN,L,98,-30
2022-23,1610612755,PHI,0022200804,2023-02-05,PHI @ NYK,L,97,-11
2022-23,1610612766,CHA,0022200802,2023-02-05,CHA vs. ORL,L,113,-6
2022-23,1610612739,CLE,0022200803,2023-02-05,CLE @ IND,W,122,19
2022-23,1610612752,NYK,0022200804,2023-02-05,NYK vs. PHI,W,108,11
2022-23,1610612740,NOP,0022200807,2023-02-05,NOP vs. SAC,W,136,32
2022-23,1610612754,IND,0022200803,2023-02-05,IND vs. CLE,L,103,-19
2022-23,1610612758,SAC,0022200807,2023-02-05,SAC @ NOP,L,104,-32
2022-23,1610612750,MIN,0022200806,2023-02-05,MIN vs. DEN,W,128,30
2022-23,1610612763,MEM,0022200805,2023-02-05,MEM vs. TOR,L,103,-3
2022-23,1610612761,TOR,0022200805,2023-02-05,TOR @ MEM,W,106,3
2022-23,1610612753,ORL,0022200802,2023-02-05,ORL @ CHA,W,119,6
2022-23,1610612757,POR,0022200815,2023-02-06,POR vs. MIL,L,108,-19
2022-23,1610612746,LAC,0022200810,2023-02-06,LAC @ BKN,W,124,8
2022-23,1610612749,MIL,0022200815,2023-02-06,MIL @ POR,W,127,19
2022-23,1610612745,HOU,0022200812,2023-02-06,HOU vs. SAC,L,120,-20
2022-23,1610612741,CHI,0022200811,2023-02-06,CHI vs. SAS,W,128,24
2022-23,1610612765,DET,0022200808,2023-02-06,DET vs. BOS,L,99,-12
2022-23,1610612764,WAS,0022200809,2023-02-06,WAS vs. CLE,L,91,-23
2022-23,1610612759,SAS,0022200811,2023-02-06,SAS @ CHI,L,104,-24
2022-23,1610612762,UTA,0022200813,2023-02-06,UTA vs. DAL,L,111,-13
2022-23,1610612760,OKC,0022200814,2023-02-06,OKC @ GSW,L,114,-27
2022-23,1610612758,SAC,0022200812,2023-02-06,SAC @ HOU,W,140,20
2022-23,1610612751,BKN,0022200810,2023-02-06,BKN vs. LAC,L,116,-8
2022-23,1610612744,GSW,0022200814,2023-02-06,GSW vs. OKC,W,141,27
2022-23,1610612742,DAL,0022200813,2023-02-06,DAL @ UTA,W,124,13
2022-23,1610612739,CLE,0022200809,2023-02-06,CLE @ WAS,W,114,23
2022-23,1610612738,BOS,0022200808,2023-02-06,BOS @ DET,W,111,12
2022-23,1610612760,OKC,0022200821,2023-02-07,OKC @ LAL,W,133,3
2022-23,1610612743,DEN,0022200820,2023-02-07,DEN vs. MIN,W,146,34
2022-23,1610612756,PHX,0022200817,2023-02-07,PHX @ BKN,W,116,4
2022-23,1610612753,ORL,0022200816,2023-02-07,ORL vs. NYK,L,98,-4
2022-23,1610612752,NYK,0022200816,2023-02-07,NYK @ ORL,W,102,4
2022-23,1610612751,BKN,0022200817,2023-02-07,BKN vs. PHX,L,112,-4
2022-23,1610612740,NOP,0022200818,2023-02-07,NOP vs. ATL,W,116,9
2022-23,1610612737,ATL,0022200818,2023-02-07,ATL @ NOP,L,107,-9
2022-23,1610612763,MEM,0022200819,2023-02-07,MEM vs. CHI,W,104,15
2022-23,1610612750,MIN,0022200820,2023-02-07,MIN @ DEN,L,112,-34
2022-23,1610612747,LAL,0022200821,2023-02-07,LAL vs. OKC,L,130,-3
2022-23,1610612741,CHI,0022200819,2023-02-07,CHI @ MEM,L,89,-15
2022-23,1610612754,IND,0022200825,2023-02-08,IND @ MIA,L,111,-5
2022-23,1610612762,UTA,0022200828,2023-02-08,UTA vs. MIN,L,118,-25
2022-23,1610612748,MIA,0022200825,2023-02-08,MIA vs. IND,W,116,5
2022-23,1610612738,BOS,0022200824,2023-02-08,BOS vs. PHI,W,106,7
2022-23,1610612744,GSW,0022200830,2023-02-08,GSW @ POR,L,122,-3
2022-23,1610612745,HOU,0022200827,2023-02-08,HOU vs. SAC,L,128,-2
2022-23,1610612761,TOR,0022200826,2023-02-08,TOR vs. SAS,W,112,14
2022-23,1610612755,PHI,0022200824,2023-02-08,PHI @ BOS,L,99,-7
2022-23,1610612765,DET,0022200822,2023-02-08,DET @ CLE,L,85,-28
2022-23,1610612746,LAC,0022200829,2023-02-08,LAC vs. DAL,L,104,-6
2022-23,1610612757,POR,0022200830,2023-02-08,POR vs. GSW,W,125,3
2022-23,1610612758,SAC,0022200827,2023-02-08,SAC @ HOU,W,130,2
2022-23,1610612742,DAL,0022200829,2023-02-08,DAL @ LAC,W,110,6
2022-23,1610612759,SAS,0022200826,2023-02-08,SAS @ TOR,L,98,-14
2022-23,1610612750,MIN,0022200828,2023-02-08,MIN @ UTA,W,143,25
2022-23,1610612766,CHA,0022200823,2023-02-08,CHA @ WAS,L,104,-14
2022-23,1610612739,CLE,0022200822,2023-02-08,CLE vs. DET,W,113,28
2022-23,1610612764,WAS,0022200823,2023-02-08,WAS vs. CHA,W,118,14
2022-23,1610612749,MIL,0022200834,2023-02-09,MIL @ LAL,W,115,9
2022-23,1610612747,LAL,0022200834,2023-02-09,LAL vs. MIL,L,106,-9
2022-23,1610612741,CHI,0022200833,2023-02-09,CHI @ BKN,L,105,-11
2022-23,1610612743,DEN,0022200831,2023-02-09,DEN @ ORL,L,104,-11
2022-23,1610612737,ATL,0022200832,2023-02-09,ATL vs. PHX,W,116,9
2022-23,1610612756,PHX,0022200832,2023-02-09,PHX @ ATL,L,107,-9
2022-23,1610612751,BKN,0022200833,2023-02-09,BKN vs. CHI,W,116,11
2022-23,1610612753,ORL,0022200831,2023-02-09,ORL vs. DEN,W,115,11
2022-23,1610612745,HOU,0022200840,2023-02-10,HOU @ MIA,L,95,-2
2022-23,1610612746,LAC,0022200845,2023-02-10,LAC vs. MIL,L,106,-13
2022-23,1610612763,MEM,0022200841,2023-02-10,MEM vs. MIN,W,128,21
2022-23,1610612755,PHI,0022200837,2023-02-10,PHI vs. NYK,W,119,11
2022-23,1610612756,PHX,0022200836,2023-02-10,PHX @ IND,W,117,13
2022-23,1610612752,NYK,0022200837,2023-02-10,NYK @ PHI,L,108,-11
2022-23,1610612754,IND,0022200836,2023-02-10,IND vs. PHX,L,104,-13
2022-23,1610612760,OKC,0022200843,2023-02-10,OKC @ POR,W,138,9
2022-23,1610612742,DAL,0022200844,2023-02-10,DAL @ SAC,W,122,8
2022-23,1610612765,DET,0022200835,2023-02-10,DET vs. SAS,W,138,7
2022-23,1610612766,CHA,0022200838,2023-02-10,CHA @ BOS,L,116,-11
2022-23,1610612740,NOP,0022200842,2023-02-10,NOP vs. CLE,L,107,-11
2022-23,1610612739,CLE,0022200842,2023-02-10,CLE @ NOP,W,118,11
2022-23,1610612758,SAC,0022200844,2023-02-10,SAC vs. DAL,L,114,-8
2022-23,1610612748,MIA,0022200840,2023-02-10,MIA vs. HOU,W,97,2
2022-23,1610612749,MIL,0022200845,2023-02-10,MIL @ LAC,W,119,13
2022-23,1610612757,POR,0022200843,2023-02-10,POR vs. OKC,L,129,-9
2022-23,1610612762,UTA,0022200839,2023-02-10,UTA @ TOR,W,122,6
2022-23,1610612761,TOR,0022200839,2023-02-10,TOR vs. UTA,L,116,-6
2022-23,1610612750,MIN,0022200841,2023-02-10,MIN @ MEM,L,107,-21
2022-23,1610612759,SAS,0022200835,2023-02-10,SAS @ DET,L,131,-7
2022-23,1610612738,BOS,0022200838,2023-02-10,BOS vs. CHA,W,127,11
2022-23,1610612744,GSW,0022200853,2023-02-11,GSW vs. LAL,L,103,-6
2022-23,1610612753,ORL,0022200848,2023-02-11,ORL vs. MIA,L,103,-4
2022-23,1610612755,PHI,0022200846,2023-02-11,PHI @ BKN,W,101,3
2022-23,1610612762,UTA,0022200851,2023-02-11,UTA @ NYK,L,120,-6
2022-23,1610612748,MIA,0022200848,2023-02-11,MIA @ ORL,W,107,4
2022-23,1610612764,WAS,0022200849,2023-02-11,WAS vs. IND,W,127,14
2022-23,1610612751,BKN,0022200846,2023-02-11,BKN vs. PHI,L,98,-3
2022-23,1610612742,DAL,0022200854,2023-02-11,DAL @ SAC,L,128,-5
2022-23,1610612737,ATL,0022200850,2023-02-11,ATL vs. SAS,W,125,19
2022-23,1610612759,SAS,0022200850,2023-02-11,SAS @ ATL,L,106,-19
2022-23,1610612741,CHI,0022200852,2023-02-11,CHI @ CLE,L,89,-8
2022-23,1610612739,CLE,0022200852,2023-02-11,CLE vs. CHI,W,97,8
2022-23,1610612758,SAC,0022200854,2023-02-11,SAC vs. DAL,W,133,5
2022-23,1610612766,CHA,0022200847,2023-02-11,CHA vs. DEN,L,105,-14
2022-23,1610612747,LAL,0022200853,2023-02-11,LAL @ GSW,W,109,6
2022-23,1610612752,NYK,0022200851,2023-02-11,NYK vs. UTA,W,126,6
2022-23,1610612754,IND,0022200849,2023-02-11,IND @ WAS,L,113,-14
2022-23,1610612743,DEN,0022200847,2023-02-11,DEN @ CHA,W,119,14
2022-23,1610612763,MEM,0022200855,2023-02-12,MEM @ BOS,L,109,-10
2022-23,1610612765,DET,0022200856,2023-02-12,DET @ TOR,L,118,-1
2022-23,1610612738,BOS,0022200855,2023-02-12,BOS vs. MEM,W,119,10
2022-23,1610612761,TOR,0022200856,2023-02-12,TOR vs. DET,W,119,1
2022-23,1610612757,POR,0022200867,2023-02-13,POR vs. LAL,W,127,12
2022-23,1610612743,DEN,0022200861,2023-02-13,DEN @ MIA,W,112,4
2022-23,1610612742,DAL,0022200865,2023-02-13,DAL vs. MIN,L,121,-3
2022-23,1610612752,NYK,0022200862,2023-02-13,NYK vs. BKN,W,124,18
2022-23,1610612751,BKN,0022200862,2023-02-13,BKN @ NYK,L,106,-18
2022-23,1610612741,CHI,0022200863,2023-02-13,CHI vs. ORL,L,91,-9
2022-23,1610612762,UTA,0022200859,2023-02-13,UTA @ IND,W,123,6
2022-23,1610612745,HOU,0022200860,2023-02-13,HOU @ PHI,L,104,-19
2022-23,1610612747,LAL,0022200867,2023-02-13,LAL @ POR,L,115,-12
2022-23,1610612739,CLE,0022200858,2023-02-13,CLE vs. SAS,W,117,8
2022-23,1610612766,CHA,0022200857,2023-02-13,CHA vs. ATL,W,144,6
2022-23,1610612759,SAS,0022200858,2023-02-13,SAS @ CLE,L,109,-8
2022-23,1610612760,OKC,0022200864,2023-02-13,OKC vs. NOP,L,100,-3
2022-23,1610612753,ORL,0022200863,2023-02-13,ORL @ CHI,W,100,9
2022-23,1610612750,MIN,0022200865,2023-02-13,MIN @ DAL,W,124,3
2022-23,1610612748,MIA,0022200861,2023-02-13,MIA vs. DEN,L,108,-4
2022-23,1610612764,WAS,0022200866,2023-02-13,WAS @ GSW,L,126,-9
2022-23,1610612755,PHI,0022200860,2023-02-13,PHI vs. HOU,W,123,19
2022-23,1610612740,NOP,0022200864,2023-02-13,NOP @ OKC,W,103,3
2022-23,1610612754,IND,0022200859,2023-02-13,IND vs. UTA,L,117,-6
2022-23,1610612744,GSW,0022200866,2023-02-13,GSW vs. WAS,W,135,9
2022-23,1610612737,ATL,0022200857,2023-02-13,ATL @ CHA,L,138,-6
2022-23,1610612738,BOS,0022200869,2023-02-14,BOS @ MIL,L,125,-6
2022-23,1610612761,TOR,0022200868,2023-02-14,TOR vs. ORL,W,123,10
2022-23,1610612758,SAC,0022200870,2023-02-14,SAC @ PHX,L,109,-11
2022-23,1610612764,WAS,0022200872,2023-02-14,WAS @ POR,W,126,25
2022-23,1610612756,PHX,0022200870,2023-02-14,PHX vs. SAC,W,120,11
2022-23,1610612749,MIL,0022200869,2023-02-14,MIL vs. BOS,W,131,6
2022-23,1610612746,LAC,0022200871,2023-02-14,LAC vs. GSW,W,134,10
2022-23,1610612744,GSW,0022200871,2023-02-14,GSW @ LAC,L,124,-10
2022-23,1610612753,ORL,0022200868,2023-02-14,ORL @ TOR,L,113,-10
2022-23,1610612757,POR,0022200872,2023-02-14,POR vs. WAS,L,101,-25
2022-23,1610612740,NOP,0022200882,2023-02-15,NOP @ LAL,L,102,-18
2022-23,1610612751,BKN,0022200878,2023-02-15,BKN vs. MIA,W,116,11
2022-23,1610612748,MIA,0022200878,2023-02-15,MIA @ BKN,L,105,-11
2022-23,1610612737,ATL,0022200876,2023-02-15,ATL vs. NYK,L,101,-21
2022-23,1610612741,CHI,0022200874,2023-02-15,CHI @ IND,L,113,-4
2022-23,1610612739,CLE,0022200875,2023-02-15,CLE @ PHI,L,112,-6
2022-23,1610612766,CHA,0022200873,2023-02-15,CHA vs. SAS,W,120,10
2022-23,1610612752,NYK,0022200876,2023-02-15,NYK @ ATL,W,122,21
2022-23,1610612765,DET,0022200877,2023-02-15,DET @ BOS,L,109,-18
2022-23,1610612755,PHI,0022200875,2023-02-15,PHI vs. CLE,W,118,6
2022-23,1610612747,LAL,0022200882,2023-02-15,LAL vs. NOP,W,120,18
2022-23,1610612754,IND,0022200874,2023-02-15,IND vs. CHI,W,117,4
2022-23,1610612743,DEN,0022200881,2023-02-15,DEN vs. DAL,W,118,9
2022-23,1610612742,DAL,0022200881,2023-02-15,DAL @ DEN,L,109,-9
2022-23,1610612760,OKC,0022200880,2023-02-15,OKC vs. HOU,W,133,37
2022-23,1610612745,HOU,0022200880,2023-02-15,HOU @ OKC,L,96,-37
2022-23,1610612763,MEM,0022200879,2023-02-15,MEM vs. UTA,W,117,6
2022-23,1610612762,UTA,0022200879,2023-02-15,UTA @ MEM,L,111,-6
2022-23,1610612738,BOS,0022200877,2023-02-15,BOS vs. DET,W,127,18
2022-23,1610612759,SAS,0022200873,2023-02-15,SAS @ CHA,L,110,-10
2022-23,1610612741,CHI,0022200883,2023-02-16,CHI vs. MIL,L,100,-12
2022-23,1610612764,WAS,0022200884,2023-02-16,WAS @ MIN,W,114,8
2022-23,1610612746,LAC,0022200885,2023-02-16,LAC @ PHX,W,116,9
2022-23,1610612749,MIL,0022200883,2023-02-16,MIL @ CHI,W,112,12
2022-23,1610612756,PHX,0022200885,2023-02-16,PHX vs. LAC,L,107,-9
2022-23,1610612750,MIN,0022200884,2023-02-16,MIN vs. WAS,L,106,-8
2022-23,1610612744,GSW,0022200893,2023-02-23,GSW @ LAL,L,111,-13
2022-23,1610612765,DET,0022200888,2023-02-23,DET @ ORL,L,106,-2
2022-23,1610612738,BOS,0022200887,2023-02-23,BOS @ IND,W,142,4
2022-23,1610612763,MEM,0022200889,2023-02-23,MEM @ PHI,L,105,-5
2022-23,1610612758,SAC,0022200894,2023-02-23,SAC vs. POR,W,133,17
2022-23,1610612757,POR,0022200894,2023-02-23,POR @ SAC,L,116,-17
2022-23,1610612742,DAL,0022200891,2023-02-23,DAL vs. SAS,W,142,26
2022-23,1610612754,IND,0022200887,2023-02-23,IND vs. BOS,L,138,-4
2022-23,1610612743,DEN,0022200886,2023-02-23,DEN @ CLE,W,115,6
2022-23,1610612761,TOR,0022200890,2023-02-23,TOR vs. NOP,W,115,5
2022-23,1610612759,SAS,0022200891,2023-02-23,SAS @ DAL,L,116,-26
2022-23,1610612739,CLE,0022200886,2023-02-23,CLE vs. DEN,L,109,-6
2022-23,1610612747,LAL,0022200893,2023-02-23,LAL vs. GSW,W,124,13
2022-23,1610612762,UTA,0022200892,2023-02-23,UTA vs. OKC,W,120,1
2022-23,1610612740,NOP,0022200890,2023-02-23,NOP @ TOR,L,110,-5
2022-23,1610612760,OKC,0022200892,2023-02-23,OKC @ UTA,L,119,-1
2022-23,1610612755,PHI,0022200889,2023-02-23,PHI vs. MEM,W,110,5
2022-23,1610612753,ORL,0022200888,2023-02-23,ORL vs. DET,W,108,2
2022-23,1610612749,MIL,0022200897,2023-02-24,MIL vs. MIA,W,128,29
2022-23,1610612748,MIA,0022200897,2023-02-24,MIA @ MIL,L,99,-29
2022-23,1610612766,CHA,0022200898,2023-02-24,CHA @ MIN,W,121,8
2022-23,1610612741,CHI,0022200900,2023-02-24,CHI vs. BKN,W,131,44
2022-23,1610612764,WAS,0022200895,2023-02-24,WAS vs. NYK,L,109,-6
2022-23,1610612760,OKC,0022200899,2023-02-24,OKC @ PHX,L,115,-9
2022-23,1610612746,LAC,0022200902,2023-02-24,LAC vs. SAC,L,175,-1
2022-23,1610612739,CLE,0022200896,2023-02-24,CLE @ ATL,L,119,-17
2022-23,1610612737,ATL,0022200896,2023-02-24,ATL vs. CLE,W,136,17
2022-23,1610612751,BKN,0022200900,2023-02-24,BKN @ CHI,L,87,-44
2022-23,1610612745,HOU,0022200901,2023-02-24,HOU @ GSW,L,101,-15
2022-23,1610612744,GSW,0022200901,2023-02-24,GSW vs. HOU,W,116,15
2022-23,1610612758,SAC,0022200902,2023-02-24,SAC @ LAC,W,176,1
2022-23,1610612756,PHX,0022200899,2023-02-24,PHX vs. OKC,W,124,9
2022-23,1610612752,NYK,0022200895,2023-02-24,NYK @ WAS,W,115,6
2022-23,1610612750,MIN,0022200898,2023-02-24,MIN vs. CHA,L,113,-8
2022-23,1610612766,CHA,0022200904,2023-02-25,CHA vs. MIA,W,108,5
2022-23,1610612740,NOP,0022200906,2023-02-25,NOP @ NYK,L,106,-22
2022-23,1610612754,IND,0022200905,2023-02-25,IND @ ORL,W,121,13
2022-23,1610612753,ORL,0022200905,2023-02-25,ORL vs. IND,L,108,-13
2022-23,1610612738,BOS,0022200908,2023-02-25,BOS @ PHI,W,110,3
2022-23,1610612762,UTA,0022200909,2023-02-25,UTA vs. SAS,W,118,16
2022-23,1610612755,PHI,0022200908,2023-02-25,PHI vs. BOS,L,107,-3
2022-23,1610612752,NYK,0022200906,2023-02-25,NYK vs. NOP,W,128,22
2022-23,1610612763,MEM,0022200907,2023-02-25,MEM vs. DEN,W,112,18
2022-23,1610612765,DET,0022200903,2023-02-25,DET vs. TOR,L,91,-4
2022-23,1610612759,SAS,0022200909,2023-02-25,SAS @ UTA,L,102,-16
2022-23,1610612743,DEN,0022200907,2023-02-25,DEN @ MEM,L,94,-18
2022-23,1610612761,TOR,0022200903,2023-02-25,TOR @ DET,W,95,4
2022-23,1610612748,MIA,0022200904,2023-02-25,MIA @ CHA,L,103,-5
2022-23,1610612742,DAL,0022200913,2023-02-26,DAL vs. LAL,L,108,-3
2022-23,1610612756,PHX,0022200910,2023-02-26,PHX @ MIL,L,101,-3
2022-23,1610612744,GSW,0022200916,2023-02-26,GSW vs. MIN,W,109,5
2022-23,1610612737,ATL,0022200911,2023-02-26,ATL vs. BKN,W,129,2
2022-23,1610612749,MIL,0022200910,2023-02-26,MIL vs. PHX,W,104,3
2022-23,1610612745,HOU,0022200917,2023-02-26,HOU @ POR,L,114,-17
2022-23,1610612760,OKC,0022200915,2023-02-26,OKC vs. SAC,L,115,-9
2022-23,1610612751,BKN,0022200911,2023-02-26,BKN @ ATL,L,127,-2
2022-23,1610612761,TOR,0022200914,2023-02-26,TOR @ CLE,L,93,-25
2022-23,1610612764,WAS,0022200912,2023-02-26,WAS @ CHI,L,82,-20
2022-23,1610612747,LAL,0022200913,2023-02-26,LAL @ DAL,W,111,3
2022-23,1610612746,LAC,0022200918,2023-02-26,LAC @ DEN,L,124,-10
2022-23,1610612750,MIN,0022200916,2023-02-26,MIN @ GSW,L,104,-5
2022-23,1610612757,POR,0022200917,2023-02-26,POR vs. HOU,W,131,17
2022-23,1610612743,DEN,0022200918,2023-02-26,DEN vs. LAC,W,134,10
2022-23,1610612758,SAC,0022200915,2023-02-26,SAC @ OKC,W,124,9
2022-23,1610612739,CLE,0022200914,2023-02-26,CLE vs. TOR,W,118,25
2022-23,1610612741,CHI,0022200912,2023-02-26,CHI vs. WAS,W,102,20
2022-23,1610612755,PHI,0022200920,2023-02-27,PHI vs. MIA,L,99,-2
2022-23,1610612738,BOS,0022200921,2023-02-27,BOS @ NYK,L,94,-15
2022-23,1610612740,NOP,0022200922,2023-02-27,NOP vs. ORL,L,93,-8
2022-23,1610612748,MIA,0022200920,2023-02-27,MIA @ PHI,W,101,2
2022-23,1610612752,NYK,0022200921,2023-02-27,NYK vs. BOS,W,109,15
2022-23,1610612753,ORL,0022200922,2023-02-27,ORL @ NOP,W,101,8
2022-23,1610612766,CHA,0022200919,2023-02-27,CHA vs. DET,W,117,11
2022-23,1610612765,DET,0022200919,2023-02-27,DET @ CHA,L,106,-11
2022-23,1610612763,MEM,0022200927,2023-02-28,MEM vs. LAL,W,121,12
2022-23,1610612751,BKN,0022200924,2023-02-28,BKN vs. MIL,L,104,-14
2022-23,1610612746,LAC,0022200932,2023-02-28,LAC vs. MIN,L,101,-7
2022-23,1610612749,MIL,0022200924,2023-02-28,MIL @ BKN,W,118,14
2022-23,1610612742,DAL,0022200929,2023-02-28,DAL vs. IND,L,122,-2
2022-23,1610612744,GSW,0022200931,2023-02-28,GSW vs. POR,W,123,18
2022-23,1610612760,OKC,0022200928,2023-02-28,OKC vs. SAC,L,117,-6
2022-23,1610612762,UTA,0022200930,2023-02-28,UTA vs. SAS,L,94,-8
2022-23,1610612764,WAS,0022200923,2023-02-28,WAS @ ATL,W,119,3
2022-23,1610612761,TOR,0022200925,2023-02-28,TOR vs. CHI,W,104,6
2022-23,1610612754,IND,0022200929,2023-02-28,IND @ DAL,W,124,2
2022-23,1610612745,HOU,0022200926,2023-02-28,HOU vs. DEN,L,112,-21
2022-23,1610612757,POR,0022200931,2023-02-28,POR @ GSW,L,105,-18
2022-23,1610612743,DEN,0022200926,2023-02-28,DEN @ HOU,W,133,21
2022-23,1610612750,MIN,0022200932,2023-02-28,MIN @ LAC,W,108,7
2022-23,1610612758,SAC,0022200928,2023-02-28,SAC @ OKC,W,123,6
2022-23,1610612741,CHI,0022200925,2023-02-28,CHI @ TOR,L,98,-6
2022-23,1610612759,SAS,0022200930,2023-02-28,SAS @ UTA,W,102,8
2022-23,1610612747,LAL,0022200927,2023-02-28,LAL @ MEM,L,109,-12
2022-23,1610612737,ATL,0022200923,2023-02-28,ATL vs. WAS,L,116,-3
2022-23,1610612760,OKC,0022200940,2023-03-01,OKC vs. LAL,L,117,-6
2022-23,1610612755,PHI,0022200936,2023-03-01,PHI @ MIA,W,119,23
2022-23,1610612753,ORL,0022200939,2023-03-01,ORL @ MIL,L,117,-22
2022-23,1610612752,NYK,0022200937,2023-03-01,NYK vs. BKN,W,142,24
2022-23,1610612751,BKN,0022200937,2023-03-01,BKN @ NYK,L,118,-24
2022-23,1610612749,MIL,0022200939,2023-03-01,MIL vs. ORL,W,139,22
2022-23,1610612748,MIA,0022200936,2023-03-01,MIA vs. PHI,L,96,-23
2022-23,1610612766,CHA,0022200933,2023-03-01,CHA vs. PHX,L,91,-14
2022-23,1610612740,NOP,0022200941,2023-03-01,NOP @ POR,W,121,11
2022-23,1610612739,CLE,0022200935,2023-03-01,CLE @ BOS,L,113,-4
2022-23,1610612738,BOS,0022200935,2023-03-01,BOS vs. CLE,W,117,4
2022-23,1610612757,POR,0022200941,2023-03-01,POR vs. NOP,L,110,-11
2022-23,1610612765,DET,0022200934,2023-03-01,DET vs. CHI,L,115,-2
2022-23,1610612763,MEM,0022200938,2023-03-01,MEM @ HOU,W,113,14
2022-23,1610612747,LAL,0022200940,2023-03-01,LAL @ OKC,W,123,6
2022-23,1610612745,HOU,0022200938,2023-03-01,HOU vs. MEM,L,99,-14
2022-23,1610612741,CHI,0022200934,2023-03-01,CHI @ DET,W,117,2
2022-23,1610612756,PHX,0022200933,2023-03-01,PHX @ CHA,W,105,14
2022-23,1610612759,SAS,0022200944,2023-03-02,SAS vs. IND,W,110,11
2022-23,1610612742,DAL,0022200943,2023-03-02,DAL vs. PHI,W,133,7
2022-23,1610612754,IND,0022200944,2023-03-02,IND @ SAS,L,99,-11
2022-23,1610612755,PHI,0022200943,2023-03-02,PHI @ DAL,L,126,-7
2022-23,1610612746,LAC,0022200945,2023-03-02,LAC @ GSW,L,91,-24
2022-23,1610612744,GSW,0022200945,2023-03-02,GSW vs. LAC,W,115,24
2022-23,1610612764,WAS,0022200942,2023-03-02,WAS vs. TOR,W,119,11
2022-23,1610612761,TOR,0022200942,2023-03-02,TOR @ WAS,L,108,-11
2022-23,1610612750,MIN,0022200955,2023-03-03,MIN @ LAL,W,110,8
2022-23,1610612752,NYK,0022200949,2023-03-03,NYK @ MIA,W,122,2
2022-23,1610612747,LAL,0022200955,2023-03-03,LAL vs. MIN,L,102,-8
2022-23,1610612738,BOS,0022200948,2023-03-03,BOS vs. BKN,L,105,-10
2022-23,1610612748,MIA,0022200949,2023-03-03,MIA vs. NYK,L,120,-2
2022-23,1610612766,CHA,0022200946,2023-03-03,CHA vs. ORL,L,106,-11
2022-23,1610612741,CHI,0022200950,2023-03-03,CHI vs. PHX,L,104,-21
2022-23,1610612737,ATL,0022200947,2023-03-03,ATL vs. POR,W,129,18
2022-23,1610612746,LAC,0022200954,2023-03-03,LAC @ SAC,L,127,-1
2022-23,1610612757,POR,0022200947,2023-03-03,POR @ ATL,L,111,-18
2022-23,1610612751,BKN,0022200948,2023-03-03,BKN @ BOS,W,115,10
2022-23,1610612744,GSW,0022200953,2023-03-03,GSW vs. NOP,W,108,9
2022-23,1610612756,PHX,0022200950,2023-03-03,PHX @ CHI,W,125,21
2022-23,1610612763,MEM,0022200952,2023-03-03,MEM @ DEN,L,97,-16
2022-23,1610612740,NOP,0022200953,2023-03-03,NOP @ GSW,L,99,-9
2022-23,1610612758,SAC,0022200954,2023-03-03,SAC vs. LAC,W,128,1
2022-23,1610612762,UTA,0022200951,2023-03-03,UTA @ OKC,L,103,-27
2022-23,1610612760,OKC,0022200951,2023-03-03,OKC vs. UTA,W,130,27
2022-23,1610612743,DEN,0022200952,2023-03-03,DEN vs. MEM,W,113,16
2022-23,1610612753,ORL,0022200946,2023-03-03,ORL @ CHA,W,117,11
2022-23,1610612737,ATL,0022200958,2023-03-04,ATL @ MIA,L,109,-8
2022-23,1610612755,PHI,0022200960,2023-03-04,PHI @ MIL,W,133,3
2022-23,1610612758,SAC,0022200961,2023-03-04,SAC vs. MIN,L,134,-4
2022-23,1610612749,MIL,0022200960,2023-03-04,MIL vs. PHI,L,130,-3
2022-23,1610612750,MIN,0022200961,2023-03-04,MIN @ SAC,W,138,4
2022-23,1610612745,HOU,0022200959,2023-03-04,HOU @ SAS,W,122,12
2022-23,1610612748,MIA,0022200958,2023-03-04,MIA vs. ATL,W,117,8
2022-23,1610612765,DET,0022200957,2023-03-04,DET @ CLE,L,90,-24
2022-23,1610612759,SAS,0022200959,2023-03-04,SAS vs. HOU,L,110,-12
2022-23,1610612764,WAS,0022200956,2023-03-04,WAS vs. TOR,L,109,-7
2022-23,1610612761,TOR,0022200956,2023-03-04,TOR @ WAS,W,116,7
2022-23,1610612739,CLE,0022200957,2023-03-04,CLE vs. DET,W,114,24
2022-23,1610612744,GSW,0022200964,2023-03-05,GSW @ LAL,L,105,-8
2022-23,1610612764,WAS,0022200973,2023-03-05,WAS vs. MIL,L,111,-6
2022-23,1610612766,CHA,0022200965,2023-03-05,CHA @ BKN,L,86,-16
2022-23,1610612738,BOS,0022200969,2023-03-05,BOS vs. NYK,L,129,-2
2022-23,1610612757,POR,0022200966,2023-03-05,POR @ ORL,W,122,3
2022-23,1610612741,CHI,0022200963,2023-03-05,CHI vs. IND,L,122,-3
2022-23,1610612742,DAL,0022200962,2023-03-05,DAL vs. PHX,L,126,-4
2022-23,1610612753,ORL,0022200966,2023-03-05,ORL vs. POR,L,119,-3
2022-23,1610612745,HOU,0022200967,2023-03-05,HOU vs. SAS,W,142,32
2022-23,1610612752,NYK,0022200969,2023-03-05,NYK @ BOS,W,131,2
2022-23,1610612754,IND,0022200963,2023-03-05,IND @ CHI,W,125,3
2022-23,1610612756,PHX,0022200962,2023-03-05,PHX @ DAL,W,130,4
2022-23,1610612747,LAL,0022200964,2023-03-05,LAL vs. GSW,W,113,8
2022-23,1610612759,SAS,0022200967,2023-03-05,SAS @ HOU,L,110,-32
2022-23,1610612763,MEM,0022200970,2023-03-05,MEM @ LAC,L,129,-6
2022-23,1610612762,UTA,0022200968,2023-03-05,UTA @ OKC,L,119,-10
2022-23,1610612760,OKC,0022200968,2023-03-05,OKC vs. UTA,W,129,10
2022-23,1610612746,LAC,0022200970,2023-03-05,LAC vs. MEM,W,135,6
2022-23,1610612749,MIL,0022200973,2023-03-05,MIL @ WAS,W,117,6
2022-23,1610612751,BKN,0022200965,2023-03-05,BKN vs. CHA,W,102,16
2022-23,1610612737,ATL,0022200974,2023-03-06,ATL @ MIA,L,128,-2
2022-23,1610612755,PHI,0022200972,2023-03-06,PHI @ IND,W,147,4
2022-23,1610612754,IND,0022200972,2023-03-06,IND vs. PHI,L,143,-4
2022-23,1610612765,DET,0022200977,2023-03-06,DET vs. POR,L,104,-6
2022-23,1610612740,NOP,0022200976,2023-03-06,NOP @ SAC,L,108,-15
2022-23,1610612748,MIA,0022200974,2023-03-06,MIA vs. ATL,W,130,2
2022-23,1610612739,CLE,0022200971,2023-03-06,CLE vs. BOS,W,118,4
2022-23,1610612738,BOS,0022200971,2023-03-06,BOS @ CLE,L,114,-4
2022-23,1610612758,SAC,0022200976,2023-03-06,SAC vs. NOP,W,123,15
2022-23,1610612761,TOR,0022200975,2023-03-06,TOR @ DEN,L,113,-5
2022-23,1610612743,DEN,0022200975,2023-03-06,DEN vs. TOR,W,118,5
2022-23,1610612757,POR,0022200977,2023-03-06,POR @ DET,W,110,6
2022-23,1610612763,MEM,0022200984,2023-03-07,MEM @ LAL,L,103,-9
2022-23,1610612753,ORL,0022200978,2023-03-07,ORL vs. MIL,L,123,-11
2022-23,1610612755,PHI,0022200980,2023-03-07,PHI @ MIN,W,117,23
2022-23,1610612745,HOU,0022200981,2023-03-07,HOU vs. BKN,L,96,-22
2022-23,1610612766,CHA,0022200979,2023-03-07,CHA @ NYK,W,112,7
2022-23,1610612749,MIL,0022200978,2023-03-07,MIL @ ORL,W,134,11
2022-23,1610612750,MIN,0022200980,2023-03-07,MIN vs. PHI,L,94,-23
2022-23,1610612762,UTA,0022200983,2023-03-07,UTA @ DAL,L,116,-4
2022-23,1610612760,OKC,0022200982,2023-03-07,OKC vs. GSW,W,137,9
2022-23,1610612751,BKN,0022200981,2023-03-07,BKN @ HOU,W,118,22
2022-23,1610612744,GSW,0022200982,2023-03-07,GSW @ OKC,L,128,-9
2022-23,1610612742,DAL,0022200983,2023-03-07,DAL vs. UTA,W,120,4
2022-23,1610612747,LAL,0022200984,2023-03-07,LAL vs. MEM,W,112,9
2022-23,1610612765,DET,0022200769,2023-03-07,DET vs. WAS,L,117,-2
2022-23,1610612764,WAS,0022200769,2023-03-07,WAS @ DET,W,119,2
2022-23,1610612752,NYK,0022200979,2023-03-07,NYK vs. CHA,L,105,-7
2022-23,1610612739,CLE,0022200987,2023-03-08,CLE @ MIA,W,104,4
2022-23,1610612760,OKC,0022200990,2023-03-08,OKC @ PHX,L,101,-31
2022-23,1610612738,BOS,0022200986,2023-03-08,BOS vs. POR,W,115,22
2022-23,1610612764,WAS,0022200985,2023-03-08,WAS vs. ATL,L,120,-2
2022-23,1610612757,POR,0022200986,2023-03-08,POR @ BOS,L,93,-22
2022-23,1610612748,MIA,0022200987,2023-03-08,MIA vs. CLE,L,100,-4
2022-23,1610612742,DAL,0022200988,2023-03-08,DAL @ NOP,L,106,-7
2022-23,1610612743,DEN,0022200989,2023-03-08,DEN vs. CHI,L,96,-21
2022-23,1610612740,NOP,0022200988,2023-03-08,NOP vs. DAL,W,113,7
2022-23,1610612741,CHI,0022200989,2023-03-08,CHI @ DEN,W,117,21
2022-23,1610612761,TOR,0022200991,2023-03-08,TOR @ LAC,L,100,-8
2022-23,1610612756,PHX,0022200990,2023-03-08,PHX vs. OKC,W,132,31
2022-23,1610612746,LAC,0022200991,2023-03-08,LAC vs. TOR,W,108,8
2022-23,1610612737,ATL,0022200985,2023-03-08,ATL @ WAS,W,122,2
2022-23,1610612751,BKN,0022200995,2023-03-09,BKN @ MIL,L,113,-5
2022-23,1610612749,MIL,0022200995,2023-03-09,MIL vs. BKN,W,118,5
2022-23,1610612758,SAC,0022200997,2023-03-09,SAC vs. NYK,W,122,5
2022-23,1610612762,UTA,0022200994,2023-03-09,UTA @ ORL,W,131,7
2022-23,1610612745,HOU,0022200993,2023-03-09,HOU @ IND,L,125,-9
2022-23,1610612752,NYK,0022200997,2023-03-09,NYK @ SAC,L,117,-5
2022-23,1610612763,MEM,0022200996,2023-03-09,MEM vs. GSW,W,131,21
2022-23,1610612754,IND,0022200993,2023-03-09,IND vs. HOU,W,134,9
2022-23,1610612753,ORL,0022200994,2023-03-09,ORL vs. UTA,L,124,-7
2022-23,1610612744,GSW,0022200996,2023-03-09,GSW @ MEM,L,110,-21
2022-23,1610612766,CHA,0022200992,2023-03-09,CHA @ DET,W,113,10
2022-23,1610612765,DET,0022200992,2023-03-09,DET vs. CHA,L,103,-10
2022-23,1610612761,TOR,0022201003,2023-03-10,TOR @ LAL,L,112,-10
2022-23,1610612739,CLE,0022201000,2023-03-10,CLE @ MIA,L,115,-4
2022-23,1610612751,BKN,0022201001,2023-03-10,BKN @ MIN,W,124,1
2022-23,1610612750,MIN,0022201001,2023-03-10,MIN vs. BKN,L,123,-1
2022-23,1610612757,POR,0022200998,2023-03-10,POR @ PHI,L,119,-1
2022-23,1610612755,PHI,0022200998,2023-03-10,PHI vs. POR,W,120,1
2022-23,1610612743,DEN,0022201002,2023-03-10,DEN @ SAS,L,120,-8
2022-23,1610612764,WAS,0022200999,2023-03-10,WAS vs. ATL,L,107,-7
2022-23,1610612748,MIA,0022201000,2023-03-10,MIA vs. CLE,W,119,4
2022-23,1610612759,SAS,0022201002,2023-03-10,SAS vs. DEN,W,128,8
2022-23,1610612747,LAL,0022201003,2023-03-10,LAL vs. TOR,W,122,10
2022-23,1610612737,ATL,0022200999,2023-03-10,ATL @ WAS,W,114,7
2022-23,1610612753,ORL,0022201007,2023-03-11,ORL vs. MIA,W,126,12
2022-23,1610612744,GSW,0022201012,2023-03-11,GSW vs. MIL,W,125,9
2022-23,1610612746,LAC,0022201004,2023-03-11,LAC vs. NYK,W,106,11
2022-23,1610612748,MIA,0022201007,2023-03-11,MIA @ ORL,L,114,-12
2022-23,1610612765,DET,0022201006,2023-03-11,DET vs. IND,L,115,-6
2022-23,1610612758,SAC,0022201013,2023-03-11,SAC @ PHX,W,128,9
2022-23,1610612756,PHX,0022201013,2023-03-11,PHX vs. SAC,L,119,-9
2022-23,1610612738,BOS,0022201008,2023-03-11,BOS @ ATL,W,134,9
2022-23,1610612737,ATL,0022201008,2023-03-11,ATL vs. BOS,L,125,-9
2022-23,1610612760,OKC,0022201011,2023-03-11,OKC @ NOP,W,110,14
2022-23,1610612745,HOU,0022201009,2023-03-11,HOU vs. CHI,L,111,-8
2022-23,1610612763,MEM,0022201010,2023-03-11,MEM vs. DAL,W,112,4
2022-23,1610612749,MIL,0022201012,2023-03-11,MIL @ GSW,L,116,-9
2022-23,1610612741,CHI,0022201009,2023-03-11,CHI @ HOU,W,119,8
2022-23,1610612752,NYK,0022201004,2023-03-11,NYK @ LAC,L,95,-11
2022-23,1610612740,NOP,0022201011,2023-03-11,NOP vs. OKC,L,96,-14
2022-23,1610612766,CHA,0022201005,2023-03-11,CHA vs. UTA,L,111,-8
2022-23,1610612742,DAL,0022201010,2023-03-11,DAL @ MEM,L,108,-4
2022-23,1610612754,IND,0022201006,2023-03-11,IND @ DET,W,121,6
2022-23,1610612762,UTA,0022201005,2023-03-11,UTA @ CHA,W,119,8
2022-23,1610612752,NYK,0022201019,2023-03-12,NYK @ LAL,W,112,4
2022-23,1610612743,DEN,0022201014,2023-03-12,DEN vs. BKN,L,120,-2
2022-23,1610612747,LAL,0022201019,2023-03-12,LAL vs. NYK,L,108,-4
2022-23,1610612764,WAS,0022201016,2023-03-12,WAS @ PHI,L,93,-19
2022-23,1610612740,NOP,0022201017,2023-03-12,NOP vs. POR,W,127,17
2022-23,1610612760,OKC,0022201018,2023-03-12,OKC @ SAS,W,102,12
2022-23,1610612766,CHA,0022201015,2023-03-12,CHA vs. CLE,L,108,-6
2022-23,1610612757,POR,0022201017,2023-03-12,POR @ NOP,L,110,-17
2022-23,1610612751,BKN,0022201014,2023-03-12,BKN @ DEN,W,122,2
2022-23,1610612759,SAS,0022201018,2023-03-12,SAS vs. OKC,L,90,-12
2022-23,1610612755,PHI,0022201016,2023-03-12,PHI vs. WAS,W,112,19
2022-23,1610612739,CLE,0022201015,2023-03-12,CLE @ CHA,W,114,6
2022-23,1610612762,UTA,0022201022,2023-03-13,UTA @ MIA,L,115,-4
2022-23,1610612758,SAC,0022201026,2023-03-13,SAC vs. MIL,L,124,-9
2022-23,1610612737,ATL,0022201021,2023-03-13,ATL vs. MIN,L,115,-21
2022-23,1610612765,DET,0022201020,2023-03-13,DET vs. IND,W,117,20
2022-23,1610612744,GSW,0022201025,2023-03-13,GSW vs. PHX,W,123,11
2022-23,1610612749,MIL,0022201026,2023-03-13,MIL @ SAC,W,133,9
2022-23,1610612750,MIN,0022201021,2023-03-13,MIN @ ATL,W,136,21
2022-23,1610612745,HOU,0022201024,2023-03-13,HOU vs. BOS,W,111,2
2022-23,1610612763,MEM,0022201023,2023-03-13,MEM @ DAL,W,104,16
2022-23,1610612756,PHX,0022201025,2023-03-13,PHX @ GSW,L,112,-11
2022-23,1610612738,BOS,0022201024,2023-03-13,BOS @ HOU,L,109,-2
2022-23,1610612748,MIA,0022201022,2023-03-13,MIA vs. UTA,W,119,4
2022-23,1610612742,DAL,0022201023,2023-03-13,DAL vs. MEM,L,88,-16
2022-23,1610612754,IND,0022201020,2023-03-13,IND @ DET,L,97,-20
2022-23,1610612740,NOP,0022201030,2023-03-14,NOP vs. LAL,L,108,-15
2022-23,1610612756,PHX,0022201033,2023-03-14,PHX vs. MIL,L,104,-12
2022-23,1610612760,OKC,0022201031,2023-03-14,OKC vs. BKN,W,121,14
2022-23,1610612757,POR,0022201034,2023-03-14,POR vs. NYK,L,107,-16
2022-23,1610612759,SAS,0022201032,2023-03-14,SAS vs. ORL,W,132,18
2022-23,1610612749,MIL,0022201033,2023-03-14,MIL @ PHX,W,116,12
2022-23,1610612752,NYK,0022201034,2023-03-14,NYK @ POR,W,123,16
2022-23,1610612753,ORL,0022201032,2023-03-14,ORL @ SAS,L,114,-18
2022-23,1610612766,CHA,0022201027,2023-03-14,CHA vs. CLE,L,104,-16
2022-23,1610612747,LAL,0022201030,2023-03-14,LAL @ NOP,W,123,15
2022-23,1610612761,TOR,0022201029,2023-03-14,TOR vs. DEN,W,125,15
2022-23,1610612751,BKN,0022201031,2023-03-14,BKN @ OKC,L,107,-14
2022-23,1610612743,DEN,0022201029,2023-03-14,DEN @ TOR,L,110,-15
2022-23,1610612765,DET,0022201028,2023-03-14,DET @ WAS,L,97,-20
2022-23,1610612764,WAS,0022201028,2023-03-14,WAS vs. DET,W,117,20
2022-23,1610612739,CLE,0022201027,2023-03-14,CLE @ CHA,W,120,16
2022-23,1610612745,HOU,0022201038,2023-03-15,HOU vs. LAL,W,114,4
2022-23,1610612763,MEM,0022201036,2023-03-15,MEM @ MIA,L,119,-19
2022-23,1610612738,BOS,0022201039,2023-03-15,BOS @ MIN,W,104,2
2022-23,1610612739,CLE,0022201035,2023-03-15,CLE vs. PHI,L,109,-9
2022-23,1610612741,CHI,0022201037,2023-03-15,CHI vs. SAC,L,114,-3
2022-23,1610612742,DAL,0022201040,2023-03-15,DAL @ SAS,W,137,9
2022-23,1610612750,MIN,0022201039,2023-03-15,MIN vs. BOS,L,102,-2
2022-23,1610612755,PHI,0022201035,2023-03-15,PHI @ CLE,W,118,9
2022-23,1610612758,SAC,0022201037,2023-03-15,SAC @ CHI,W,117,3
2022-23,1610612759,SAS,0022201040,2023-03-15,SAS vs. DAL,L,128,-9
2022-23,1610612746,LAC,0022201041,2023-03-15,LAC vs. GSW,W,134,8
2022-23,1610612747,LAL,0022201038,2023-03-15,LAL @ HOU,L,110,-4
2022-23,1610612744,GSW,0022201041,2023-03-15,GSW @ LAC,L,126,-8
2022-23,1610612748,MIA,0022201036,2023-03-15,MIA vs. MEM,W,138,19
2022-23,1610612754,IND,0022201045,2023-03-16,IND @ MIL,W,139,16
2022-23,1610612758,SAC,0022201043,2023-03-16,SAC @ BKN,W,101,5
2022-23,1610612756,PHX,0022201046,2023-03-16,PHX vs. ORL,W,116,3
2022-23,1610612749,MIL,0022201045,2023-03-16,MIL vs. IND,L,123,-16
2022-23,1610612753,ORL,0022201046,2023-03-16,ORL @ PHX,L,113,-3
2022-23,1610612751,BKN,0022201043,2023-03-16,BKN vs. SAC,L,96,-5
2022-23,1610612765,DET,0022201042,2023-03-16,DET vs. DEN,L,100,-19
2022-23,1610612761,TOR,0022201044,2023-03-16,TOR vs. OKC,W,128,17
2022-23,1610612760,OKC,0022201044,2023-03-16,OKC @ TOR,L,111,-17
2022-23,1610612743,DEN,0022201042,2023-03-16,DEN @ DET,W,119,19
2022-23,1610612742,DAL,0022201054,2023-03-17,DAL @ LAL,W,111,1
2022-23,1610612741,CHI,0022201050,2023-03-17,CHI vs. MIN,W,139,8
2022-23,1610612766,CHA,0022201047,2023-03-17,CHA vs. PHI,L,82,-39
2022-23,1610612738,BOS,0022201053,2023-03-17,BOS @ POR,W,126,14
2022-23,1610612763,MEM,0022201052,2023-03-17,MEM @ SAS,W,126,6
2022-23,1610612744,GSW,0022201048,2023-03-17,GSW @ ATL,L,119,-8
2022-23,1610612757,POR,0022201053,2023-03-17,POR vs. BOS,L,112,-14
2022-23,1610612764,WAS,0022201049,2023-03-17,WAS @ CLE,L,94,-23
2022-23,1610612745,HOU,0022201051,2023-03-17,HOU vs. NOP,W,114,2
2022-23,1610612750,MIN,0022201050,2023-03-17,MIN @ CHI,L,131,-8
2022-23,1610612747,LAL,0022201054,2023-03-17,LAL vs. DAL,L,110,-1
2022-23,1610612737,ATL,0022201048,2023-03-17,ATL vs. GSW,W,127,8
2022-23,1610612740,NOP,0022201051,2023-03-17,NOP @ HOU,L,112,-2
2022-23,1610612759,SAS,0022201052,2023-03-17,SAS vs. MEM,L,120,-6
2022-23,1610612739,CLE,0022201049,2023-03-17,CLE vs. WAS,W,117,23
2022-23,1610612755,PHI,0022201047,2023-03-17,PHI @ CHA,W,121,39
2022-23,1610612741,CHI,0022201060,2023-03-18,CHI vs. MIA,W,113,14
2022-23,1610612761,TOR,0022201058,2023-03-18,TOR vs. MIN,W,122,15
2022-23,1610612743,DEN,0022201055,2023-03-18,DEN @ NYK,L,110,-6
2022-23,1610612746,LAC,0022201056,2023-03-18,LAC vs. ORL,L,108,-5
2022-23,1610612755,PHI,0022201057,2023-03-18,PHI @ IND,W,141,20
2022-23,1610612754,IND,0022201057,2023-03-18,IND vs. PHI,L,121,-20
2022-23,1610612764,WAS,0022201059,2023-03-18,WAS vs. SAC,L,118,-14
2022-23,1610612762,UTA,0022201062,2023-03-18,UTA vs. BOS,W,118,1
2022-23,1610612748,MIA,0022201060,2023-03-18,MIA @ CHI,L,99,-14
2022-23,1610612752,NYK,0022201055,2023-03-18,NYK vs. DEN,W,116,6
2022-23,1610612763,MEM,0022201061,2023-03-18,MEM vs. GSW,W,133,14
2022-23,1610612753,ORL,0022201056,2023-03-18,ORL @ LAC,W,113,5
2022-23,1610612750,MIN,0022201058,2023-03-18,MIN @ TOR,L,107,-15
2022-23,1610612738,BOS,0022201062,2023-03-18,BOS @ UTA,L,117,-1
2022-23,1610612744,GSW,0022201061,2023-03-18,GSW @ MEM,L,119,-14
2022-23,1610612758,SAC,0022201059,2023-03-18,SAC @ WAS,W,132,14
2022-23,1610612753,ORL,0022201070,2023-03-19,ORL @ LAL,L,105,-6
2022-23,1610612765,DET,0022201066,2023-03-19,DET vs. MIA,L,100,-12
2022-23,1610612761,TOR,0022201068,2023-03-19,TOR @ MIL,L,111,-7
2022-23,1610612743,DEN,0022201063,2023-03-19,DEN @ BKN,W,108,6
2022-23,1610612747,LAL,0022201070,2023-03-19,LAL vs. ORL,W,111,6
2022-23,1610612760,OKC,0022201064,2023-03-19,OKC vs. PHX,W,124,4
2022-23,1610612746,LAC,0022201069,2023-03-19,LAC @ POR,W,117,15
2022-23,1610612737,ATL,0022201065,2023-03-19,ATL @ SAS,L,118,-8
2022-23,1610612759,SAS,0022201065,2023-03-19,SAS vs. ATL,W,126,8
2022-23,1610612745,HOU,0022201067,2023-03-19,HOU vs. NOP,L,107,-10
2022-23,1610612751,BKN,0022201063,2023-03-19,BKN vs. DEN,L,102,-6
2022-23,1610612740,NOP,0022201067,2023-03-19,NOP @ HOU,W,117,10
2022-23,1610612757,POR,0022201069,2023-03-19,POR vs. LAC,L,102,-15
2022-23,1610612756,PHX,0022201064,2023-03-19,PHX @ OKC,L,120,-4
2022-23,1610612749,MIL,0022201068,2023-03-19,MIL vs. TOR,W,118,7
2022-23,1610612748,MIA,0022201066,2023-03-19,MIA @ DET,W,112,12
2022-23,1610612752,NYK,0022201073,2023-03-20,NYK vs. MIN,L,134,-6
2022-23,1610612750,MIN,0022201073,2023-03-20,MIN @ NYK,W,140,6
2022-23,1610612766,CHA,0022201071,2023-03-20,CHA vs. IND,W,115,6
2022-23,1610612741,CHI,0022201072,2023-03-20,CHI @ PHI,W,109,4
2022-23,1610612762,UTA,0022201076,2023-03-20,UTA vs. SAC,W,128,8
2022-23,1610612755,PHI,0022201072,2023-03-20,PHI vs. CHI,L,105,-4
2022-23,1610612763,MEM,0022201075,2023-03-20,MEM vs. DAL,W,112,4
2022-23,1610612745,HOU,0022201074,2023-03-20,HOU vs. GSW,L,108,-13
2022-23,1610612744,GSW,0022201074,2023-03-20,GSW @ HOU,W,121,13
2022-23,1610612758,SAC,0022201076,2023-03-20,SAC @ UTA,L,120,-8
2022-23,1610612742,DAL,0022201075,2023-03-20,DAL @ MEM,L,108,-4
2022-23,1610612754,IND,0022201071,2023-03-20,IND @ CHA,L,109,-6
2022-23,1610612739,CLE,0022201079,2023-03-21,CLE @ BKN,W,115,6
2022-23,1610612764,WAS,0022201077,2023-03-21,WAS @ ORL,L,112,-10
2022-23,1610612738,BOS,0022201081,2023-03-21,BOS @ SAC,W,132,23
2022-23,1610612740,NOP,0022201080,2023-03-21,NOP vs. SAS,W,119,35
2022-23,1610612765,DET,0022201078,2023-03-21,DET @ ATL,L,107,-22
2022-23,1610612758,SAC,0022201081,2023-03-21,SAC vs. BOS,L,109,-23
2022-23,1610612751,BKN,0022201079,2023-03-21,BKN vs. CLE,L,109,-6
2022-23,1610612759,SAS,0022201080,2023-03-21,SAS @ NOP,L,84,-35
2022-23,1610612760,OKC,0022201082,2023-03-21,OKC @ LAC,W,101,1
2022-23,1610612746,LAC,0022201082,2023-03-21,LAC vs. OKC,L,100,-1
2022-23,1610612753,ORL,0022201077,2023-03-21,ORL vs. WAS,W,122,10
2022-23,1610612737,ATL,0022201078,2023-03-21,ATL vs. DET,W,129,22
2022-23,1610612756,PHX,0022201092,2023-03-22,PHX @ LAL,L,111,-11
2022-23,1610612752,NYK,0022201084,2023-03-22,NYK @ MIA,L,120,-7
2022-23,1610612759,SAS,0022201089,2023-03-22,SAS @ MIL,L,94,-36
2022-23,1610612737,ATL,0022201090,2023-03-22,ATL @ MIN,L,124,-1
2022-23,1610612748,MIA,0022201084,2023-03-22,MIA vs. NYK,W,127,7
2022-23,1610612761,TOR,0022201085,2023-03-22,TOR vs. IND,L,114,-4
2022-23,1610612741,CHI,0022201087,2023-03-22,CHI vs. PHI,L,91,-25
2022-23,1610612747,LAL,0022201092,2023-03-22,LAL vs. PHX,W,122,11
2022-23,1610612762,UTA,0022201091,2023-03-22,UTA vs. POR,L,115,-12
2022-23,1610612749,MIL,0022201089,2023-03-22,MIL vs. SAS,W,130,36
2022-23,1610612750,MIN,0022201090,2023-03-22,MIN vs. ATL,W,125,1
2022-23,1610612755,PHI,0022201087,2023-03-22,PHI @ CHI,W,116,25
2022-23,1610612744,GSW,0022201086,2023-03-22,GSW @ DAL,W,127,2
2022-23,1610612764,WAS,0022201083,2023-03-22,WAS vs. DEN,L,104,-14
2022-23,1610612742,DAL,0022201086,2023-03-22,DAL vs. GSW,L,125,-2
2022-23,1610612763,MEM,0022201088,2023-03-22,MEM vs. HOU,W,130,5
2022-23,1610612754,IND,0022201085,2023-03-22,IND @ TOR,W,118,4
2022-23,1610612757,POR,0022201091,2023-03-22,POR @ UTA,W,127,12
2022-23,1610612745,HOU,0022201088,2023-03-22,HOU @ MEM,L,125,-5
2022-23,1610612743,DEN,0022201083,2023-03-22,DEN @ WAS,W,118,14
2022-23,1610612739,CLE,0022201094,2023-03-23,CLE @ BKN,W,116,2
2022-23,1610612753,ORL,0022201093,2023-03-23,ORL vs. NYK,W,111,5
2022-23,1610612752,NYK,0022201093,2023-03-23,NYK @ ORL,L,106,-5
2022-23,1610612751,BKN,0022201094,2023-03-23,BKN vs. CLE,L,114,-2
2022-23,1610612766,CHA,0022201095,2023-03-23,CHA @ NOP,L,96,-19
2022-23,1610612760,OKC,0022201096,2023-03-23,OKC @ LAC,L,105,-22
2022-23,1610612746,LAC,0022201096,2023-03-23,LAC vs. OKC,W,127,22
2022-23,1610612740,NOP,0022201095,2023-03-23,NOP vs. CHA,W,115,19
2022-23,1610612760,OKC,0022201106,2023-03-24,OKC @ LAL,L,111,-5
2022-23,1610612762,UTA,0022201102,2023-03-24,UTA vs. MIL,L,116,-28
2022-23,1610612738,BOS,0022201097,2023-03-24,BOS vs. IND,W,120,25
2022-23,1610612744,GSW,0022201103,2023-03-24,GSW vs. PHI,W,120,8
2022-23,1610612758,SAC,0022201105,2023-03-24,SAC vs. PHX,W,135,8
2022-23,1610612741,CHI,0022201104,2023-03-24,CHI @ POR,W,124,28
2022-23,1610612756,PHX,0022201105,2023-03-24,PHX @ SAC,L,127,-8
2022-23,1610612764,WAS,0022201098,2023-03-24,WAS vs. SAS,W,136,12
2022-23,1610612754,IND,0022201097,2023-03-24,IND @ BOS,L,95,-25
2022-23,1610612757,POR,0022201104,2023-03-24,POR vs. CHI,L,96,-28
2022-23,1610612766,CHA,0022201101,2023-03-24,CHA @ DAL,W,117,8
2022-23,1610612755,PHI,0022201103,2023-03-24,PHI @ GSW,L,112,-8
2022-23,1610612763,MEM,0022201100,2023-03-24,MEM vs. HOU,W,151,37
2022-23,1610612747,LAL,0022201106,2023-03-24,LAL vs. OKC,W,116,5
2022-23,1610612765,DET,0022201099,2023-03-24,DET @ TOR,L,97,-21
2022-23,1610612749,MIL,0022201102,2023-03-24,MIL @ UTA,W,144,28
2022-23,1610612745,HOU,0022201100,2023-03-24,HOU @ MEM,L,114,-37
2022-23,1610612759,SAS,0022201098,2023-03-24,SAS @ WAS,L,124,-12
2022-23,1610612761,TOR,0022201099,2023-03-24,TOR vs. DET,W,118,21
2022-23,1610612742,DAL,0022201101,2023-03-24,DAL vs. CHA,L,109,-8
2022-23,1610612751,BKN,0022201108,2023-03-25,BKN @ MIA,W,129,29
2022-23,1610612743,DEN,0022201109,2023-03-25,DEN vs. MIL,W,129,23
2022-23,1610612748,MIA,0022201108,2023-03-25,MIA vs. BKN,L,100,-29
2022-23,1610612737,ATL,0022201107,2023-03-25,ATL vs. IND,W,143,13
2022-23,1610612756,PHX,0022201110,2023-03-25,PHX vs. PHI,W,125,20
2022-23,1610612755,PHI,0022201110,2023-03-25,PHI @ PHX,L,105,-20
2022-23,1610612762,UTA,0022201111,2023-03-25,UTA @ SAC,L,113,-8
2022-23,1610612754,IND,0022201107,2023-03-25,IND @ ATL,L,130,-13
2022-23,1610612746,LAC,0022201112,2023-03-25,LAC vs. NOP,L,110,-21
2022-23,1610612749,MIL,0022201109,2023-03-25,MIL @ DEN,L,106,-23
2022-23,1610612740,NOP,0022201112,2023-03-25,NOP @ LAC,W,131,21
2022-23,1610612758,SAC,0022201111,2023-03-25,SAC vs. UTA,W,121,8
2022-23,1610612741,CHI,0022201114,2023-03-26,CHI @ LAL,W,118,10
2022-23,1610612744,GSW,0022201121,2023-03-26,GSW vs. MIN,L,96,-3
2022-23,1610612753,ORL,0022201118,2023-03-26,ORL vs. BKN,W,119,13
2022-23,1610612751,BKN,0022201118,2023-03-26,BKN @ ORL,L,106,-13
2022-23,1610612760,OKC,0022201120,2023-03-26,OKC @ POR,W,118,6
2022-23,1610612738,BOS,0022201116,2023-03-26,BOS vs. SAS,W,137,44
2022-23,1610612763,MEM,0022201115,2023-03-26,MEM @ ATL,W,123,4
2022-23,1610612759,SAS,0022201116,2023-03-26,SAS @ BOS,L,93,-44
2022-23,1610612745,HOU,0022201117,2023-03-26,HOU @ CLE,L,91,-17
2022-23,1610612747,LAL,0022201114,2023-03-26,LAL vs. CHI,L,108,-10
2022-23,1610612766,CHA,0022201113,2023-03-26,CHA vs. DAL,W,110,6
2022-23,1610612750,MIN,0022201121,2023-03-26,MIN @ GSW,W,99,3
2022-23,1610612739,CLE,0022201117,2023-03-26,CLE vs. HOU,W,108,17
2022-23,1610612757,POR,0022201120,2023-03-26,POR vs. OKC,L,112,-6
2022-23,1610612764,WAS,0022201119,2023-03-26,WAS @ TOR,L,104,-10
2022-23,1610612737,ATL,0022201115,2023-03-26,ATL vs. MEM,L,119,-4
2022-23,1610612761,TOR,0022201119,2023-03-26,TOR vs. WAS,W,114,10
2022-23,1610612742,DAL,0022201113,2023-03-26,DAL @ CHA,L,104,-6
2022-23,1610612765,DET,0022201122,2023-03-27,DET vs. MIL,L,117,-9
2022-23,1610612758,SAC,0022201128,2023-03-27,SAC vs. MIN,L,115,-4
2022-23,1610612745,HOU,0022201124,2023-03-27,HOU @ NYK,L,115,-22
2022-23,1610612742,DAL,0022201123,2023-03-27,DAL @ IND,W,127,23
2022-23,1610612743,DEN,0022201126,2023-03-27,DEN vs. PHI,W,116,5
2022-23,1610612762,UTA,0022201125,2023-03-27,UTA vs. PHX,L,103,-14
2022-23,1610612740,NOP,0022201127,2023-03-27,NOP @ POR,W,124,34
2022-23,1610612750,MIN,0022201128,2023-03-27,MIN @ SAC,W,119,4
2022-23,1610612757,POR,0022201127,2023-03-27,POR vs. NOP,L,90,-34
2022-23,1610612746,LAC,0022201129,2023-03-27,LAC vs. CHI,W,124,12
2022-23,1610612754,IND,0022201123,2023-03-27,IND vs. DAL,L,104,-23
2022-23,1610612755,PHI,0022201126,2023-03-27,PHI @ DEN,L,111,-5
2022-23,1610612752,NYK,0022201124,2023-03-27,NYK vs. HOU,W,137,22
2022-23,1610612741,CHI,0022201129,2023-03-27,CHI @ LAC,L,112,-12
2022-23,1610612756,PHX,0022201125,2023-03-27,PHX @ UTA,W,117,14
2022-23,1610612749,MIL,0022201122,2023-03-27,MIL @ DET,W,126,9
2022-23,1610612761,TOR,0022201132,2023-03-28,TOR vs. MIA,W,106,14
2022-23,1610612763,MEM,0022201133,2023-03-28,MEM vs. ORL,W,113,5
2022-23,1610612739,CLE,0022201131,2023-03-28,CLE @ ATL,L,118,-2
2022-23,1610612764,WAS,0022201130,2023-03-28,WAS vs. BOS,W,130,19
2022-23,1610612737,ATL,0022201131,2023-03-28,ATL vs. CLE,W,120,2
2022-23,1610612744,GSW,0022201135,2023-03-28,GSW vs. NOP,W,120,11
2022-23,1610612740,NOP,0022201135,2023-03-28,NOP @ GSW,L,109,-11
2022-23,1610612766,CHA,0022201134,2023-03-28,CHA @ OKC,W,137,3
2022-23,1610612748,MIA,0022201132,2023-03-28,MIA @ TOR,L,92,-14
2022-23,1610612753,ORL,0022201133,2023-03-28,ORL @ MEM,L,108,-5
2022-23,1610612738,BOS,0022201130,2023-03-28,BOS @ WAS,L,111,-19
2022-23,1610612760,OKC,0022201134,2023-03-28,OKC vs. CHA,L,134,-3
2022-23,1610612741,CHI,0022201140,2023-03-29,CHI vs. LAL,L,110,-11
2022-23,1610612752,NYK,0022201138,2023-03-29,NYK vs. MIA,W,101,9
2022-23,1610612754,IND,0022201136,2023-03-29,IND vs. MIL,L,136,-13
2022-23,1610612756,PHX,0022201144,2023-03-29,PHX vs. MIN,W,107,7
2022-23,1610612745,HOU,0022201137,2023-03-29,HOU @ BKN,L,114,-9
2022-23,1610612748,MIA,0022201138,2023-03-29,MIA @ NYK,L,92,-9
2022-23,1610612749,MIL,0022201136,2023-03-29,MIL @ IND,W,149,13
2022-23,1610612742,DAL,0022201139,2023-03-29,DAL @ PHI,L,108,-8
2022-23,1610612750,MIN,0022201144,2023-03-29,MIN @ PHX,L,100,-7
2022-23,1610612758,SAC,0022201145,2023-03-29,SAC @ POR,W,120,40
2022-23,1610612757,POR,0022201145,2023-03-29,POR vs. SAC,L,80,-40
2022-23,1610612762,UTA,0022201143,2023-03-29,UTA @ SAS,W,128,11
2022-23,1610612747,LAL,0022201140,2023-03-29,LAL @ CHI,W,121,11
2022-23,1610612755,PHI,0022201139,2023-03-29,PHI vs. DAL,W,116,8
2022-23,1610612751,BKN,0022201137,2023-03-29,BKN vs. HOU,W,123,9
2022-23,1610612763,MEM,0022201141,2023-03-29,MEM vs. LAC,L,132,-9
2022-23,1610612765,DET,0022201142,2023-03-29,DET @ OKC,L,106,-1
2022-23,1610612759,SAS,0022201143,2023-03-29,SAS vs. UTA,L,117,-11
2022-23,1610612746,LAC,0022201141,2023-03-29,LAC @ MEM,W,141,9
2022-23,1610612760,OKC,0022201142,2023-03-29,OKC vs. DET,W,107,1
2022-23,1610612738,BOS,0022201146,2023-03-30,BOS @ MIL,W,140,41
2022-23,1610612749,MIL,0022201146,2023-03-30,MIL vs. BOS,L,99,-41
2022-23,1610612743,DEN,0022201147,2023-03-30,DEN vs. NOP,L,88,-19
2022-23,1610612740,NOP,0022201147,2023-03-30,NOP @ DEN,W,107,19
2022-23,1610612750,MIN,0022201157,2023-03-31,MIN vs. LAL,L,111,-12
2022-23,1610612747,LAL,0022201157,2023-03-31,LAL @ MIN,W,123,12
2022-23,1610612737,ATL,0022201153,2023-03-31,ATL @ BKN,L,107,-17
2022-23,1610612739,CLE,0022201154,2023-03-31,CLE vs. NYK,L,116,-14
2022-23,1610612764,WAS,0022201151,2023-03-31,WAS vs. ORL,L,109,-7
2022-23,1610612760,OKC,0022201149,2023-03-31,OKC @ IND,L,117,-4
2022-23,1610612761,TOR,0022201150,2023-03-31,TOR @ PHI,L,110,-7
2022-23,1610612743,DEN,0022201160,2023-03-31,DEN @ PHX,L,93,-7
2022-23,1610612758,SAC,0022201159,2023-03-31,SAC @ POR,W,138,24
2022-23,1610612757,POR,0022201159,2023-03-31,POR vs. SAC,L,114,-24
2022-23,1610612744,GSW,0022201158,2023-03-31,GSW vs. SAS,W,130,15
2022-23,1610612751,BKN,0022201153,2023-03-31,BKN vs. ATL,W,124,17
2022-23,1610612762,UTA,0022201152,2023-03-31,UTA @ BOS,L,114,-8
2022-23,1610612752,NYK,0022201154,2023-03-31,NYK @ CLE,W,130,14
2022-23,1610612766,CHA,0022201148,2023-03-31,CHA vs. CHI,L,91,-30
2022-23,1610612756,PHX,0022201160,2023-03-31,PHX vs. DEN,W,100,7
2022-23,1610612759,SAS,0022201158,2023-03-31,SAS @ GSW,L,115,-15
2022-23,1610612765,DET,0022201155,2023-03-31,DET @ HOU,L,115,-6
2022-23,1610612763,MEM,0022201156,2023-03-31,MEM vs. LAC,W,108,14
2022-23,1610612754,IND,0022201149,2023-03-31,IND vs. OKC,W,121,4
2022-23,1610612755,PHI,0022201150,2023-03-31,PHI vs. TOR,W,117,7
2022-23,1610612738,BOS,0022201152,2023-03-31,BOS vs. UTA,W,122,8
2022-23,1610612746,LAC,0022201156,2023-03-31,LAC @ MEM,L,94,-14
2022-23,1610612753,ORL,0022201151,2023-03-31,ORL @ WAS,W,116,7
2022-23,1610612745,HOU,0022201155,2023-03-31,HOU vs. DET,W,121,6
2022-23,1610612741,CHI,0022201148,2023-03-31,CHI @ CHA,W,121,30
2022-23,1610612742,DAL,0022201161,2023-04-01,DAL @ MIA,L,122,-7
2022-23,1610612746,LAC,0022201162,2023-04-01,LAC @ NOP,L,114,-8
2022-23,1610612748,MIA,0022201161,2023-04-01,MIA vs. DAL,W,129,7
2022-23,1610612740,NOP,0022201162,2023-04-01,NOP vs. LAC,W,122,8
2022-23,1610612745,HOU,0022201171,2023-04-02,HOU vs. LAL,L,109,-25
2022-23,1610612755,PHI,0022201174,2023-04-02,PHI @ MIL,L,104,-13
2022-23,1610612757,POR,0022201166,2023-04-02,POR @ MIN,W,107,2
2022-23,1610612762,UTA,0022201164,2023-04-02,UTA @ BKN,L,110,-1
2022-23,1610612764,WAS,0022201168,2023-04-02,WAS @ NYK,L,109,-9
2022-23,1610612765,DET,0022201169,2023-04-02,DET @ ORL,L,102,-26
2022-23,1610612739,CLE,0022201173,2023-04-02,CLE vs. IND,W,115,10
2022-23,1610612749,MIL,0022201174,2023-04-02,MIL vs. PHI,W,117,13
2022-23,1610612760,OKC,0022201172,2023-04-02,OKC vs. PHX,L,118,-10
2022-23,1610612750,MIN,0022201166,2023-04-02,MIN vs. POR,L,105,-2
2022-23,1610612759,SAS,0022201170,2023-04-02,SAS @ SAC,W,142,8
2022-23,1610612758,SAC,0022201170,2023-04-02,SAC vs. SAS,L,134,-8
2022-23,1610612742,DAL,0022201167,2023-04-02,DAL @ ATL,L,130,-2
2022-23,1610612754,IND,0022201173,2023-04-02,IND @ CLE,L,105,-10
2022-23,1610612763,MEM,0022201165,2023-04-02,MEM @ CHI,L,107,-21
2022-23,1610612737,ATL,0022201167,2023-04-02,ATL vs. DAL,W,132,2
2022-23,1610612744,GSW,0022201175,2023-04-02,GSW @ DEN,L,110,-2
2022-23,1610612743,DEN,0022201175,2023-04-02,DEN vs. GSW,W,112,2
2022-23,1610612747,LAL,0022201171,2023-04-02,LAL @ HOU,W,134,25
2022-23,1610612756,PHX,0022201172,2023-04-02,PHX @ OKC,W,128,10
2022-23,1610612766,CHA,0022201163,2023-04-02,CHA vs. TOR,L,108,-20
2022-23,1610612751,BKN,0022201164,2023-04-02,BKN vs. UTA,W,111,1
2022-23,1610612741,CHI,0022201165,2023-04-02,CHI vs. MEM,W,128,21
2022-23,1610612752,NYK,0022201168,2023-04-02,NYK vs. WAS,W,118,9
2022-23,1610612753,ORL,0022201169,2023-04-02,ORL vs. DET,W,128,26
2022-23,1610612761,TOR,0022201163,2023-04-02,TOR @ CHA,W,128,20
2022-23,1610612762,UTA,0022201186,2023-04-04,UTA vs. LAL,L,133,-2
2022-23,1610612765,DET,0022201177,2023-04-04,DET vs. MIA,L,105,-13
2022-23,1610612764,WAS,0022201179,2023-04-04,WAS vs. MIL,L,128,-12
2022-23,1610612751,BKN,0022201180,2023-04-04,BKN vs. MIN,L,102,-5
2022-23,1610612750,MIN,0022201180,2023-04-04,MIN @ BKN,W,107,5
2022-23,1610612739,CLE,0022201178,2023-04-04,CLE @ ORL,W,117,4
2022-23,1610612738,BOS,0022201181,2023-04-04,BOS @ PHI,L,101,-2
2022-23,1610612759,SAS,0022201188,2023-04-04,SAS @ PHX,L,94,-21
2022-23,1610612763,MEM,0022201184,2023-04-04,MEM vs. POR,W,119,10
2022-23,1610612740,NOP,0022201185,2023-04-04,NOP vs. SAC,L,103,-18
2022-23,1610612756,PHX,0022201188,2023-04-04,PHX vs. SAS,W,115,21
2022-23,1610612741,CHI,0022201182,2023-04-04,CHI vs. ATL,L,105,-18
2022-23,1610612755,PHI,0022201181,2023-04-04,PHI vs. BOS,W,103,2
2022-23,1610612753,ORL,0022201178,2023-04-04,ORL vs. CLE,L,113,-4
2022-23,1610612758,SAC,0022201185,2023-04-04,SAC @ NOP,W,121,18
2022-23,1610612737,ATL,0022201182,2023-04-04,ATL @ CHI,W,123,18
2022-23,1610612745,HOU,0022201183,2023-04-04,HOU vs. DEN,W,124,21
2022-23,1610612760,OKC,0022201187,2023-04-04,OKC @ GSW,L,125,-11
2022-23,1610612743,DEN,0022201183,2023-04-04,DEN @ HOU,L,103,-21
2022-23,1610612744,GSW,0022201187,2023-04-04,GSW vs. OKC,W,136,11
2022-23,1610612766,CHA,0022201176,2023-04-04,CHA vs. TOR,L,100,-20
2022-23,1610612747,LAL,0022201186,2023-04-04,LAL @ UTA,W,135,2
2022-23,1610612757,POR,0022201184,2023-04-04,POR @ MEM,L,109,-10
2022-23,1610612749,MIL,0022201179,2023-04-04,MIL @ WAS,W,140,12
2022-23,1610612748,MIA,0022201177,2023-04-04,MIA @ DET,W,118,13
2022-23,1610612761,TOR,0022201176,2023-04-04,TOR @ CHA,W,120,20
2022-23,1610612746,LAC,0022201196,2023-04-05,LAC vs. LAL,W,125,7
2022-23,1610612741,CHI,0022201193,2023-04-05,CHI @ MIL,L,92,-13
2022-23,1610612765,DET,0022201189,2023-04-05,DET vs. BKN,L,108,-15
2022-23,1610612754,IND,0022201190,2023-04-05,IND vs. NYK,L,129,-9
2022-23,1610612752,NYK,0022201190,2023-04-05,NYK @ IND,W,138,9
2022-23,1610612742,DAL,0022201195,2023-04-05,DAL vs. SAC,W,123,4
2022-23,1610612764,WAS,0022201191,2023-04-05,WAS @ ATL,L,116,-18
2022-23,1610612761,TOR,0022201192,2023-04-05,TOR @ BOS,L,93,-4
2022-23,1610612763,MEM,0022201194,2023-04-05,MEM @ NOP,L,131,-7
2022-23,1610612749,MIL,0022201193,2023-04-05,MIL vs. CHI,W,105,13
2022-23,1610612758,SAC,0022201195,2023-04-05,SAC @ DAL,L,119,-4
2022-23,1610612747,LAL,0022201196,2023-04-05,LAL @ LAC,L,118,-7
2022-23,1610612738,BOS,0022201192,2023-04-05,BOS vs. TOR,W,97,4
2022-23,1610612740,NOP,0022201194,2023-04-05,NOP vs. MEM,W,138,7
2022-23,1610612737,ATL,0022201191,2023-04-05,ATL vs. WAS,W,134,18
2022-23,1610612751,BKN,0022201189,2023-04-05,BKN @ DET,W,123,15
2022-23,1610612755,PHI,0022201198,2023-04-06,PHI vs. MIA,L,101,-28
2022-23,1610612739,CLE,0022201197,2023-04-06,CLE @ ORL,W,118,24
2022-23,1610612748,MIA,0022201198,2023-04-06,MIA @ PHI,W,129,28
2022-23,1610612743,DEN,0022201201,2023-04-06,DEN @ PHX,L,115,-4
2022-23,1610612759,SAS,0022201199,2023-04-06,SAS vs. POR,W,129,2
2022-23,1610612757,POR,0022201199,2023-04-06,POR @ SAS,L,127,-2
2022-23,1610612753,ORL,0022201197,2023-04-06,ORL vs. CLE,L,94,-24
2022-23,1610612756,PHX,0022201201,2023-04-06,PHX vs. DEN,W,119,4
2022-23,1610612762,UTA,0022201200,2023-04-06,UTA vs. OKC,L,98,-16
2022-23,1610612760,OKC,0022201200,2023-04-06,OKC @ UTA,W,114,16
2022-23,1610612756,PHX,0022201212,2023-04-07,PHX @ LAL,L,107,-14
2022-23,1610612764,WAS,0022201204,2023-04-07,WAS vs. MIA,W,114,6
2022-23,1610612763,MEM,0022201208,2023-04-07,MEM @ MIL,W,137,23
2022-23,1610612753,ORL,0022201207,2023-04-07,ORL @ BKN,L,84,-17
2022-23,1610612740,NOP,0022201209,2023-04-07,NOP vs. NYK,W,113,8
2022-23,1610612751,BKN,0022201207,2023-04-07,BKN vs. ORL,W,101,17
2022-23,1610612765,DET,0022201203,2023-04-07,DET @ IND,W,122,7
2022-23,1610612737,ATL,0022201205,2023-04-07,ATL vs. PHI,L,131,-5
2022-23,1610612747,LAL,0022201212,2023-04-07,LAL vs. PHX,W,121,14
2022-23,1610612744,GSW,0022201211,2023-04-07,GSW @ SAC,W,119,22
2022-23,1610612755,PHI,0022201205,2023-04-07,PHI @ ATL,W,136,5
2022-23,1610612761,TOR,0022201206,2023-04-07,TOR @ BOS,L,102,-19
2022-23,1610612752,NYK,0022201209,2023-04-07,NYK @ NOP,L,105,-8
2022-23,1610612742,DAL,0022201210,2023-04-07,DAL vs. CHI,L,112,-3
2022-23,1610612741,CHI,0022201210,2023-04-07,CHI @ DAL,W,115,3
2022-23,1610612758,SAC,0022201211,2023-04-07,SAC vs. GSW,L,97,-22
2022-23,1610612766,CHA,0022201202,2023-04-07,CHA vs. HOU,L,109,-3
2022-23,1610612738,BOS,0022201206,2023-04-07,BOS vs. TOR,W,121,19
2022-23,1610612749,MIL,0022201208,2023-04-07,MIL vs. MEM,L,114,-23
2022-23,1610612748,MIA,0022201204,2023-04-07,MIA @ WAS,L,108,-6
2022-23,1610612754,IND,0022201203,2023-04-07,IND vs. DET,L,115,-7
2022-23,1610612745,HOU,0022201202,2023-04-07,HOU @ CHA,W,112,3
2022-23,1610612759,SAS,0022201214,2023-04-08,SAS vs. MIN,L,131,-20
2022-23,1610612746,LAC,0022201215,2023-04-08,LAC vs. POR,W,136,11
2022-23,1610612750,MIN,0022201214,2023-04-08,MIN @ SAS,W,151,20
2022-23,1610612762,UTA,0022201213,2023-04-08,UTA vs. DEN,W,118,4
2022-23,1610612757,POR,0022201215,2023-04-08,POR @ LAC,L,125,-11
2022-23,1610612743,DEN,0022201213,2023-04-08,DEN @ UTA,L,114,-4
2022-23,1610612762,UTA,0022201228,2023-04-09,UTA @ LAL,L,117,-11
2022-23,1610612753,ORL,0022201219,2023-04-09,ORL @ MIA,L,110,-13
2022-23,1610612761,TOR,0022201221,2023-04-09,TOR vs. MIL,W,121,16
2022-23,1610612740,NOP,0022201225,2023-04-09,NOP @ MIN,L,108,-5
2022-23,1610612755,PHI,0022201217,2023-04-09,PHI @ BKN,W,134,29
2022-23,1610612754,IND,0022201220,2023-04-09,IND @ NYK,W,141,5
2022-23,1610612748,MIA,0022201219,2023-04-09,MIA vs. ORL,W,123,13
2022-23,1610612752,NYK,0022201220,2023-04-09,NYK vs. IND,L,136,-5
2022-23,1610612751,BKN,0022201217,2023-04-09,BKN vs. PHI,L,105,-29
2022-23,1610612746,LAC,0022201229,2023-04-09,LAC @ PHX,W,119,5
2022-23,1610612744,GSW,0022201230,2023-04-09,GSW @ POR,W,157,56
2022-23,1610612743,DEN,0022201227,2023-04-09,DEN vs. SAC,W,109,14
2022-23,1610612742,DAL,0022201224,2023-04-09,DAL vs. SAS,L,117,-21
2022-23,1610612738,BOS,0022201216,2023-04-09,BOS vs. ATL,W,120,6
2022-23,1610612737,ATL,0022201216,2023-04-09,ATL @ BOS,L,114,-6
2022-23,1610612766,CHA,0022201218,2023-04-09,CHA @ CLE,W,106,11
2022-23,1610612750,MIN,0022201225,2023-04-09,MIN vs. NOP,W,113,5
2022-23,1610612765,DET,0022201223,2023-04-09,DET @ CHI,L,81,-22
2022-23,1610612759,SAS,0022201224,2023-04-09,SAS @ DAL,W,138,21
2022-23,1610612758,SAC,0022201227,2023-04-09,SAC @ DEN,L,95,-14
2022-23,1610612757,POR,0022201230,2023-04-09,POR vs. GSW,L,101,-56
2022-23,1610612764,WAS,0022201222,2023-04-09,WAS vs. HOU,L,109,-5
2022-23,1610612756,PHX,0022201229,2023-04-09,PHX vs. LAC,L,114,-5
2022-23,1610612763,MEM,0022201226,2023-04-09,MEM @ OKC,L,100,-15
2022-23,1610612749,MIL,0022201221,2023-04-09,MIL @ TOR,L,105,-16
2022-23,1610612747,LAL,0022201228,2023-04-09,LAL vs. UTA,W,128,11
2022-23,1610612760,OKC,0022201226,2023-04-09,OKC vs. MEM,W,115,15
2022-23,1610612745,HOU,0022201222,2023-04-09,HOU @ WAS,W,114,5
2022-23,1610612741,CHI,0022201223,2023-04-09,CHI vs. DET,W,103,22
2022-23,1610612739,CLE,0022201218,2023-04-09,CLE vs. CHA,L,95,-11
2023-24,1610612743,DEN,0022300061,2023-10-24,DEN vs. LAL,W,119,12
2023-24,1610612744,GSW,0022300062,2023-10-24,GSW vs. PHX,L,104,-4
2023-24,1610612747,LAL,0022300061,2023-10-24,LAL @ DEN,L,107,-12
2023-24,1610612756,PHX,0022300062,2023-10-24,PHX @ GSW,W,108,4
2023-24,1610612765,DET,0022300068,2023-10-25,DET @ MIA,L,102,-1
2023-24,1610612761,TOR,0022300069,2023-10-25,TOR vs. MIN,W,97,3
2023-24,1610612739,CLE,0022300067,2023-10-25,CLE @ BKN,W,114,1
2023-24,1610612738,BOS,0022300065,2023-10-25,BOS @ NYK,W,108,4
2023-24,1610612745,HOU,0022300066,2023-10-25,HOU @ ORL,L,86,-30
2023-24,1610612764,WAS,0022300064,2023-10-25,WAS @ IND,L,120,-23
2023-24,1610612746,LAC,0022300074,2023-10-25,LAC vs. POR,W,123,12
2023-24,1610612762,UTA,0022300072,2023-10-25,UTA vs. SAC,L,114,-16
2023-24,1610612742,DAL,0022300073,2023-10-25,DAL @ SAS,W,126,7
2023-24,1610612766,CHA,0022300063,2023-10-25,CHA vs. ATL,W,116,6
2023-24,1610612752,NYK,0022300065,2023-10-25,NYK vs. BOS,L,104,-4
2023-24,1610612751,BKN,0022300067,2023-10-25,BKN vs. CLE,L,113,-1
2023-24,1610612763,MEM,0022300071,2023-10-25,MEM vs. NOP,L,104,-7
2023-24,1610612760,OKC,0022300070,2023-10-25,OKC @ CHI,W,124,20
2023-24,1610612759,SAS,0022300073,2023-10-25,SAS vs. DAL,L,119,-7
2023-24,1610612753,ORL,0022300066,2023-10-25,ORL vs. HOU,W,116,30
2023-24,1610612757,POR,0022300074,2023-10-25,POR @ LAC,L,111,-12
2023-24,1610612741,CHI,0022300070,2023-10-25,CHI vs. OKC,L,104,-20
2023-24,1610612750,MIN,0022300069,2023-10-25,MIN @ TOR,L,94,-3
2023-24,1610612758,SAC,0022300072,2023-10-25,SAC @ UTA,W,130,16
2023-24,1610612740,NOP,0022300071,2023-10-25,NOP @ MEM,W,111,7
2023-24,1610612754,IND,0022300064,2023-10-25,IND vs. WAS,W,143,23
2023-24,1610612748,MIA,0022300068,2023-10-25,MIA vs. DET,W,103,1
2023-24,1610612737,ATL,0022300063,2023-10-25,ATL @ CHA,L,110,-6
2023-24,1610612756,PHX,0022300076,2023-10-26,PHX @ LAL,L,95,-5
2023-24,1610612755,PHI,0022300075,2023-10-26,PHI @ MIL,L,117,-1
2023-24,1610612749,MIL,0022300075,2023-10-26,MIL vs. PHI,W,118,1
2023-24,1610612747,LAL,0022300076,2023-10-26,LAL vs. PHX,W,100,5
2023-24,1610612738,BOS,0022300080,2023-10-27,BOS vs. MIA,W,119,8
2023-24,1610612742,DAL,0022300084,2023-10-27,DAL vs. BKN,W,125,5
2023-24,1610612737,ATL,0022300079,2023-10-27,ATL vs. NYK,L,120,-6
2023-24,1610612757,POR,0022300086,2023-10-27,POR vs. ORL,L,97,-5
2023-24,1610612753,ORL,0022300086,2023-10-27,ORL @ POR,W,102,5
2023-24,1610612744,GSW,0022300087,2023-10-27,GSW @ SAC,W,122,8
2023-24,1610612745,HOU,0022300083,2023-10-27,HOU @ SAS,L,122,-4
2023-24,1610612752,NYK,0022300079,2023-10-27,NYK @ ATL,W,126,6
2023-24,1610612748,MIA,0022300080,2023-10-27,MIA @ BOS,L,111,-8
2023-24,1610612760,OKC,0022300081,2023-10-27,OKC @ CLE,W,108,3
2023-24,1610612761,TOR,0022300082,2023-10-27,TOR @ CHI,L,103,-1
2023-24,1610612751,BKN,0022300084,2023-10-27,BKN @ DAL,L,120,-5
2023-24,1610612763,MEM,0022300078,2023-10-27,MEM vs. DEN,L,104,-4
2023-24,1610612758,SAC,0022300087,2023-10-27,SAC vs. GSW,L,114,-8
2023-24,1610612759,SAS,0022300083,2023-10-27,SAS vs. HOU,W,126,4
2023-24,1610612762,UTA,0022300085,2023-10-27,UTA vs. LAC,W,120,2
2023-24,1610612739,CLE,0022300081,2023-10-27,CLE vs. OKC,L,105,-3
2023-24,1610612741,CHI,0022300082,2023-10-27,CHI vs. TOR,W,104,1
2023-24,1610612746,LAC,0022300085,2023-10-27,LAC @ UTA,L,118,-2
2023-24,1610612743,DEN,0022300078,2023-10-27,DEN @ MEM,W,108,4
2023-24,1610612766,CHA,0022300077,2023-10-27,CHA vs. DET,L,99,-12
2023-24,1610612765,DET,0022300077,2023-10-27,DET @ CHA,W,111,12
2023-24,1610612750,MIN,0022300093,2023-10-28,MIN vs. MIA,W,106,16
2023-24,1610612748,MIA,0022300093,2023-10-28,MIA @ MIN,L,90,-16
2023-24,1610612740,NOP,0022300090,2023-10-28,NOP vs. NYK,W,96,9
2023-24,1610612739,CLE,0022300091,2023-10-28,CLE vs. IND,L,113,-12
2023-24,1610612761,TOR,0022300092,2023-10-28,TOR vs. PHI,L,107,-7
2023-24,1610612762,UTA,0022300094,2023-10-28,UTA @ PHX,L,104,-22
2023-24,1610612754,IND,0022300091,2023-10-28,IND @ CLE,W,125,12
2023-24,1610612752,NYK,0022300090,2023-10-28,NYK @ NOP,L,87,-9
2023-24,1610612765,DET,0022300088,2023-10-28,DET vs. CHI,W,118,16
2023-24,1610612755,PHI,0022300092,2023-10-28,PHI @ TOR,W,114,7
2023-24,1610612756,PHX,0022300094,2023-10-28,PHX vs. UTA,W,126,22
2023-24,1610612764,WAS,0022300089,2023-10-28,WAS vs. MEM,W,113,7
2023-24,1610612763,MEM,0022300089,2023-10-28,MEM @ WAS,L,106,-7
2023-24,1610612741,CHI,0022300088,2023-10-28,CHI @ DET,L,102,-16
2023-24,1610612758,SAC,0022300100,2023-10-29,SAC vs. LAL,W,132,5
2023-24,1610612737,ATL,0022300097,2023-10-29,ATL @ MIL,W,127,17
2023-24,1610612757,POR,0022300098,2023-10-29,POR @ PHI,L,98,-28
2023-24,1610612755,PHI,0022300098,2023-10-29,PHI vs. POR,W,126,28
2023-24,1610612747,LAL,0022300100,2023-10-29,LAL @ SAC,L,127,-5
2023-24,1610612746,LAC,0022300099,2023-10-29,LAC vs. SAS,W,123,40
2023-24,1610612749,MIL,0022300097,2023-10-29,MIL vs. ATL,L,110,-17
2023-24,1610612760,OKC,0022300095,2023-10-29,OKC vs. DEN,L,95,-33
2023-24,1610612745,HOU,0022300096,2023-10-29,HOU vs. GSW,L,95,-11
2023-24,1610612744,GSW,0022300096,2023-10-29,GSW @ HOU,W,106,11
2023-24,1610612759,SAS,0022300099,2023-10-29,SAS @ LAC,L,83,-40
2023-24,1610612743,DEN,0022300095,2023-10-29,DEN @ OKC,W,128,33
2023-24,1610612753,ORL,0022300111,2023-10-30,ORL @ LAL,L,103,-3
2023-24,1610612749,MIL,0022300107,2023-10-30,MIL vs. MIA,W,122,8
2023-24,1610612748,MIA,0022300107,2023-10-30,MIA @ MIL,L,114,-8
2023-24,1610612737,ATL,0022300104,2023-10-30,ATL vs. MIN,W,127,14
2023-24,1610612766,CHA,0022300101,2023-10-30,CHA vs. BKN,L,121,-12
2023-24,1610612747,LAL,0022300111,2023-10-30,LAL vs. ORL,W,106,3
2023-24,1610612741,CHI,0022300102,2023-10-30,CHI @ IND,W,112,7
2023-24,1610612761,TOR,0022300105,2023-10-30,TOR vs. POR,L,91,-8
2023-24,1610612750,MIN,0022300104,2023-10-30,MIN @ ATL,L,113,-14
2023-24,1610612764,WAS,0022300103,2023-10-30,WAS vs. BOS,L,107,-19
2023-24,1610612744,GSW,0022300108,2023-10-30,GSW @ NOP,W,130,28
2023-24,1610612754,IND,0022300102,2023-10-30,IND vs. CHI,L,105,-7
2023-24,1610612763,MEM,0022300106,2023-10-30,MEM vs. DAL,L,110,-15
2023-24,1610612762,UTA,0022300110,2023-10-30,UTA @ DEN,L,102,-8
2023-24,1610612740,NOP,0022300108,2023-10-30,NOP vs. GSW,L,102,-28
2023-24,1610612765,DET,0022300109,2023-10-30,DET @ OKC,L,112,-12
2023-24,1610612757,POR,0022300105,2023-10-30,POR @ TOR,W,99,8
2023-24,1610612743,DEN,0022300110,2023-10-30,DEN vs. UTA,W,110,8
2023-24,1610612742,DAL,0022300106,2023-10-30,DAL @ MEM,W,125,15
2023-24,1610612738,BOS,0022300103,2023-10-30,BOS @ WAS,W,126,19
2023-24,1610612760,OKC,0022300109,2023-10-30,OKC vs. DET,W,124,12
2023-24,1610612751,BKN,0022300101,2023-10-30,BKN @ CHA,W,133,12
2023-24,1610612739,CLE,0022300112,2023-10-31,CLE vs. NYK,L,91,-18
2023-24,1610612746,LAC,0022300114,2023-10-31,LAC vs. ORL,W,118,16
2023-24,1610612759,SAS,0022300113,2023-10-31,SAS @ PHX,W,115,1
2023-24,1610612756,PHX,0022300113,2023-10-31,PHX vs. SAS,L,114,-1
2023-24,1610612752,NYK,0022300112,2023-10-31,NYK @ CLE,W,109,18
2023-24,1610612753,ORL,0022300114,2023-10-31,ORL @ LAC,L,102,-16
2023-24,1610612746,LAC,0022300127,2023-11-01,LAC @ LAL,L,125,-5
2023-24,1610612751,BKN,0022300119,2023-11-01,BKN @ MIA,W,109,4
2023-24,1610612761,TOR,0022300116,2023-11-01,TOR vs. MIL,W,130,19
2023-24,1610612743,DEN,0022300123,2023-11-01,DEN @ MIN,L,89,-21
2023-24,1610612748,MIA,0022300119,2023-11-01,MIA vs. BKN,L,105,-4
2023-24,1610612739,CLE,0022300120,2023-11-01,CLE @ NYK,W,95,6
2023-24,1610612738,BOS,0022300118,2023-11-01,BOS vs. IND,W,155,51
2023-24,1610612765,DET,0022300115,2023-11-01,DET vs. POR,L,101,-9
2023-24,1610612744,GSW,0022300126,2023-11-01,GSW vs. SAC,W,102,1
2023-24,1610612764,WAS,0022300117,2023-11-01,WAS @ ATL,L,121,-9
2023-24,1610612754,IND,0022300118,2023-11-01,IND @ BOS,L,104,-51
2023-24,1610612752,NYK,0022300120,2023-11-01,NYK vs. CLE,L,89,-6
2023-24,1610612760,OKC,0022300121,2023-11-01,OKC vs. NOP,L,106,-4
2023-24,1610612742,DAL,0022300124,2023-11-01,DAL vs. CHI,W,114,9
2023-24,1610612741,CHI,0022300124,2023-11-01,CHI @ DAL,L,105,-9
2023-24,1610612750,MIN,0022300123,2023-11-01,MIN vs. DEN,W,110,21
2023-24,1610612758,SAC,0022300126,2023-11-01,SAC @ GSW,L,101,-1
2023-24,1610612766,CHA,0022300122,2023-11-01,CHA @ HOU,L,119,-9
2023-24,1610612747,LAL,0022300127,2023-11-01,LAL vs. LAC,W,130,5
2023-24,1610612740,NOP,0022300121,2023-11-01,NOP @ OKC,W,110,4
2023-24,1610612749,MIL,0022300116,2023-11-01,MIL @ TOR,L,111,-19
2023-24,1610612763,MEM,0022300125,2023-11-01,MEM @ UTA,L,109,-24
2023-24,1610612762,UTA,0022300125,2023-11-01,UTA vs. MEM,W,133,24
2023-24,1610612737,ATL,0022300117,2023-11-01,ATL vs. WAS,W,130,9
2023-24,1610612757,POR,0022300115,2023-11-01,POR @ DET,W,110,9
2023-24,1610612745,HOU,0022300122,2023-11-01,HOU vs. CHA,W,128,9
2023-24,1610612762,UTA,0022300130,2023-11-02,UTA vs. ORL,L,113,-2
2023-24,1610612761,TOR,0022300128,2023-11-02,TOR @ PHI,L,99,-15
2023-24,1610612759,SAS,0022300131,2023-11-02,SAS @ PHX,W,132,11
2023-24,1610612756,PHX,0022300131,2023-11-02,PHX vs. SAS,L,121,-11
2023-24,1610612765,DET,0022300129,2023-11-02,DET @ NOP,L,116,-9
2023-24,1610612755,PHI,0022300128,2023-11-02,PHI vs. TOR,W,114,15
2023-24,1610612753,ORL,0022300130,2023-11-02,ORL @ UTA,W,115,2
2023-24,1610612740,NOP,0022300129,2023-11-02,NOP vs. DET,W,125,9
2023-24,1610612764,WAS,0022300003,2023-11-03,WAS @ MIA,L,114,-7
2023-24,1610612752,NYK,0022300002,2023-11-03,NYK @ MIL,L,105,-5
2023-24,1610612741,CHI,0022300004,2023-11-03,CHI vs. BKN,L,107,-2
2023-24,1610612749,MIL,0022300002,2023-11-03,MIL vs. NYK,W,110,5
2023-24,1610612739,CLE,0022300001,2023-11-03,CLE @ IND,L,116,-5
2023-24,1610612763,MEM,0022300007,2023-11-03,MEM @ POR,L,113,-2
2023-24,1610612754,IND,0022300001,2023-11-03,IND vs. CLE,W,121,5
2023-24,1610612751,BKN,0022300004,2023-11-03,BKN @ CHI,W,109,2
2023-24,1610612743,DEN,0022300006,2023-11-03,DEN vs. DAL,W,125,11
2023-24,1610612742,DAL,0022300006,2023-11-03,DAL @ DEN,L,114,-11
2023-24,1610612760,OKC,0022300005,2023-11-03,OKC vs. GSW,L,139,-2
2023-24,1610612744,GSW,0022300005,2023-11-03,GSW @ OKC,W,141,2
2023-24,1610612757,POR,0022300007,2023-11-03,POR vs. MEM,W,115,2
2023-24,1610612748,MIA,0022300003,2023-11-03,MIA vs. WAS,W,121,7
2023-24,1610612753,ORL,0022300134,2023-11-04,ORL vs. LAL,W,120,19
2023-24,1610612762,UTA,0022300138,2023-11-04,UTA @ MIN,L,95,-28
2023-24,1610612738,BOS,0022300136,2023-11-04,BOS @ BKN,W,124,10
2023-24,1610612747,LAL,0022300134,2023-11-04,LAL @ ORL,L,101,-19
2023-24,1610612766,CHA,0022300133,2023-11-04,CHA @ IND,W,125,1
2023-24,1610612756,PHX,0022300132,2023-11-04,PHX @ PHI,L,100,-12
2023-24,1610612755,PHI,0022300132,2023-11-04,PHI vs. PHX,W,112,12
2023-24,1610612745,HOU,0022300137,2023-11-04,HOU vs. SAC,W,107,18
2023-24,1610612740,NOP,0022300135,2023-11-04,NOP vs. ATL,L,105,-18
2023-24,1610612751,BKN,0022300136,2023-11-04,BKN vs. BOS,L,114,-10
2023-24,1610612737,ATL,0022300135,2023-11-04,ATL @ NOP,W,123,18
2023-24,1610612743,DEN,0022300139,2023-11-04,DEN vs. CHI,W,123,22
2023-24,1610612741,CHI,0022300139,2023-11-04,CHI @ DEN,L,101,-22
2023-24,1610612758,SAC,0022300137,2023-11-04,SAC @ HOU,L,89,-18
2023-24,1610612750,MIN,0022300138,2023-11-04,MIN vs. UTA,W,123,28
2023-24,1610612754,IND,0022300133,2023-11-04,IND vs. CHA,L,124,-1
2023-24,1610612765,DET,0022300140,2023-11-05,DET vs. PHX,L,106,-14
2023-24,1610612763,MEM,0022300144,2023-11-05,MEM @ POR,W,112,12
2023-24,1610612761,TOR,0022300141,2023-11-05,TOR @ SAS,W,123,7
2023-24,1610612744,GSW,0022300142,2023-11-05,GSW @ CLE,L,104,-11
2023-24,1610612766,CHA,0022300143,2023-11-05,CHA @ DAL,L,118,-6
2023-24,1610612739,CLE,0022300142,2023-11-05,CLE vs. GSW,W,115,11
2023-24,1610612759,SAS,0022300141,2023-11-05,SAS vs. TOR,L,116,-7
2023-24,1610612757,POR,0022300144,2023-11-05,POR vs. MEM,L,100,-12
2023-24,1610612756,PHX,0022300140,2023-11-05,PHX @ DET,W,120,14
2023-24,1610612742,DAL,0022300143,2023-11-05,DAL vs. CHA,W,124,6
2023-24,1610612748,MIA,0022300150,2023-11-06,MIA vs. LAL,W,108,1
2023-24,1610612747,LAL,0022300150,2023-11-06,LAL @ MIA,L,107,-1
2023-24,1610612751,BKN,0022300149,2023-11-06,BKN vs. MIL,L,125,-4
2023-24,1610612738,BOS,0022300154,2023-11-06,BOS @ MIN,L,109,-5
2023-24,1610612749,MIL,0022300149,2023-11-06,MIL @ BKN,W,129,4
2023-24,1610612746,LAC,0022300151,2023-11-06,LAC @ NYK,L,97,-14
2023-24,1610612742,DAL,0022300147,2023-11-06,DAL @ ORL,W,117,15
2023-24,1610612759,SAS,0022300146,2023-11-06,SAS @ IND,L,111,-41
2023-24,1610612764,WAS,0022300148,2023-11-06,WAS @ PHI,L,128,-18
2023-24,1610612745,HOU,0022300153,2023-11-06,HOU vs. SAC,W,122,25
2023-24,1610612754,IND,0022300146,2023-11-06,IND vs. SAS,W,152,41
2023-24,1610612760,OKC,0022300155,2023-11-06,OKC vs. ATL,W,126,9
2023-24,1610612750,MIN,0022300154,2023-11-06,MIN vs. BOS,W,114,5
2023-24,1610612743,DEN,0022300156,2023-11-06,DEN vs. NOP,W,134,18
2023-24,1610612762,UTA,0022300152,2023-11-06,UTA @ CHI,L,113,-17
2023-24,1610612753,ORL,0022300147,2023-11-06,ORL vs. DAL,L,102,-15
2023-24,1610612740,NOP,0022300156,2023-11-06,NOP @ DEN,L,116,-18
2023-24,1610612765,DET,0022300145,2023-11-06,DET vs. GSW,L,109,-11
2023-24,1610612758,SAC,0022300153,2023-11-06,SAC @ HOU,L,97,-25
2023-24,1610612752,NYK,0022300151,2023-11-06,NYK vs. LAC,W,111,14
2023-24,1610612737,ATL,0022300155,2023-11-06,ATL @ OKC,L,117,-9
2023-24,1610612741,CHI,0022300152,2023-11-06,CHI vs. UTA,W,130,17
2023-24,1610612755,PHI,0022300148,2023-11-06,PHI vs. WAS,W,146,18
2023-24,1610612744,GSW,0022300145,2023-11-06,GSW @ DET,W,120,11
2023-24,1610612745,HOU,0022300163,2023-11-08,HOU vs. LAL,W,128,34
2023-24,1610612763,MEM,0022300164,2023-11-08,MEM vs. MIA,L,102,-6
2023-24,1610612765,DET,0022300165,2023-11-08,DET @ MIL,L,118,-2
2023-24,1610612740,NOP,0022300166,2023-11-08,NOP @ MIN,L,101,-21
2023-24,1610612746,LAC,0022300160,2023-11-08,LAC @ BKN,L,93,-7
2023-24,1610612759,SAS,0022300161,2023-11-08,SAS @ NYK,L,105,-21
2023-24,1610612762,UTA,0022300158,2023-11-08,UTA @ IND,L,118,-16
2023-24,1610612738,BOS,0022300159,2023-11-08,BOS @ PHI,L,103,-3
2023-24,1610612741,CHI,0022300162,2023-11-08,CHI vs. PHX,L,115,-1
2023-24,1610612758,SAC,0022300170,2023-11-08,SAC vs. POR,W,121,3
2023-24,1610612757,POR,0022300170,2023-11-08,POR @ SAC,L,118,-3
2023-24,1610612752,NYK,0022300161,2023-11-08,NYK vs. SAS,W,126,21
2023-24,1610612755,PHI,0022300159,2023-11-08,PHI vs. BOS,W,106,3
2023-24,1610612760,OKC,0022300167,2023-11-08,OKC vs. CLE,W,128,8
2023-24,1610612750,MIN,0022300166,2023-11-08,MIN vs. NOP,W,122,21
2023-24,1610612756,PHX,0022300162,2023-11-08,PHX @ CHI,W,116,1
2023-24,1610612761,TOR,0022300168,2023-11-08,TOR @ DAL,W,127,11
2023-24,1610612744,GSW,0022300169,2023-11-08,GSW @ DEN,L,105,-3
2023-24,1610612743,DEN,0022300169,2023-11-08,DEN vs. GSW,W,108,3
2023-24,1610612747,LAL,0022300163,2023-11-08,LAL @ HOU,L,94,-34
2023-24,1610612751,BKN,0022300160,2023-11-08,BKN vs. LAC,W,100,7
2023-24,1610612739,CLE,0022300167,2023-11-08,CLE @ OKC,L,120,-8
2023-24,1610612742,DAL,0022300168,2023-11-08,DAL vs. TOR,L,116,-11
2023-24,1610612754,IND,0022300158,2023-11-08,IND vs. UTA,W,134,16
2023-24,1610612748,MIA,0022300164,2023-11-08,MIA @ MEM,W,108,6
2023-24,1610612766,CHA,0022300157,2023-11-08,CHA vs. WAS,L,116,-16
2023-24,1610612749,MIL,0022300165,2023-11-08,MIL vs. DET,W,120,2
2023-24,1610612764,WAS,0022300157,2023-11-08,WAS @ CHA,W,132,16
2023-24,1610612754,IND,0022300171,2023-11-09,IND vs. MIL,W,126,2
2023-24,1610612737,ATL,0022300172,2023-11-09,ATL @ ORL,W,120,1
2023-24,1610612749,MIL,0022300171,2023-11-09,MIL @ IND,L,124,-2
2023-24,1610612753,ORL,0022300172,2023-11-09,ORL vs. ATL,L,119,-1
2023-24,1610612756,PHX,0022300015,2023-11-10,PHX vs. LAL,L,119,-3
2023-24,1610612759,SAS,0022300013,2023-11-10,SAS vs. MIN,L,110,-7
2023-24,1610612738,BOS,0022300010,2023-11-10,BOS vs. BKN,W,121,14
2023-24,1610612765,DET,0022300008,2023-11-10,DET vs. PHI,L,106,-8
2023-24,1610612747,LAL,0022300015,2023-11-10,LAL @ PHX,W,122,3
2023-24,1610612760,OKC,0022300016,2023-11-10,OKC @ SAC,L,98,-7
2023-24,1610612750,MIN,0022300013,2023-11-10,MIN @ SAS,W,117,7
2023-24,1610612751,BKN,0022300010,2023-11-10,BKN @ BOS,L,107,-14
2023-24,1610612745,HOU,0022300011,2023-11-10,HOU vs. NOP,W,104,3
2023-24,1610612746,LAC,0022300014,2023-11-10,LAC @ DAL,L,126,-18
2023-24,1610612740,NOP,0022300011,2023-11-10,NOP @ HOU,L,101,-3
2023-24,1610612742,DAL,0022300014,2023-11-10,DAL vs. LAC,W,144,18
2023-24,1610612758,SAC,0022300016,2023-11-10,SAC vs. OKC,W,105,7
2023-24,1610612763,MEM,0022300012,2023-11-10,MEM vs. UTA,L,121,-6
2023-24,1610612762,UTA,0022300012,2023-11-10,UTA @ MEM,W,127,6
2023-24,1610612766,CHA,0022300009,2023-11-10,CHA @ WAS,W,124,7
2023-24,1610612755,PHI,0022300008,2023-11-10,PHI @ DET,W,114,8
2023-24,1610612764,WAS,0022300009,2023-11-10,WAS vs. CHA,L,117,-7
2023-24,1610612737,ATL,0022300175,2023-11-11,ATL vs. MIA,L,109,-8
2023-24,1610612753,ORL,0022300173,2023-11-11,ORL vs. MIL,W,112,15
2023-24,1610612749,MIL,0022300173,2023-11-11,MIL @ ORL,L,97,-15
2023-24,1610612748,MIA,0022300175,2023-11-11,MIA @ ATL,W,117,8
2023-24,1610612761,TOR,0022300174,2023-11-11,TOR @ BOS,L,94,-23
2023-24,1610612744,GSW,0022300176,2023-11-11,GSW vs. CLE,L,110,-8
2023-24,1610612739,CLE,0022300176,2023-11-11,CLE @ GSW,W,118,8
2023-24,1610612738,BOS,0022300174,2023-11-11,BOS vs. TOR,W,117,23
2023-24,1610612757,POR,0022300187,2023-11-12,POR @ LAL,L,110,-6
2023-24,1610612759,SAS,0022300184,2023-11-12,SAS vs. MIA,L,113,-5
2023-24,1610612744,GSW,0022300186,2023-11-12,GSW vs. MIN,L,110,-6
2023-24,1610612764,WAS,0022300178,2023-11-12,WAS @ BKN,L,94,-8
2023-24,1610612766,CHA,0022300177,2023-11-12,CHA @ NYK,L,107,-22
2023-24,1610612755,PHI,0022300180,2023-11-12,PHI vs. IND,W,137,11
2023-24,1610612754,IND,0022300180,2023-11-12,IND @ PHI,L,126,-11
2023-24,1610612760,OKC,0022300185,2023-11-12,OKC @ PHX,W,111,12
2023-24,1610612747,LAL,0022300187,2023-11-12,LAL vs. POR,W,116,6
2023-24,1610612748,MIA,0022300184,2023-11-12,MIA @ SAS,W,118,5
2023-24,1610612742,DAL,0022300183,2023-11-12,DAL @ NOP,W,136,12
2023-24,1610612765,DET,0022300181,2023-11-12,DET @ CHI,L,108,-11
2023-24,1610612740,NOP,0022300183,2023-11-12,NOP vs. DAL,L,124,-12
2023-24,1610612745,HOU,0022300182,2023-11-12,HOU vs. DEN,W,107,3
2023-24,1610612750,MIN,0022300186,2023-11-12,MIN @ GSW,W,116,6
2023-24,1610612743,DEN,0022300182,2023-11-12,DEN @ HOU,L,104,-3
2023-24,1610612763,MEM,0022300179,2023-11-12,MEM @ LAC,W,105,4
2023-24,1610612756,PHX,0022300185,2023-11-12,PHX vs. OKC,L,99,-12
2023-24,1610612746,LAC,0022300179,2023-11-12,LAC vs. MEM,L,101,-4
2023-24,1610612751,BKN,0022300178,2023-11-12,BKN vs. WAS,W,102,8
2023-24,1610612741,CHI,0022300181,2023-11-12,CHI vs. DET,W,119,11
2023-24,1610612752,NYK,0022300177,2023-11-12,NYK vs. CHA,W,129,22
2023-24,1610612741,CHI,0022300190,2023-11-13,CHI @ MIL,L,109,-9
2023-24,1610612738,BOS,0022300188,2023-11-13,BOS vs. NYK,W,114,16
2023-24,1610612739,CLE,0022300191,2023-11-13,CLE @ SAC,L,120,-12
2023-24,1610612752,NYK,0022300188,2023-11-13,NYK @ BOS,L,98,-16
2023-24,1610612758,SAC,0022300191,2023-11-13,SAC vs. CLE,W,132,12
2023-24,1610612749,MIL,0022300190,2023-11-13,MIL vs. CHI,W,118,9
2023-24,1610612764,WAS,0022300189,2023-11-13,WAS @ TOR,L,107,-4
2023-24,1610612761,TOR,0022300189,2023-11-13,TOR vs. WAS,W,111,4
2023-24,1610612763,MEM,0022300026,2023-11-14,MEM @ LAL,L,107,-27
2023-24,1610612766,CHA,0022300017,2023-11-14,CHA vs. MIA,L,105,-6
2023-24,1610612744,GSW,0022300025,2023-11-14,GSW vs. MIN,L,101,-3
2023-24,1610612753,ORL,0022300020,2023-11-14,ORL @ BKN,L,104,-20
2023-24,1610612751,BKN,0022300020,2023-11-14,BKN vs. ORL,W,124,20
2023-24,1610612755,PHI,0022300019,2023-11-14,PHI vs. IND,L,126,-6
2023-24,1610612754,IND,0022300019,2023-11-14,IND @ PHI,W,132,6
2023-24,1610612762,UTA,0022300023,2023-11-14,UTA vs. POR,W,115,16
2023-24,1610612760,OKC,0022300021,2023-11-14,OKC vs. SAS,W,123,36
2023-24,1610612765,DET,0022300018,2023-11-14,DET vs. ATL,L,120,-6
2023-24,1610612742,DAL,0022300022,2023-11-14,DAL @ NOP,L,110,-21
2023-24,1610612740,NOP,0022300022,2023-11-14,NOP vs. DAL,W,131,21
2023-24,1610612746,LAC,0022300024,2023-11-14,LAC @ DEN,L,108,-3
2023-24,1610612750,MIN,0022300025,2023-11-14,MIN @ GSW,W,104,3
2023-24,1610612743,DEN,0022300024,2023-11-14,DEN vs. LAC,W,111,3
2023-24,1610612759,SAS,0022300021,2023-11-14,SAS @ OKC,L,87,-36
2023-24,1610612757,POR,0022300023,2023-11-14,POR @ UTA,L,99,-16
2023-24,1610612747,LAL,0022300026,2023-11-14,LAL vs. MEM,W,134,27
2023-24,1610612737,ATL,0022300018,2023-11-14,ATL @ DET,W,126,6
2023-24,1610612748,MIA,0022300017,2023-11-14,MIA @ CHA,W,111,6
2023-24,1610612758,SAC,0022300198,2023-11-15,SAC @ LAL,W,125,15
2023-24,1610612761,TOR,0022300195,2023-11-15,TOR vs. MIL,L,112,-16
2023-24,1610612756,PHX,0022300197,2023-11-15,PHX vs. MIN,W,133,18
2023-24,1610612737,ATL,0022300193,2023-11-15,ATL vs. NYK,L,114,-2
2023-24,1610612741,CHI,0022300196,2023-11-15,CHI vs. ORL,L,94,-2
2023-24,1610612738,BOS,0022300194,2023-11-15,BOS @ PHI,W,117,10
2023-24,1610612750,MIN,0022300197,2023-11-15,MIN @ PHX,L,115,-18
2023-24,1610612739,CLE,0022300199,2023-11-15,CLE @ POR,W,109,14
2023-24,1610612747,LAL,0022300198,2023-11-15,LAL vs. SAC,L,110,-15
2023-24,1610612752,NYK,0022300193,2023-11-15,NYK @ ATL,W,116,2
2023-24,1610612755,PHI,0022300194,2023-11-15,PHI vs. BOS,L,107,-10
2023-24,1610612757,POR,0022300199,2023-11-15,POR vs. CLE,L,95,-14
2023-24,1610612753,ORL,0022300196,2023-11-15,ORL @ CHI,W,96,2
2023-24,1610612764,WAS,0022300192,2023-11-15,WAS vs. DAL,L,117,-13
2023-24,1610612749,MIL,0022300195,2023-11-15,MIL @ TOR,W,128,16
2023-24,1610612742,DAL,0022300192,2023-11-15,DAL @ WAS,W,130,13
2023-24,1610612751,BKN,0022300200,2023-11-16,BKN @ MIA,L,115,-7
2023-24,1610612748,MIA,0022300200,2023-11-16,MIA vs. BKN,W,122,7
2023-24,1610612760,OKC,0022300201,2023-11-16,OKC @ GSW,W,128,19
2023-24,1610612744,GSW,0022300201,2023-11-16,GSW vs. OKC,L,109,-19
2023-24,1610612757,POR,0022300036,2023-11-17,POR vs. LAL,L,95,-12
2023-24,1610612766,CHA,0022300027,2023-11-17,CHA vs. MIL,L,99,-31
2023-24,1610612764,WAS,0022300028,2023-11-17,WAS vs. NYK,L,99,-21
2023-24,1610612741,CHI,0022300033,2023-11-17,CHI vs. ORL,L,97,-6
2023-24,1610612737,ATL,0022300029,2023-11-17,ATL vs. PHI,L,116,-10
2023-24,1610612762,UTA,0022300035,2023-11-17,UTA vs. PHX,L,128,-3
2023-24,1610612747,LAL,0022300036,2023-11-17,LAL @ POR,W,107,12
2023-24,1610612759,SAS,0022300032,2023-11-17,SAS vs. SAC,L,120,-9
2023-24,1610612758,SAC,0022300032,2023-11-17,SAC @ SAS,W,129,9
2023-24,1610612755,PHI,0022300029,2023-11-17,PHI @ ATL,W,126,10
2023-24,1610612761,TOR,0022300031,2023-11-17,TOR vs. BOS,L,105,-3
2023-24,1610612765,DET,0022300030,2023-11-17,DET @ CLE,L,100,-8
2023-24,1610612743,DEN,0022300034,2023-11-17,DEN @ NOP,L,110,-5
2023-24,1610612753,ORL,0022300033,2023-11-17,ORL @ CHI,W,103,6
2023-24,1610612740,NOP,0022300034,2023-11-17,NOP vs. DEN,W,115,5
2023-24,1610612746,LAC,0022300037,2023-11-17,LAC vs. HOU,W,106,6
2023-24,1610612745,HOU,0022300037,2023-11-17,HOU @ LAC,L,100,-6
2023-24,1610612738,BOS,0022300031,2023-11-17,BOS @ TOR,W,108,3
2023-24,1610612756,PHX,0022300035,2023-11-17,PHX @ UTA,W,131,3
2023-24,1610612752,NYK,0022300028,2023-11-17,NYK @ WAS,W,120,21
2023-24,1610612739,CLE,0022300030,2023-11-17,CLE vs. DET,W,108,8
2023-24,1610612749,MIL,0022300027,2023-11-17,MIL @ CHA,W,130,31
2023-24,1610612741,CHI,0022300204,2023-11-18,CHI vs. MIA,W,102,5
2023-24,1610612742,DAL,0022300205,2023-11-18,DAL @ MIL,L,125,-7
2023-24,1610612740,NOP,0022300203,2023-11-18,NOP vs. MIN,L,120,-1
2023-24,1610612766,CHA,0022300202,2023-11-18,CHA vs. NYK,L,108,-14
2023-24,1610612763,MEM,0022300206,2023-11-18,MEM @ SAS,W,120,12
2023-24,1610612750,MIN,0022300203,2023-11-18,MIN @ NOP,W,121,1
2023-24,1610612748,MIA,0022300204,2023-11-18,MIA @ CHI,L,97,-5
2023-24,1610612749,MIL,0022300205,2023-11-18,MIL vs. DAL,W,132,7
2023-24,1610612760,OKC,0022300207,2023-11-18,OKC @ GSW,W,130,7
2023-24,1610612744,GSW,0022300207,2023-11-18,GSW vs. OKC,L,123,-7
2023-24,1610612759,SAS,0022300206,2023-11-18,SAS vs. MEM,L,108,-12
2023-24,1610612752,NYK,0022300202,2023-11-18,NYK @ CHA,W,122,14
2023-24,1610612745,HOU,0022300216,2023-11-19,HOU @ LAL,L,104,-1
2023-24,1610612755,PHI,0022300208,2023-11-19,PHI @ BKN,W,121,22
2023-24,1610612754,IND,0022300209,2023-11-19,IND vs. ORL,L,116,-12
2023-24,1610612753,ORL,0022300209,2023-11-19,ORL @ IND,W,128,12
2023-24,1610612751,BKN,0022300208,2023-11-19,BKN vs. PHI,L,99,-22
2023-24,1610612762,UTA,0022300214,2023-11-19,UTA vs. PHX,L,137,-3
2023-24,1610612760,OKC,0022300215,2023-11-19,OKC @ POR,W,134,43
2023-24,1610612742,DAL,0022300212,2023-11-19,DAL vs. SAC,L,113,-16
2023-24,1610612763,MEM,0022300213,2023-11-19,MEM vs. BOS,L,100,-2
2023-24,1610612743,DEN,0022300210,2023-11-19,DEN @ CLE,L,109,-12
2023-24,1610612758,SAC,0022300212,2023-11-19,SAC @ DAL,W,129,16
2023-24,1610612739,CLE,0022300210,2023-11-19,CLE vs. DEN,W,121,12
2023-24,1610612747,LAL,0022300216,2023-11-19,LAL vs. HOU,W,105,1
2023-24,1610612757,POR,0022300215,2023-11-19,POR vs. OKC,L,91,-43
2023-24,1610612765,DET,0022300211,2023-11-19,DET @ TOR,L,113,-29
2023-24,1610612756,PHX,0022300214,2023-11-19,PHX @ UTA,W,140,3
2023-24,1610612738,BOS,0022300213,2023-11-19,BOS @ MEM,W,102,2
2023-24,1610612761,TOR,0022300211,2023-11-19,TOR vs. DET,W,142,29
2023-24,1610612741,CHI,0022300220,2023-11-20,CHI vs. MIA,L,100,-18
2023-24,1610612764,WAS,0022300219,2023-11-20,WAS vs. MIL,L,129,-13
2023-24,1610612752,NYK,0022300221,2023-11-20,NYK @ MIN,L,100,-17
2023-24,1610612750,MIN,0022300221,2023-11-20,MIN vs. NYK,W,117,17
2023-24,1610612740,NOP,0022300222,2023-11-20,NOP vs. SAC,W,129,36
2023-24,1610612746,LAC,0022300223,2023-11-20,LAC @ SAS,W,124,25
2023-24,1610612766,CHA,0022300217,2023-11-20,CHA vs. BOS,W,121,3
2023-24,1610612758,SAC,0022300222,2023-11-20,SAC @ NOP,L,93,-36
2023-24,1610612748,MIA,0022300220,2023-11-20,MIA @ CHI,W,118,18
2023-24,1610612765,DET,0022300218,2023-11-20,DET vs. DEN,L,103,-4
2023-24,1610612745,HOU,0022300224,2023-11-20,HOU @ GSW,L,116,-5
2023-24,1610612744,GSW,0022300224,2023-11-20,GSW vs. HOU,W,121,5
2023-24,1610612759,SAS,0022300223,2023-11-20,SAS vs. LAC,L,99,-25
2023-24,1610612749,MIL,0022300219,2023-11-20,MIL @ WAS,W,142,13
2023-24,1610612743,DEN,0022300218,2023-11-20,DEN @ DET,W,107,4
2023-24,1610612738,BOS,0022300217,2023-11-20,BOS @ CHA,L,118,-3
2023-24,1610612762,UTA,0022300042,2023-11-21,UTA @ LAL,L,99,-32
2023-24,1610612761,TOR,0022300038,2023-11-21,TOR @ ORL,L,107,-19
2023-24,1610612737,ATL,0022300039,2023-11-21,ATL vs. IND,L,152,-5
2023-24,1610612739,CLE,0022300040,2023-11-21,CLE @ PHI,W,122,3
2023-24,1610612757,POR,0022300041,2023-11-21,POR @ PHX,L,107,-13
2023-24,1610612756,PHX,0022300041,2023-11-21,PHX vs. POR,W,120,13
2023-24,1610612754,IND,0022300039,2023-11-21,IND @ ATL,W,157,5
2023-24,1610612755,PHI,0022300040,2023-11-21,PHI vs. CLE,L,119,-3
2023-24,1610612753,ORL,0022300038,2023-11-21,ORL vs. TOR,W,126,19
2023-24,1610612747,LAL,0022300042,2023-11-21,LAL vs. UTA,W,131,32
2023-24,1610612742,DAL,0022300238,2023-11-22,DAL @ LAL,W,104,3
2023-24,1610612739,CLE,0022300229,2023-11-22,CLE vs. MIA,L,96,-33
2023-24,1610612738,BOS,0022300228,2023-11-22,BOS vs. MIL,W,119,3
2023-24,1610612755,PHI,0022300232,2023-11-22,PHI @ MIN,L,99,-13
2023-24,1610612737,ATL,0022300227,2023-11-22,ATL vs. BKN,W,147,2
2023-24,1610612743,DEN,0022300226,2023-11-22,DEN @ ORL,L,119,-5
2023-24,1610612761,TOR,0022300230,2023-11-22,TOR @ IND,W,132,1
2023-24,1610612750,MIN,0022300232,2023-11-22,MIN vs. PHI,W,112,13
2023-24,1610612744,GSW,0022300236,2023-11-22,GSW @ PHX,L,115,-8
2023-24,1610612762,UTA,0022300237,2023-11-22,UTA @ POR,L,105,-16
2023-24,1610612740,NOP,0022300233,2023-11-22,NOP vs. SAC,W,117,5
2023-24,1610612746,LAC,0022300235,2023-11-22,LAC @ SAS,W,109,7
2023-24,1610612751,BKN,0022300227,2023-11-22,BKN @ ATL,L,145,-2
2023-24,1610612749,MIL,0022300228,2023-11-22,MIL @ BOS,L,116,-3
2023-24,1610612748,MIA,0022300229,2023-11-22,MIA @ CLE,W,129,33
2023-24,1610612758,SAC,0022300233,2023-11-22,SAC @ NOP,L,112,-5
2023-24,1610612760,OKC,0022300234,2023-11-22,OKC vs. CHI,W,116,14
2023-24,1610612747,LAL,0022300238,2023-11-22,LAL vs. DAL,L,101,-3
2023-24,1610612753,ORL,0022300226,2023-11-22,ORL vs. DEN,W,124,5
2023-24,1610612756,PHX,0022300236,2023-11-22,PHX vs. GSW,W,123,8
2023-24,1610612763,MEM,0022300231,2023-11-22,MEM @ HOU,L,91,-20
2023-24,1610612759,SAS,0022300235,2023-11-22,SAS vs. LAC,L,102,-7
2023-24,1610612741,CHI,0022300234,2023-11-22,CHI @ OKC,L,102,-14
2023-24,1610612754,IND,0022300230,2023-11-22,IND vs. TOR,L,131,-1
2023-24,1610612757,POR,0022300237,2023-11-22,POR vs. UTA,W,121,16
2023-24,1610612745,HOU,0022300231,2023-11-22,HOU vs. MEM,W,111,20
2023-24,1610612766,CHA,0022300225,2023-11-22,CHA vs. WAS,W,117,3
2023-24,1610612764,WAS,0022300225,2023-11-22,WAS @ CHA,L,114,-3
2023-24,1610612752,NYK,0022300045,2023-11-24,NYK vs. MIA,W,100,2
2023-24,1610612764,WAS,0022300049,2023-11-24,WAS @ MIL,L,128,-3
2023-24,1610612758,SAC,0022300050,2023-11-24,SAC @ MIN,W,124,13
2023-24,1610612748,MIA,0022300045,2023-11-24,MIA @ NYK,L,98,-2
2023-24,1610612738,BOS,0022300043,2023-11-24,BOS @ ORL,L,96,-17
2023-24,1610612765,DET,0022300047,2023-11-24,DET @ IND,L,113,-23
2023-24,1610612763,MEM,0022300044,2023-11-24,MEM vs. PHX,L,89,-21
2023-24,1610612750,MIN,0022300050,2023-11-24,MIN vs. SAC,L,111,-13
2023-24,1610612744,GSW,0022300051,2023-11-24,GSW vs. SAS,W,118,6
2023-24,1610612753,ORL,0022300043,2023-11-24,ORL vs. BOS,W,113,17
2023-24,1610612746,LAC,0022300052,2023-11-24,LAC vs. NOP,L,106,-10
2023-24,1610612761,TOR,0022300046,2023-11-24,TOR vs. CHI,W,121,13
2023-24,1610612745,HOU,0022300048,2023-11-24,HOU vs. DEN,W,105,19
2023-24,1610612759,SAS,0022300051,2023-11-24,SAS @ GSW,L,112,-6
2023-24,1610612743,DEN,0022300048,2023-11-24,DEN @ HOU,L,86,-19
2023-24,1610612740,NOP,0022300052,2023-11-24,NOP @ LAC,W,116,10
2023-24,1610612741,CHI,0022300046,2023-11-24,CHI @ TOR,L,108,-13
2023-24,1610612756,PHX,0022300044,2023-11-24,PHX @ MEM,W,110,21
2023-24,1610612749,MIL,0022300049,2023-11-24,MIL vs. WAS,W,131,3
2023-24,1610612754,IND,0022300047,2023-11-24,IND vs. DET,W,136,23
2023-24,1610612739,CLE,0022300242,2023-11-25,CLE vs. LAL,L,115,-6
2023-24,1610612751,BKN,0022300240,2023-11-25,BKN vs. MIA,W,112,15
2023-24,1610612748,MIA,0022300240,2023-11-25,MIA @ BKN,L,97,-15
2023-24,1610612760,OKC,0022300239,2023-11-25,OKC vs. PHI,L,123,-4
2023-24,1610612764,WAS,0022300241,2023-11-25,WAS vs. ATL,L,108,-28
2023-24,1610612747,LAL,0022300242,2023-11-25,LAL @ CLE,W,121,6
2023-24,1610612762,UTA,0022300243,2023-11-25,UTA vs. NOP,W,105,5
2023-24,1610612746,LAC,0022300244,2023-11-25,LAC vs. DAL,W,107,19
2023-24,1610612742,DAL,0022300244,2023-11-25,DAL @ LAC,L,88,-19
2023-24,1610612755,PHI,0022300239,2023-11-25,PHI @ OKC,W,127,4
2023-24,1610612740,NOP,0022300243,2023-11-25,NOP @ UTA,L,100,-5
2023-24,1610612737,ATL,0022300241,2023-11-25,ATL @ WAS,W,136,28
2023-24,1610612757,POR,0022300245,2023-11-26,POR @ MIL,L,102,-6
2023-24,1610612763,MEM,0022300249,2023-11-26,MEM vs. MIN,L,97,-22
2023-24,1610612741,CHI,0022300250,2023-11-26,CHI @ BKN,L,109,-9
2023-24,1610612756,PHX,0022300247,2023-11-26,PHX @ NYK,W,116,3
2023-24,1610612766,CHA,0022300248,2023-11-26,CHA @ ORL,L,117,-13
2023-24,1610612752,NYK,0022300247,2023-11-26,NYK vs. PHX,L,113,-3
2023-24,1610612749,MIL,0022300245,2023-11-26,MIL vs. POR,W,108,6
2023-24,1610612743,DEN,0022300252,2023-11-26,DEN vs. SAS,W,132,12
2023-24,1610612738,BOS,0022300246,2023-11-26,BOS vs. ATL,W,113,10
2023-24,1610612737,ATL,0022300246,2023-11-26,ATL @ BOS,L,103,-10
2023-24,1610612761,TOR,0022300251,2023-11-26,TOR @ CLE,L,102,-3
2023-24,1610612751,BKN,0022300250,2023-11-26,BKN vs. CHI,W,118,9
2023-24,1610612759,SAS,0022300252,2023-11-26,SAS @ DEN,L,120,-12
2023-24,1610612739,CLE,0022300251,2023-11-26,CLE vs. TOR,W,105,3
2023-24,1610612750,MIN,0022300249,2023-11-26,MIN @ MEM,W,119,22
2023-24,1610612753,ORL,0022300248,2023-11-26,ORL vs. CHA,W,130,13
2023-24,1610612755,PHI,0022300255,2023-11-27,PHI vs. LAL,W,138,44
2023-24,1610612757,POR,0022300254,2023-11-27,POR @ IND,W,114,4
2023-24,1610612747,LAL,0022300255,2023-11-27,LAL @ PHI,L,94,-44
2023-24,1610612754,IND,0022300254,2023-11-27,IND vs. POR,L,110,-4
2023-24,1610612762,UTA,0022300256,2023-11-27,UTA vs. NOP,W,114,2
2023-24,1610612746,LAC,0022300257,2023-11-27,LAC vs. DEN,L,104,-9
2023-24,1610612743,DEN,0022300257,2023-11-27,DEN @ LAC,W,113,9
2023-24,1610612740,NOP,0022300256,2023-11-27,NOP @ UTA,L,112,-2
2023-24,1610612765,DET,0022300253,2023-11-27,DET vs. WAS,L,107,-19
2023-24,1610612764,WAS,0022300253,2023-11-27,WAS @ DET,W,126,19
2023-24,1610612749,MIL,0022300056,2023-11-28,MIL @ MIA,W,131,7
2023-24,1610612748,MIA,0022300056,2023-11-28,MIA vs. MIL,L,124,-7
2023-24,1610612760,OKC,0022300058,2023-11-28,OKC @ MIN,L,103,-3
2023-24,1610612761,TOR,0022300054,2023-11-28,TOR @ BKN,L,103,-12
2023-24,1610612766,CHA,0022300057,2023-11-28,CHA @ NYK,L,91,-24
2023-24,1610612744,GSW,0022300060,2023-11-28,GSW @ SAC,L,123,-1
2023-24,1610612739,CLE,0022300055,2023-11-28,CLE vs. ATL,W,128,23
2023-24,1610612741,CHI,0022300053,2023-11-28,CHI @ BOS,L,97,-27
2023-24,1610612737,ATL,0022300055,2023-11-28,ATL @ CLE,L,105,-23
2023-24,1610612738,BOS,0022300053,2023-11-28,BOS vs. CHI,W,124,27
2023-24,1610612745,HOU,0022300059,2023-11-28,HOU @ DAL,L,115,-6
2023-24,1610612758,SAC,0022300060,2023-11-28,SAC vs. GSW,W,124,1
2023-24,1610612742,DAL,0022300059,2023-11-28,DAL vs. HOU,W,121,6
2023-24,1610612750,MIN,0022300058,2023-11-28,MIN vs. OKC,W,106,3
2023-24,1610612751,BKN,0022300054,2023-11-28,BKN vs. TOR,W,115,12
2023-24,1610612752,NYK,0022300057,2023-11-28,NYK vs. CHA,W,115,24
2023-24,1610612765,DET,0022300258,2023-11-29,DET vs. LAL,L,107,-26
2023-24,1610612764,WAS,0022300259,2023-11-29,WAS @ ORL,L,120,-19
2023-24,1610612740,NOP,0022300262,2023-11-29,NOP vs. PHI,W,124,10
2023-24,1610612761,TOR,0022300260,2023-11-29,TOR vs. PHX,W,112,7
2023-24,1610612746,LAC,0022300264,2023-11-29,LAC @ SAC,W,131,14
2023-24,1610612755,PHI,0022300262,2023-11-29,PHI @ NOP,L,114,-10
2023-24,1610612745,HOU,0022300263,2023-11-29,HOU @ DEN,L,124,-10
2023-24,1610612743,DEN,0022300263,2023-11-29,DEN vs. HOU,W,134,10
2023-24,1610612758,SAC,0022300264,2023-11-29,SAC vs. LAC,L,117,-14
2023-24,1610612756,PHX,0022300260,2023-11-29,PHX @ TOR,L,105,-7
2023-24,1610612763,MEM,0022300261,2023-11-29,MEM vs. UTA,W,105,14
2023-24,1610612762,UTA,0022300261,2023-11-29,UTA @ MEM,L,91,-14
2023-24,1610612753,ORL,0022300259,2023-11-29,ORL vs. WAS,W,139,19
2023-24,1610612747,LAL,0022300258,2023-11-29,LAL @ DET,W,133,26
2023-24,1610612760,OKC,0022300271,2023-11-30,OKC vs. LAL,W,133,23
2023-24,1610612754,IND,0022300267,2023-11-30,IND @ MIA,L,132,-10
2023-24,1610612741,CHI,0022300269,2023-11-30,CHI vs. MIL,W,120,7
2023-24,1610612762,UTA,0022300270,2023-11-30,UTA @ MIN,L,90,-11
2023-24,1610612766,CHA,0022300266,2023-11-30,CHA @ BKN,W,129,1
2023-24,1610612765,DET,0022300268,2023-11-30,DET @ NYK,L,112,-6
2023-24,1610612748,MIA,0022300267,2023-11-30,MIA vs. IND,W,142,10
2023-24,1610612739,CLE,0022300265,2023-11-30,CLE vs. POR,L,95,-8
2023-24,1610612737,ATL,0022300272,2023-11-30,ATL @ SAS,W,137,2
2023-24,1610612759,SAS,0022300272,2023-11-30,SAS vs. ATL,L,135,-2
2023-24,1610612757,POR,0022300265,2023-11-30,POR @ CLE,W,103,8
2023-24,1610612749,MIL,0022300269,2023-11-30,MIL @ CHI,L,113,-7
2023-24,1610612746,LAC,0022300273,2023-11-30,LAC @ GSW,L,114,-6
2023-24,1610612744,GSW,0022300273,2023-11-30,GSW vs. LAC,W,120,6
2023-24,1610612747,LAL,0022300271,2023-11-30,LAL @ OKC,L,110,-23
2023-24,1610612750,MIN,0022300270,2023-11-30,MIN vs. UTA,W,101,11
2023-24,1610612752,NYK,0022300268,2023-11-30,NYK vs. DET,W,118,6
2023-24,1610612751,BKN,0022300266,2023-11-30,BKN vs. CHA,L,128,-1
2023-24,1610612761,TOR,0022300276,2023-12-01,TOR vs. NYK,L,106,-13
2023-24,1610612764,WAS,0022300274,2023-12-01,WAS @ ORL,L,125,-5
2023-24,1610612738,BOS,0022300275,2023-12-01,BOS vs. PHI,W,125,6
2023-24,1610612743,DEN,0022300279,2023-12-01,DEN @ PHX,W,119,8
2023-24,1610612740,NOP,0022300278,2023-12-01,NOP vs. SAS,W,121,15
2023-24,1610612755,PHI,0022300275,2023-12-01,PHI @ BOS,L,119,-6
2023-24,1610612759,SAS,0022300278,2023-12-01,SAS @ NOP,L,106,-15
2023-24,1610612763,MEM,0022300277,2023-12-01,MEM @ DAL,W,108,14
2023-24,1610612756,PHX,0022300279,2023-12-01,PHX vs. DEN,L,111,-8
2023-24,1610612752,NYK,0022300276,2023-12-01,NYK @ TOR,W,119,13
2023-24,1610612742,DAL,0022300277,2023-12-01,DAL vs. MEM,L,94,-14
2023-24,1610612753,ORL,0022300274,2023-12-01,ORL vs. WAS,W,130,5
2023-24,1610612745,HOU,0022300291,2023-12-02,HOU @ LAL,L,97,-10
2023-24,1610612754,IND,0022300284,2023-12-02,IND @ MIA,W,144,15
2023-24,1610612737,ATL,0022300286,2023-12-02,ATL @ MIL,L,121,-11
2023-24,1610612766,CHA,0022300281,2023-12-02,CHA vs. MIN,L,117,-6
2023-24,1610612753,ORL,0022300282,2023-12-02,ORL @ BKN,L,101,-28
2023-24,1610612751,BKN,0022300282,2023-12-02,BKN vs. ORL,W,129,28
2023-24,1610612748,MIA,0022300284,2023-12-02,MIA vs. IND,L,129,-15
2023-24,1610612763,MEM,0022300288,2023-12-02,MEM @ PHX,L,109,-7
2023-24,1610612762,UTA,0022300289,2023-12-02,UTA vs. POR,W,118,5
2023-24,1610612743,DEN,0022300290,2023-12-02,DEN @ SAC,L,117,-6
2023-24,1610612749,MIL,0022300286,2023-12-02,MIL vs. ATL,W,132,11
2023-24,1610612765,DET,0022300283,2023-12-02,DET vs. CLE,L,101,-9
2023-24,1610612741,CHI,0022300285,2023-12-02,CHI vs. NOP,W,124,6
2023-24,1610612740,NOP,0022300285,2023-12-02,NOP @ CHI,L,118,-6
2023-24,1610612760,OKC,0022300287,2023-12-02,OKC @ DAL,W,126,6
2023-24,1610612758,SAC,0022300290,2023-12-02,SAC vs. DEN,W,123,6
2023-24,1610612746,LAC,0022300280,2023-12-02,LAC vs. GSW,W,113,1
2023-24,1610612747,LAL,0022300291,2023-12-02,LAL vs. HOU,W,107,10
2023-24,1610612744,GSW,0022300280,2023-12-02,GSW @ LAC,L,112,-1
2023-24,1610612742,DAL,0022300287,2023-12-02,DAL vs. OKC,L,120,-6
2023-24,1610612757,POR,0022300289,2023-12-02,POR @ UTA,L,113,-5
2023-24,1610612756,PHX,0022300288,2023-12-02,PHX vs. MEM,W,116,7
2023-24,1610612739,CLE,0022300283,2023-12-02,CLE @ DET,W,110,9
2023-24,1610612750,MIN,0022300281,2023-12-02,MIN @ CHA,W,123,6
2023-24,1610612738,BOS,0022301202,2023-12-04,BOS @ IND,L,112,-10
2023-24,1610612740,NOP,0022301204,2023-12-04,NOP @ SAC,W,127,10
2023-24,1610612754,IND,0022301202,2023-12-04,IND vs. BOS,W,122,10
2023-24,1610612758,SAC,0022301204,2023-12-04,SAC vs. NOP,L,117,-10
2023-24,1610612756,PHX,0022301203,2023-12-05,PHX @ LAL,L,103,-3
2023-24,1610612752,NYK,0022301201,2023-12-05,NYK @ MIL,L,122,-24
2023-24,1610612749,MIL,0022301201,2023-12-05,MIL vs. NYK,W,146,24
2023-24,1610612747,LAL,0022301203,2023-12-05,LAL vs. PHX,W,106,3
2023-24,1610612761,TOR,0022301207,2023-12-06,TOR vs. MIA,L,103,-9
2023-24,1610612759,SAS,0022301210,2023-12-06,SAS @ MIN,L,94,-8
2023-24,1610612737,ATL,0022301209,2023-12-06,ATL vs. BKN,L,113,-1
2023-24,1610612739,CLE,0022301205,2023-12-06,CLE vs. ORL,W,121,10
2023-24,1610612764,WAS,0022301208,2023-12-06,WAS vs. PHI,L,126,-5
2023-24,1610612744,GSW,0022301214,2023-12-06,GSW vs. POR,W,110,4
2023-24,1610612750,MIN,0022301210,2023-12-06,MIN vs. SAS,W,102,8
2023-24,1610612751,BKN,0022301209,2023-12-06,BKN @ ATL,W,114,1
2023-24,1610612753,ORL,0022301205,2023-12-06,ORL @ CLE,L,111,-10
2023-24,1610612766,CHA,0022301211,2023-12-06,CHA @ CHI,L,100,-11
2023-24,1610612762,UTA,0022301213,2023-12-06,UTA @ DAL,L,97,-50
2023-24,1610612746,LAC,0022301215,2023-12-06,LAC vs. DEN,W,111,9
2023-24,1610612757,POR,0022301214,2023-12-06,POR @ GSW,L,106,-4
2023-24,1610612760,OKC,0022301212,2023-12-06,OKC @ HOU,L,101,-9
2023-24,1610612743,DEN,0022301215,2023-12-06,DEN @ LAC,L,102,-9
2023-24,1610612745,HOU,0022301212,2023-12-06,HOU vs. OKC,W,110,9
2023-24,1610612748,MIA,0022301207,2023-12-06,MIA @ TOR,W,112,9
2023-24,1610612742,DAL,0022301213,2023-12-06,DAL vs. UTA,W,147,50
2023-24,1610612765,DET,0022301206,2023-12-06,DET vs. MEM,L,102,-14
2023-24,1610612755,PHI,0022301208,2023-12-06,PHI @ WAS,W,131,5
2023-24,1610612763,MEM,0022301206,2023-12-06,MEM @ DET,W,116,14
2023-24,1610612741,CHI,0022301211,2023-12-06,CHI vs. CHA,W,111,11
2023-24,1610612740,NOP,0022301230,2023-12-07,NOP @ LAL,L,89,-44
2023-24,1610612754,IND,0022301229,2023-12-07,IND @ MIL,W,128,9
2023-24,1610612749,MIL,0022301229,2023-12-07,MIL vs. IND,L,119,-9
2023-24,1610612747,LAL,0022301230,2023-12-07,LAL vs. NOP,W,133,44
2023-24,1610612739,CLE,0022301220,2023-12-08,CLE @ MIA,W,111,12
2023-24,1610612763,MEM,0022301221,2023-12-08,MEM vs. MIN,L,103,-24
2023-24,1610612764,WAS,0022301219,2023-12-08,WAS @ BKN,L,97,-27
2023-24,1610612738,BOS,0022301227,2023-12-08,BOS vs. NYK,W,133,10
2023-24,1610612765,DET,0022301217,2023-12-08,DET @ ORL,L,91,-32
2023-24,1610612737,ATL,0022301218,2023-12-08,ATL @ PHI,L,114,-11
2023-24,1610612758,SAC,0022301228,2023-12-08,SAC @ PHX,W,114,8
2023-24,1610612742,DAL,0022301226,2023-12-08,DAL @ POR,W,125,13
2023-24,1610612756,PHX,0022301228,2023-12-08,PHX vs. SAC,L,106,-8
2023-24,1610612741,CHI,0022301223,2023-12-08,CHI @ SAS,W,121,9
2023-24,1610612755,PHI,0022301218,2023-12-08,PHI vs. ATL,W,125,11
2023-24,1610612752,NYK,0022301227,2023-12-08,NYK @ BOS,L,123,-10
2023-24,1610612748,MIA,0022301220,2023-12-08,MIA vs. CLE,L,99,-12
2023-24,1610612759,SAS,0022301223,2023-12-08,SAS vs. CHI,L,112,-9
2023-24,1610612757,POR,0022301226,2023-12-08,POR vs. DAL,L,112,-13
2023-24,1610612745,HOU,0022301224,2023-12-08,HOU @ DEN,W,114,8
2023-24,1610612760,OKC,0022301222,2023-12-08,OKC vs. GSW,W,138,2
2023-24,1610612743,DEN,0022301224,2023-12-08,DEN vs. HOU,L,106,-8
2023-24,1610612762,UTA,0022301225,2023-12-08,UTA vs. LAC,L,103,-14
2023-24,1610612744,GSW,0022301222,2023-12-08,GSW @ OKC,L,136,-2
2023-24,1610612766,CHA,0022301216,2023-12-08,CHA vs. TOR,W,119,3
2023-24,1610612746,LAC,0022301225,2023-12-08,LAC @ UTA,W,117,14
2023-24,1610612750,MIN,0022301221,2023-12-08,MIN @ MEM,W,127,24
2023-24,1610612751,BKN,0022301219,2023-12-08,BKN vs. WAS,W,124,27
2023-24,1610612753,ORL,0022301217,2023-12-08,ORL vs. DET,W,123,32
2023-24,1610612761,TOR,0022301216,2023-12-08,TOR @ CHA,L,116,-3
2023-24,1610612766,CHA,0022300292,2023-12-11,CHA vs. MIA,L,114,-2
2023-24,1610612741,CHI,0022300300,2023-12-11,CHI @ MIL,L,129,-4
2023-24,1610612740,NOP,0022300301,2023-12-11,NOP vs. MIN,W,121,14
2023-24,1610612758,SAC,0022300303,2023-12-11,SAC vs. BKN,W,131,13
2023-24,1610612761,TOR,0022300297,2023-12-11,TOR @ NYK,L,130,-6
2023-24,1610612739,CLE,0022300294,2023-12-11,CLE @ ORL,L,94,-10
2023-24,1610612765,DET,0022300293,2023-12-11,DET vs. IND,L,123,-8
2023-24,1610612764,WAS,0022300295,2023-12-11,WAS @ PHI,L,101,-45
2023-24,1610612746,LAC,0022300304,2023-12-11,LAC vs. POR,W,132,5
2023-24,1610612751,BKN,0022300303,2023-12-11,BKN @ SAC,L,118,-13
2023-24,1610612745,HOU,0022300298,2023-12-11,HOU vs. SAS,W,93,11
2023-24,1610612743,DEN,0022300296,2023-12-11,DEN @ ATL,W,129,7
2023-24,1610612753,ORL,0022300294,2023-12-11,ORL vs. CLE,W,104,10
2023-24,1610612750,MIN,0022300301,2023-12-11,MIN @ NOP,L,107,-14
2023-24,1610612749,MIL,0022300300,2023-12-11,MIL vs. CHI,W,133,4
2023-24,1610612763,MEM,0022300299,2023-12-11,MEM vs. DAL,L,113,-7
2023-24,1610612737,ATL,0022300296,2023-12-11,ATL vs. DEN,L,122,-7
2023-24,1610612759,SAS,0022300298,2023-12-11,SAS @ HOU,L,82,-11
2023-24,1610612757,POR,0022300304,2023-12-11,POR @ LAC,L,127,-5
2023-24,1610612762,UTA,0022300302,2023-12-11,UTA @ OKC,L,120,-14
2023-24,1610612752,NYK,0022300297,2023-12-11,NYK vs. TOR,W,136,6
2023-24,1610612760,OKC,0022300302,2023-12-11,OKC vs. UTA,W,134,14
2023-24,1610612742,DAL,0022300299,2023-12-11,DAL @ MEM,W,120,7
2023-24,1610612755,PHI,0022300295,2023-12-11,PHI vs. WAS,W,146,45
2023-24,1610612754,IND,0022300293,2023-12-11,IND @ DET,W,131,8
2023-24,1610612748,MIA,0022300292,2023-12-11,MIA @ CHA,W,116,2
2023-24,1610612742,DAL,0022300306,2023-12-12,DAL vs. LAL,W,127,2
2023-24,1610612744,GSW,0022300308,2023-12-12,GSW @ PHX,L,116,-3
2023-24,1610612746,LAC,0022300309,2023-12-12,LAC vs. SAC,W,119,20
2023-24,1610612739,CLE,0022300305,2023-12-12,CLE @ BOS,L,113,-7
2023-24,1610612738,BOS,0022300305,2023-12-12,BOS vs. CLE,W,120,7
2023-24,1610612743,DEN,0022300307,2023-12-12,DEN @ CHI,W,114,8
2023-24,1610612747,LAL,0022300306,2023-12-12,LAL @ DAL,L,125,-2
2023-24,1610612741,CHI,0022300307,2023-12-12,CHI vs. DEN,L,106,-8
2023-24,1610612756,PHX,0022300308,2023-12-12,PHX vs. GSW,W,119,3
2023-24,1610612758,SAC,0022300309,2023-12-12,SAC @ LAC,L,99,-20
2023-24,1610612759,SAS,0022300316,2023-12-13,SAS vs. LAL,L,119,-3
2023-24,1610612766,CHA,0022300312,2023-12-13,CHA @ MIA,L,104,-11
2023-24,1610612754,IND,0022300315,2023-12-13,IND @ MIL,L,126,-14
2023-24,1610612756,PHX,0022300317,2023-12-13,PHX vs. BKN,L,112,-4
2023-24,1610612762,UTA,0022300318,2023-12-13,UTA vs. NYK,W,117,4
2023-24,1610612749,MIL,0022300315,2023-12-13,MIL vs. IND,W,140,14
2023-24,1610612765,DET,0022300310,2023-12-13,DET vs. PHI,L,111,-18
2023-24,1610612751,BKN,0022300317,2023-12-13,BKN @ PHX,W,116,4
2023-24,1610612747,LAL,0022300316,2023-12-13,LAL @ SAS,W,122,3
2023-24,1610612761,TOR,0022300313,2023-12-13,TOR vs. ATL,W,135,7
2023-24,1610612764,WAS,0022300311,2023-12-13,WAS vs. NOP,L,122,-20
2023-24,1610612763,MEM,0022300314,2023-12-13,MEM @ HOU,L,104,-13
2023-24,1610612737,ATL,0022300313,2023-12-13,ATL @ TOR,L,128,-7
2023-24,1610612752,NYK,0022300318,2023-12-13,NYK @ UTA,L,113,-4
2023-24,1610612745,HOU,0022300314,2023-12-13,HOU vs. MEM,W,117,13
2023-24,1610612740,NOP,0022300311,2023-12-13,NOP @ WAS,W,142,20
2023-24,1610612755,PHI,0022300310,2023-12-13,PHI @ DET,W,129,18
2023-24,1610612748,MIA,0022300312,2023-12-13,MIA vs. CHA,W,115,11
2023-24,1610612741,CHI,0022300320,2023-12-14,CHI @ MIA,W,124,8
2023-24,1610612742,DAL,0022300321,2023-12-14,DAL vs. MIN,L,101,-18
2023-24,1610612743,DEN,0022300322,2023-12-14,DEN vs. BKN,W,124,23
2023-24,1610612762,UTA,0022300323,2023-12-14,UTA @ POR,W,122,8
2023-24,1610612760,OKC,0022300324,2023-12-14,OKC @ SAC,L,123,-5
2023-24,1610612739,CLE,0022300319,2023-12-14,CLE @ BOS,L,107,-9
2023-24,1610612738,BOS,0022300319,2023-12-14,BOS vs. CLE,W,116,9
2023-24,1610612748,MIA,0022300320,2023-12-14,MIA vs. CHI,L,116,-8
2023-24,1610612750,MIN,0022300321,2023-12-14,MIN @ DAL,W,119,18
2023-24,1610612751,BKN,0022300322,2023-12-14,BKN @ DEN,L,101,-23
2023-24,1610612746,LAC,0022300325,2023-12-14,LAC vs. GSW,W,121,8
2023-24,1610612744,GSW,0022300325,2023-12-14,GSW @ LAC,L,113,-8
2023-24,1610612758,SAC,0022300324,2023-12-14,SAC vs. OKC,W,128,5
2023-24,1610612757,POR,0022300323,2023-12-14,POR vs. UTA,L,114,-8
2023-24,1610612759,SAS,0022300331,2023-12-15,SAS vs. LAL,W,129,14
2023-24,1610612756,PHX,0022300333,2023-12-15,PHX vs. NYK,L,122,-17
2023-24,1610612738,BOS,0022300329,2023-12-15,BOS vs. ORL,W,128,17
2023-24,1610612764,WAS,0022300328,2023-12-15,WAS vs. IND,W,137,14
2023-24,1610612765,DET,0022300327,2023-12-15,DET @ PHI,L,92,-32
2023-24,1610612752,NYK,0022300333,2023-12-15,NYK @ PHX,W,139,17
2023-24,1610612747,LAL,0022300331,2023-12-15,LAL @ SAS,L,115,-14
2023-24,1610612761,TOR,0022300330,2023-12-15,TOR vs. ATL,L,104,-21
2023-24,1610612753,ORL,0022300329,2023-12-15,ORL @ BOS,L,111,-17
2023-24,1610612766,CHA,0022300326,2023-12-15,CHA vs. NOP,L,107,-5
2023-24,1610612763,MEM,0022300332,2023-12-15,MEM vs. HOU,L,96,-7
2023-24,1610612737,ATL,0022300330,2023-12-15,ATL @ TOR,W,125,21
2023-24,1610612745,HOU,0022300332,2023-12-15,HOU @ MEM,W,103,7
2023-24,1610612754,IND,0022300328,2023-12-15,IND @ WAS,L,123,-14
2023-24,1610612755,PHI,0022300327,2023-12-15,PHI vs. DET,W,124,32
2023-24,1610612740,NOP,0022300326,2023-12-15,NOP @ CHA,W,112,5
2023-24,1610612741,CHI,0022300337,2023-12-16,CHI @ MIA,L,116,-2
2023-24,1610612765,DET,0022300334,2023-12-16,DET @ MIL,L,114,-32
2023-24,1610612754,IND,0022300338,2023-12-16,IND @ MIN,L,109,-18
2023-24,1610612744,GSW,0022300339,2023-12-16,GSW vs. BKN,W,124,4
2023-24,1610612746,LAC,0022300343,2023-12-16,LAC vs. NYK,W,144,22
2023-24,1610612750,MIN,0022300338,2023-12-16,MIN vs. IND,W,127,18
2023-24,1610612766,CHA,0022300335,2023-12-16,CHA vs. PHI,L,82,-53
2023-24,1610612742,DAL,0022300341,2023-12-16,DAL @ POR,W,131,11
2023-24,1610612762,UTA,0022300342,2023-12-16,UTA @ SAC,L,104,-21
2023-24,1610612739,CLE,0022300336,2023-12-16,CLE vs. ATL,W,127,8
2023-24,1610612737,ATL,0022300336,2023-12-16,ATL @ CLE,L,119,-8
2023-24,1610612748,MIA,0022300337,2023-12-16,MIA vs. CHI,W,118,2
2023-24,1610612757,POR,0022300341,2023-12-16,POR vs. DAL,L,120,-11
2023-24,1610612760,OKC,0022300340,2023-12-16,OKC @ DEN,W,118,1
2023-24,1610612751,BKN,0022300339,2023-12-16,BKN @ GSW,L,120,-4
2023-24,1610612752,NYK,0022300343,2023-12-16,NYK @ LAC,L,122,-22
2023-24,1610612743,DEN,0022300340,2023-12-16,DEN vs. OKC,L,117,-1
2023-24,1610612758,SAC,0022300342,2023-12-16,SAC vs. UTA,W,125,21
2023-24,1610612749,MIL,0022300334,2023-12-16,MIL vs. DET,W,146,32
2023-24,1610612755,PHI,0022300335,2023-12-16,PHI @ CHA,W,135,53
2023-24,1610612745,HOU,0022300346,2023-12-17,HOU @ MIL,L,119,-9
2023-24,1610612738,BOS,0022300344,2023-12-17,BOS vs. ORL,W,114,17
2023-24,1610612764,WAS,0022300347,2023-12-17,WAS @ PHX,L,108,-4
2023-24,1610612744,GSW,0022300348,2023-12-17,GSW @ POR,W,118,4
2023-24,1610612740,NOP,0022300345,2023-12-17,NOP @ SAS,W,146,36
2023-24,1610612753,ORL,0022300344,2023-12-17,ORL @ BOS,L,97,-17
2023-24,1610612759,SAS,0022300345,2023-12-17,SAS vs. NOP,L,110,-36
2023-24,1610612757,POR,0022300348,2023-12-17,POR vs. GSW,L,114,-4
2023-24,1610612749,MIL,0022300346,2023-12-17,MIL vs. HOU,W,128,9
2023-24,1610612756,PHX,0022300347,2023-12-17,PHX vs. WAS,W,112,4
2023-24,1610612752,NYK,0022300359,2023-12-18,NYK @ LAL,W,114,5
2023-24,1610612750,MIN,0022300353,2023-12-18,MIN @ MIA,W,112,4
2023-24,1610612748,MIA,0022300353,2023-12-18,MIA vs. MIN,L,108,-4
2023-24,1610612762,UTA,0022300357,2023-12-18,UTA vs. BKN,W,125,17
2023-24,1610612747,LAL,0022300359,2023-12-18,LAL vs. NYK,L,109,-5
2023-24,1610612746,LAC,0022300350,2023-12-18,LAC @ IND,W,151,24
2023-24,1610612741,CHI,0022300351,2023-12-18,CHI @ PHI,W,108,4
2023-24,1610612764,WAS,0022300358,2023-12-18,WAS @ SAC,L,131,-12
2023-24,1610612765,DET,0022300352,2023-12-18,DET @ ATL,L,124,-6
2023-24,1610612745,HOU,0022300349,2023-12-18,HOU @ CLE,L,130,-5
2023-24,1610612755,PHI,0022300351,2023-12-18,PHI vs. CHI,L,104,-4
2023-24,1610612743,DEN,0022300356,2023-12-18,DEN vs. DAL,W,130,26
2023-24,1610612742,DAL,0022300356,2023-12-18,DAL @ DEN,L,104,-26
2023-24,1610612739,CLE,0022300349,2023-12-18,CLE vs. HOU,W,135,5
2023-24,1610612754,IND,0022300350,2023-12-18,IND vs. LAC,L,127,-24
2023-24,1610612763,MEM,0022300355,2023-12-18,MEM @ OKC,L,97,-19
2023-24,1610612766,CHA,0022300354,2023-12-18,CHA @ TOR,L,99,-15
2023-24,1610612751,BKN,0022300357,2023-12-18,BKN @ UTA,L,108,-17
2023-24,1610612760,OKC,0022300355,2023-12-18,OKC vs. MEM,W,116,19
2023-24,1610612758,SAC,0022300358,2023-12-18,SAC vs. WAS,W,143,12
2023-24,1610612737,ATL,0022300352,2023-12-18,ATL vs. DET,W,130,6
2023-24,1610612761,TOR,0022300354,2023-12-18,TOR vs. CHA,W,114,15
2023-24,1610612759,SAS,0022300361,2023-12-19,SAS @ MIL,L,119,-13
2023-24,1610612757,POR,0022300363,2023-12-19,POR vs. PHX,W,109,5
2023-24,1610612756,PHX,0022300363,2023-12-19,PHX @ POR,L,104,-5
2023-24,1610612749,MIL,0022300361,2023-12-19,MIL vs. SAS,W,132,13
2023-24,1610612744,GSW,0022300362,2023-12-19,GSW vs. BOS,W,132,6
2023-24,1610612763,MEM,0022300360,2023-12-19,MEM @ NOP,W,115,2
2023-24,1610612738,BOS,0022300362,2023-12-19,BOS @ GSW,L,126,-6
2023-24,1610612740,NOP,0022300360,2023-12-19,NOP vs. MEM,L,113,-2
2023-24,1610612741,CHI,0022300370,2023-12-20,CHI vs. LAL,W,124,16
2023-24,1610612753,ORL,0022300366,2023-12-20,ORL vs. MIA,L,106,-9
2023-24,1610612755,PHI,0022300367,2023-12-20,PHI vs. MIN,W,127,14
2023-24,1610612752,NYK,0022300368,2023-12-20,NYK @ BKN,W,121,19
2023-24,1610612751,BKN,0022300368,2023-12-20,BKN vs. NYK,L,102,-19
2023-24,1610612748,MIA,0022300366,2023-12-20,MIA @ ORL,W,115,9
2023-24,1610612766,CHA,0022300365,2023-12-20,CHA @ IND,L,113,-31
2023-24,1610612750,MIN,0022300367,2023-12-20,MIN @ PHI,L,113,-14
2023-24,1610612738,BOS,0022300373,2023-12-20,BOS @ SAC,W,144,25
2023-24,1610612745,HOU,0022300371,2023-12-20,HOU vs. ATL,L,127,-7
2023-24,1610612758,SAC,0022300373,2023-12-20,SAC vs. BOS,L,119,-25
2023-24,1610612762,UTA,0022300364,2023-12-20,UTA @ CLE,L,116,-8
2023-24,1610612747,LAL,0022300370,2023-12-20,LAL @ CHI,L,108,-16
2023-24,1610612746,LAC,0022300372,2023-12-20,LAC @ DAL,W,120,9
2023-24,1610612761,TOR,0022300369,2023-12-20,TOR vs. DEN,L,104,-9
2023-24,1610612737,ATL,0022300371,2023-12-20,ATL @ HOU,W,134,7
2023-24,1610612742,DAL,0022300372,2023-12-20,DAL vs. LAC,L,111,-9
2023-24,1610612743,DEN,0022300369,2023-12-20,DEN @ TOR,W,113,9
2023-24,1610612739,CLE,0022300364,2023-12-20,CLE vs. UTA,W,124,8
2023-24,1610612754,IND,0022300365,2023-12-20,IND vs. CHA,W,144,31
2023-24,1610612750,MIN,0022300380,2023-12-21,MIN vs. LAL,W,118,7
2023-24,1610612753,ORL,0022300378,2023-12-21,ORL @ MIL,L,114,-4
2023-24,1610612747,LAL,0022300380,2023-12-21,LAL @ MIN,L,111,-7
2023-24,1610612749,MIL,0022300378,2023-12-21,MIL vs. ORL,W,118,4
2023-24,1610612763,MEM,0022300377,2023-12-21,MEM vs. IND,W,116,13
2023-24,1610612764,WAS,0022300381,2023-12-21,WAS @ POR,W,118,1
2023-24,1610612741,CHI,0022300376,2023-12-21,CHI vs. SAS,W,114,19
2023-24,1610612740,NOP,0022300375,2023-12-21,NOP @ CLE,W,123,19
2023-24,1610612739,CLE,0022300375,2023-12-21,CLE vs. NOP,L,104,-19
2023-24,1610612759,SAS,0022300376,2023-12-21,SAS @ CHI,L,95,-19
2023-24,1610612760,OKC,0022300379,2023-12-21,OKC vs. LAC,W,134,19
2023-24,1610612746,LAC,0022300379,2023-12-21,LAC @ OKC,L,115,-19
2023-24,1610612765,DET,0022300374,2023-12-21,DET vs. UTA,L,111,-8
2023-24,1610612754,IND,0022300377,2023-12-21,IND @ MEM,L,103,-13
2023-24,1610612757,POR,0022300381,2023-12-21,POR vs. WAS,L,117,-1
2023-24,1610612762,UTA,0022300374,2023-12-21,UTA @ DET,W,119,8
2023-24,1610612737,ATL,0022300384,2023-12-22,ATL @ MIA,L,113,-9
2023-24,1610612743,DEN,0022300383,2023-12-22,DEN @ BKN,W,122,5
2023-24,1610612761,TOR,0022300382,2023-12-22,TOR @ PHI,L,111,-10
2023-24,1610612758,SAC,0022300387,2023-12-22,SAC vs. PHX,W,120,15
2023-24,1610612756,PHX,0022300387,2023-12-22,PHX @ SAC,L,105,-15
2023-24,1610612748,MIA,0022300384,2023-12-22,MIA vs. ATL,W,122,9
2023-24,1610612745,HOU,0022300385,2023-12-22,HOU vs. DAL,W,122,26
2023-24,1610612751,BKN,0022300383,2023-12-22,BKN vs. DEN,L,117,-5
2023-24,1610612764,WAS,0022300386,2023-12-22,WAS @ GSW,L,118,-11
2023-24,1610612742,DAL,0022300385,2023-12-22,DAL @ HOU,L,96,-26
2023-24,1610612755,PHI,0022300382,2023-12-22,PHI vs. TOR,W,121,10
2023-24,1610612744,GSW,0022300386,2023-12-22,GSW vs. WAS,W,129,11
2023-24,1610612760,OKC,0022300397,2023-12-23,OKC vs. LAL,L,120,-9
2023-24,1610612752,NYK,0022300388,2023-12-23,NYK vs. MIL,L,111,-19
2023-24,1610612758,SAC,0022300400,2023-12-23,SAC vs. MIN,L,98,-12
2023-24,1610612765,DET,0022300394,2023-12-23,DET @ BKN,L,115,-11
2023-24,1610612749,MIL,0022300388,2023-12-23,MIL @ NYK,W,130,19
2023-24,1610612754,IND,0022300391,2023-12-23,IND vs. ORL,L,110,-7
2023-24,1610612753,ORL,0022300391,2023-12-23,ORL @ IND,W,117,7
2023-24,1610612744,GSW,0022300399,2023-12-23,GSW vs. POR,W,126,20
2023-24,1610612750,MIN,0022300400,2023-12-23,MIN @ SAC,W,110,12
2023-24,1610612742,DAL,0022300398,2023-12-23,DAL vs. SAS,W,144,25
2023-24,1610612763,MEM,0022300393,2023-12-23,MEM @ ATL,W,125,6
2023-24,1610612746,LAC,0022300389,2023-12-23,LAC vs. BOS,L,108,-37
2023-24,1610612741,CHI,0022300396,2023-12-23,CHI vs. CLE,L,95,-14
2023-24,1610612745,HOU,0022300392,2023-12-23,HOU @ NOP,W,106,2
2023-24,1610612739,CLE,0022300396,2023-12-23,CLE @ CHI,W,109,14
2023-24,1610612759,SAS,0022300398,2023-12-23,SAS @ DAL,L,119,-25
2023-24,1610612766,CHA,0022300390,2023-12-23,CHA vs. DEN,L,95,-7
2023-24,1610612757,POR,0022300399,2023-12-23,POR @ GSW,L,106,-20
2023-24,1610612740,NOP,0022300392,2023-12-23,NOP vs. HOU,L,104,-2
2023-24,1610612738,BOS,0022300389,2023-12-23,BOS @ LAC,W,145,37
2023-24,1610612747,LAL,0022300397,2023-12-23,LAL @ OKC,W,129,9
2023-24,1610612762,UTA,0022300395,2023-12-23,UTA @ TOR,W,126,7
2023-24,1610612761,TOR,0022300395,2023-12-23,TOR vs. UTA,L,119,-7
2023-24,1610612737,ATL,0022300393,2023-12-23,ATL vs. MEM,L,119,-6
2023-24,1610612751,BKN,0022300394,2023-12-23,BKN vs. DET,W,126,11
2023-24,1610612743,DEN,0022300390,2023-12-23,DEN @ CHA,W,102,7
2023-24,1610612738,BOS,0022300403,2023-12-25,BOS @ LAL,W,126,11
2023-24,1610612755,PHI,0022300404,2023-12-25,PHI @ MIA,L,113,-6
2023-24,1610612752,NYK,0022300401,2023-12-25,NYK vs. MIL,W,129,7
2023-24,1610612749,MIL,0022300401,2023-12-25,MIL @ NYK,L,122,-7
2023-24,1610612748,MIA,0022300404,2023-12-25,MIA vs. PHI,W,119,6
2023-24,1610612742,DAL,0022300405,2023-12-25,DAL @ PHX,W,128,14
2023-24,1610612747,LAL,0022300403,2023-12-25,LAL vs. BOS,L,115,-11
2023-24,1610612756,PHX,0022300405,2023-12-25,PHX vs. DAL,L,114,-14
2023-24,1610612744,GSW,0022300402,2023-12-25,GSW @ DEN,L,114,-6
2023-24,1610612743,DEN,0022300402,2023-12-25,DEN vs. GSW,W,120,6
2023-24,1610612760,OKC,0022300411,2023-12-26,OKC vs. MIN,W,129,23
2023-24,1610612765,DET,0022300406,2023-12-26,DET vs. BKN,L,112,-6
2023-24,1610612764,WAS,0022300407,2023-12-26,WAS vs. ORL,L,119,-8
2023-24,1610612745,HOU,0022300409,2023-12-26,HOU vs. IND,L,117,-6
2023-24,1610612758,SAC,0022300413,2023-12-26,SAC @ POR,L,113,-17
2023-24,1610612757,POR,0022300413,2023-12-26,POR vs. SAC,W,130,17
2023-24,1610612762,UTA,0022300412,2023-12-26,UTA @ SAS,W,130,12
2023-24,1610612741,CHI,0022300408,2023-12-26,CHI vs. ATL,W,118,5
2023-24,1610612763,MEM,0022300410,2023-12-26,MEM @ NOP,W,116,1
2023-24,1610612737,ATL,0022300408,2023-12-26,ATL @ CHI,L,113,-5
2023-24,1610612754,IND,0022300409,2023-12-26,IND @ HOU,W,123,6
2023-24,1610612766,CHA,0022300414,2023-12-26,CHA @ LAC,L,104,-9
2023-24,1610612750,MIN,0022300411,2023-12-26,MIN @ OKC,L,106,-23
2023-24,1610612759,SAS,0022300412,2023-12-26,SAS vs. UTA,L,118,-12
2023-24,1610612740,NOP,0022300410,2023-12-26,NOP vs. MEM,L,115,-1
2023-24,1610612753,ORL,0022300407,2023-12-26,ORL @ WAS,W,127,8
2023-24,1610612751,BKN,0022300406,2023-12-26,BKN @ DET,W,118,6
2023-24,1610612746,LAC,0022300414,2023-12-26,LAC vs. CHA,W,113,9
2023-24,1610612751,BKN,0022300417,2023-12-27,BKN vs. MIL,L,122,-22
2023-24,1610612749,MIL,0022300417,2023-12-27,MIL @ BKN,W,144,22
2023-24,1610612760,OKC,0022300419,2023-12-27,OKC vs. NYK,W,129,9
2023-24,1610612755,PHI,0022300415,2023-12-27,PHI @ ORL,W,112,20
2023-24,1610612753,ORL,0022300415,2023-12-27,ORL vs. PHI,L,92,-20
2023-24,1610612745,HOU,0022300418,2023-12-27,HOU vs. PHX,L,113,-16
2023-24,1610612742,DAL,0022300420,2023-12-27,DAL vs. CLE,L,110,-3
2023-24,1610612739,CLE,0022300420,2023-12-27,CLE @ DAL,W,113,3
2023-24,1610612756,PHX,0022300418,2023-12-27,PHX @ HOU,W,129,16
2023-24,1610612752,NYK,0022300419,2023-12-27,NYK @ OKC,L,120,-9
2023-24,1610612764,WAS,0022300416,2023-12-27,WAS vs. TOR,L,102,-30
2023-24,1610612761,TOR,0022300416,2023-12-27,TOR @ WAS,W,132,30
2023-24,1610612766,CHA,0022300428,2023-12-28,CHA @ LAL,L,112,-21
2023-24,1610612744,GSW,0022300426,2023-12-28,GSW vs. MIA,L,102,-12
2023-24,1610612742,DAL,0022300423,2023-12-28,DAL @ MIN,L,110,-8
2023-24,1610612741,CHI,0022300422,2023-12-28,CHI vs. IND,L,104,-16
2023-24,1610612759,SAS,0022300427,2023-12-28,SAS @ POR,W,118,13
2023-24,1610612757,POR,0022300427,2023-12-28,POR vs. SAS,L,105,-13
2023-24,1610612765,DET,0022300421,2023-12-28,DET @ BOS,L,122,-6
2023-24,1610612762,UTA,0022300424,2023-12-28,UTA @ NOP,L,105,-7
2023-24,1610612754,IND,0022300422,2023-12-28,IND @ CHI,W,120,16
2023-24,1610612750,MIN,0022300423,2023-12-28,MIN vs. DAL,W,118,8
2023-24,1610612763,MEM,0022300425,2023-12-28,MEM @ DEN,L,105,-37
2023-24,1610612748,MIA,0022300426,2023-12-28,MIA @ GSW,W,114,12
2023-24,1610612740,NOP,0022300424,2023-12-28,NOP vs. UTA,W,112,7
2023-24,1610612743,DEN,0022300425,2023-12-28,DEN vs. MEM,W,142,37
2023-24,1610612738,BOS,0022300421,2023-12-28,BOS vs. DET,W,128,6
2023-24,1610612747,LAL,0022300428,2023-12-28,LAL vs. CHA,W,133,21
2023-24,1610612739,CLE,0022300433,2023-12-29,CLE vs. MIL,L,111,-8
2023-24,1610612764,WAS,0022300430,2023-12-29,WAS vs. BKN,W,110,6
2023-24,1610612753,ORL,0022300429,2023-12-29,ORL vs. NYK,W,117,9
2023-24,1610612752,NYK,0022300429,2023-12-29,NYK @ ORL,L,108,-9
2023-24,1610612745,HOU,0022300434,2023-12-29,HOU vs. PHI,L,127,-4
2023-24,1610612766,CHA,0022300436,2023-12-29,CHA @ PHX,L,119,-14
2023-24,1610612759,SAS,0022300437,2023-12-29,SAS @ POR,L,128,-6
2023-24,1610612737,ATL,0022300431,2023-12-29,ATL vs. SAC,L,110,-7
2023-24,1610612757,POR,0022300437,2023-12-29,POR vs. SAS,W,134,6
2023-24,1610612758,SAC,0022300431,2023-12-29,SAC @ ATL,W,117,7
2023-24,1610612761,TOR,0022300432,2023-12-29,TOR @ BOS,L,118,-2
2023-24,1610612749,MIL,0022300433,2023-12-29,MIL @ CLE,W,119,8
2023-24,1610612760,OKC,0022300435,2023-12-29,OKC @ DEN,W,119,26
2023-24,1610612755,PHI,0022300434,2023-12-29,PHI @ HOU,W,131,4
2023-24,1610612763,MEM,0022300438,2023-12-29,MEM @ LAC,L,106,-11
2023-24,1610612743,DEN,0022300435,2023-12-29,DEN vs. OKC,L,93,-26
2023-24,1610612738,BOS,0022300432,2023-12-29,BOS vs. TOR,W,120,2
2023-24,1610612746,LAC,0022300438,2023-12-29,LAC vs. MEM,W,117,11
2023-24,1610612751,BKN,0022300430,2023-12-29,BKN @ WAS,L,104,-6
2023-24,1610612756,PHX,0022300436,2023-12-29,PHX vs. CHA,W,133,14
2023-24,1610612750,MIN,0022300443,2023-12-30,MIN vs. LAL,W,108,2
2023-24,1610612762,UTA,0022300439,2023-12-30,UTA vs. MIA,W,117,8
2023-24,1610612747,LAL,0022300443,2023-12-30,LAL @ MIN,L,106,-2
2023-24,1610612754,IND,0022300441,2023-12-30,IND vs. NYK,W,140,14
2023-24,1610612752,NYK,0022300441,2023-12-30,NYK @ IND,L,126,-14
2023-24,1610612741,CHI,0022300442,2023-12-30,CHI vs. PHI,W,105,13
2023-24,1610612755,PHI,0022300442,2023-12-30,PHI @ CHI,L,92,-13
2023-24,1610612744,GSW,0022300444,2023-12-30,GSW vs. DAL,L,122,-10
2023-24,1610612742,DAL,0022300444,2023-12-30,DAL @ GSW,W,132,10
2023-24,1610612765,DET,0022300440,2023-12-30,DET vs. TOR,W,129,2
2023-24,1610612748,MIA,0022300439,2023-12-30,MIA @ UTA,L,109,-8
2023-24,1610612761,TOR,0022300440,2023-12-30,TOR @ DET,L,127,-2
2023-24,1610612740,NOP,0022300446,2023-12-31,NOP vs. LAL,W,129,20
2023-24,1610612760,OKC,0022300447,2023-12-31,OKC vs. BKN,W,124,16
2023-24,1610612756,PHX,0022300450,2023-12-31,PHX vs. ORL,W,112,5
2023-24,1610612753,ORL,0022300450,2023-12-31,ORL @ PHX,L,107,-5
2023-24,1610612763,MEM,0022300449,2023-12-31,MEM vs. SAC,L,92,-31
2023-24,1610612738,BOS,0022300448,2023-12-31,BOS @ SAS,W,134,33
2023-24,1610612764,WAS,0022300445,2023-12-31,WAS vs. ATL,L,126,-4
2023-24,1610612759,SAS,0022300448,2023-12-31,SAS vs. BOS,L,101,-33
2023-24,1610612747,LAL,0022300446,2023-12-31,LAL @ NOP,L,109,-20
2023-24,1610612751,BKN,0022300447,2023-12-31,BKN @ OKC,L,108,-16
2023-24,1610612758,SAC,0022300449,2023-12-31,SAC @ MEM,W,123,31
2023-24,1610612737,ATL,0022300445,2023-12-31,ATL @ WAS,W,130,4
2023-24,1610612746,LAC,0022300458,2024-01-01,LAC vs. MIA,W,121,17
2023-24,1610612754,IND,0022300454,2024-01-01,IND @ MIL,W,122,9
2023-24,1610612752,NYK,0022300451,2024-01-01,NYK vs. MIN,W,112,6
2023-24,1610612750,MIN,0022300451,2024-01-01,MIN @ NYK,L,106,-6
2023-24,1610612749,MIL,0022300454,2024-01-01,MIL vs. IND,L,113,-9
2023-24,1610612757,POR,0022300456,2024-01-01,POR @ PHX,L,88,-21
2023-24,1610612756,PHX,0022300456,2024-01-01,PHX vs. POR,W,109,21
2023-24,1610612761,TOR,0022300452,2024-01-01,TOR vs. CLE,W,124,3
2023-24,1610612762,UTA,0022300457,2024-01-01,UTA vs. DAL,W,127,37
2023-24,1610612766,CHA,0022300455,2024-01-01,CHA @ DEN,L,93,-18
2023-24,1610612765,DET,0022300453,2024-01-01,DET @ HOU,L,113,-23
2023-24,1610612748,MIA,0022300458,2024-01-01,MIA @ LAC,L,104,-17
2023-24,1610612739,CLE,0022300452,2024-01-01,CLE @ TOR,L,121,-3
2023-24,1610612742,DAL,0022300457,2024-01-01,DAL @ UTA,L,90,-37
2023-24,1610612745,HOU,0022300453,2024-01-01,HOU vs. DET,W,136,23
2023-24,1610612743,DEN,0022300455,2024-01-01,DEN vs. CHA,W,111,18
2023-24,1610612740,NOP,0022300461,2024-01-02,NOP vs. BKN,W,112,27
2023-24,1610612744,GSW,0022300463,2024-01-02,GSW vs. ORL,W,121,6
2023-24,1610612741,CHI,0022300459,2024-01-02,CHI @ PHI,L,97,-13
2023-24,1610612766,CHA,0022300464,2024-01-02,CHA @ SAC,W,111,7
2023-24,1610612763,MEM,0022300460,2024-01-02,MEM vs. SAS,W,106,8
2023-24,1610612760,OKC,0022300462,2024-01-02,OKC vs. BOS,W,127,4
2023-24,1610612751,BKN,0022300461,2024-01-02,BKN @ NOP,L,85,-27
2023-24,1610612755,PHI,0022300459,2024-01-02,PHI vs. CHI,W,110,13
2023-24,1610612753,ORL,0022300463,2024-01-02,ORL @ GSW,L,115,-6
2023-24,1610612738,BOS,0022300462,2024-01-02,BOS @ OKC,L,123,-4
2023-24,1610612759,SAS,0022300460,2024-01-02,SAS @ MEM,L,98,-8
2023-24,1610612758,SAC,0022300464,2024-01-02,SAC vs. CHA,L,104,-7
2023-24,1610612748,MIA,0022300475,2024-01-03,MIA @ LAL,W,110,14
2023-24,1610612747,LAL,0022300475,2024-01-03,LAL vs. MIA,L,96,-14
2023-24,1610612754,IND,0022300466,2024-01-03,IND vs. MIL,W,142,12
2023-24,1610612740,NOP,0022300471,2024-01-03,NOP @ MIN,W,117,11
2023-24,1610612745,HOU,0022300469,2024-01-03,HOU vs. BKN,W,112,11
2023-24,1610612741,CHI,0022300468,2024-01-03,CHI @ NYK,L,100,-16
2023-24,1610612758,SAC,0022300476,2024-01-03,SAC vs. ORL,W,138,3
2023-24,1610612749,MIL,0022300466,2024-01-03,MIL @ IND,L,130,-12
2023-24,1610612746,LAC,0022300473,2024-01-03,LAC @ PHX,W,131,9
2023-24,1610612742,DAL,0022300472,2024-01-03,DAL vs. POR,W,126,29
2023-24,1610612753,ORL,0022300476,2024-01-03,ORL @ SAC,L,135,-3
2023-24,1610612760,OKC,0022300467,2024-01-03,OKC @ ATL,L,138,-3
2023-24,1610612764,WAS,0022300465,2024-01-03,WAS @ CLE,L,101,-39
2023-24,1610612750,MIN,0022300471,2024-01-03,MIN vs. NOP,L,106,-11
2023-24,1610612752,NYK,0022300468,2024-01-03,NYK vs. CHI,W,116,16
2023-24,1610612757,POR,0022300472,2024-01-03,POR @ DAL,L,97,-29
2023-24,1610612751,BKN,0022300469,2024-01-03,BKN @ HOU,L,101,-11
2023-24,1610612756,PHX,0022300473,2024-01-03,PHX vs. LAC,L,122,-9
2023-24,1610612737,ATL,0022300467,2024-01-03,ATL vs. OKC,W,141,3
2023-24,1610612763,MEM,0022300470,2024-01-03,MEM vs. TOR,L,111,-5
2023-24,1610612765,DET,0022300474,2024-01-03,DET @ UTA,L,148,-6
2023-24,1610612761,TOR,0022300470,2024-01-03,TOR @ MEM,W,116,5
2023-24,1610612739,CLE,0022300465,2024-01-03,CLE vs. WAS,W,140,39
2023-24,1610612762,UTA,0022300474,2024-01-03,UTA vs. DET,W,154,6
2023-24,1610612759,SAS,0022300477,2024-01-04,SAS vs. MIL,L,121,-4
2023-24,1610612749,MIL,0022300477,2024-01-04,MIL @ SAS,W,125,4
2023-24,1610612744,GSW,0022300478,2024-01-04,GSW vs. DEN,L,127,-3
2023-24,1610612743,DEN,0022300478,2024-01-04,DEN @ GSW,W,130,3
2023-24,1610612763,MEM,0022300491,2024-01-05,MEM @ LAL,W,127,14
2023-24,1610612756,PHX,0022300489,2024-01-05,PHX vs. MIA,W,113,16
2023-24,1610612745,HOU,0022300485,2024-01-05,HOU vs. MIN,L,95,-27
2023-24,1610612760,OKC,0022300481,2024-01-05,OKC @ BKN,L,115,-9
2023-24,1610612755,PHI,0022300483,2024-01-05,PHI vs. NYK,L,92,-36
2023-24,1610612743,DEN,0022300488,2024-01-05,DEN vs. ORL,L,120,-2
2023-24,1610612737,ATL,0022300480,2024-01-05,ATL @ IND,L,116,-34
2023-24,1610612752,NYK,0022300483,2024-01-05,NYK @ PHI,W,128,36
2023-24,1610612748,MIA,0022300489,2024-01-05,MIA @ PHX,L,97,-16
2023-24,1610612742,DAL,0022300487,2024-01-05,DAL vs. POR,W,139,36
2023-24,1610612761,TOR,0022300492,2024-01-05,TOR @ SAC,L,130,-5
2023-24,1610612754,IND,0022300480,2024-01-05,IND vs. ATL,W,150,34
2023-24,1610612762,UTA,0022300479,2024-01-05,UTA @ BOS,L,97,-29
2023-24,1610612764,WAS,0022300482,2024-01-05,WAS @ CLE,L,90,-24
2023-24,1610612746,LAC,0022300486,2024-01-05,LAC @ NOP,W,111,16
2023-24,1610612766,CHA,0022300484,2024-01-05,CHA @ CHI,L,91,-13
2023-24,1610612757,POR,0022300487,2024-01-05,POR @ DAL,L,103,-36
2023-24,1610612753,ORL,0022300488,2024-01-05,ORL @ DEN,W,122,2
2023-24,1610612765,DET,0022300490,2024-01-05,DET @ GSW,L,109,-4
2023-24,1610612750,MIN,0022300485,2024-01-05,MIN @ HOU,W,122,27
2023-24,1610612740,NOP,0022300486,2024-01-05,NOP vs. LAC,L,95,-16
2023-24,1610612751,BKN,0022300481,2024-01-05,BKN vs. OKC,W,124,9
2023-24,1610612758,SAC,0022300492,2024-01-05,SAC vs. TOR,W,135,5
2023-24,1610612738,BOS,0022300479,2024-01-05,BOS vs. UTA,W,126,29
2023-24,1610612747,LAL,0022300491,2024-01-05,LAL vs. MEM,L,113,-14
2023-24,1610612739,CLE,0022300482,2024-01-05,CLE vs. WAS,W,114,24
2023-24,1610612744,GSW,0022300490,2024-01-05,GSW vs. DET,W,113,4
2023-24,1610612741,CHI,0022300484,2024-01-05,CHI vs. CHA,W,104,13
2023-24,1610612745,HOU,0022300496,2024-01-06,HOU vs. MIL,W,112,4
2023-24,1610612764,WAS,0022300494,2024-01-06,WAS vs. NYK,L,105,-16
2023-24,1610612738,BOS,0022300493,2024-01-06,BOS @ IND,W,118,17
2023-24,1610612762,UTA,0022300495,2024-01-06,UTA @ PHI,W,120,11
2023-24,1610612754,IND,0022300493,2024-01-06,IND vs. BOS,L,101,-17
2023-24,1610612749,MIL,0022300496,2024-01-06,MIL @ HOU,L,108,-4
2023-24,1610612755,PHI,0022300495,2024-01-06,PHI vs. UTA,L,109,-11
2023-24,1610612752,NYK,0022300494,2024-01-06,NYK @ WAS,W,121,16
2023-24,1610612746,LAC,0022300505,2024-01-07,LAC @ LAL,L,103,-3
2023-24,1610612742,DAL,0022300501,2024-01-07,DAL vs. MIN,W,115,7
2023-24,1610612757,POR,0022300498,2024-01-07,POR @ BKN,W,134,7
2023-24,1610612737,ATL,0022300499,2024-01-07,ATL @ ORL,L,110,-7
2023-24,1610612763,MEM,0022300503,2024-01-07,MEM @ PHX,W,121,6
2023-24,1610612751,BKN,0022300498,2024-01-07,BKN vs. POR,L,127,-7
2023-24,1610612740,NOP,0022300500,2024-01-07,NOP @ SAC,W,133,33
2023-24,1610612739,CLE,0022300497,2024-01-07,CLE vs. SAS,W,117,2
2023-24,1610612753,ORL,0022300499,2024-01-07,ORL vs. ATL,W,117,7
2023-24,1610612759,SAS,0022300497,2024-01-07,SAS @ CLE,L,115,-2
2023-24,1610612758,SAC,0022300500,2024-01-07,SAC vs. NOP,L,100,-33
2023-24,1610612750,MIN,0022300501,2024-01-07,MIN @ DAL,L,108,-7
2023-24,1610612765,DET,0022300502,2024-01-07,DET @ DEN,L,114,-17
2023-24,1610612761,TOR,0022300504,2024-01-07,TOR @ GSW,W,133,15
2023-24,1610612747,LAL,0022300505,2024-01-07,LAL vs. LAC,W,106,3
2023-24,1610612744,GSW,0022300504,2024-01-07,GSW vs. TOR,L,118,-15
2023-24,1610612756,PHX,0022300503,2024-01-07,PHX vs. MEM,L,115,-6
2023-24,1610612743,DEN,0022300502,2024-01-07,DEN vs. DET,W,131,17
2023-24,1610612745,HOU,0022300509,2024-01-08,HOU @ MIA,L,113,-7
2023-24,1610612762,UTA,0022300510,2024-01-08,UTA @ MIL,W,132,16
2023-24,1610612738,BOS,0022300507,2024-01-08,BOS @ IND,L,131,-2
2023-24,1610612746,LAC,0022300511,2024-01-08,LAC vs. PHX,W,138,27
2023-24,1610612754,IND,0022300507,2024-01-08,IND vs. BOS,W,133,2
2023-24,1610612766,CHA,0022300506,2024-01-08,CHA vs. CHI,L,112,-7
2023-24,1610612748,MIA,0022300509,2024-01-08,MIA vs. HOU,W,120,7
2023-24,1610612756,PHX,0022300511,2024-01-08,PHX @ LAC,L,111,-27
2023-24,1610612764,WAS,0022300508,2024-01-08,WAS vs. OKC,L,128,-8
2023-24,1610612749,MIL,0022300510,2024-01-08,MIL vs. UTA,L,116,-16
2023-24,1610612760,OKC,0022300508,2024-01-08,OKC @ WAS,W,136,8
2023-24,1610612741,CHI,0022300506,2024-01-08,CHI @ CHA,W,119,7
2023-24,1610612761,TOR,0022300516,2024-01-09,TOR @ LAL,L,131,-1
2023-24,1610612753,ORL,0022300513,2024-01-09,ORL vs. MIN,L,92,-21
2023-24,1610612757,POR,0022300514,2024-01-09,POR @ NYK,L,84,-28
2023-24,1610612750,MIN,0022300513,2024-01-09,MIN @ ORL,W,113,21
2023-24,1610612752,NYK,0022300514,2024-01-09,NYK vs. POR,W,112,28
2023-24,1610612765,DET,0022300512,2024-01-09,DET vs. SAC,L,110,-21
2023-24,1610612763,MEM,0022300515,2024-01-09,MEM @ DAL,W,120,17
2023-24,1610612747,LAL,0022300516,2024-01-09,LAL vs. TOR,W,132,1
2023-24,1610612742,DAL,0022300515,2024-01-09,DAL vs. MEM,L,103,-17
2023-24,1610612758,SAC,0022300512,2024-01-09,SAC @ DET,W,131,21
2023-24,1610612760,OKC,0022300522,2024-01-10,OKC @ MIA,W,128,8
2023-24,1610612738,BOS,0022300517,2024-01-10,BOS vs. MIN,W,127,7
2023-24,1610612764,WAS,0022300520,2024-01-10,WAS @ IND,L,104,-8
2023-24,1610612737,ATL,0022300521,2024-01-10,ATL vs. PHI,W,139,7
2023-24,1610612766,CHA,0022300518,2024-01-10,CHA vs. SAC,L,98,-25
2023-24,1610612765,DET,0022300519,2024-01-10,DET vs. SAS,L,108,-22
2023-24,1610612755,PHI,0022300521,2024-01-10,PHI @ ATL,L,132,-7
2023-24,1610612750,MIN,0022300517,2024-01-10,MIN @ BOS,L,120,-7
2023-24,1610612744,GSW,0022300525,2024-01-10,GSW vs. NOP,L,105,-36
2023-24,1610612745,HOU,0022300523,2024-01-10,HOU @ CHI,L,119,-5
2023-24,1610612762,UTA,0022300524,2024-01-10,UTA vs. DEN,W,124,13
2023-24,1610612740,NOP,0022300525,2024-01-10,NOP @ GSW,W,141,36
2023-24,1610612741,CHI,0022300523,2024-01-10,CHI vs. HOU,W,124,5
2023-24,1610612761,TOR,0022300526,2024-01-10,TOR @ LAC,L,120,-6
2023-24,1610612748,MIA,0022300522,2024-01-10,MIA vs. OKC,L,120,-8
2023-24,1610612746,LAC,0022300526,2024-01-10,LAC vs. TOR,W,126,6
2023-24,1610612743,DEN,0022300524,2024-01-10,DEN @ UTA,L,111,-13
2023-24,1610612754,IND,0022300520,2024-01-10,IND vs. WAS,W,112,8
2023-24,1610612759,SAS,0022300519,2024-01-10,SAS @ DET,W,130,22
2023-24,1610612758,SAC,0022300518,2024-01-10,SAC @ CHA,W,123,25
2023-24,1610612756,PHX,0022300531,2024-01-11,PHX @ LAL,W,127,18
2023-24,1610612738,BOS,0022300528,2024-01-11,BOS @ MIL,L,102,-33
2023-24,1610612739,CLE,0022300527,2024-01-11,CLE vs. BKN,W,111,9
2023-24,1610612742,DAL,0022300530,2024-01-11,DAL vs. NYK,W,128,4
2023-24,1610612747,LAL,0022300531,2024-01-11,LAL vs. PHX,L,109,-18
2023-24,1610612760,OKC,0022300529,2024-01-11,OKC vs. POR,W,139,62
2023-24,1610612749,MIL,0022300528,2024-01-11,MIL vs. BOS,W,135,33
2023-24,1610612751,BKN,0022300527,2024-01-11,BKN @ CLE,L,102,-9
2023-24,1610612752,NYK,0022300530,2024-01-11,NYK @ DAL,L,124,-4
2023-24,1610612757,POR,0022300529,2024-01-11,POR @ OKC,L,77,-62
2023-24,1610612753,ORL,0022300535,2024-01-12,ORL @ MIA,L,96,-3
2023-24,1610612757,POR,0022300538,2024-01-12,POR @ MIN,L,93,-23
2023-24,1610612748,MIA,0022300535,2024-01-12,MIA vs. ORL,W,99,3
2023-24,1610612737,ATL,0022300533,2024-01-12,ATL vs. IND,L,108,-18
2023-24,1610612758,SAC,0022300532,2024-01-12,SAC @ PHI,L,93,-19
2023-24,1610612750,MIN,0022300538,2024-01-12,MIN vs. POR,W,116,23
2023-24,1610612755,PHI,0022300532,2024-01-12,PHI vs. SAC,W,112,19
2023-24,1610612766,CHA,0022300541,2024-01-12,CHA @ SAS,L,99,-36
2023-24,1610612754,IND,0022300533,2024-01-12,IND @ ATL,W,126,18
2023-24,1610612743,DEN,0022300539,2024-01-12,DEN vs. NOP,W,125,12
2023-24,1610612744,GSW,0022300536,2024-01-12,GSW @ CHI,W,140,9
2023-24,1610612740,NOP,0022300539,2024-01-12,NOP @ DEN,L,113,-12
2023-24,1610612741,CHI,0022300536,2024-01-12,CHI vs. GSW,L,131,-9
2023-24,1610612765,DET,0022300534,2024-01-12,DET vs. HOU,L,110,-2
2023-24,1610612763,MEM,0022300537,2024-01-12,MEM vs. LAC,L,119,-9
2023-24,1610612762,UTA,0022300540,2024-01-12,UTA vs. TOR,W,145,32
2023-24,1610612761,TOR,0022300540,2024-01-12,TOR @ UTA,L,113,-32
2023-24,1610612746,LAC,0022300537,2024-01-12,LAC @ MEM,W,128,9
2023-24,1610612745,HOU,0022300534,2024-01-12,HOU @ DET,W,112,2
2023-24,1610612759,SAS,0022300541,2024-01-12,SAS vs. CHA,W,135,36
2023-24,1610612762,UTA,0022300549,2024-01-13,UTA vs. LAL,W,132,7
2023-24,1610612744,GSW,0022300545,2024-01-13,GSW @ MIL,L,118,-11
2023-24,1610612763,MEM,0022300544,2024-01-13,MEM vs. NYK,L,94,-12
2023-24,1610612760,OKC,0022300546,2024-01-13,OKC vs. ORL,W,112,12
2023-24,1610612741,CHI,0022300548,2024-01-13,CHI @ SAS,W,122,6
2023-24,1610612764,WAS,0022300543,2024-01-13,WAS @ ATL,W,127,28
2023-24,1610612745,HOU,0022300542,2024-01-13,HOU @ BOS,L,113,-32
2023-24,1610612742,DAL,0022300547,2024-01-13,DAL vs. NOP,L,108,-10
2023-24,1610612759,SAS,0022300548,2024-01-13,SAS vs. CHI,L,116,-6
2023-24,1610612740,NOP,0022300547,2024-01-13,NOP @ DAL,W,118,10
2023-24,1610612749,MIL,0022300545,2024-01-13,MIL vs. GSW,W,129,11
2023-24,1610612738,BOS,0022300542,2024-01-13,BOS vs. HOU,W,145,32
2023-24,1610612753,ORL,0022300546,2024-01-13,ORL @ OKC,L,100,-12
2023-24,1610612747,LAL,0022300549,2024-01-13,LAL @ UTA,L,125,-7
2023-24,1610612752,NYK,0022300544,2024-01-13,NYK @ MEM,W,106,12
2023-24,1610612737,ATL,0022300543,2024-01-13,ATL vs. WAS,L,99,-28
2023-24,1610612766,CHA,0022300551,2024-01-14,CHA @ MIA,L,87,-17
2023-24,1610612758,SAC,0022300552,2024-01-14,SAC @ MIL,L,142,-1
2023-24,1610612746,LAC,0022300553,2024-01-14,LAC @ MIN,L,105,-4
2023-24,1610612743,DEN,0022300550,2024-01-14,DEN vs. IND,W,117,8
2023-24,1610612757,POR,0022300554,2024-01-14,POR vs. PHX,L,116,-11
2023-24,1610612756,PHX,0022300554,2024-01-14,PHX @ POR,W,127,11
2023-24,1610612749,MIL,0022300552,2024-01-14,MIL vs. SAC,W,143,1
2023-24,1610612754,IND,0022300550,2024-01-14,IND @ DEN,L,109,-8
2023-24,1610612750,MIN,0022300553,2024-01-14,MIN vs. LAC,W,109,4
2023-24,1610612748,MIA,0022300551,2024-01-14,MIA vs. CHA,W,104,17
2023-24,1610612760,OKC,0022300565,2024-01-15,OKC @ LAL,L,105,-7
2023-24,1610612751,BKN,0022300562,2024-01-15,BKN vs. MIA,L,95,-1
2023-24,1610612748,MIA,0022300562,2024-01-15,MIA @ BKN,W,96,1
2023-24,1610612753,ORL,0022300557,2024-01-15,ORL @ NYK,W,98,4
2023-24,1610612752,NYK,0022300557,2024-01-15,NYK vs. ORL,L,94,-4
2023-24,1610612762,UTA,0022300564,2024-01-15,UTA vs. IND,W,132,27
2023-24,1610612745,HOU,0022300555,2024-01-15,HOU @ PHI,L,115,-9
2023-24,1610612737,ATL,0022300559,2024-01-15,ATL vs. SAS,W,109,10
2023-24,1610612759,SAS,0022300559,2024-01-15,SAS @ ATL,L,99,-10
2023-24,1610612761,TOR,0022300563,2024-01-15,TOR vs. BOS,L,96,-9
2023-24,1610612741,CHI,0022300561,2024-01-15,CHI @ CLE,L,91,-18
2023-24,1610612742,DAL,0022300556,2024-01-15,DAL vs. NOP,W,125,5
2023-24,1610612739,CLE,0022300561,2024-01-15,CLE vs. CHI,W,109,18
2023-24,1610612740,NOP,0022300556,2024-01-15,NOP @ DAL,L,120,-5
2023-24,1610612763,MEM,0022300560,2024-01-15,MEM vs. GSW,W,116,9
2023-24,1610612755,PHI,0022300555,2024-01-15,PHI vs. HOU,W,124,9
2023-24,1610612747,LAL,0022300565,2024-01-15,LAL vs. OKC,W,112,7
2023-24,1610612738,BOS,0022300563,2024-01-15,BOS @ TOR,W,105,9
2023-24,1610612754,IND,0022300564,2024-01-15,IND @ UTA,L,105,-27
2023-24,1610612744,GSW,0022300560,2024-01-15,GSW @ MEM,L,107,-9
2023-24,1610612765,DET,0022300558,2024-01-15,DET @ WAS,W,129,12
2023-24,1610612764,WAS,0022300558,2024-01-15,WAS vs. DET,L,117,-12
2023-24,1610612743,DEN,0022300566,2024-01-16,DEN @ PHI,L,121,-5
2023-24,1610612758,SAC,0022300567,2024-01-16,SAC @ PHX,L,117,-2
2023-24,1610612756,PHX,0022300567,2024-01-16,PHX vs. SAC,W,119,2
2023-24,1610612755,PHI,0022300566,2024-01-16,PHI vs. DEN,W,126,5
2023-24,1610612760,OKC,0022300568,2024-01-16,OKC @ LAC,L,117,-11
2023-24,1610612746,LAC,0022300568,2024-01-16,LAC vs. OKC,W,128,11
2023-24,1610612742,DAL,0022300577,2024-01-17,DAL @ LAL,L,110,-17
2023-24,1610612761,TOR,0022300574,2024-01-17,TOR vs. MIA,W,121,24
2023-24,1610612739,CLE,0022300572,2024-01-17,CLE vs. MIL,W,135,40
2023-24,1610612765,DET,0022300569,2024-01-17,DET vs. MIN,L,117,-7
2023-24,1610612757,POR,0022300578,2024-01-17,POR vs. BKN,W,105,2
2023-24,1610612745,HOU,0022300573,2024-01-17,HOU @ NYK,L,94,-15
2023-24,1610612737,ATL,0022300570,2024-01-17,ATL vs. ORL,W,106,2
2023-24,1610612751,BKN,0022300578,2024-01-17,BKN @ POR,L,103,-2
2023-24,1610612738,BOS,0022300571,2024-01-17,BOS vs. SAS,W,117,19
2023-24,1610612753,ORL,0022300570,2024-01-17,ORL @ ATL,L,104,-2
2023-24,1610612759,SAS,0022300571,2024-01-17,SAS @ BOS,L,98,-19
2023-24,1610612749,MIL,0022300572,2024-01-17,MIL @ CLE,L,95,-40
2023-24,1610612766,CHA,0022300575,2024-01-17,CHA @ NOP,L,112,-20
2023-24,1610612747,LAL,0022300577,2024-01-17,LAL vs. DAL,W,127,17
2023-24,1610612752,NYK,0022300573,2024-01-17,NYK vs. HOU,W,109,15
2023-24,1610612748,MIA,0022300574,2024-01-17,MIA @ TOR,L,97,-24
2023-24,1610612750,MIN,0022300569,2024-01-17,MIN @ DET,W,124,7
2023-24,1610612740,NOP,0022300575,2024-01-17,NOP vs. CHA,W,132,20
2023-24,1610612763,MEM,0022300582,2024-01-18,MEM @ MIN,L,103,-15
2023-24,1610612764,WAS,0022300579,2024-01-18,WAS @ NYK,L,109,-4
2023-24,1610612758,SAC,0022300583,2024-01-18,SAC vs. IND,L,121,-5
2023-24,1610612754,IND,0022300583,2024-01-18,IND @ SAC,W,126,5
2023-24,1610612761,TOR,0022300580,2024-01-18,TOR vs. CHI,L,110,-6
2023-24,1610612762,UTA,0022300581,2024-01-18,UTA vs. OKC,L,129,-5
2023-24,1610612741,CHI,0022300580,2024-01-18,CHI @ TOR,W,116,6
2023-24,1610612760,OKC,0022300581,2024-01-18,OKC @ UTA,W,134,5
2023-24,1610612750,MIN,0022300582,2024-01-18,MIN vs. MEM,W,118,15
2023-24,1610612752,NYK,0022300579,2024-01-18,NYK vs. WAS,W,113,4
2023-24,1610612751,BKN,0022300591,2024-01-19,BKN @ LAL,W,130,18
2023-24,1610612737,ATL,0022300587,2024-01-19,ATL @ MIA,W,109,1
2023-24,1610612747,LAL,0022300591,2024-01-19,LAL vs. BKN,L,112,-18
2023-24,1610612755,PHI,0022300585,2024-01-19,PHI @ ORL,W,124,15
2023-24,1610612757,POR,0022300590,2024-01-19,POR vs. IND,W,118,3
2023-24,1610612753,ORL,0022300585,2024-01-19,ORL vs. PHI,L,109,-15
2023-24,1610612740,NOP,0022300588,2024-01-19,NOP vs. PHX,L,109,-14
2023-24,1610612754,IND,0022300590,2024-01-19,IND @ POR,L,115,-3
2023-24,1610612766,CHA,0022300584,2024-01-19,CHA vs. SAS,W,124,4
2023-24,1610612748,MIA,0022300587,2024-01-19,MIA vs. ATL,L,108,-1
2023-24,1610612743,DEN,0022300586,2024-01-19,DEN @ BOS,W,102,2
2023-24,1610612756,PHX,0022300588,2024-01-19,PHX @ NOP,W,123,14
2023-24,1610612738,BOS,0022300586,2024-01-19,BOS vs. DEN,L,100,-2
2023-24,1610612759,SAS,0022300584,2024-01-19,SAS @ CHA,L,120,-4
2023-24,1610612765,DET,0022300592,2024-01-20,DET vs. MIL,L,135,-6
2023-24,1610612760,OKC,0022300599,2024-01-20,OKC @ MIN,W,102,5
2023-24,1610612761,TOR,0022300596,2024-01-20,TOR @ NYK,L,100,-26
2023-24,1610612766,CHA,0022300593,2024-01-20,CHA vs. PHI,L,89,-8
2023-24,1610612764,WAS,0022300594,2024-01-20,WAS vs. SAS,L,127,-4
2023-24,1610612739,CLE,0022300595,2024-01-20,CLE @ ATL,W,116,21
2023-24,1610612737,ATL,0022300595,2024-01-20,ATL vs. CLE,L,95,-21
2023-24,1610612763,MEM,0022300597,2024-01-20,MEM @ CHI,L,96,-29
2023-24,1610612762,UTA,0022300598,2024-01-20,UTA @ HOU,L,126,-1
2023-24,1610612750,MIN,0022300599,2024-01-20,MIN vs. OKC,L,97,-5
2023-24,1610612752,NYK,0022300596,2024-01-20,NYK vs. TOR,W,126,26
2023-24,1610612745,HOU,0022300598,2024-01-20,HOU vs. UTA,W,127,1
2023-24,1610612741,CHI,0022300597,2024-01-20,CHI vs. MEM,W,125,29
2023-24,1610612759,SAS,0022300594,2024-01-20,SAS @ WAS,W,131,4
2023-24,1610612749,MIL,0022300592,2024-01-20,MIL @ DET,W,141,6
2023-24,1610612755,PHI,0022300593,2024-01-20,PHI @ CHA,W,97,8
2023-24,1610612757,POR,0022300605,2024-01-21,POR @ LAL,L,110,-24
2023-24,1610612753,ORL,0022300601,2024-01-21,ORL vs. MIA,W,105,18
2023-24,1610612746,LAC,0022300600,2024-01-21,LAC vs. BKN,W,125,11
2023-24,1610612748,MIA,0022300601,2024-01-21,MIA @ ORL,L,87,-18
2023-24,1610612756,PHX,0022300604,2024-01-21,PHX vs. IND,W,117,7
2023-24,1610612754,IND,0022300604,2024-01-21,IND @ PHX,L,110,-7
2023-24,1610612747,LAL,0022300605,2024-01-21,LAL vs. POR,W,134,24
2023-24,1610612745,HOU,0022300603,2024-01-21,HOU vs. BOS,L,107,-9
2023-24,1610612764,WAS,0022300602,2024-01-21,WAS vs. DEN,L,104,-9
2023-24,1610612738,BOS,0022300603,2024-01-21,BOS @ HOU,W,116,9
2023-24,1610612751,BKN,0022300600,2024-01-21,BKN @ LAC,L,114,-11
2023-24,1610612743,DEN,0022300602,2024-01-21,DEN @ WAS,W,113,9
2023-24,1610612765,DET,0022300606,2024-01-22,DET vs. MIL,L,113,-9
2023-24,1610612766,CHA,0022300610,2024-01-22,CHA @ MIN,W,128,3
2023-24,1610612739,CLE,0022300607,2024-01-22,CLE @ ORL,W,126,27
2023-24,1610612759,SAS,0022300608,2024-01-22,SAS @ PHI,L,123,-10
2023-24,1610612741,CHI,0022300612,2024-01-22,CHI @ PHX,L,113,-2
2023-24,1610612737,ATL,0022300613,2024-01-22,ATL @ SAC,L,107,-15
2023-24,1610612755,PHI,0022300608,2024-01-22,PHI vs. SAS,W,133,10
2023-24,1610612758,SAC,0022300613,2024-01-22,SAC vs. ATL,W,122,15
2023-24,1610612742,DAL,0022300611,2024-01-22,DAL vs. BOS,L,110,-9
2023-24,1610612753,ORL,0022300607,2024-01-22,ORL vs. CLE,L,99,-27
2023-24,1610612756,PHX,0022300612,2024-01-22,PHX vs. CHI,W,115,2
2023-24,1610612738,BOS,0022300611,2024-01-22,BOS @ DAL,W,119,9
2023-24,1610612763,MEM,0022300609,2024-01-22,MEM @ TOR,W,108,8
2023-24,1610612761,TOR,0022300609,2024-01-22,TOR vs. MEM,L,100,-8
2023-24,1610612749,MIL,0022300606,2024-01-22,MIL @ DET,W,122,9
2023-24,1610612750,MIN,0022300610,2024-01-22,MIN vs. CHA,L,125,-3
2023-24,1610612746,LAC,0022300618,2024-01-23,LAC vs. LAL,W,127,11
2023-24,1610612752,NYK,0022300615,2024-01-23,NYK @ BKN,W,108,5
2023-24,1610612751,BKN,0022300615,2024-01-23,BKN vs. NYK,L,103,-5
2023-24,1610612743,DEN,0022300614,2024-01-23,DEN @ IND,W,114,5
2023-24,1610612760,OKC,0022300617,2024-01-23,OKC vs. POR,W,111,2
2023-24,1610612762,UTA,0022300616,2024-01-23,UTA @ NOP,L,124,-29
2023-24,1610612754,IND,0022300614,2024-01-23,IND vs. DEN,L,109,-5
2023-24,1610612747,LAL,0022300618,2024-01-23,LAL @ LAC,L,116,-11
2023-24,1610612757,POR,0022300617,2024-01-23,POR @ OKC,L,109,-2
2023-24,1610612740,NOP,0022300616,2024-01-23,NOP vs. UTA,W,153,29
2023-24,1610612763,MEM,0022300621,2024-01-24,MEM @ MIA,W,105,9
2023-24,1610612739,CLE,0022300624,2024-01-24,CLE @ MIL,L,116,-10
2023-24,1610612764,WAS,0022300620,2024-01-24,WAS vs. MIN,L,107,-11
2023-24,1610612742,DAL,0022300625,2024-01-24,DAL vs. PHX,L,109,-23
2023-24,1610612745,HOU,0022300623,2024-01-24,HOU vs. POR,L,131,-6
2023-24,1610612760,OKC,0022300622,2024-01-24,OKC @ SAS,W,140,26
2023-24,1610612744,GSW,0022300626,2024-01-24,GSW vs. ATL,W,134,22
2023-24,1610612749,MIL,0022300624,2024-01-24,MIL vs. CLE,W,126,10
2023-24,1610612756,PHX,0022300625,2024-01-24,PHX @ DAL,W,132,23
2023-24,1610612737,ATL,0022300626,2024-01-24,ATL @ GSW,L,112,-22
2023-24,1610612757,POR,0022300623,2024-01-24,POR @ HOU,W,137,6
2023-24,1610612759,SAS,0022300622,2024-01-24,SAS vs. OKC,L,114,-26
2023-24,1610612748,MIA,0022300621,2024-01-24,MIA vs. MEM,L,96,-9
2023-24,1610612750,MIN,0022300620,2024-01-24,MIN @ WAS,W,118,11
2023-24,1610612766,CHA,0022300619,2024-01-24,CHA @ DET,L,106,-7
2023-24,1610612765,DET,0022300619,2024-01-24,DET vs. CHA,W,113,7
2023-24,1610612741,CHI,0022300633,2024-01-25,CHI @ LAL,L,132,-9
2023-24,1610612738,BOS,0022300630,2024-01-25,BOS @ MIA,W,143,33
2023-24,1610612751,BKN,0022300629,2024-01-25,BKN vs. MIN,L,94,-2
2023-24,1610612750,MIN,0022300629,2024-01-25,MIN @ BKN,W,96,2
2023-24,1610612743,DEN,0022300631,2024-01-25,DEN @ NYK,L,84,-38
2023-24,1610612755,PHI,0022300627,2024-01-25,PHI @ IND,L,122,-12
2023-24,1610612754,IND,0022300627,2024-01-25,IND vs. PHI,W,134,12
2023-24,1610612744,GSW,0022300632,2024-01-25,GSW vs. SAC,L,133,-1
2023-24,1610612748,MIA,0022300630,2024-01-25,MIA vs. BOS,L,110,-33
2023-24,1610612747,LAL,0022300633,2024-01-25,LAL vs. CHI,W,141,9
2023-24,1610612752,NYK,0022300631,2024-01-25,NYK vs. DEN,W,122,38
2023-24,1610612758,SAC,0022300632,2024-01-25,SAC @ GSW,W,134,1
2023-24,1610612764,WAS,0022300628,2024-01-25,WAS vs. UTA,L,108,-15
2023-24,1610612762,UTA,0022300628,2024-01-25,UTA @ WAS,W,123,15
2023-24,1610612739,CLE,0022300639,2024-01-26,CLE @ MIL,W,112,12
2023-24,1610612763,MEM,0022300638,2024-01-26,MEM vs. ORL,W,107,1
2023-24,1610612756,PHX,0022300636,2024-01-26,PHX @ IND,L,131,-2
2023-24,1610612754,IND,0022300636,2024-01-26,IND vs. PHX,W,133,2
2023-24,1610612759,SAS,0022300641,2024-01-26,SAS vs. POR,W,116,16
2023-24,1610612757,POR,0022300641,2024-01-26,POR @ SAS,L,100,-16
2023-24,1610612742,DAL,0022300634,2024-01-26,DAL @ ATL,W,148,5
2023-24,1610612749,MIL,0022300639,2024-01-26,MIL vs. CLE,L,100,-12
2023-24,1610612760,OKC,0022300640,2024-01-26,OKC @ NOP,W,107,24
2023-24,1610612737,ATL,0022300634,2024-01-26,ATL vs. DAL,L,143,-5
2023-24,1610612766,CHA,0022300635,2024-01-26,CHA vs. HOU,L,104,-34
2023-24,1610612761,TOR,0022300637,2024-01-26,TOR vs. LAC,L,107,-20
2023-24,1610612740,NOP,0022300640,2024-01-26,NOP vs. OKC,L,83,-24
2023-24,1610612746,LAC,0022300637,2024-01-26,LAC @ TOR,W,127,20
2023-24,1610612753,ORL,0022300638,2024-01-26,ORL @ MEM,L,106,-1
2023-24,1610612745,HOU,0022300635,2024-01-26,HOU @ CHA,W,138,34
2023-24,1610612744,GSW,0022300650,2024-01-27,GSW vs. LAL,L,144,-1
2023-24,1610612752,NYK,0022300643,2024-01-27,NYK vs. MIA,W,125,16
2023-24,1610612740,NOP,0022300648,2024-01-27,NOP @ MIL,L,117,-24
2023-24,1610612759,SAS,0022300649,2024-01-27,SAS vs. MIN,W,113,1
2023-24,1610612745,HOU,0022300645,2024-01-27,HOU @ BKN,L,104,-2
2023-24,1610612748,MIA,0022300643,2024-01-27,MIA @ NYK,L,109,-16
2023-24,1610612743,DEN,0022300644,2024-01-27,DEN vs. PHI,W,111,6
2023-24,1610612742,DAL,0022300651,2024-01-27,DAL vs. SAC,L,115,-5
2023-24,1610612750,MIN,0022300649,2024-01-27,MIN @ SAS,L,112,-1
2023-24,1610612746,LAC,0022300646,2024-01-27,LAC @ BOS,W,115,19
2023-24,1610612749,MIL,0022300648,2024-01-27,MIL vs. NOP,W,141,24
2023-24,1610612758,SAC,0022300651,2024-01-27,SAC @ DAL,W,120,5
2023-24,1610612755,PHI,0022300644,2024-01-27,PHI @ DEN,L,105,-6
2023-24,1610612747,LAL,0022300650,2024-01-27,LAL @ GSW,W,145,1
2023-24,1610612751,BKN,0022300645,2024-01-27,BKN vs. HOU,W,106,2
2023-24,1610612738,BOS,0022300646,2024-01-27,BOS vs. LAC,L,96,-19
2023-24,1610612766,CHA,0022300647,2024-01-27,CHA vs. UTA,L,122,-12
2023-24,1610612765,DET,0022300642,2024-01-27,DET vs. WAS,L,104,-14
2023-24,1610612764,WAS,0022300642,2024-01-27,WAS @ DET,W,118,14
2023-24,1610612762,UTA,0022300647,2024-01-27,UTA @ CHA,W,134,12
2023-24,1610612756,PHX,0022300655,2024-01-28,PHX @ ORL,L,98,-15
2023-24,1610612763,MEM,0022300652,2024-01-28,MEM @ IND,L,110,-6
2023-24,1610612753,ORL,0022300655,2024-01-28,ORL vs. PHX,W,113,15
2023-24,1610612741,CHI,0022300656,2024-01-28,CHI @ POR,W,104,8
2023-24,1610612761,TOR,0022300653,2024-01-28,TOR @ ATL,L,125,-1
2023-24,1610612757,POR,0022300656,2024-01-28,POR vs. CHI,L,96,-8
2023-24,1610612765,DET,0022300654,2024-01-28,DET vs. OKC,W,120,16
2023-24,1610612737,ATL,0022300653,2024-01-28,ATL vs. TOR,W,126,1
2023-24,1610612754,IND,0022300652,2024-01-28,IND vs. MEM,W,116,6
2023-24,1610612760,OKC,0022300654,2024-01-28,OKC @ DET,L,104,-16
2023-24,1610612745,HOU,0022300662,2024-01-29,HOU vs. LAL,W,135,16
2023-24,1610612756,PHX,0022300661,2024-01-29,PHX @ MIA,W,118,13
2023-24,1610612743,DEN,0022300667,2024-01-29,DEN vs. MIL,W,113,6
2023-24,1610612760,OKC,0022300664,2024-01-29,OKC vs. MIN,L,101,-6
2023-24,1610612762,UTA,0022300660,2024-01-29,UTA @ BKN,L,114,-33
2023-24,1610612766,CHA,0022300657,2024-01-29,CHA vs. NYK,L,92,-21
2023-24,1610612742,DAL,0022300666,2024-01-29,DAL vs. ORL,W,131,2
2023-24,1610612757,POR,0022300668,2024-01-29,POR vs. PHI,W,130,26
2023-24,1610612748,MIA,0022300661,2024-01-29,MIA vs. PHX,L,105,-13
2023-24,1610612755,PHI,0022300668,2024-01-29,PHI @ POR,L,104,-26
2023-24,1610612763,MEM,0022300663,2024-01-29,MEM vs. SAC,L,94,-9
2023-24,1610612764,WAS,0022300665,2024-01-29,WAS @ SAS,W,118,5
2023-24,1610612740,NOP,0022300659,2024-01-29,NOP @ BOS,L,112,-6
2023-24,1610612746,LAC,0022300658,2024-01-29,LAC @ CLE,L,108,-10
2023-24,1610612738,BOS,0022300659,2024-01-29,BOS vs. NOP,W,118,6
2023-24,1610612753,ORL,0022300666,2024-01-29,ORL @ DAL,L,129,-2
2023-24,1610612749,MIL,0022300667,2024-01-29,MIL @ DEN,L,107,-6
2023-24,1610612747,LAL,0022300662,2024-01-29,LAL @ HOU,L,119,-16
2023-24,1610612739,CLE,0022300658,2024-01-29,CLE vs. LAC,W,118,10
2023-24,1610612750,MIN,0022300664,2024-01-29,MIN @ OKC,W,107,6
2023-24,1610612751,BKN,0022300660,2024-01-29,BKN vs. UTA,W,147,33
2023-24,1610612758,SAC,0022300663,2024-01-29,SAC @ MEM,W,103,9
2023-24,1610612759,SAS,0022300665,2024-01-29,SAS vs. WAS,L,113,-5
2023-24,1610612752,NYK,0022300657,2024-01-29,NYK @ CHA,W,113,21
2023-24,1610612737,ATL,0022300669,2024-01-30,ATL vs. LAL,W,138,16
2023-24,1610612762,UTA,0022300671,2024-01-30,UTA @ NYK,L,103,-15
2023-24,1610612738,BOS,0022300670,2024-01-30,BOS vs. IND,W,129,5
2023-24,1610612744,GSW,0022300673,2024-01-30,GSW vs. PHI,W,119,12
2023-24,1610612747,LAL,0022300669,2024-01-30,LAL @ ATL,L,122,-16
2023-24,1610612754,IND,0022300670,2024-01-30,IND @ BOS,L,124,-5
2023-24,1610612761,TOR,0022300672,2024-01-30,TOR @ CHI,W,118,11
2023-24,1610612755,PHI,0022300673,2024-01-30,PHI @ GSW,L,107,-12
2023-24,1610612741,CHI,0022300672,2024-01-30,CHI vs. TOR,L,107,-11
2023-24,1610612752,NYK,0022300671,2024-01-30,NYK vs. UTA,W,118,15
2023-24,1610612758,SAC,0022300678,2024-01-31,SAC @ MIA,L,106,-9
2023-24,1610612757,POR,0022300683,2024-01-31,POR vs. MIL,W,119,3
2023-24,1610612742,DAL,0022300680,2024-01-31,DAL @ MIN,L,87,-34
2023-24,1610612756,PHX,0022300677,2024-01-31,PHX @ BKN,W,136,16
2023-24,1610612759,SAS,0022300681,2024-01-31,SAS vs. ORL,L,98,-10
2023-24,1610612751,BKN,0022300677,2024-01-31,BKN vs. PHX,L,120,-16
2023-24,1610612749,MIL,0022300683,2024-01-31,MIL @ POR,L,116,-3
2023-24,1610612748,MIA,0022300678,2024-01-31,MIA vs. SAC,W,115,9
2023-24,1610612753,ORL,0022300681,2024-01-31,ORL @ SAS,W,108,10
2023-24,1610612765,DET,0022300675,2024-01-31,DET @ CLE,L,121,-7
2023-24,1610612745,HOU,0022300679,2024-01-31,HOU vs. NOP,L,99,-11
2023-24,1610612766,CHA,0022300674,2024-01-31,CHA vs. CHI,L,110,-7
2023-24,1610612750,MIN,0022300680,2024-01-31,MIN vs. DAL,W,121,34
2023-24,1610612760,OKC,0022300682,2024-01-31,OKC vs. DEN,W,105,5
2023-24,1610612740,NOP,0022300679,2024-01-31,NOP @ HOU,W,110,11
2023-24,1610612764,WAS,0022300676,2024-01-31,WAS vs. LAC,L,109,-16
2023-24,1610612743,DEN,0022300682,2024-01-31,DEN @ OKC,L,100,-5
2023-24,1610612746,LAC,0022300676,2024-01-31,LAC @ WAS,W,125,16
2023-24,1610612739,CLE,0022300675,2024-01-31,CLE vs. DET,W,128,7
2023-24,1610612741,CHI,0022300674,2024-01-31,CHI @ CHA,W,117,7
2023-24,1610612738,BOS,0022300684,2024-02-01,BOS vs. LAL,L,105,-9
2023-24,1610612754,IND,0022300685,2024-02-01,IND @ NYK,L,105,-4
2023-24,1610612752,NYK,0022300685,2024-02-01,NYK vs. IND,W,109,4
2023-24,1610612762,UTA,0022300686,2024-02-01,UTA vs. PHI,L,124,-3
2023-24,1610612747,LAL,0022300684,2024-02-01,LAL @ BOS,W,114,9
2023-24,1610612763,MEM,0022300687,2024-02-01,MEM vs. CLE,L,101,-7
2023-24,1610612755,PHI,0022300686,2024-02-01,PHI @ UTA,W,127,3
2023-24,1610612739,CLE,0022300687,2024-02-01,CLE @ MEM,W,108,7
2023-24,1610612764,WAS,0022300689,2024-02-02,WAS vs. MIA,L,102,-8
2023-24,1610612753,ORL,0022300694,2024-02-02,ORL @ MIN,W,108,2
2023-24,1610612750,MIN,0022300694,2024-02-02,MIN vs. ORL,L,106,-2
2023-24,1610612758,SAC,0022300691,2024-02-02,SAC @ IND,W,133,11
2023-24,1610612737,ATL,0022300690,2024-02-02,ATL vs. PHX,W,129,9
2023-24,1610612743,DEN,0022300697,2024-02-02,DEN vs. POR,W,120,12
2023-24,1610612754,IND,0022300691,2024-02-02,IND vs. SAC,L,122,-11
2023-24,1610612740,NOP,0022300696,2024-02-02,NOP @ SAS,W,114,1
2023-24,1610612756,PHX,0022300690,2024-02-02,PHX @ ATL,L,120,-9
2023-24,1610612759,SAS,0022300696,2024-02-02,SAS vs. NOP,L,113,-1
2023-24,1610612757,POR,0022300697,2024-02-02,POR @ DEN,L,108,-12
2023-24,1610612763,MEM,0022300693,2024-02-02,MEM vs. GSW,L,101,-20
2023-24,1610612761,TOR,0022300692,2024-02-02,TOR @ HOU,L,106,-29
2023-24,1610612765,DET,0022300688,2024-02-02,DET vs. LAC,L,125,-11
2023-24,1610612766,CHA,0022300695,2024-02-02,CHA @ OKC,L,106,-20
2023-24,1610612745,HOU,0022300692,2024-02-02,HOU vs. TOR,W,135,29
2023-24,1610612744,GSW,0022300693,2024-02-02,GSW @ MEM,W,121,20
2023-24,1610612748,MIA,0022300689,2024-02-02,MIA @ WAS,W,110,8
2023-24,1610612746,LAC,0022300688,2024-02-02,LAC @ DET,W,136,11
2023-24,1610612760,OKC,0022300695,2024-02-02,OKC vs. CHA,W,126,20
2023-24,1610612752,NYK,0022300701,2024-02-03,NYK vs. LAL,L,105,-8
2023-24,1610612742,DAL,0022300702,2024-02-03,DAL vs. MIL,L,117,-12
2023-24,1610612755,PHI,0022300698,2024-02-03,PHI vs. BKN,L,121,-15
2023-24,1610612747,LAL,0022300701,2024-02-03,LAL @ NYK,W,113,8
2023-24,1610612751,BKN,0022300698,2024-02-03,BKN @ PHI,W,136,15
2023-24,1610612741,CHI,0022300700,2024-02-03,CHI vs. SAC,L,115,-8
2023-24,1610612739,CLE,0022300703,2024-02-03,CLE @ SAS,W,117,16
2023-24,1610612744,GSW,0022300699,2024-02-03,GSW @ ATL,L,134,-7
2023-24,1610612759,SAS,0022300703,2024-02-03,SAS vs. CLE,L,101,-16
2023-24,1610612758,SAC,0022300700,2024-02-03,SAC @ CHI,W,123,8
2023-24,1610612749,MIL,0022300702,2024-02-03,MIL @ DAL,W,129,12
2023-24,1610612737,ATL,0022300699,2024-02-03,ATL vs. GSW,W,141,7
2023-24,1610612746,LAC,0022300708,2024-02-04,LAC @ MIA,W,103,8
2023-24,1610612762,UTA,0022300711,2024-02-04,UTA vs. MIL,W,123,15
2023-24,1610612745,HOU,0022300709,2024-02-04,HOU @ MIN,L,90,-21
2023-24,1610612765,DET,0022300704,2024-02-04,DET vs. ORL,L,99,-12
2023-24,1610612766,CHA,0022300707,2024-02-04,CHA vs. IND,L,99,-16
2023-24,1610612764,WAS,0022300705,2024-02-04,WAS vs. PHX,L,112,-28
2023-24,1610612743,DEN,0022300712,2024-02-04,DEN vs. POR,W,112,9
2023-24,1610612763,MEM,0022300706,2024-02-04,MEM @ BOS,L,91,-40
2023-24,1610612757,POR,0022300712,2024-02-04,POR @ DEN,L,103,-9
2023-24,1610612750,MIN,0022300709,2024-02-04,MIN vs. HOU,W,111,21
2023-24,1610612748,MIA,0022300708,2024-02-04,MIA vs. LAC,L,95,-8
2023-24,1610612761,TOR,0022300710,2024-02-04,TOR @ OKC,L,127,-8
2023-24,1610612760,OKC,0022300710,2024-02-04,OKC vs. TOR,W,135,8
2023-24,1610612749,MIL,0022300711,2024-02-04,MIL @ UTA,L,108,-15
2023-24,1610612738,BOS,0022300706,2024-02-04,BOS vs. MEM,W,131,40
2023-24,1610612756,PHX,0022300705,2024-02-04,PHX @ WAS,W,140,28
2023-24,1610612753,ORL,0022300704,2024-02-04,ORL @ DET,W,111,12
2023-24,1610612754,IND,0022300707,2024-02-04,IND @ CHA,W,115,16
2023-24,1610612766,CHA,0022300713,2024-02-05,CHA vs. LAL,L,118,-6
2023-24,1610612744,GSW,0022300717,2024-02-05,GSW @ BKN,W,109,11
2023-24,1610612742,DAL,0022300715,2024-02-05,DAL @ PHI,W,118,16
2023-24,1610612739,CLE,0022300714,2024-02-05,CLE vs. SAC,W,136,26
2023-24,1610612746,LAC,0022300716,2024-02-05,LAC @ ATL,W,149,5
2023-24,1610612758,SAC,0022300714,2024-02-05,SAC @ CLE,L,110,-26
2023-24,1610612761,TOR,0022300718,2024-02-05,TOR @ NOP,L,100,-38
2023-24,1610612755,PHI,0022300715,2024-02-05,PHI vs. DAL,L,102,-16
2023-24,1610612751,BKN,0022300717,2024-02-05,BKN vs. GSW,L,98,-11
2023-24,1610612737,ATL,0022300716,2024-02-05,ATL vs. LAC,L,144,-5
2023-24,1610612740,NOP,0022300718,2024-02-05,NOP vs. TOR,W,138,38
2023-24,1610612747,LAL,0022300713,2024-02-05,LAL @ CHA,W,124,6
2023-24,1610612753,ORL,0022300721,2024-02-06,ORL @ MIA,L,95,-26
2023-24,1610612756,PHX,0022300725,2024-02-06,PHX vs. MIL,W,114,8
2023-24,1610612741,CHI,0022300723,2024-02-06,CHI vs. MIN,W,129,6
2023-24,1610612742,DAL,0022300720,2024-02-06,DAL @ BKN,W,119,12
2023-24,1610612763,MEM,0022300722,2024-02-06,MEM @ NYK,L,113,-10
2023-24,1610612748,MIA,0022300721,2024-02-06,MIA vs. ORL,W,121,26
2023-24,1610612745,HOU,0022300719,2024-02-06,HOU @ IND,L,129,-3
2023-24,1610612749,MIL,0022300725,2024-02-06,MIL @ PHX,L,106,-8
2023-24,1610612750,MIN,0022300723,2024-02-06,MIN @ CHI,L,123,-6
2023-24,1610612751,BKN,0022300720,2024-02-06,BKN vs. DAL,L,107,-12
2023-24,1610612754,IND,0022300719,2024-02-06,IND vs. HOU,W,132,3
2023-24,1610612762,UTA,0022300724,2024-02-06,UTA vs. OKC,W,124,7
2023-24,1610612760,OKC,0022300724,2024-02-06,OKC @ UTA,L,117,-7
2023-24,1610612752,NYK,0022300722,2024-02-06,NYK vs. MEM,W,123,10
2023-24,1610612759,SAS,0022300730,2024-02-07,SAS @ MIA,L,104,-12
2023-24,1610612744,GSW,0022300727,2024-02-07,GSW @ PHI,W,127,23
2023-24,1610612765,DET,0022300732,2024-02-07,DET @ SAC,W,133,13
2023-24,1610612748,MIA,0022300730,2024-02-07,MIA vs. SAS,W,116,12
2023-24,1610612738,BOS,0022300729,2024-02-07,BOS vs. ATL,W,125,8
2023-24,1610612737,ATL,0022300729,2024-02-07,ATL @ BOS,L,117,-8
2023-24,1610612764,WAS,0022300728,2024-02-07,WAS vs. CLE,L,106,-8
2023-24,1610612746,LAC,0022300731,2024-02-07,LAC vs. NOP,L,106,-11
2023-24,1610612755,PHI,0022300727,2024-02-07,PHI vs. GSW,L,104,-23
2023-24,1610612740,NOP,0022300731,2024-02-07,NOP @ LAC,W,117,11
2023-24,1610612766,CHA,0022300726,2024-02-07,CHA vs. TOR,L,117,-6
2023-24,1610612739,CLE,0022300728,2024-02-07,CLE @ WAS,W,114,8
2023-24,1610612758,SAC,0022300732,2024-02-07,SAC vs. DET,L,120,-13
2023-24,1610612761,TOR,0022300726,2024-02-07,TOR @ CHA,W,123,6
2023-24,1610612743,DEN,0022300740,2024-02-08,DEN @ LAL,W,114,8
2023-24,1610612750,MIN,0022300738,2024-02-08,MIN @ MIL,W,129,24
2023-24,1610612749,MIL,0022300738,2024-02-08,MIL vs. MIN,L,105,-24
2023-24,1610612739,CLE,0022300735,2024-02-08,CLE @ BKN,W,118,23
2023-24,1610612742,DAL,0022300736,2024-02-08,DAL @ NYK,W,122,14
2023-24,1610612759,SAS,0022300734,2024-02-08,SAS @ ORL,L,111,-16
2023-24,1610612744,GSW,0022300733,2024-02-08,GSW @ IND,W,131,22
2023-24,1610612762,UTA,0022300739,2024-02-08,UTA @ PHX,L,115,-14
2023-24,1610612765,DET,0022300741,2024-02-08,DET @ POR,W,128,6
2023-24,1610612753,ORL,0022300734,2024-02-08,ORL vs. SAS,W,127,16
2023-24,1610612751,BKN,0022300735,2024-02-08,BKN vs. CLE,L,95,-23
2023-24,1610612763,MEM,0022300737,2024-02-08,MEM vs. CHI,L,110,-8
2023-24,1610612752,NYK,0022300736,2024-02-08,NYK vs. DAL,L,108,-14
2023-24,1610612747,LAL,0022300740,2024-02-08,LAL vs. DEN,L,106,-8
2023-24,1610612754,IND,0022300733,2024-02-08,IND vs. GSW,L,109,-22
2023-24,1610612756,PHX,0022300739,2024-02-08,PHX vs. UTA,W,129,14
2023-24,1610612741,CHI,0022300737,2024-02-08,CHI @ MEM,W,118,8
2023-24,1610612757,POR,0022300741,2024-02-08,POR vs. DET,L,122,-6
2023-24,1610612740,NOP,0022300747,2024-02-09,NOP @ LAL,L,122,-17
2023-24,1610612766,CHA,0022300745,2024-02-09,CHA @ MIL,L,84,-36
2023-24,1610612737,ATL,0022300742,2024-02-09,ATL @ PHI,W,127,6
2023-24,1610612743,DEN,0022300746,2024-02-09,DEN @ SAC,L,106,-29
2023-24,1610612755,PHI,0022300742,2024-02-09,PHI vs. ATL,L,121,-6
2023-24,1610612764,WAS,0022300743,2024-02-09,WAS @ BOS,L,129,-4
2023-24,1610612747,LAL,0022300747,2024-02-09,LAL vs. NOP,W,139,17
2023-24,1610612758,SAC,0022300746,2024-02-09,SAC vs. DEN,W,135,29
2023-24,1610612761,TOR,0022300744,2024-02-09,TOR vs. HOU,W,107,3
2023-24,1610612745,HOU,0022300744,2024-02-09,HOU @ TOR,L,104,-3
2023-24,1610612738,BOS,0022300743,2024-02-09,BOS vs. WAS,W,133,4
2023-24,1610612749,MIL,0022300745,2024-02-09,MIL vs. CHA,W,120,36
2023-24,1610612759,SAS,0022300750,2024-02-10,SAS @ BKN,L,103,-20
2023-24,1610612754,IND,0022300755,2024-02-10,IND @ NYK,W,125,14
2023-24,1610612741,CHI,0022300752,2024-02-10,CHI @ ORL,L,108,-6
2023-24,1610612752,NYK,0022300755,2024-02-10,NYK vs. IND,L,111,-14
2023-24,1610612764,WAS,0022300753,2024-02-10,WAS vs. PHI,L,113,-6
2023-24,1610612744,GSW,0022300757,2024-02-10,GSW vs. PHX,W,113,1
2023-24,1610612740,NOP,0022300758,2024-02-10,NOP @ POR,W,93,9
2023-24,1610612751,BKN,0022300750,2024-02-10,BKN vs. SAS,W,123,20
2023-24,1610612745,HOU,0022300754,2024-02-10,HOU @ ATL,L,113,-9
2023-24,1610612761,TOR,0022300756,2024-02-10,TOR vs. CLE,L,95,-24
2023-24,1610612757,POR,0022300758,2024-02-10,POR vs. NOP,L,84,-9
2023-24,1610612753,ORL,0022300752,2024-02-10,ORL vs. CHI,W,114,6
2023-24,1610612760,OKC,0022300748,2024-02-10,OKC @ DAL,L,111,-35
2023-24,1610612756,PHX,0022300757,2024-02-10,PHX @ GSW,L,112,-1
2023-24,1610612737,ATL,0022300754,2024-02-10,ATL vs. HOU,W,122,9
2023-24,1610612765,DET,0022300749,2024-02-10,DET @ LAC,L,106,-6
2023-24,1610612742,DAL,0022300748,2024-02-10,DAL vs. OKC,W,146,35
2023-24,1610612739,CLE,0022300756,2024-02-10,CLE @ TOR,W,119,24
2023-24,1610612766,CHA,0022300751,2024-02-10,CHA vs. MEM,W,115,9
2023-24,1610612755,PHI,0022300753,2024-02-10,PHI @ WAS,W,119,6
2023-24,1610612746,LAC,0022300749,2024-02-10,LAC vs. DET,W,112,6
2023-24,1610612763,MEM,0022300751,2024-02-10,MEM @ CHA,L,106,-9
2023-24,1610612738,BOS,0022300759,2024-02-11,BOS @ MIA,W,110,4
2023-24,1610612760,OKC,0022300760,2024-02-11,OKC vs. SAC,W,127,14
2023-24,1610612748,MIA,0022300759,2024-02-11,MIA vs. BOS,L,106,-4
2023-24,1610612758,SAC,0022300760,2024-02-11,SAC @ OKC,L,113,-14
2023-24,1610612743,DEN,0022300767,2024-02-12,DEN @ MIL,L,95,-17
2023-24,1610612746,LAC,0022300770,2024-02-12,LAC vs. MIN,L,100,-21
2023-24,1610612745,HOU,0022300765,2024-02-12,HOU vs. NYK,W,105,2
2023-24,1610612766,CHA,0022300761,2024-02-12,CHA vs. IND,W,111,9
2023-24,1610612739,CLE,0022300762,2024-02-12,CLE vs. PHI,L,121,-2
2023-24,1610612761,TOR,0022300764,2024-02-12,TOR vs. SAS,L,99,-23
2023-24,1610612741,CHI,0022300763,2024-02-12,CHI @ ATL,W,136,10
2023-24,1610612755,PHI,0022300762,2024-02-12,PHI @ CLE,W,123,2
2023-24,1610612763,MEM,0022300766,2024-02-12,MEM vs. NOP,L,87,-9
2023-24,1610612737,ATL,0022300763,2024-02-12,ATL vs. CHI,L,126,-10
2023-24,1610612764,WAS,0022300768,2024-02-12,WAS @ DAL,L,104,-8
2023-24,1610612749,MIL,0022300767,2024-02-12,MIL vs. DEN,W,112,17
2023-24,1610612762,UTA,0022300769,2024-02-12,UTA vs. GSW,L,107,-22
2023-24,1610612752,NYK,0022300765,2024-02-12,NYK @ HOU,L,103,-2
2023-24,1610612750,MIN,0022300770,2024-02-12,MIN @ LAC,W,121,21
2023-24,1610612759,SAS,0022300764,2024-02-12,SAS @ TOR,W,122,23
2023-24,1610612744,GSW,0022300769,2024-02-12,GSW @ UTA,W,129,22
2023-24,1610612740,NOP,0022300766,2024-02-12,NOP @ MEM,W,96,9
2023-24,1610612742,DAL,0022300768,2024-02-12,DAL vs. WAS,W,112,8
2023-24,1610612754,IND,0022300761,2024-02-12,IND @ CHA,L,102,-9
2023-24,1610612765,DET,0022300776,2024-02-13,DET @ LAL,L,111,-14
2023-24,1610612749,MIL,0022300773,2024-02-13,MIL vs. MIA,L,97,-26
2023-24,1610612748,MIA,0022300773,2024-02-13,MIA @ MIL,W,123,26
2023-24,1610612757,POR,0022300775,2024-02-13,POR vs. MIN,L,109,-12
2023-24,1610612738,BOS,0022300771,2024-02-13,BOS @ BKN,W,118,8
2023-24,1610612760,OKC,0022300772,2024-02-13,OKC @ ORL,W,127,14
2023-24,1610612758,SAC,0022300774,2024-02-13,SAC @ PHX,L,125,-5
2023-24,1610612750,MIN,0022300775,2024-02-13,MIN @ POR,W,121,12
2023-24,1610612756,PHX,0022300774,2024-02-13,PHX vs. SAC,W,130,5
2023-24,1610612751,BKN,0022300771,2024-02-13,BKN vs. BOS,L,110,-8
2023-24,1610612753,ORL,0022300772,2024-02-13,ORL vs. OKC,L,113,-14
2023-24,1610612747,LAL,0022300776,2024-02-13,LAL vs. DET,W,125,14
2023-24,1610612762,UTA,0022300788,2024-02-14,UTA vs. LAL,L,122,-16
2023-24,1610612755,PHI,0022300779,2024-02-14,PHI vs. MIA,L,104,-5
2023-24,1610612738,BOS,0022300780,2024-02-14,BOS vs. BKN,W,136,50
2023-24,1610612753,ORL,0022300778,2024-02-14,ORL vs. NYK,W,118,18
2023-24,1610612752,NYK,0022300778,2024-02-14,NYK @ ORL,L,100,-18
2023-24,1610612761,TOR,0022300782,2024-02-14,TOR vs. IND,L,125,-2
2023-24,1610612748,MIA,0022300779,2024-02-14,MIA @ PHI,W,109,5
2023-24,1610612765,DET,0022300787,2024-02-14,DET @ PHX,L,100,-16
2023-24,1610612743,DEN,0022300786,2024-02-14,DEN vs. SAC,L,98,-4
2023-24,1610612742,DAL,0022300785,2024-02-14,DAL vs. SAS,W,116,23
2023-24,1610612766,CHA,0022300777,2024-02-14,CHA vs. ATL,W,122,23
2023-24,1610612751,BKN,0022300780,2024-02-14,BKN @ BOS,L,86,-50
2023-24,1610612741,CHI,0022300781,2024-02-14,CHI @ CLE,L,105,-3
2023-24,1610612764,WAS,0022300784,2024-02-14,WAS @ NOP,L,126,-7
2023-24,1610612739,CLE,0022300781,2024-02-14,CLE vs. CHI,W,108,3
2023-24,1610612759,SAS,0022300785,2024-02-14,SAS @ DAL,L,93,-23
2023-24,1610612758,SAC,0022300786,2024-02-14,SAC @ DEN,W,102,4
2023-24,1610612746,LAC,0022300789,2024-02-14,LAC @ GSW,W,130,5
2023-24,1610612763,MEM,0022300783,2024-02-14,MEM vs. HOU,W,121,8
2023-24,1610612744,GSW,0022300789,2024-02-14,GSW vs. LAC,L,125,-5
2023-24,1610612754,IND,0022300782,2024-02-14,IND @ TOR,W,127,2
2023-24,1610612747,LAL,0022300788,2024-02-14,LAL @ UTA,W,138,16
2023-24,1610612745,HOU,0022300783,2024-02-14,HOU @ MEM,L,113,-8
2023-24,1610612740,NOP,0022300784,2024-02-14,NOP vs. WAS,W,133,7
2023-24,1610612756,PHX,0022300787,2024-02-14,PHX vs. DET,W,116,16
2023-24,1610612737,ATL,0022300777,2024-02-14,ATL @ CHA,L,99,-23
2023-24,1610612763,MEM,0022300790,2024-02-15,MEM vs. MIL,W,113,3
2023-24,1610612757,POR,0022300791,2024-02-15,POR vs. MIN,L,91,-37
2023-24,1610612750,MIN,0022300791,2024-02-15,MIN @ POR,W,128,37
2023-24,1610612762,UTA,0022300576,2024-02-15,UTA vs. GSW,L,137,-3
2023-24,1610612744,GSW,0022300576,2024-02-15,GSW @ UTA,W,140,3
2023-24,1610612749,MIL,0022300790,2024-02-15,MIL @ MEM,L,110,-3
2023-24,1610612744,GSW,0022300802,2024-02-22,GSW vs. LAL,W,128,18
2023-24,1610612761,TOR,0022300795,2024-02-22,TOR vs. BKN,W,121,28
2023-24,1610612755,PHI,0022300794,2024-02-22,PHI vs. NYK,L,96,-14
2023-24,1610612739,CLE,0022300792,2024-02-22,CLE vs. ORL,L,109,-7
2023-24,1610612765,DET,0022300793,2024-02-22,DET @ IND,L,115,-14
2023-24,1610612752,NYK,0022300794,2024-02-22,NYK @ PHI,W,110,14
2023-24,1610612742,DAL,0022300796,2024-02-22,DAL vs. PHX,W,123,10
2023-24,1610612759,SAS,0022300803,2024-02-22,SAS @ SAC,L,122,-5
2023-24,1610612758,SAC,0022300803,2024-02-22,SAC vs. SAS,W,127,5
2023-24,1610612741,CHI,0022300797,2024-02-22,CHI vs. BOS,L,112,-17
2023-24,1610612753,ORL,0022300792,2024-02-22,ORL @ CLE,W,116,7
2023-24,1610612745,HOU,0022300798,2024-02-22,HOU @ NOP,L,105,-22
2023-24,1610612738,BOS,0022300797,2024-02-22,BOS @ CHI,W,129,17
2023-24,1610612756,PHX,0022300796,2024-02-22,PHX @ DAL,L,113,-10
2023-24,1610612764,WAS,0022300800,2024-02-22,WAS @ DEN,L,110,-20
2023-24,1610612747,LAL,0022300802,2024-02-22,LAL @ GSW,L,110,-18
2023-24,1610612740,NOP,0022300798,2024-02-22,NOP vs. HOU,W,127,22
2023-24,1610612760,OKC,0022300799,2024-02-22,OKC vs. LAC,W,129,22
2023-24,1610612746,LAC,0022300799,2024-02-22,LAC @ OKC,L,107,-22
2023-24,1610612751,BKN,0022300795,2024-02-22,BKN @ TOR,L,93,-28
2023-24,1610612766,CHA,0022300801,2024-02-22,CHA @ UTA,W,115,8
2023-24,1610612743,DEN,0022300800,2024-02-22,DEN vs. WAS,W,130,20
2023-24,1610612754,IND,0022300793,2024-02-22,IND vs. DET,W,129,14
2023-24,1610612762,UTA,0022300801,2024-02-22,UTA vs. CHA,L,107,-8
2023-24,1610612759,SAS,0022300813,2024-02-23,SAS @ LAL,L,118,-5
2023-24,1610612740,NOP,0022300810,2024-02-23,NOP vs. MIA,L,95,-11
2023-24,1610612750,MIN,0022300808,2024-02-23,MIN vs. MIL,L,107,-5
2023-24,1610612749,MIL,0022300808,2024-02-23,MIL @ MIN,W,112,5
2023-24,1610612739,CLE,0022300805,2024-02-23,CLE @ PHI,L,97,-7
2023-24,1610612745,HOU,0022300806,2024-02-23,HOU vs. PHX,W,114,4
2023-24,1610612743,DEN,0022300812,2024-02-23,DEN @ POR,W,127,15
2023-24,1610612747,LAL,0022300813,2024-02-23,LAL vs. SAS,W,123,5
2023-24,1610612761,TOR,0022300804,2024-02-23,TOR @ ATL,W,123,2
2023-24,1610612755,PHI,0022300805,2024-02-23,PHI vs. CLE,W,104,7
2023-24,1610612748,MIA,0022300810,2024-02-23,MIA @ NOP,W,106,11
2023-24,1610612757,POR,0022300812,2024-02-23,POR vs. DEN,L,112,-15
2023-24,1610612766,CHA,0022300811,2024-02-23,CHA @ GSW,L,84,-13
2023-24,1610612756,PHX,0022300806,2024-02-23,PHX @ HOU,L,110,-4
2023-24,1610612763,MEM,0022300807,2024-02-23,MEM vs. LAC,L,95,-6
2023-24,1610612764,WAS,0022300809,2024-02-23,WAS @ OKC,L,106,-41
2023-24,1610612737,ATL,0022300804,2024-02-23,ATL vs. TOR,L,121,-2
2023-24,1610612746,LAC,0022300807,2024-02-23,LAC @ MEM,W,101,6
2023-24,1610612760,OKC,0022300809,2024-02-23,OKC vs. WAS,W,147,41
2023-24,1610612744,GSW,0022300811,2024-02-23,GSW vs. CHA,W,97,13
2023-24,1610612751,BKN,0022300815,2024-02-24,BKN @ MIN,L,86,-15
2023-24,1610612750,MIN,0022300815,2024-02-24,MIN vs. BKN,W,101,15
2023-24,1610612738,BOS,0022300816,2024-02-24,BOS @ NYK,W,116,14
2023-24,1610612765,DET,0022300814,2024-02-24,DET vs. ORL,L,109,-3
2023-24,1610612752,NYK,0022300816,2024-02-24,NYK vs. BOS,L,102,-14
2023-24,1610612753,ORL,0022300814,2024-02-24,ORL @ DET,W,112,3
2023-24,1610612756,PHX,0022300818,2024-02-25,PHX vs. LAL,W,123,10
2023-24,1610612755,PHI,0022300817,2024-02-25,PHI vs. MIL,L,98,-21
2023-24,1610612737,ATL,0022300821,2024-02-25,ATL vs. ORL,W,109,17
2023-24,1610612742,DAL,0022300819,2024-02-25,DAL @ IND,L,111,-22
2023-24,1610612749,MIL,0022300817,2024-02-25,MIL @ PHI,W,119,21
2023-24,1610612747,LAL,0022300818,2024-02-25,LAL @ PHX,L,113,-10
2023-24,1610612766,CHA,0022300826,2024-02-25,CHA @ POR,W,93,13
2023-24,1610612746,LAC,0022300827,2024-02-25,LAC vs. SAC,L,107,-16
2023-24,1610612762,UTA,0022300825,2024-02-25,UTA vs. SAS,W,128,19
2023-24,1610612753,ORL,0022300821,2024-02-25,ORL @ ATL,L,92,-17
2023-24,1610612764,WAS,0022300820,2024-02-25,WAS vs. CLE,L,105,-9
2023-24,1610612741,CHI,0022300823,2024-02-25,CHI @ NOP,W,114,8
2023-24,1610612740,NOP,0022300823,2024-02-25,NOP vs. CHI,L,106,-8
2023-24,1610612754,IND,0022300819,2024-02-25,IND vs. DAL,W,133,22
2023-24,1610612744,GSW,0022300824,2024-02-25,GSW vs. DEN,L,103,-16
2023-24,1610612743,DEN,0022300824,2024-02-25,DEN @ GSW,W,119,16
2023-24,1610612760,OKC,0022300822,2024-02-25,OKC @ HOU,W,123,13
2023-24,1610612758,SAC,0022300827,2024-02-25,SAC @ LAC,W,123,16
2023-24,1610612745,HOU,0022300822,2024-02-25,HOU vs. OKC,L,110,-13
2023-24,1610612759,SAS,0022300825,2024-02-25,SAS @ UTA,L,109,-19
2023-24,1610612739,CLE,0022300820,2024-02-25,CLE @ WAS,W,114,9
2023-24,1610612757,POR,0022300826,2024-02-25,POR vs. CHA,L,80,-13
2023-24,1610612758,SAC,0022300831,2024-02-26,SAC vs. MIA,L,110,-11
2023-24,1610612763,MEM,0022300830,2024-02-26,MEM vs. BKN,L,86,-25
2023-24,1610612765,DET,0022300828,2024-02-26,DET @ NYK,L,111,-2
2023-24,1610612761,TOR,0022300829,2024-02-26,TOR @ IND,W,130,8
2023-24,1610612748,MIA,0022300831,2024-02-26,MIA @ SAC,W,121,11
2023-24,1610612754,IND,0022300829,2024-02-26,IND vs. TOR,L,122,-8
2023-24,1610612751,BKN,0022300830,2024-02-26,BKN @ MEM,W,111,25
2023-24,1610612752,NYK,0022300828,2024-02-26,NYK vs. DET,W,113,2
2023-24,1610612757,POR,0022300842,2024-02-27,POR vs. MIA,L,96,-10
2023-24,1610612766,CHA,0022300840,2024-02-27,CHA @ MIL,L,85,-38
2023-24,1610612759,SAS,0022300838,2024-02-27,SAS @ MIN,L,105,-9
2023-24,1610612753,ORL,0022300833,2024-02-27,ORL vs. BKN,W,108,27
2023-24,1610612740,NOP,0022300837,2024-02-27,NOP @ NYK,W,115,23
2023-24,1610612751,BKN,0022300833,2024-02-27,BKN @ ORL,L,81,-27
2023-24,1610612738,BOS,0022300836,2024-02-27,BOS vs. PHI,W,117,18
2023-24,1610612748,MIA,0022300842,2024-02-27,MIA @ POR,W,106,10
2023-24,1610612750,MIN,0022300838,2024-02-27,MIN vs. SAS,W,114,9
2023-24,1610612762,UTA,0022300835,2024-02-27,UTA @ ATL,L,97,-27
2023-24,1610612755,PHI,0022300836,2024-02-27,PHI @ BOS,L,99,-18
2023-24,1610612742,DAL,0022300832,2024-02-27,DAL @ CLE,L,119,-2
2023-24,1610612752,NYK,0022300837,2024-02-27,NYK vs. NOP,L,92,-23
2023-24,1610612765,DET,0022300839,2024-02-27,DET @ CHI,W,105,10
2023-24,1610612739,CLE,0022300832,2024-02-27,CLE vs. DAL,W,121,2
2023-24,1610612764,WAS,0022300834,2024-02-27,WAS vs. GSW,L,112,-11
2023-24,1610612760,OKC,0022300841,2024-02-27,OKC vs. HOU,W,112,17
2023-24,1610612745,HOU,0022300841,2024-02-27,HOU @ OKC,L,95,-17
2023-24,1610612737,ATL,0022300835,2024-02-27,ATL vs. UTA,W,124,27
2023-24,1610612744,GSW,0022300834,2024-02-27,GSW @ WAS,W,123,11
2023-24,1610612741,CHI,0022300839,2024-02-27,CHI vs. DET,L,95,-10
2023-24,1610612749,MIL,0022300840,2024-02-27,MIL vs. CHA,W,123,38
2023-24,1610612746,LAC,0022300848,2024-02-28,LAC vs. LAL,L,112,-4
2023-24,1610612763,MEM,0022300845,2024-02-28,MEM @ MIN,L,101,-9
2023-24,1610612740,NOP,0022300843,2024-02-28,NOP @ IND,L,114,-9
2023-24,1610612743,DEN,0022300847,2024-02-28,DEN vs. SAC,W,117,21
2023-24,1610612741,CHI,0022300846,2024-02-28,CHI vs. CLE,W,132,9
2023-24,1610612754,IND,0022300843,2024-02-28,IND vs. NOP,W,123,9
2023-24,1610612739,CLE,0022300846,2024-02-28,CLE @ CHI,L,123,-9
2023-24,1610612761,TOR,0022300844,2024-02-28,TOR vs. DAL,L,125,-11
2023-24,1610612758,SAC,0022300847,2024-02-28,SAC @ DEN,L,96,-21
2023-24,1610612747,LAL,0022300848,2024-02-28,LAL @ LAC,W,116,4
2023-24,1610612742,DAL,0022300844,2024-02-28,DAL @ TOR,W,136,11
2023-24,1610612750,MIN,0022300845,2024-02-28,MIN vs. MEM,W,110,9
2023-24,1610612764,WAS,0022300856,2024-02-29,WAS @ LAL,L,131,-3
2023-24,1610612743,DEN,0022300855,2024-02-29,DEN vs. MIA,W,103,6
2023-24,1610612766,CHA,0022300849,2024-02-29,CHA vs. MIL,L,99,-12
2023-24,1610612737,ATL,0022300851,2024-02-29,ATL @ BKN,L,97,-27
2023-24,1610612744,GSW,0022300852,2024-02-29,GSW @ NYK,W,110,11
2023-24,1610612762,UTA,0022300850,2024-02-29,UTA @ ORL,L,107,-8
2023-24,1610612745,HOU,0022300854,2024-02-29,HOU @ PHX,L,105,-5
2023-24,1610612760,OKC,0022300853,2024-02-29,OKC @ SAS,L,118,-14
2023-24,1610612751,BKN,0022300851,2024-02-29,BKN vs. ATL,W,124,27
2023-24,1610612748,MIA,0022300855,2024-02-29,MIA @ DEN,L,97,-6
2023-24,1610612752,NYK,0022300852,2024-02-29,NYK vs. GSW,L,99,-11
2023-24,1610612756,PHX,0022300854,2024-02-29,PHX vs. HOU,W,110,5
2023-24,1610612759,SAS,0022300853,2024-02-29,SAS vs. OKC,W,132,14
2023-24,1610612753,ORL,0022300850,2024-02-29,ORL vs. UTA,W,115,8
2023-24,1610612747,LAL,0022300856,2024-02-29,LAL vs. WAS,W,134,3
2023-24,1610612749,MIL,0022300849,2024-02-29,MIL @ CHA,W,111,12
2023-24,1610612741,CHI,0022300864,2024-03-01,CHI vs. MIL,L,97,-16
2023-24,1610612758,SAC,0022300862,2024-03-01,SAC @ MIN,W,124,4
2023-24,1610612740,NOP,0022300863,2024-03-01,NOP vs. IND,W,129,27
2023-24,1610612766,CHA,0022300858,2024-03-01,CHA @ PHI,L,114,-7
2023-24,1610612763,MEM,0022300861,2024-03-01,MEM vs. POR,L,92,-30
2023-24,1610612750,MIN,0022300862,2024-03-01,MIN vs. SAC,L,120,-4
2023-24,1610612742,DAL,0022300859,2024-03-01,DAL @ BOS,L,110,-28
2023-24,1610612765,DET,0022300857,2024-03-01,DET vs. CLE,L,100,-10
2023-24,1610612754,IND,0022300863,2024-03-01,IND @ NOP,L,102,-27
2023-24,1610612749,MIL,0022300864,2024-03-01,MIL @ CHI,W,113,16
2023-24,1610612738,BOS,0022300859,2024-03-01,BOS vs. DAL,W,138,28
2023-24,1610612761,TOR,0022300860,2024-03-01,TOR vs. GSW,L,105,-15
2023-24,1610612764,WAS,0022300865,2024-03-01,WAS @ LAC,L,115,-25
2023-24,1610612744,GSW,0022300860,2024-03-01,GSW @ TOR,W,120,15
2023-24,1610612757,POR,0022300861,2024-03-01,POR @ MEM,W,122,30
2023-24,1610612746,LAC,0022300865,2024-03-01,LAC vs. WAS,W,140,25
2023-24,1610612739,CLE,0022300857,2024-03-01,CLE @ DET,W,110,10
2023-24,1610612755,PHI,0022300858,2024-03-01,PHI vs. CHA,W,121,7
2023-24,1610612743,DEN,0022300869,2024-03-02,DEN @ LAL,W,124,10
2023-24,1610612762,UTA,0022300867,2024-03-02,UTA @ MIA,L,120,-6
2023-24,1610612737,ATL,0022300866,2024-03-02,ATL @ BKN,L,102,-12
2023-24,1610612745,HOU,0022300870,2024-03-02,HOU @ PHX,W,118,9
2023-24,1610612763,MEM,0022300868,2024-03-02,MEM vs. POR,L,100,-7
2023-24,1610612751,BKN,0022300866,2024-03-02,BKN vs. ATL,W,114,12
2023-24,1610612747,LAL,0022300869,2024-03-02,LAL vs. DEN,L,114,-10
2023-24,1610612756,PHX,0022300870,2024-03-02,PHX vs. HOU,L,109,-9
2023-24,1610612748,MIA,0022300867,2024-03-02,MIA vs. UTA,W,126,6
2023-24,1610612757,POR,0022300868,2024-03-02,POR @ MEM,W,107,7
2023-24,1610612746,LAC,0022300873,2024-03-03,LAC @ MIN,W,89,1
2023-24,1610612739,CLE,0022300876,2024-03-03,CLE vs. NYK,L,98,-9
2023-24,1610612765,DET,0022300874,2024-03-03,DET @ ORL,L,91,-22
2023-24,1610612759,SAS,0022300877,2024-03-03,SAS vs. IND,W,117,12
2023-24,1610612742,DAL,0022300871,2024-03-03,DAL vs. PHI,L,116,-4
2023-24,1610612760,OKC,0022300878,2024-03-03,OKC @ PHX,W,118,8
2023-24,1610612754,IND,0022300877,2024-03-03,IND @ SAS,L,105,-12
2023-24,1610612744,GSW,0022300872,2024-03-03,GSW @ BOS,L,88,-52
2023-24,1610612752,NYK,0022300876,2024-03-03,NYK @ CLE,W,107,9
2023-24,1610612755,PHI,0022300871,2024-03-03,PHI @ DAL,W,120,4
2023-24,1610612738,BOS,0022300872,2024-03-03,BOS vs. GSW,W,140,52
2023-24,1610612750,MIN,0022300873,2024-03-03,MIN vs. LAC,L,88,-1
2023-24,1610612756,PHX,0022300878,2024-03-03,PHX vs. OKC,L,110,-8
2023-24,1610612766,CHA,0022300875,2024-03-03,CHA @ TOR,L,106,-5
2023-24,1610612753,ORL,0022300874,2024-03-03,ORL vs. DET,W,113,22
2023-24,1610612761,TOR,0022300875,2024-03-03,TOR vs. CHA,W,111,5
2023-24,1610612760,OKC,0022300884,2024-03-04,OKC @ LAL,L,104,-12
2023-24,1610612746,LAC,0022300880,2024-03-04,LAC @ MIL,L,106,-7
2023-24,1610612757,POR,0022300881,2024-03-04,POR @ MIN,L,114,-5
2023-24,1610612763,MEM,0022300879,2024-03-04,MEM @ BKN,W,106,4
2023-24,1610612750,MIN,0022300881,2024-03-04,MIN vs. POR,W,119,5
2023-24,1610612741,CHI,0022300883,2024-03-04,CHI @ SAC,W,113,4
2023-24,1610612758,SAC,0022300883,2024-03-04,SAC vs. CHI,L,109,-4
2023-24,1610612749,MIL,0022300880,2024-03-04,MIL vs. LAC,W,113,7
2023-24,1610612747,LAL,0022300884,2024-03-04,LAL vs. OKC,W,116,12
2023-24,1610612764,WAS,0022300882,2024-03-04,WAS @ UTA,L,115,-12
2023-24,1610612751,BKN,0022300879,2024-03-04,BKN vs. MEM,L,102,-4
2023-24,1610612762,UTA,0022300882,2024-03-04,UTA vs. WAS,W,127,12
2023-24,1610612765,DET,0022300888,2024-03-05,DET @ MIA,L,110,-8
2023-24,1610612755,PHI,0022300887,2024-03-05,PHI @ BKN,L,107,-5
2023-24,1610612737,ATL,0022300889,2024-03-05,ATL @ NYK,W,116,16
2023-24,1610612766,CHA,0022300885,2024-03-05,CHA vs. ORL,L,89,-12
2023-24,1610612742,DAL,0022300892,2024-03-05,DAL vs. IND,L,120,-17
2023-24,1610612751,BKN,0022300887,2024-03-05,BKN vs. PHI,W,112,5
2023-24,1610612743,DEN,0022300893,2024-03-05,DEN vs. PHX,L,107,-10
2023-24,1610612745,HOU,0022300891,2024-03-05,HOU vs. SAS,W,114,13
2023-24,1610612752,NYK,0022300889,2024-03-05,NYK vs. ATL,L,100,-16
2023-24,1610612739,CLE,0022300886,2024-03-05,CLE vs. BOS,W,105,1
2023-24,1610612738,BOS,0022300886,2024-03-05,BOS @ CLE,L,104,-1
2023-24,1610612761,TOR,0022300890,2024-03-05,TOR vs. NOP,L,98,-41
2023-24,1610612754,IND,0022300892,2024-03-05,IND @ DAL,W,137,17
2023-24,1610612756,PHX,0022300893,2024-03-05,PHX @ DEN,W,117,10
2023-24,1610612759,SAS,0022300891,2024-03-05,SAS @ HOU,L,101,-13
2023-24,1610612740,NOP,0022300890,2024-03-05,NOP @ TOR,W,139,41
2023-24,1610612748,MIA,0022300888,2024-03-05,MIA vs. DET,W,118,8
2023-24,1610612753,ORL,0022300885,2024-03-05,ORL @ CHA,W,101,12
2023-24,1610612758,SAC,0022300901,2024-03-06,SAC @ LAL,W,130,10
2023-24,1610612744,GSW,0022300899,2024-03-06,GSW vs. MIL,W,125,35
2023-24,1610612764,WAS,0022300894,2024-03-06,WAS vs. ORL,L,109,-10
2023-24,1610612763,MEM,0022300896,2024-03-06,MEM @ PHI,W,115,6
2023-24,1610612760,OKC,0022300900,2024-03-06,OKC @ POR,W,128,8
2023-24,1610612747,LAL,0022300901,2024-03-06,LAL vs. SAC,L,120,-10
2023-24,1610612739,CLE,0022300895,2024-03-06,CLE @ ATL,L,101,-11
2023-24,1610612737,ATL,0022300895,2024-03-06,ATL vs. CLE,W,112,11
2023-24,1610612762,UTA,0022300898,2024-03-06,UTA vs. CHI,L,117,-2
2023-24,1610612749,MIL,0022300899,2024-03-06,MIL @ GSW,L,90,-35
2023-24,1610612746,LAC,0022300897,2024-03-06,LAC @ HOU,W,122,6
2023-24,1610612745,HOU,0022300897,2024-03-06,HOU vs. LAC,L,116,-6
2023-24,1610612757,POR,0022300900,2024-03-06,POR vs. OKC,L,120,-8
2023-24,1610612741,CHI,0022300898,2024-03-06,CHI @ UTA,W,119,2
2023-24,1610612755,PHI,0022300896,2024-03-06,PHI vs. MEM,L,109,-6
2023-24,1610612753,ORL,0022300894,2024-03-06,ORL @ WAS,W,119,10
2023-24,1610612742,DAL,0022300904,2024-03-07,DAL vs. MIA,W,114,6
2023-24,1610612754,IND,0022300903,2024-03-07,IND vs. MIN,L,111,-2
2023-24,1610612765,DET,0022300902,2024-03-07,DET vs. BKN,W,118,6
2023-24,1610612750,MIN,0022300903,2024-03-07,MIN @ IND,W,113,2
2023-24,1610612761,TOR,0022300905,2024-03-07,TOR @ PHX,L,113,-7
2023-24,1610612759,SAS,0022300908,2024-03-07,SAS @ SAC,L,129,-2
2023-24,1610612758,SAC,0022300908,2024-03-07,SAC vs. SAS,W,131,2
2023-24,1610612743,DEN,0022300906,2024-03-07,DEN vs. BOS,W,115,6
2023-24,1610612744,GSW,0022300907,2024-03-07,GSW vs. CHI,L,122,-3
2023-24,1610612748,MIA,0022300904,2024-03-07,MIA @ DAL,L,108,-6
2023-24,1610612738,BOS,0022300906,2024-03-07,BOS @ DEN,L,109,-6
2023-24,1610612741,CHI,0022300907,2024-03-07,CHI @ GSW,W,125,3
2023-24,1610612756,PHX,0022300905,2024-03-07,PHX vs. TOR,W,120,7
2023-24,1610612751,BKN,0022300902,2024-03-07,BKN @ DET,L,112,-6
2023-24,1610612749,MIL,0022300915,2024-03-08,MIL @ LAL,L,122,-1
2023-24,1610612760,OKC,0022300914,2024-03-08,OKC vs. MIA,W,107,7
2023-24,1610612747,LAL,0022300915,2024-03-08,LAL vs. MIL,W,123,1
2023-24,1610612739,CLE,0022300911,2024-03-08,CLE vs. MIN,W,113,9
2023-24,1610612753,ORL,0022300912,2024-03-08,ORL @ NYK,L,74,-24
2023-24,1610612752,NYK,0022300912,2024-03-08,NYK vs. ORL,W,98,24
2023-24,1610612740,NOP,0022300909,2024-03-08,NOP @ PHI,W,103,8
2023-24,1610612745,HOU,0022300916,2024-03-08,HOU @ POR,W,123,16
2023-24,1610612763,MEM,0022300913,2024-03-08,MEM vs. ATL,L,92,-7
2023-24,1610612750,MIN,0022300911,2024-03-08,MIN @ CLE,L,104,-9
2023-24,1610612755,PHI,0022300909,2024-03-08,PHI vs. NOP,L,95,-8
2023-24,1610612757,POR,0022300916,2024-03-08,POR vs. HOU,L,107,-16
2023-24,1610612748,MIA,0022300914,2024-03-08,MIA @ OKC,L,100,-7
2023-24,1610612737,ATL,0022300913,2024-03-08,ATL @ MEM,W,99,7
2023-24,1610612766,CHA,0022300910,2024-03-08,CHA @ WAS,L,100,-12
2023-24,1610612764,WAS,0022300910,2024-03-08,WAS vs. CHA,W,112,12
2023-24,1610612766,CHA,0022300918,2024-03-09,CHA vs. BKN,W,110,11
2023-24,1610612738,BOS,0022300920,2024-03-09,BOS @ PHX,W,117,10
2023-24,1610612761,TOR,0022300923,2024-03-09,TOR @ POR,L,118,-10
2023-24,1610612744,GSW,0022300921,2024-03-09,GSW vs. SAS,L,113,-13
2023-24,1610612756,PHX,0022300920,2024-03-09,PHX vs. BOS,L,107,-10
2023-24,1610612746,LAC,0022300917,2024-03-09,LAC vs. CHI,W,112,10
2023-24,1610612765,DET,0022300919,2024-03-09,DET vs. DAL,L,124,-18
2023-24,1610612762,UTA,0022300922,2024-03-09,UTA @ DEN,L,121,-21
2023-24,1610612759,SAS,0022300921,2024-03-09,SAS @ GSW,W,126,13
2023-24,1610612741,CHI,0022300917,2024-03-09,CHI @ LAC,L,102,-10
2023-24,1610612757,POR,0022300923,2024-03-09,POR vs. TOR,W,128,10
2023-24,1610612743,DEN,0022300922,2024-03-09,DEN vs. UTA,W,142,21
2023-24,1610612742,DAL,0022300919,2024-03-09,DAL @ DET,W,142,18
2023-24,1610612751,BKN,0022300918,2024-03-09,BKN @ CHA,L,99,-11
2023-24,1610612750,MIN,0022300932,2024-03-10,MIN @ LAL,L,109,-11
2023-24,1610612764,WAS,0022300926,2024-03-10,WAS @ MIA,W,110,2
2023-24,1610612746,LAC,0022300924,2024-03-10,LAC vs. MIL,L,117,-7
2023-24,1610612747,LAL,0022300932,2024-03-10,LAL vs. MIN,W,120,11
2023-24,1610612739,CLE,0022300930,2024-03-10,CLE vs. BKN,L,101,-19
2023-24,1610612755,PHI,0022300927,2024-03-10,PHI @ NYK,W,79,6
2023-24,1610612754,IND,0022300928,2024-03-10,IND @ ORL,W,111,14
2023-24,1610612753,ORL,0022300928,2024-03-10,ORL vs. IND,L,97,-14
2023-24,1610612752,NYK,0022300927,2024-03-10,NYK vs. PHI,L,73,-6
2023-24,1610612745,HOU,0022300929,2024-03-10,HOU @ SAC,W,112,8
2023-24,1610612740,NOP,0022300925,2024-03-10,NOP @ ATL,W,116,13
2023-24,1610612751,BKN,0022300930,2024-03-10,BKN @ CLE,W,120,19
2023-24,1610612737,ATL,0022300925,2024-03-10,ATL vs. NOP,L,103,-13
2023-24,1610612758,SAC,0022300929,2024-03-10,SAC vs. HOU,L,104,-8
2023-24,1610612749,MIL,0022300924,2024-03-10,MIL @ LAC,W,124,7
2023-24,1610612763,MEM,0022300931,2024-03-10,MEM @ OKC,L,93,-31
2023-24,1610612760,OKC,0022300931,2024-03-10,OKC vs. MEM,W,124,31
2023-24,1610612748,MIA,0022300926,2024-03-10,MIA vs. WAS,L,108,-2
2023-24,1610612739,CLE,0022300934,2024-03-11,CLE vs. PHX,L,111,-6
2023-24,1610612738,BOS,0022300938,2024-03-11,BOS @ POR,W,121,22
2023-24,1610612744,GSW,0022300936,2024-03-11,GSW @ SAS,W,112,10
2023-24,1610612757,POR,0022300938,2024-03-11,POR vs. BOS,L,99,-22
2023-24,1610612756,PHX,0022300934,2024-03-11,PHX @ CLE,W,117,6
2023-24,1610612742,DAL,0022300935,2024-03-11,DAL @ CHI,W,127,35
2023-24,1610612741,CHI,0022300935,2024-03-11,CHI vs. DAL,L,92,-35
2023-24,1610612761,TOR,0022300937,2024-03-11,TOR @ DEN,L,119,-6
2023-24,1610612759,SAS,0022300936,2024-03-11,SAS vs. GSW,L,102,-10
2023-24,1610612743,DEN,0022300937,2024-03-11,DEN vs. TOR,W,125,6
2023-24,1610612766,CHA,0022300933,2024-03-11,CHA @ DET,L,97,-17
2023-24,1610612765,DET,0022300933,2024-03-11,DET vs. CHA,W,114,17
2023-24,1610612758,SAC,0022300945,2024-03-12,SAC vs. MIL,W,129,35
2023-24,1610612746,LAC,0022300944,2024-03-12,LAC vs. MIN,L,100,-18
2023-24,1610612755,PHI,0022300939,2024-03-12,PHI @ NYK,L,79,-27
2023-24,1610612760,OKC,0022300941,2024-03-12,OKC vs. IND,L,111,-10
2023-24,1610612752,NYK,0022300939,2024-03-12,NYK vs. PHI,W,106,27
2023-24,1610612749,MIL,0022300945,2024-03-12,MIL @ SAC,L,94,-35
2023-24,1610612745,HOU,0022300942,2024-03-12,HOU @ SAS,W,103,2
2023-24,1610612762,UTA,0022300943,2024-03-12,UTA vs. BOS,L,107,-16
2023-24,1610612759,SAS,0022300942,2024-03-12,SAS vs. HOU,L,101,-2
2023-24,1610612750,MIN,0022300944,2024-03-12,MIN @ LAC,W,118,18
2023-24,1610612754,IND,0022300941,2024-03-12,IND @ OKC,W,121,10
2023-24,1610612738,BOS,0022300943,2024-03-12,BOS @ UTA,W,123,16
2023-24,1610612764,WAS,0022300940,2024-03-12,WAS @ MEM,L,97,-12
2023-24,1610612763,MEM,0022300940,2024-03-12,MEM vs. WAS,W,109,12
2023-24,1610612758,SAC,0022300954,2024-03-13,SAC vs. LAL,W,120,13
2023-24,1610612743,DEN,0022300949,2024-03-13,DEN @ MIA,W,100,12
2023-24,1610612753,ORL,0022300947,2024-03-13,ORL vs. BKN,W,114,8
2023-24,1610612751,BKN,0022300947,2024-03-13,BKN @ ORL,L,106,-8
2023-24,1610612741,CHI,0022300948,2024-03-13,CHI @ IND,W,132,3
2023-24,1610612737,ATL,0022300953,2024-03-13,ATL @ POR,L,102,-4
2023-24,1610612747,LAL,0022300954,2024-03-13,LAL @ SAC,L,107,-13
2023-24,1610612757,POR,0022300953,2024-03-13,POR vs. ATL,W,106,4
2023-24,1610612740,NOP,0022300951,2024-03-13,NOP vs. CLE,L,95,-21
2023-24,1610612739,CLE,0022300951,2024-03-13,CLE @ NOP,W,116,21
2023-24,1610612754,IND,0022300948,2024-03-13,IND vs. CHI,L,129,-3
2023-24,1610612744,GSW,0022300952,2024-03-13,GSW @ DAL,L,99,-10
2023-24,1610612748,MIA,0022300949,2024-03-13,MIA vs. DEN,L,88,-12
2023-24,1610612742,DAL,0022300952,2024-03-13,DAL vs. GSW,W,109,10
2023-24,1610612765,DET,0022300946,2024-03-13,DET vs. TOR,W,113,9
2023-24,1610612766,CHA,0022300950,2024-03-13,CHA @ MEM,W,110,12
2023-24,1610612761,TOR,0022300946,2024-03-13,TOR @ DET,L,104,-9
2023-24,1610612763,MEM,0022300950,2024-03-13,MEM vs. CHA,L,98,-12
2023-24,1610612755,PHI,0022300958,2024-03-14,PHI @ MIL,L,105,-9
2023-24,1610612757,POR,0022300960,2024-03-14,POR vs. NYK,L,93,-12
2023-24,1610612749,MIL,0022300958,2024-03-14,MIL vs. PHI,W,114,9
2023-24,1610612738,BOS,0022300955,2024-03-14,BOS vs. PHX,W,127,15
2023-24,1610612752,NYK,0022300960,2024-03-14,NYK @ POR,W,105,12
2023-24,1610612756,PHX,0022300955,2024-03-14,PHX @ BOS,L,112,-15
2023-24,1610612746,LAC,0022300956,2024-03-14,LAC @ CHI,W,126,15
2023-24,1610612760,OKC,0022300959,2024-03-14,OKC vs. DAL,W,126,7
2023-24,1610612764,WAS,0022300957,2024-03-14,WAS @ HOU,L,119,-16
2023-24,1610612741,CHI,0022300956,2024-03-14,CHI vs. LAC,L,111,-15
2023-24,1610612742,DAL,0022300959,2024-03-14,DAL @ OKC,L,119,-7
2023-24,1610612745,HOU,0022300957,2024-03-14,HOU vs. WAS,W,135,16
2023-24,1610612765,DET,0022300962,2024-03-15,DET vs. MIA,L,95,-13
2023-24,1610612761,TOR,0022300963,2024-03-15,TOR vs. ORL,L,103,-10
2023-24,1610612766,CHA,0022300961,2024-03-15,CHA vs. PHX,L,96,-11
2023-24,1610612743,DEN,0022300965,2024-03-15,DEN @ SAS,W,117,11
2023-24,1610612762,UTA,0022300966,2024-03-15,UTA vs. ATL,W,124,2
2023-24,1610612746,LAC,0022300964,2024-03-15,LAC @ NOP,L,104,-8
2023-24,1610612759,SAS,0022300965,2024-03-15,SAS vs. DEN,L,106,-11
2023-24,1610612740,NOP,0022300964,2024-03-15,NOP vs. LAC,W,112,8
2023-24,1610612753,ORL,0022300963,2024-03-15,ORL @ TOR,W,113,10
2023-24,1610612737,ATL,0022300966,2024-03-15,ATL @ UTA,L,122,-2
2023-24,1610612748,MIA,0022300962,2024-03-15,MIA @ DET,W,108,13
2023-24,1610612756,PHX,0022300961,2024-03-15,PHX @ CHA,W,107,11
2023-24,1610612744,GSW,0022300973,2024-03-16,GSW @ LAL,W,128,7
2023-24,1610612762,UTA,0022300974,2024-03-16,UTA vs. MIN,L,100,-19
2023-24,1610612754,IND,0022300968,2024-03-16,IND vs. BKN,W,121,21
2023-24,1610612758,SAC,0022300975,2024-03-16,SAC vs. NYK,L,91,-7
2023-24,1610612751,BKN,0022300968,2024-03-16,BKN @ IND,L,100,-21
2023-24,1610612766,CHA,0022300969,2024-03-16,CHA @ PHI,L,98,-11
2023-24,1610612740,NOP,0022300970,2024-03-16,NOP vs. POR,W,126,19
2023-24,1610612752,NYK,0022300975,2024-03-16,NYK @ SAC,W,98,7
2023-24,1610612745,HOU,0022300967,2024-03-16,HOU vs. CLE,W,117,14
2023-24,1610612757,POR,0022300970,2024-03-16,POR @ NOP,L,107,-19
2023-24,1610612764,WAS,0022300971,2024-03-16,WAS @ CHI,L,98,-29
2023-24,1610612747,LAL,0022300973,2024-03-16,LAL vs. GSW,L,121,-7
2023-24,1610612739,CLE,0022300967,2024-03-16,CLE @ HOU,L,103,-14
2023-24,1610612763,MEM,0022300972,2024-03-16,MEM vs. OKC,L,112,-6
2023-24,1610612750,MIN,0022300974,2024-03-16,MIN @ UTA,W,119,19
2023-24,1610612760,OKC,0022300972,2024-03-16,OKC @ MEM,W,118,6
2023-24,1610612741,CHI,0022300971,2024-03-16,CHI vs. WAS,W,127,29
2023-24,1610612755,PHI,0022300969,2024-03-16,PHI vs. CHA,W,109,11
2023-24,1610612765,DET,0022300977,2024-03-17,DET vs. MIA,L,101,-3
2023-24,1610612756,PHX,0022300976,2024-03-17,PHX @ MIL,L,129,-11
2023-24,1610612759,SAS,0022300981,2024-03-17,SAS vs. BKN,W,122,7
2023-24,1610612761,TOR,0022300979,2024-03-17,TOR @ ORL,L,96,-15
2023-24,1610612749,MIL,0022300976,2024-03-17,MIL vs. PHX,W,140,11
2023-24,1610612751,BKN,0022300981,2024-03-17,BKN @ SAS,L,115,-7
2023-24,1610612746,LAC,0022300982,2024-03-17,LAC vs. ATL,L,93,-17
2023-24,1610612764,WAS,0022300980,2024-03-17,WAS vs. BOS,L,104,-26
2023-24,1610612743,DEN,0022300978,2024-03-17,DEN @ DAL,L,105,-2
2023-24,1610612742,DAL,0022300978,2024-03-17,DAL vs. DEN,W,107,2
2023-24,1610612737,ATL,0022300982,2024-03-17,ATL @ LAC,W,110,17
2023-24,1610612753,ORL,0022300979,2024-03-17,ORL vs. TOR,W,111,15
2023-24,1610612738,BOS,0022300980,2024-03-17,BOS @ WAS,W,130,26
2023-24,1610612748,MIA,0022300977,2024-03-17,MIA @ DET,W,104,3
2023-24,1610612737,ATL,0022300990,2024-03-18,ATL @ LAL,L,105,-31
2023-24,1610612755,PHI,0022300985,2024-03-18,PHI vs. MIA,W,98,7
2023-24,1610612762,UTA,0022300987,2024-03-18,UTA vs. MIN,L,104,-10
2023-24,1610612744,GSW,0022300988,2024-03-18,GSW vs. NYK,L,112,-7
2023-24,1610612739,CLE,0022300983,2024-03-18,CLE @ IND,W,108,5
2023-24,1610612748,MIA,0022300985,2024-03-18,MIA @ PHI,L,91,-7
2023-24,1610612741,CHI,0022300986,2024-03-18,CHI vs. POR,W,110,3
2023-24,1610612763,MEM,0022300989,2024-03-18,MEM @ SAC,L,111,-10
2023-24,1610612747,LAL,0022300990,2024-03-18,LAL vs. ATL,W,136,31
2023-24,1610612765,DET,0022300984,2024-03-18,DET @ BOS,L,94,-25
2023-24,1610612754,IND,0022300983,2024-03-18,IND vs. CLE,L,103,-5
2023-24,1610612757,POR,0022300986,2024-03-18,POR @ CHI,L,107,-3
2023-24,1610612752,NYK,0022300988,2024-03-18,NYK @ GSW,W,119,7
2023-24,1610612750,MIN,0022300987,2024-03-18,MIN @ UTA,W,114,10
2023-24,1610612758,SAC,0022300989,2024-03-18,SAC vs. MEM,W,121,10
2023-24,1610612738,BOS,0022300984,2024-03-18,BOS vs. DET,W,119,25
2023-24,1610612743,DEN,0022300995,2024-03-19,DEN @ MIN,W,115,3
2023-24,1610612740,NOP,0022300993,2024-03-19,NOP @ BKN,W,104,13
2023-24,1610612766,CHA,0022300991,2024-03-19,CHA @ ORL,L,92,-20
2023-24,1610612742,DAL,0022300994,2024-03-19,DAL @ SAS,W,113,6
2023-24,1610612751,BKN,0022300993,2024-03-19,BKN vs. NOP,L,91,-13
2023-24,1610612759,SAS,0022300994,2024-03-19,SAS vs. DAL,L,107,-6
2023-24,1610612750,MIN,0022300995,2024-03-19,MIN vs. DEN,L,112,-3
2023-24,1610612764,WAS,0022300992,2024-03-19,WAS vs. HOU,L,114,-23
2023-24,1610612745,HOU,0022300992,2024-03-19,HOU @ WAS,W,137,23
2023-24,1610612753,ORL,0022300991,2024-03-19,ORL vs. CHA,W,112,20
2023-24,1610612739,CLE,0022300996,2024-03-20,CLE vs. MIA,L,104,-3
2023-24,1610612738,BOS,0022300998,2024-03-20,BOS vs. MIL,W,122,3
2023-24,1610612765,DET,0022300997,2024-03-20,DET vs. IND,L,103,-19
2023-24,1610612756,PHX,0022301002,2024-03-20,PHX vs. PHI,W,115,13
2023-24,1610612755,PHI,0022301002,2024-03-20,PHI @ PHX,L,102,-13
2023-24,1610612746,LAC,0022301003,2024-03-20,LAC @ POR,W,116,13
2023-24,1610612761,TOR,0022300999,2024-03-20,TOR vs. SAC,L,89,-34
2023-24,1610612749,MIL,0022300998,2024-03-20,MIL @ BOS,L,119,-3
2023-24,1610612748,MIA,0022300996,2024-03-20,MIA @ CLE,W,107,3
2023-24,1610612763,MEM,0022301001,2024-03-20,MEM @ GSW,L,116,-21
2023-24,1610612757,POR,0022301003,2024-03-20,POR vs. LAC,L,103,-13
2023-24,1610612762,UTA,0022301000,2024-03-20,UTA @ OKC,L,107,-12
2023-24,1610612758,SAC,0022300999,2024-03-20,SAC @ TOR,W,123,34
2023-24,1610612760,OKC,0022301000,2024-03-20,OKC vs. UTA,W,119,12
2023-24,1610612744,GSW,0022301001,2024-03-20,GSW vs. MEM,W,137,21
2023-24,1610612754,IND,0022300997,2024-03-20,IND @ DET,W,122,19
2023-24,1610612751,BKN,0022301007,2024-03-21,BKN @ MIL,L,108,-7
2023-24,1610612749,MIL,0022301007,2024-03-21,MIL vs. BKN,W,115,7
2023-24,1610612743,DEN,0022301009,2024-03-21,DEN vs. NYK,W,113,13
2023-24,1610612740,NOP,0022301004,2024-03-21,NOP @ ORL,L,106,-15
2023-24,1610612737,ATL,0022301010,2024-03-21,ATL @ PHX,L,115,-13
2023-24,1610612764,WAS,0022301005,2024-03-21,WAS vs. SAC,W,109,7
2023-24,1610612756,PHX,0022301010,2024-03-21,PHX vs. ATL,W,128,13
2023-24,1610612753,ORL,0022301004,2024-03-21,ORL vs. NOP,W,121,15
2023-24,1610612745,HOU,0022301006,2024-03-21,HOU vs. CHI,W,127,10
2023-24,1610612762,UTA,0022301008,2024-03-21,UTA @ DAL,L,97,-16
2023-24,1610612752,NYK,0022301009,2024-03-21,NYK @ DEN,L,100,-13
2023-24,1610612741,CHI,0022301006,2024-03-21,CHI @ HOU,L,117,-10
2023-24,1610612742,DAL,0022301008,2024-03-21,DAL vs. UTA,W,113,16
2023-24,1610612758,SAC,0022301005,2024-03-21,SAC @ WAS,L,102,-7
2023-24,1610612755,PHI,0022301018,2024-03-22,PHI @ LAL,L,94,-7
2023-24,1610612740,NOP,0022301013,2024-03-22,NOP @ MIA,W,111,23
2023-24,1610612739,CLE,0022301014,2024-03-22,CLE @ MIN,L,91,-13
2023-24,1610612744,GSW,0022301016,2024-03-22,GSW vs. IND,L,111,-12
2023-24,1610612747,LAL,0022301018,2024-03-22,LAL vs. PHI,W,101,7
2023-24,1610612746,LAC,0022301017,2024-03-22,LAC @ POR,W,125,8
2023-24,1610612763,MEM,0022301015,2024-03-22,MEM @ SAS,W,99,2
2023-24,1610612765,DET,0022301011,2024-03-22,DET vs. BOS,L,102,-27
2023-24,1610612750,MIN,0022301014,2024-03-22,MIN vs. CLE,W,104,13
2023-24,1610612748,MIA,0022301013,2024-03-22,MIA vs. NOP,L,88,-23
2023-24,1610612754,IND,0022301016,2024-03-22,IND @ GSW,W,123,12
2023-24,1610612757,POR,0022301017,2024-03-22,POR vs. LAC,L,117,-8
2023-24,1610612761,TOR,0022301012,2024-03-22,TOR vs. OKC,L,103,-20
2023-24,1610612760,OKC,0022301012,2024-03-22,OKC @ TOR,W,123,20
2023-24,1610612759,SAS,0022301015,2024-03-22,SAS vs. MEM,L,97,-2
2023-24,1610612738,BOS,0022301011,2024-03-22,BOS @ DET,W,129,27
2023-24,1610612752,NYK,0022301019,2024-03-23,NYK vs. BKN,W,105,12
2023-24,1610612751,BKN,0022301019,2024-03-23,BKN @ NYK,L,93,-12
2023-24,1610612758,SAC,0022301020,2024-03-23,SAC @ ORL,W,109,2
2023-24,1610612759,SAS,0022301025,2024-03-23,SAS vs. PHX,L,106,-25
2023-24,1610612743,DEN,0022301026,2024-03-23,DEN @ POR,W,114,3
2023-24,1610612753,ORL,0022301020,2024-03-23,ORL vs. SAC,L,107,-2
2023-24,1610612756,PHX,0022301025,2024-03-23,PHX @ SAS,W,131,25
2023-24,1610612766,CHA,0022301021,2024-03-23,CHA @ ATL,L,91,-41
2023-24,1610612741,CHI,0022301023,2024-03-23,CHI vs. BOS,L,113,-11
2023-24,1610612738,BOS,0022301023,2024-03-23,BOS @ CHI,W,124,11
2023-24,1610612757,POR,0022301026,2024-03-23,POR vs. DEN,L,111,-3
2023-24,1610612762,UTA,0022301024,2024-03-23,UTA @ HOU,L,119,-28
2023-24,1610612764,WAS,0022301022,2024-03-23,WAS vs. TOR,W,112,3
2023-24,1610612745,HOU,0022301024,2024-03-23,HOU vs. UTA,W,147,28
2023-24,1610612761,TOR,0022301022,2024-03-23,TOR @ WAS,L,109,-3
2023-24,1610612737,ATL,0022301021,2024-03-23,ATL vs. CHA,W,132,41
2023-24,1610612754,IND,0022301032,2024-03-24,IND @ LAL,L,145,-5
2023-24,1610612739,CLE,0022301029,2024-03-24,CLE @ MIA,L,84,-37
2023-24,1610612760,OKC,0022301030,2024-03-24,OKC @ MIL,L,93,-25
2023-24,1610612744,GSW,0022301031,2024-03-24,GSW @ MIN,L,110,-4
2023-24,1610612747,LAL,0022301032,2024-03-24,LAL vs. IND,W,150,5
2023-24,1610612746,LAC,0022301028,2024-03-24,LAC vs. PHI,L,107,-14
2023-24,1610612748,MIA,0022301029,2024-03-24,MIA vs. CLE,W,121,37
2023-24,1610612765,DET,0022301027,2024-03-24,DET vs. NOP,L,101,-13
2023-24,1610612750,MIN,0022301031,2024-03-24,MIN vs. GSW,W,114,4
2023-24,1610612755,PHI,0022301028,2024-03-24,PHI @ LAC,W,121,14
2023-24,1610612749,MIL,0022301030,2024-03-24,MIL vs. OKC,W,118,25
2023-24,1610612740,NOP,0022301027,2024-03-24,NOP @ DET,W,114,13
2023-24,1610612761,TOR,0022301036,2024-03-25,TOR vs. BKN,L,88,-8
2023-24,1610612765,DET,0022301035,2024-03-25,DET @ NYK,L,99,-25
2023-24,1610612746,LAC,0022301043,2024-03-25,LAC vs. IND,L,116,-17
2023-24,1610612758,SAC,0022301042,2024-03-25,SAC vs. PHI,W,108,12
2023-24,1610612759,SAS,0022301039,2024-03-25,SAS vs. PHX,W,104,2
2023-24,1610612745,HOU,0022301038,2024-03-25,HOU vs. POR,W,110,18
2023-24,1610612755,PHI,0022301042,2024-03-25,PHI @ SAC,L,96,-12
2023-24,1610612756,PHX,0022301039,2024-03-25,PHX @ SAS,L,102,-2
2023-24,1610612738,BOS,0022301034,2024-03-25,BOS @ ATL,L,118,-2
2023-24,1610612737,ATL,0022301034,2024-03-25,ATL vs. BOS,W,120,2
2023-24,1610612766,CHA,0022301033,2024-03-25,CHA @ CLE,L,92,-23
2023-24,1610612764,WAS,0022301037,2024-03-25,WAS @ CHI,W,107,2
2023-24,1610612762,UTA,0022301041,2024-03-25,UTA vs. DAL,L,105,-10
2023-24,1610612763,MEM,0022301040,2024-03-25,MEM @ DEN,L,103,-25
2023-24,1610612757,POR,0022301038,2024-03-25,POR @ HOU,L,92,-18
2023-24,1610612754,IND,0022301043,2024-03-25,IND @ LAC,W,133,17
2023-24,1610612751,BKN,0022301036,2024-03-25,BKN @ TOR,W,96,8
2023-24,1610612742,DAL,0022301041,2024-03-25,DAL @ UTA,W,115,10
2023-24,1610612743,DEN,0022301040,2024-03-25,DEN vs. MEM,W,128,25
2023-24,1610612741,CHI,0022301037,2024-03-25,CHI vs. WAS,L,105,-2
2023-24,1610612752,NYK,0022301035,2024-03-25,NYK vs. DET,W,124,25
2023-24,1610612739,CLE,0022301033,2024-03-25,CLE vs. CHA,W,115,23
2023-24,1610612749,MIL,0022301045,2024-03-26,MIL vs. LAL,L,124,-4
2023-24,1610612744,GSW,0022301044,2024-03-26,GSW @ MIA,W,113,21
2023-24,1610612747,LAL,0022301045,2024-03-26,LAL @ MIL,W,128,4
2023-24,1610612742,DAL,0022301047,2024-03-26,DAL @ SAC,W,132,36
2023-24,1610612760,OKC,0022301046,2024-03-26,OKC @ NOP,W,119,7
2023-24,1610612758,SAC,0022301047,2024-03-26,SAC vs. DAL,L,96,-36
2023-24,1610612748,MIA,0022301044,2024-03-26,MIA vs. GSW,L,92,-21
2023-24,1610612740,NOP,0022301046,2024-03-26,NOP vs. OKC,L,112,-7
2023-24,1610612763,MEM,0022301055,2024-03-27,MEM vs. LAL,L,124,-12
2023-24,1610612765,DET,0022301056,2024-03-27,DET @ MIN,L,91,-15
2023-24,1610612764,WAS,0022301050,2024-03-27,WAS vs. BKN,L,119,-3
2023-24,1610612761,TOR,0022301053,2024-03-27,TOR vs. NYK,L,101,-44
2023-24,1610612744,GSW,0022301049,2024-03-27,GSW @ ORL,W,101,8
2023-24,1610612741,CHI,0022301054,2024-03-27,CHI vs. IND,W,125,26
2023-24,1610612746,LAC,0022301052,2024-03-27,LAC @ PHI,W,108,1
2023-24,1610612743,DEN,0022301059,2024-03-27,DEN vs. PHX,L,97,-7
2023-24,1610612737,ATL,0022301051,2024-03-27,ATL vs. POR,W,120,14
2023-24,1610612762,UTA,0022301058,2024-03-27,UTA vs. SAS,L,111,-7
2023-24,1610612757,POR,0022301051,2024-03-27,POR @ ATL,L,106,-14
2023-24,1610612766,CHA,0022301048,2024-03-27,CHA vs. CLE,W,118,7
2023-24,1610612754,IND,0022301054,2024-03-27,IND @ CHI,L,99,-26
2023-24,1610612756,PHX,0022301059,2024-03-27,PHX @ DEN,W,104,7
2023-24,1610612753,ORL,0022301049,2024-03-27,ORL vs. GSW,L,93,-8
2023-24,1610612760,OKC,0022301057,2024-03-27,OKC vs. HOU,L,126,-6
2023-24,1610612755,PHI,0022301052,2024-03-27,PHI vs. LAC,L,107,-1
2023-24,1610612745,HOU,0022301057,2024-03-27,HOU @ OKC,W,132,6
2023-24,1610612752,NYK,0022301053,2024-03-27,NYK @ TOR,W,145,44
2023-24,1610612759,SAS,0022301058,2024-03-27,SAS @ UTA,W,118,7
2023-24,1610612747,LAL,0022301055,2024-03-27,LAL @ MEM,W,136,12
2023-24,1610612751,BKN,0022301050,2024-03-27,BKN @ WAS,W,122,3
2023-24,1610612750,MIN,0022301056,2024-03-27,MIN vs. DET,W,106,15
2023-24,1610612739,CLE,0022301048,2024-03-27,CLE @ CHA,L,111,-7
2023-24,1610612740,NOP,0022301061,2024-03-28,NOP vs. MIL,W,107,7
2023-24,1610612738,BOS,0022301060,2024-03-28,BOS @ ATL,L,122,-1
2023-24,1610612737,ATL,0022301060,2024-03-28,ATL vs. BOS,W,123,1
2023-24,1610612749,MIL,0022301061,2024-03-28,MIL @ NOP,L,100,-7
2023-24,1610612754,IND,0022301063,2024-03-29,IND vs. LAL,W,109,19
2023-24,1610612757,POR,0022301068,2024-03-29,POR @ MIA,L,82,-60
2023-24,1610612743,DEN,0022301071,2024-03-29,DEN vs. MIN,L,98,-13
2023-24,1610612741,CHI,0022301066,2024-03-29,CHI @ BKN,L,108,-17
2023-24,1610612759,SAS,0022301070,2024-03-29,SAS vs. NYK,W,130,4
2023-24,1610612746,LAC,0022301064,2024-03-29,LAC @ ORL,W,100,3
2023-24,1610612747,LAL,0022301063,2024-03-29,LAL @ IND,L,90,-19
2023-24,1610612739,CLE,0022301067,2024-03-29,CLE vs. PHI,W,117,3
2023-24,1610612760,OKC,0022301069,2024-03-29,OKC vs. PHX,W,128,25
2023-24,1610612748,MIA,0022301068,2024-03-29,MIA vs. POR,W,142,60
2023-24,1610612742,DAL,0022301073,2024-03-29,DAL @ SAC,W,107,4
2023-24,1610612752,NYK,0022301070,2024-03-29,NYK @ SAS,L,126,-4
2023-24,1610612755,PHI,0022301067,2024-03-29,PHI @ CLE,L,114,-3
2023-24,1610612751,BKN,0022301066,2024-03-29,BKN vs. CHI,W,125,17
2023-24,1610612758,SAC,0022301073,2024-03-29,SAC vs. DAL,L,103,-4
2023-24,1610612750,MIN,0022301071,2024-03-29,MIN @ DEN,W,111,13
2023-24,1610612766,CHA,0022301062,2024-03-29,CHA vs. GSW,L,97,-18
2023-24,1610612762,UTA,0022301072,2024-03-29,UTA vs. HOU,L,100,-1
2023-24,1610612753,ORL,0022301064,2024-03-29,ORL vs. LAC,L,97,-3
2023-24,1610612756,PHX,0022301069,2024-03-29,PHX @ OKC,L,103,-25
2023-24,1610612745,HOU,0022301072,2024-03-29,HOU @ UTA,W,101,1
2023-24,1610612765,DET,0022301065,2024-03-29,DET @ WAS,W,96,9
2023-24,1610612764,WAS,0022301065,2024-03-29,WAS vs. DET,L,87,-9
2023-24,1610612744,GSW,0022301062,2024-03-29,GSW @ CHA,W,115,18
2023-24,1610612737,ATL,0022301076,2024-03-30,ATL vs. MIL,L,113,-9
2023-24,1610612763,MEM,0022301075,2024-03-30,MEM @ ORL,L,88,-30
2023-24,1610612749,MIL,0022301076,2024-03-30,MIL @ ATL,W,122,9
2023-24,1610612740,NOP,0022301074,2024-03-30,NOP vs. BOS,L,92,-12
2023-24,1610612738,BOS,0022301074,2024-03-30,BOS @ NOP,W,104,12
2023-24,1610612753,ORL,0022301075,2024-03-30,ORL vs. MEM,W,118,30
2023-24,1610612751,BKN,0022301078,2024-03-31,BKN vs. LAL,L,104,-12
2023-24,1610612764,WAS,0022301081,2024-03-31,WAS vs. MIA,L,107,-12
2023-24,1610612741,CHI,0022301084,2024-03-31,CHI @ MIN,W,109,8
2023-24,1610612747,LAL,0022301078,2024-03-31,LAL @ BKN,W,116,12
2023-24,1610612760,OKC,0022301082,2024-03-31,OKC @ NYK,W,113,1
2023-24,1610612761,TOR,0022301080,2024-03-31,TOR vs. PHI,L,120,-15
2023-24,1610612762,UTA,0022301086,2024-03-31,UTA @ SAC,L,106,-21
2023-24,1610612744,GSW,0022301085,2024-03-31,GSW @ SAS,W,117,4
2023-24,1610612743,DEN,0022301077,2024-03-31,DEN vs. CLE,W,130,29
2023-24,1610612750,MIN,0022301084,2024-03-31,MIN vs. CHI,L,101,-8
2023-24,1610612745,HOU,0022301083,2024-03-31,HOU vs. DAL,L,107,-18
2023-24,1610612739,CLE,0022301077,2024-03-31,CLE @ DEN,L,101,-29
2023-24,1610612759,SAS,0022301085,2024-03-31,SAS vs. GSW,L,113,-4
2023-24,1610612742,DAL,0022301083,2024-03-31,DAL @ HOU,W,125,18
2023-24,1610612766,CHA,0022301079,2024-03-31,CHA vs. LAC,L,118,-12
2023-24,1610612752,NYK,0022301082,2024-03-31,NYK vs. OKC,L,112,-1
2023-24,1610612755,PHI,0022301080,2024-03-31,PHI @ TOR,W,135,15
2023-24,1610612758,SAC,0022301086,2024-03-31,SAC vs. UTA,W,127,21
2023-24,1610612748,MIA,0022301081,2024-03-31,MIA @ WAS,W,119,12
2023-24,1610612746,LAC,0022301079,2024-03-31,LAC @ CHA,W,130,12
2023-24,1610612754,IND,0022301089,2024-04-01,IND vs. BKN,W,133,22
2023-24,1610612757,POR,0022301090,2024-04-01,POR @ ORL,L,103,-1
2023-24,1610612751,BKN,0022301089,2024-04-01,BKN @ IND,L,111,-22
2023-24,1610612740,NOP,0022301092,2024-04-01,NOP vs. PHX,L,111,-13
2023-24,1610612753,ORL,0022301090,2024-04-01,ORL vs. POR,W,104,1
2023-24,1610612741,CHI,0022301091,2024-04-01,CHI vs. ATL,L,101,-12
2023-24,1610612766,CHA,0022301087,2024-04-01,CHA vs. BOS,L,104,-14
2023-24,1610612756,PHX,0022301092,2024-04-01,PHX @ NOP,W,124,13
2023-24,1610612737,ATL,0022301091,2024-04-01,ATL @ CHI,W,113,12
2023-24,1610612765,DET,0022301088,2024-04-01,DET vs. MEM,L,108,-2
2023-24,1610612763,MEM,0022301088,2024-04-01,MEM @ DET,W,110,2
2023-24,1610612738,BOS,0022301087,2024-04-01,BOS @ CHA,W,118,14
2023-24,1610612761,TOR,0022301094,2024-04-02,TOR vs. LAL,L,111,-17
2023-24,1610612752,NYK,0022301096,2024-04-02,NYK @ MIA,L,99,-10
2023-24,1610612764,WAS,0022301095,2024-04-02,WAS vs. MIL,W,117,4
2023-24,1610612745,HOU,0022301098,2024-04-02,HOU @ MIN,L,106,-7
2023-24,1610612748,MIA,0022301096,2024-04-02,MIA vs. NYK,W,109,10
2023-24,1610612760,OKC,0022301093,2024-04-02,OKC @ PHI,L,105,-4
2023-24,1610612746,LAC,0022301101,2024-04-02,LAC @ SAC,L,95,-14
2023-24,1610612743,DEN,0022301099,2024-04-02,DEN vs. SAS,W,110,5
2023-24,1610612762,UTA,0022301100,2024-04-02,UTA vs. CLE,L,113,-16
2023-24,1610612744,GSW,0022300589,2024-04-02,GSW vs. DAL,W,104,4
2023-24,1610612759,SAS,0022301099,2024-04-02,SAS @ DEN,L,105,-5
2023-24,1610612742,DAL,0022300589,2024-04-02,DAL @ GSW,L,100,-4
2023-24,1610612750,MIN,0022301098,2024-04-02,MIN vs. HOU,W,113,7
2023-24,1610612758,SAC,0022301101,2024-04-02,SAC vs. LAC,W,109,14
2023-24,1610612755,PHI,0022301093,2024-04-02,PHI vs. OKC,W,109,4
2023-24,1610612747,LAL,0022301094,2024-04-02,LAL @ TOR,W,128,17
2023-24,1610612739,CLE,0022301100,2024-04-02,CLE @ UTA,W,129,16
2023-24,1610612749,MIL,0022301095,2024-04-02,MIL @ WAS,L,113,-4
2023-24,1610612764,WAS,0022301103,2024-04-03,WAS vs. LAL,L,120,-5
2023-24,1610612763,MEM,0022301107,2024-04-03,MEM @ MIL,W,111,10
2023-24,1610612761,TOR,0022301108,2024-04-03,TOR @ MIN,L,85,-48
2023-24,1610612754,IND,0022301106,2024-04-03,IND @ BKN,L,111,-4
2023-24,1610612740,NOP,0022301109,2024-04-03,NOP vs. ORL,L,108,-9
2023-24,1610612751,BKN,0022301106,2024-04-03,BKN vs. IND,W,115,4
2023-24,1610612739,CLE,0022301110,2024-04-03,CLE @ PHX,L,101,-21
2023-24,1610612766,CHA,0022301102,2024-04-03,CHA vs. POR,L,86,-3
2023-24,1610612765,DET,0022301104,2024-04-03,DET @ ATL,L,113,-8
2023-24,1610612760,OKC,0022301105,2024-04-03,OKC @ BOS,L,100,-35
2023-24,1610612756,PHX,0022301110,2024-04-03,PHX vs. CLE,W,122,21
2023-24,1610612753,ORL,0022301109,2024-04-03,ORL @ NOP,W,117,9
2023-24,1610612738,BOS,0022301105,2024-04-03,BOS vs. OKC,W,135,35
2023-24,1610612750,MIN,0022301108,2024-04-03,MIN vs. TOR,W,133,48
2023-24,1610612749,MIL,0022301107,2024-04-03,MIL vs. MEM,L,101,-10
2023-24,1610612747,LAL,0022301103,2024-04-03,LAL @ WAS,W,125,5
2023-24,1610612737,ATL,0022301104,2024-04-03,ATL vs. DET,W,121,8
2023-24,1610612757,POR,0022301102,2024-04-03,POR @ CHA,W,89,3
2023-24,1610612755,PHI,0022301111,2024-04-04,PHI @ MIA,W,109,4
2023-24,1610612758,SAC,0022301112,2024-04-04,SAC @ NYK,L,109,-11
2023-24,1610612748,MIA,0022301111,2024-04-04,MIA vs. PHI,L,105,-4
2023-24,1610612752,NYK,0022301112,2024-04-04,NYK vs. SAC,W,120,11
2023-24,1610612742,DAL,0022301124,2024-04-04,DAL vs. ATL,W,109,14
2023-24,1610612737,ATL,0022301124,2024-04-04,ATL @ DAL,L,95,-14
2023-24,1610612746,LAC,0022301114,2024-04-04,LAC vs. DEN,W,102,2
2023-24,1610612745,HOU,0022301113,2024-04-04,HOU vs. GSW,L,110,-23
2023-24,1610612744,GSW,0022301113,2024-04-04,GSW @ HOU,W,133,23
2023-24,1610612743,DEN,0022301114,2024-04-04,DEN @ LAC,L,100,-2
2023-24,1610612745,HOU,0022301120,2024-04-05,HOU vs. MIA,L,104,-15
2023-24,1610612761,TOR,0022301122,2024-04-05,TOR @ MIL,W,117,6
2023-24,1610612756,PHX,0022301125,2024-04-05,PHX vs. MIN,W,97,10
2023-24,1610612741,CHI,0022301119,2024-04-05,CHI vs. NYK,W,108,8
2023-24,1610612766,CHA,0022301115,2024-04-05,CHA vs. ORL,W,124,9
2023-24,1610612760,OKC,0022301116,2024-04-05,OKC @ IND,L,112,-14
2023-24,1610612750,MIN,0022301125,2024-04-05,MIN @ PHX,L,87,-10
2023-24,1610612764,WAS,0022301117,2024-04-05,WAS vs. POR,L,102,-6
2023-24,1610612738,BOS,0022301118,2024-04-05,BOS vs. SAC,W,101,1
2023-24,1610612740,NOP,0022301123,2024-04-05,NOP vs. SAS,L,109,-2
2023-24,1610612758,SAC,0022301118,2024-04-05,SAC @ BOS,L,100,-1
2023-24,1610612759,SAS,0022301123,2024-04-05,SAS @ NOP,W,111,2
2023-24,1610612752,NYK,0022301119,2024-04-05,NYK @ CHI,L,100,-8
2023-24,1610612744,GSW,0022301097,2024-04-05,GSW @ DAL,L,106,-2
2023-24,1610612742,DAL,0022301097,2024-04-05,DAL vs. GSW,W,108,2
2023-24,1610612748,MIA,0022301120,2024-04-05,MIA @ HOU,W,119,15
2023-24,1610612762,UTA,0022301126,2024-04-05,UTA @ LAC,L,102,-29
2023-24,1610612754,IND,0022301116,2024-04-05,IND vs. OKC,W,126,14
2023-24,1610612749,MIL,0022301122,2024-04-05,MIL vs. TOR,L,111,-6
2023-24,1610612746,LAC,0022301126,2024-04-05,LAC vs. UTA,W,131,29
2023-24,1610612765,DET,0022301121,2024-04-05,DET @ MEM,L,90,-18
2023-24,1610612757,POR,0022301117,2024-04-05,POR @ WAS,W,108,6
2023-24,1610612763,MEM,0022301121,2024-04-05,MEM vs. DET,W,108,18
2023-24,1610612753,ORL,0022301115,2024-04-05,ORL @ CHA,L,115,-9
2023-24,1610612739,CLE,0022301127,2024-04-06,CLE @ LAL,L,97,-19
2023-24,1610612765,DET,0022301128,2024-04-06,DET @ BKN,L,103,-10
2023-24,1610612763,MEM,0022301129,2024-04-06,MEM vs. PHI,L,96,-20
2023-24,1610612743,DEN,0022301130,2024-04-06,DEN vs. ATL,W,142,32
2023-24,1610612747,LAL,0022301127,2024-04-06,LAL vs. CLE,W,116,19
2023-24,1610612737,ATL,0022301130,2024-04-06,ATL @ DEN,L,110,-32
2023-24,1610612755,PHI,0022301129,2024-04-06,PHI @ MEM,W,116,20
2023-24,1610612751,BKN,0022301128,2024-04-06,BKN vs. DET,W,113,10
2023-24,1610612750,MIN,0022301143,2024-04-07,MIN @ LAL,W,127,10
2023-24,1610612754,IND,0022301133,2024-04-07,IND vs. MIA,W,117,2
2023-24,1610612752,NYK,0022301139,2024-04-07,NYK @ MIL,W,122,13
2023-24,1610612747,LAL,0022301143,2024-04-07,LAL vs. MIN,L,117,-10
2023-24,1610612758,SAC,0022301141,2024-04-07,SAC @ BKN,W,107,30
2023-24,1610612749,MIL,0022301139,2024-04-07,MIL vs. NYK,L,109,-13
2023-24,1610612741,CHI,0022301136,2024-04-07,CHI @ ORL,L,98,-15
2023-24,1610612748,MIA,0022301133,2024-04-07,MIA @ IND,L,115,-2
2023-24,1610612759,SAS,0022301140,2024-04-07,SAS vs. PHI,L,126,-7
2023-24,1610612740,NOP,0022301138,2024-04-07,NOP @ PHX,W,113,8
2023-24,1610612738,BOS,0022301134,2024-04-07,BOS vs. POR,W,124,17
2023-24,1610612751,BKN,0022301141,2024-04-07,BKN vs. SAC,L,77,-30
2023-24,1610612755,PHI,0022301140,2024-04-07,PHI @ SAS,W,133,7
2023-24,1610612757,POR,0022301134,2024-04-07,POR @ BOS,L,107,-17
2023-24,1610612746,LAC,0022301132,2024-04-07,LAC vs. CLE,W,120,2
2023-24,1610612756,PHX,0022301138,2024-04-07,PHX vs. NOP,L,105,-8
2023-24,1610612753,ORL,0022301136,2024-04-07,ORL vs. CHI,W,113,15
2023-24,1610612745,HOU,0022301131,2024-04-07,HOU @ DAL,L,136,-11
2023-24,1610612762,UTA,0022301142,2024-04-07,UTA @ GSW,L,110,-8
2023-24,1610612742,DAL,0022301131,2024-04-07,DAL vs. HOU,W,147,11
2023-24,1610612739,CLE,0022301132,2024-04-07,CLE @ LAC,L,118,-2
2023-24,1610612766,CHA,0022301135,2024-04-07,CHA vs. OKC,L,118,-3
2023-24,1610612764,WAS,0022301137,2024-04-07,WAS @ TOR,L,122,-8
2023-24,1610612744,GSW,0022301142,2024-04-07,GSW vs. UTA,W,118,8
2023-24,1610612761,TOR,0022301137,2024-04-07,TOR vs. WAS,W,130,8
2023-24,1610612760,OKC,0022301135,2024-04-07,OKC @ CHA,W,121,3
2023-24,1610612744,GSW,0022301155,2024-04-09,GSW @ LAL,W,134,14
2023-24,1610612737,ATL,0022301147,2024-04-09,ATL vs. MIA,L,111,-6
2023-24,1610612738,BOS,0022301148,2024-04-09,BOS @ MIL,L,91,-13
2023-24,1610612764,WAS,0022301152,2024-04-09,WAS @ MIN,L,121,-9
2023-24,1610612741,CHI,0022301149,2024-04-09,CHI vs. NYK,L,117,-11
2023-24,1610612745,HOU,0022301150,2024-04-09,HOU vs. ORL,W,118,12
2023-24,1610612761,TOR,0022301146,2024-04-09,TOR vs. IND,L,123,-17
2023-24,1610612765,DET,0022301145,2024-04-09,DET @ PHI,L,102,-18
2023-24,1610612746,LAC,0022301156,2024-04-09,LAC @ PHX,W,105,13
2023-24,1610612740,NOP,0022301157,2024-04-09,NOP @ POR,W,110,10
2023-24,1610612760,OKC,0022301153,2024-04-09,OKC vs. SAC,W,112,7
2023-24,1610612763,MEM,0022301151,2024-04-09,MEM vs. SAS,L,87,-15
2023-24,1610612748,MIA,0022301147,2024-04-09,MIA @ ATL,W,117,6
2023-24,1610612749,MIL,0022301148,2024-04-09,MIL vs. BOS,W,104,13
2023-24,1610612757,POR,0022301157,2024-04-09,POR vs. NOP,L,100,-10
2023-24,1610612752,NYK,0022301149,2024-04-09,NYK @ CHI,W,128,11
2023-24,1610612766,CHA,0022301144,2024-04-09,CHA vs. DAL,L,104,-26
2023-24,1610612762,UTA,0022301154,2024-04-09,UTA vs. DEN,L,95,-16
2023-24,1610612747,LAL,0022301155,2024-04-09,LAL vs. GSW,L,120,-14
2023-24,1610612753,ORL,0022301150,2024-04-09,ORL @ HOU,L,106,-12
2023-24,1610612756,PHX,0022301156,2024-04-09,PHX vs. LAC,L,92,-13
2023-24,1610612758,SAC,0022301153,2024-04-09,SAC @ OKC,L,105,-7
2023-24,1610612754,IND,0022301146,2024-04-09,IND @ TOR,W,140,17
2023-24,1610612743,DEN,0022301154,2024-04-09,DEN @ UTA,W,111,16
2023-24,1610612759,SAS,0022301151,2024-04-09,SAS @ MEM,W,102,15
2023-24,1610612750,MIN,0022301152,2024-04-09,MIN vs. WAS,W,130,9
2023-24,1610612755,PHI,0022301145,2024-04-09,PHI vs. DET,W,120,18
2023-24,1610612742,DAL,0022301144,2024-04-09,DAL @ CHA,W,130,26
2023-24,1610612742,DAL,0022301161,2024-04-10,DAL @ MIA,W,111,19
2023-24,1610612753,ORL,0022301162,2024-04-10,ORL @ MIL,L,99,-18
2023-24,1610612743,DEN,0022301164,2024-04-10,DEN vs. MIN,W,116,9
2023-24,1610612761,TOR,0022301160,2024-04-10,TOR @ BKN,L,102,-4
2023-24,1610612749,MIL,0022301162,2024-04-10,MIL vs. ORL,W,117,18
2023-24,1610612746,LAC,0022301165,2024-04-10,LAC vs. PHX,L,108,-16
2023-24,1610612760,OKC,0022301163,2024-04-10,OKC vs. SAS,W,127,38
2023-24,1610612766,CHA,0022301159,2024-04-10,CHA @ ATL,W,115,1
2023-24,1610612763,MEM,0022301158,2024-04-10,MEM @ CLE,L,98,-12
2023-24,1610612748,MIA,0022301161,2024-04-10,MIA vs. DAL,L,92,-19
2023-24,1610612750,MIN,0022301164,2024-04-10,MIN @ DEN,L,107,-9
2023-24,1610612756,PHX,0022301165,2024-04-10,PHX @ LAC,W,124,16
2023-24,1610612759,SAS,0022301163,2024-04-10,SAS @ OKC,L,89,-38
2023-24,1610612751,BKN,0022301160,2024-04-10,BKN vs. TOR,W,106,4
2023-24,1610612739,CLE,0022301158,2024-04-10,CLE vs. MEM,W,110,12
2023-24,1610612737,ATL,0022301159,2024-04-10,ATL vs. CHA,L,114,-1
2023-24,1610612738,BOS,0022301167,2024-04-11,BOS vs. NYK,L,109,-9
2023-24,1610612744,GSW,0022301169,2024-04-11,GSW @ POR,W,100,8
2023-24,1610612740,NOP,0022301170,2024-04-11,NOP @ SAC,W,135,12
2023-24,1610612752,NYK,0022301167,2024-04-11,NYK @ BOS,W,118,9
2023-24,1610612758,SAC,0022301170,2024-04-11,SAC vs. NOP,L,123,-12
2023-24,1610612765,DET,0022301166,2024-04-11,DET vs. CHI,L,105,-22
2023-24,1610612757,POR,0022301169,2024-04-11,POR vs. GSW,L,92,-8
2023-24,1610612762,UTA,0022301168,2024-04-11,UTA vs. HOU,W,124,3
2023-24,1610612745,HOU,0022301168,2024-04-11,HOU @ UTA,L,121,-3
2023-24,1610612741,CHI,0022301166,2024-04-11,CHI @ DET,W,127,22
2023-24,1610612763,MEM,0022301177,2024-04-12,MEM vs. LAL,L,120,-3
2023-24,1610612761,TOR,0022301176,2024-04-12,TOR @ MIA,L,103,-22
2023-24,1610612760,OKC,0022301179,2024-04-12,OKC vs. MIL,W,125,18
2023-24,1610612737,ATL,0022301178,2024-04-12,ATL @ MIN,L,106,-3
2023-24,1610612752,NYK,0022301175,2024-04-12,NYK vs. BKN,W,111,4
2023-24,1610612751,BKN,0022301175,2024-04-12,BKN @ NYK,L,107,-4
2023-24,1610612755,PHI,0022301171,2024-04-12,PHI vs. ORL,W,125,12
2023-24,1610612739,CLE,0022301174,2024-04-12,CLE vs. IND,W,129,9
2023-24,1610612753,ORL,0022301171,2024-04-12,ORL @ PHI,L,113,-12
2023-24,1610612758,SAC,0022301185,2024-04-12,SAC vs. PHX,L,107,-1
2023-24,1610612745,HOU,0022301183,2024-04-12,HOU @ POR,W,116,9
2023-24,1610612756,PHX,0022301185,2024-04-12,PHX @ SAC,W,108,1
2023-24,1610612743,DEN,0022301180,2024-04-12,DEN @ SAS,L,120,-1
2023-24,1610612750,MIN,0022301178,2024-04-12,MIN vs. ATL,W,109,3
2023-24,1610612766,CHA,0022301173,2024-04-12,CHA @ BOS,L,98,-33
2023-24,1610612754,IND,0022301174,2024-04-12,IND @ CLE,L,120,-9
2023-24,1610612744,GSW,0022301182,2024-04-12,GSW vs. NOP,L,109,-5
2023-24,1610612764,WAS,0022301172,2024-04-12,WAS vs. CHI,L,127,-2
2023-24,1610612765,DET,0022301181,2024-04-12,DET @ DAL,W,107,18
2023-24,1610612759,SAS,0022301180,2024-04-12,SAS vs. DEN,W,121,1
2023-24,1610612740,NOP,0022301182,2024-04-12,NOP @ GSW,W,114,5
2023-24,1610612757,POR,0022301183,2024-04-12,POR vs. HOU,L,107,-9
2023-24,1610612762,UTA,0022301184,2024-04-12,UTA @ LAC,W,110,1
2023-24,1610612749,MIL,0022301179,2024-04-12,MIL @ OKC,L,107,-18
2023-24,1610612748,MIA,0022301176,2024-04-12,MIA vs. TOR,W,125,22
2023-24,1610612746,LAC,0022301184,2024-04-12,LAC vs. UTA,L,109,-1
2023-24,1610612747,LAL,0022301177,2024-04-12,LAL @ MEM,W,123,3
2023-24,1610612741,CHI,0022301172,2024-04-12,CHI @ WAS,W,129,2
2023-24,1610612742,DAL,0022301181,2024-04-12,DAL vs. DET,L,89,-18
2023-24,1610612738,BOS,0022301173,2024-04-12,BOS vs. CHA,W,131,33
2023-24,1610612740,NOP,0022301195,2024-04-14,NOP vs. LAL,L,108,-16
2023-24,1610612761,TOR,0022301189,2024-04-14,TOR @ MIA,L,103,-15
2023-24,1610612753,ORL,0022301191,2024-04-14,ORL vs. MIL,W,113,25
2023-24,1610612756,PHX,0022301194,2024-04-14,PHX @ MIN,W,125,19
2023-24,1610612755,PHI,0022301192,2024-04-14,PHI vs. BKN,W,107,21
2023-24,1610612741,CHI,0022301190,2024-04-14,CHI @ NYK,L,119,-1
2023-24,1610612749,MIL,0022301191,2024-04-14,MIL @ ORL,L,88,-25
2023-24,1610612737,ATL,0022301188,2024-04-14,ATL @ IND,L,115,-42
2023-24,1610612751,BKN,0022301192,2024-04-14,BKN @ PHI,L,86,-21
2023-24,1610612750,MIN,0022301194,2024-04-14,MIN vs. PHX,L,106,-19
2023-24,1610612758,SAC,0022301200,2024-04-14,SAC vs. POR,W,121,39
2023-24,1610612757,POR,0022301200,2024-04-14,POR @ SAC,L,82,-39
2023-24,1610612765,DET,0022301197,2024-04-14,DET @ SAS,L,95,-28
2023-24,1610612754,IND,0022301188,2024-04-14,IND vs. ATL,W,157,42
2023-24,1610612764,WAS,0022301186,2024-04-14,WAS @ BOS,L,122,-10
2023-24,1610612766,CHA,0022301187,2024-04-14,CHA @ CLE,W,120,10
2023-24,1610612747,LAL,0022301195,2024-04-14,LAL @ NOP,W,124,16
2023-24,1610612752,NYK,0022301190,2024-04-14,NYK vs. CHI,W,120,1
2023-24,1610612760,OKC,0022301196,2024-04-14,OKC vs. DAL,W,135,49
2023-24,1610612763,MEM,0022301193,2024-04-14,MEM vs. DEN,L,111,-15
2023-24,1610612762,UTA,0022301198,2024-04-14,UTA @ GSW,L,116,-7
2023-24,1610612746,LAC,0022301199,2024-04-14,LAC vs. HOU,L,105,-11
2023-24,1610612745,HOU,0022301199,2024-04-14,HOU @ LAC,W,116,11
2023-24,1610612742,DAL,0022301196,2024-04-14,DAL @ OKC,L,86,-49
2023-24,1610612748,MIA,0022301189,2024-04-14,MIA vs. TOR,W,118,15
2023-24,1610612744,GSW,0022301198,2024-04-14,GSW vs. UTA,W,123,7
2023-24,1610612743,DEN,0022301193,2024-04-14,DEN @ MEM,W,126,15
2023-24,1610612738,BOS,0022301186,2024-04-14,BOS vs. WAS,W,132,10
2023-24,1610612759,SAS,0022301197,2024-04-14,SAS vs. DET,W,123,28
2023-24,1610612739,CLE,0022301187,2024-04-14,CLE vs. CHA,L,110,-10
2024-25,1610612750,MIN,0022400062,2024-10-22,MIN @ LAL,L,103,-7
2024-25,1610612747,LAL,0022400062,2024-10-22,LAL vs. MIN,W,110,7
2024-25,1610612738,BOS,0022400061,2024-10-22,BOS vs. NYK,W,132,23
2024-25,1610612752,NYK,0022400061,2024-10-22,NYK @ BOS,L,109,-23
2024-25,1610612753,ORL,0022400065,2024-10-23,ORL @ MIA,W,116,19
2024-25,1610612755,PHI,0022400066,2024-10-23,PHI vs. MIL,L,109,-15
2024-25,1610612737,ATL,0022400064,2024-10-23,ATL vs. BKN,W,120,4
2024-25,1610612748,MIA,0022400065,2024-10-23,MIA vs. ORL,L,97,-19
2024-25,1610612765,DET,0022400063,2024-10-23,DET vs. IND,L,109,-6
2024-25,1610612749,MIL,0022400066,2024-10-23,MIL @ PHI,W,124,15
2024-25,1610612746,LAC,0022400071,2024-10-23,LAC vs. PHX,L,113,-3
2024-25,1610612744,GSW,0022400072,2024-10-23,GSW @ POR,W,140,36
2024-25,1610612751,BKN,0022400064,2024-10-23,BKN @ ATL,L,116,-4
2024-25,1610612761,TOR,0022400067,2024-10-23,TOR vs. CLE,L,106,-30
2024-25,1610612741,CHI,0022400069,2024-10-23,CHI @ NOP,L,111,-12
2024-25,1610612740,NOP,0022400069,2024-10-23,NOP vs. CHI,W,123,12
2024-25,1610612757,POR,0022400072,2024-10-23,POR vs. GSW,L,104,-36
2024-25,1610612766,CHA,0022400068,2024-10-23,CHA @ HOU,W,110,5
2024-25,1610612756,PHX,0022400071,2024-10-23,PHX @ LAC,W,116,3
2024-25,1610612739,CLE,0022400067,2024-10-23,CLE @ TOR,W,136,30
2024-25,1610612763,MEM,0022400070,2024-10-23,MEM @ UTA,W,126,2
2024-25,1610612762,UTA,0022400070,2024-10-23,UTA vs. MEM,L,124,-2
2024-25,1610612754,IND,0022400063,2024-10-23,IND @ DET,W,115,6
2024-25,1610612745,HOU,0022400068,2024-10-23,HOU vs. CHA,L,105,-5
2024-25,1610612758,SAC,0022400076,2024-10-24,SAC vs. MIN,L,115,-2
2024-25,1610612750,MIN,0022400076,2024-10-24,MIN @ SAC,W,117,2
2024-25,1610612742,DAL,0022400074,2024-10-24,DAL vs. SAS,W,120,11
2024-25,1610612764,WAS,0022400073,2024-10-24,WAS vs. BOS,L,102,-20
2024-25,1610612759,SAS,0022400074,2024-10-24,SAS @ DAL,L,109,-11
2024-25,1610612760,OKC,0022400075,2024-10-24,OKC @ DEN,W,102,15
2024-25,1610612743,DEN,0022400075,2024-10-24,DEN vs. OKC,L,87,-15
2024-25,1610612738,BOS,0022400073,2024-10-24,BOS @ WAS,W,122,20
2024-25,1610612756,PHX,0022400085,2024-10-25,PHX @ LAL,L,116,-7
2024-25,1610612741,CHI,0022400083,2024-10-25,CHI @ MIL,W,133,11
2024-25,1610612753,ORL,0022400077,2024-10-25,ORL vs. BKN,W,116,15
2024-25,1610612754,IND,0022400081,2024-10-25,IND @ NYK,L,98,-25
2024-25,1610612751,BKN,0022400077,2024-10-25,BKN @ ORL,L,101,-15
2024-25,1610612752,NYK,0022400081,2024-10-25,NYK vs. IND,W,123,25
2024-25,1610612761,TOR,0022400078,2024-10-25,TOR vs. PHI,W,115,8
2024-25,1610612747,LAL,0022400085,2024-10-25,LAL vs. PHX,W,123,7
2024-25,1610612740,NOP,0022400086,2024-10-25,NOP @ POR,W,105,2
2024-25,1610612766,CHA,0022400079,2024-10-25,CHA @ ATL,L,120,-5
2024-25,1610612765,DET,0022400080,2024-10-25,DET @ CLE,L,101,-12
2024-25,1610612757,POR,0022400086,2024-10-25,POR vs. NOP,L,103,-2
2024-25,1610612749,MIL,0022400083,2024-10-25,MIL vs. CHI,L,122,-11
2024-25,1610612762,UTA,0022400084,2024-10-25,UTA vs. GSW,L,86,-41
2024-25,1610612763,MEM,0022400082,2024-10-25,MEM @ HOU,L,108,-20
2024-25,1610612755,PHI,0022400078,2024-10-25,PHI @ TOR,L,107,-8
2024-25,1610612744,GSW,0022400084,2024-10-25,GSW @ UTA,W,127,41
2024-25,1610612745,HOU,0022400082,2024-10-25,HOU vs. MEM,W,128,20
2024-25,1610612739,CLE,0022400080,2024-10-25,CLE vs. DET,W,113,12
2024-25,1610612737,ATL,0022400079,2024-10-25,ATL vs. CHA,W,125,5
2024-25,1610612758,SAC,0022400096,2024-10-26,SAC @ LAL,L,127,-4
2024-25,1610612766,CHA,0022400088,2024-10-26,CHA vs. MIA,L,106,-8
2024-25,1610612761,TOR,0022400093,2024-10-26,TOR @ MIN,L,101,-11
2024-25,1610612763,MEM,0022400092,2024-10-26,MEM vs. ORL,W,124,13
2024-25,1610612742,DAL,0022400095,2024-10-26,DAL @ PHX,L,102,-12
2024-25,1610612747,LAL,0022400096,2024-10-26,LAL vs. SAC,W,131,4
2024-25,1610612745,HOU,0022400094,2024-10-26,HOU @ SAS,L,106,-3
2024-25,1610612765,DET,0022400089,2024-10-26,DET vs. BOS,L,118,-6
2024-25,1610612764,WAS,0022400090,2024-10-26,WAS vs. CLE,L,116,-19
2024-25,1610612760,OKC,0022400091,2024-10-26,OKC @ CHI,W,114,19
2024-25,1610612756,PHX,0022400095,2024-10-26,PHX vs. DAL,W,114,12
2024-25,1610612746,LAC,0022400087,2024-10-26,LAC @ DEN,W,109,5
2024-25,1610612759,SAS,0022400094,2024-10-26,SAS vs. HOU,W,109,3
2024-25,1610612743,DEN,0022400087,2024-10-26,DEN vs. LAC,L,104,-5
2024-25,1610612741,CHI,0022400091,2024-10-26,CHI vs. OKC,L,95,-19
2024-25,1610612750,MIN,0022400093,2024-10-26,MIN vs. TOR,W,112,11
2024-25,1610612753,ORL,0022400092,2024-10-26,ORL @ MEM,L,111,-13
2024-25,1610612739,CLE,0022400090,2024-10-26,CLE @ WAS,W,135,19
2024-25,1610612738,BOS,0022400089,2024-10-26,BOS @ DET,W,124,6
2024-25,1610612748,MIA,0022400088,2024-10-26,MIA @ CHA,W,114,8
2024-25,1610612751,BKN,0022400098,2024-10-27,BKN vs. MIL,W,115,13
2024-25,1610612749,MIL,0022400098,2024-10-27,MIL @ BKN,L,102,-13
2024-25,1610612755,PHI,0022400097,2024-10-27,PHI @ IND,W,118,4
2024-25,1610612754,IND,0022400097,2024-10-27,IND vs. PHI,L,114,-4
2024-25,1610612740,NOP,0022400099,2024-10-27,NOP @ POR,L,103,-22
2024-25,1610612760,OKC,0022400100,2024-10-27,OKC vs. ATL,W,128,24
2024-25,1610612757,POR,0022400099,2024-10-27,POR vs. NOP,W,125,22
2024-25,1610612746,LAC,0022400101,2024-10-27,LAC @ GSW,W,112,8
2024-25,1610612744,GSW,0022400101,2024-10-27,GSW vs. LAC,L,104,-8
2024-25,1610612737,ATL,0022400100,2024-10-27,ATL @ OKC,L,104,-24
2024-25,1610612756,PHX,0022400111,2024-10-28,PHX vs. LAL,W,109,4
2024-25,1610612765,DET,0022400105,2024-10-28,DET @ MIA,L,98,-8
2024-25,1610612738,BOS,0022400104,2024-10-28,BOS vs. MIL,W,119,11
2024-25,1610612739,CLE,0022400106,2024-10-28,CLE @ NYK,W,110,6
2024-25,1610612754,IND,0022400102,2024-10-28,IND @ ORL,L,115,-4
2024-25,1610612753,ORL,0022400102,2024-10-28,ORL vs. IND,W,119,4
2024-25,1610612747,LAL,0022400111,2024-10-28,LAL @ PHX,L,105,-4
2024-25,1610612758,SAC,0022400112,2024-10-28,SAC vs. POR,W,111,13
2024-25,1610612757,POR,0022400112,2024-10-28,POR @ SAC,L,98,-13
2024-25,1610612745,HOU,0022400109,2024-10-28,HOU @ SAS,W,106,5
2024-25,1610612764,WAS,0022400103,2024-10-28,WAS @ ATL,W,121,2
2024-25,1610612749,MIL,0022400104,2024-10-28,MIL @ BOS,L,108,-11
2024-25,1610612752,NYK,0022400106,2024-10-28,NYK vs. CLE,L,104,-6
2024-25,1610612763,MEM,0022400108,2024-10-28,MEM vs. CHI,L,123,-3
2024-25,1610612762,UTA,0022400110,2024-10-28,UTA @ DAL,L,102,-8
2024-25,1610612761,TOR,0022400107,2024-10-28,TOR vs. DEN,L,125,-2
2024-25,1610612759,SAS,0022400109,2024-10-28,SAS vs. HOU,L,101,-5
2024-25,1610612743,DEN,0022400107,2024-10-28,DEN @ TOR,W,127,2
2024-25,1610612742,DAL,0022400110,2024-10-28,DAL vs. UTA,W,110,8
2024-25,1610612741,CHI,0022400108,2024-10-28,CHI @ MEM,W,126,3
2024-25,1610612737,ATL,0022400103,2024-10-28,ATL vs. WAS,L,119,-2
2024-25,1610612748,MIA,0022400105,2024-10-28,MIA vs. DET,W,106,8
2024-25,1610612742,DAL,0022400114,2024-10-29,DAL @ MIN,W,120,6
2024-25,1610612743,DEN,0022400113,2024-10-29,DEN @ BKN,W,144,5
2024-25,1610612762,UTA,0022400115,2024-10-29,UTA vs. SAC,L,96,-17
2024-25,1610612744,GSW,0022400116,2024-10-29,GSW vs. NOP,W,124,18
2024-25,1610612750,MIN,0022400114,2024-10-29,MIN vs. DAL,L,114,-6
2024-25,1610612751,BKN,0022400113,2024-10-29,BKN vs. DEN,L,139,-5
2024-25,1610612740,NOP,0022400116,2024-10-29,NOP @ GSW,L,106,-18
2024-25,1610612758,SAC,0022400115,2024-10-29,SAC @ UTA,W,113,17
2024-25,1610612739,CLE,0022400118,2024-10-30,CLE vs. LAL,W,134,24
2024-25,1610612752,NYK,0022400122,2024-10-30,NYK @ MIA,W,116,9
2024-25,1610612763,MEM,0022400124,2024-10-30,MEM vs. BKN,L,106,-13
2024-25,1610612748,MIA,0022400122,2024-10-30,MIA vs. NYK,L,107,-9
2024-25,1610612741,CHI,0022400123,2024-10-30,CHI vs. ORL,W,102,3
2024-25,1610612738,BOS,0022400119,2024-10-30,BOS @ IND,L,132,-3
2024-25,1610612765,DET,0022400120,2024-10-30,DET @ PHI,W,105,10
2024-25,1610612746,LAC,0022400127,2024-10-30,LAC vs. POR,L,105,-1
2024-25,1610612760,OKC,0022400125,2024-10-30,OKC vs. SAS,W,105,12
2024-25,1610612764,WAS,0022400121,2024-10-30,WAS vs. ATL,W,133,13
2024-25,1610612754,IND,0022400119,2024-10-30,IND vs. BOS,W,135,3
2024-25,1610612747,LAL,0022400118,2024-10-30,LAL @ CLE,L,110,-24
2024-25,1610612744,GSW,0022400126,2024-10-30,GSW vs. NOP,W,104,15
2024-25,1610612753,ORL,0022400123,2024-10-30,ORL @ CHI,L,99,-3
2024-25,1610612740,NOP,0022400126,2024-10-30,NOP @ GSW,L,89,-15
2024-25,1610612757,POR,0022400127,2024-10-30,POR @ LAC,W,106,1
2024-25,1610612759,SAS,0022400125,2024-10-30,SAS @ OKC,L,93,-12
2024-25,1610612766,CHA,0022400117,2024-10-30,CHA vs. TOR,W,138,5
2024-25,1610612751,BKN,0022400124,2024-10-30,BKN @ MEM,W,119,13
2024-25,1610612737,ATL,0022400121,2024-10-30,ATL @ WAS,L,120,-13
2024-25,1610612755,PHI,0022400120,2024-10-30,PHI vs. DET,L,95,-10
2024-25,1610612761,TOR,0022400117,2024-10-30,TOR @ CHA,L,133,-5
2024-25,1610612763,MEM,0022400128,2024-10-31,MEM vs. MIL,W,122,23
2024-25,1610612746,LAC,0022400131,2024-10-31,LAC vs. PHX,L,119,-6
2024-25,1610612762,UTA,0022400130,2024-10-31,UTA vs. SAS,L,88,-18
2024-25,1610612745,HOU,0022400129,2024-10-31,HOU @ DAL,W,108,6
2024-25,1610612742,DAL,0022400129,2024-10-31,DAL vs. HOU,L,102,-6
2024-25,1610612756,PHX,0022400131,2024-10-31,PHX @ LAC,W,125,6
2024-25,1610612759,SAS,0022400130,2024-10-31,SAS @ UTA,W,106,18
2024-25,1610612749,MIL,0022400128,2024-10-31,MIL @ MEM,L,99,-23
2024-25,1610612761,TOR,0022400137,2024-11-01,TOR vs. LAL,L,125,-6
2024-25,1610612743,DEN,0022400139,2024-11-01,DEN @ MIN,L,116,-3
2024-25,1610612741,CHI,0022400136,2024-11-01,CHI @ BKN,L,112,-8
2024-25,1610612765,DET,0022400134,2024-11-01,DET vs. NYK,L,98,-30
2024-25,1610612739,CLE,0022400133,2024-11-01,CLE vs. ORL,W,120,11
2024-25,1610612740,NOP,0022400138,2024-11-01,NOP vs. IND,W,125,7
2024-25,1610612760,OKC,0022400140,2024-11-01,OKC @ POR,W,137,23
2024-25,1610612737,ATL,0022400135,2024-11-01,ATL vs. SAC,L,115,-8
2024-25,1610612758,SAC,0022400135,2024-11-01,SAC @ ATL,W,123,8
2024-25,1610612766,CHA,0022400132,2024-11-01,CHA vs. BOS,L,109,-15
2024-25,1610612753,ORL,0022400133,2024-11-01,ORL @ CLE,L,109,-11
2024-25,1610612754,IND,0022400138,2024-11-01,IND @ NOP,L,118,-7
2024-25,1610612751,BKN,0022400136,2024-11-01,BKN vs. CHI,W,120,8
2024-25,1610612750,MIN,0022400139,2024-11-01,MIN vs. DEN,W,119,3
2024-25,1610612757,POR,0022400140,2024-11-01,POR vs. OKC,L,114,-23
2024-25,1610612747,LAL,0022400137,2024-11-01,LAL @ TOR,W,131,6
2024-25,1610612752,NYK,0022400134,2024-11-01,NYK @ DET,W,128,30
2024-25,1610612738,BOS,0022400132,2024-11-01,BOS @ CHA,W,124,15
2024-25,1610612764,WAS,0022400147,2024-11-02,WAS @ MIA,L,98,-20
2024-25,1610612739,CLE,0022400145,2024-11-02,CLE @ MIL,W,114,1
2024-25,1610612759,SAS,0022400146,2024-11-02,SAS vs. MIN,W,113,10
2024-25,1610612763,MEM,0022400142,2024-11-02,MEM @ PHI,W,124,17
2024-25,1610612757,POR,0022400149,2024-11-02,POR @ PHX,L,97,-6
2024-25,1610612756,PHX,0022400149,2024-11-02,PHX vs. POR,W,103,6
2024-25,1610612761,TOR,0022400143,2024-11-02,TOR vs. SAC,W,131,3
2024-25,1610612750,MIN,0022400146,2024-11-02,MIN @ SAS,L,103,-10
2024-25,1610612766,CHA,0022400141,2024-11-02,CHA vs. BOS,L,103,-10
2024-25,1610612749,MIL,0022400145,2024-11-02,MIL vs. CLE,L,113,-1
2024-25,1610612762,UTA,0022400148,2024-11-02,UTA @ DEN,L,103,-26
2024-25,1610612745,HOU,0022400144,2024-11-02,HOU vs. GSW,L,121,-6
2024-25,1610612744,GSW,0022400144,2024-11-02,GSW @ HOU,W,127,6
2024-25,1610612760,OKC,0022400150,2024-11-02,OKC @ LAC,W,105,13
2024-25,1610612746,LAC,0022400150,2024-11-02,LAC vs. OKC,L,92,-13
2024-25,1610612758,SAC,0022400143,2024-11-02,SAC @ TOR,L,128,-3
2024-25,1610612743,DEN,0022400148,2024-11-02,DEN vs. UTA,W,129,26
2024-25,1610612755,PHI,0022400142,2024-11-02,PHI vs. MEM,L,107,-17
2024-25,1610612748,MIA,0022400147,2024-11-02,MIA @ WAS,W,118,20
2024-25,1610612738,BOS,0022400141,2024-11-02,BOS @ CHA,W,113,10
2024-25,1610612765,DET,0022400151,2024-11-03,DET @ BKN,W,106,14
2024-25,1610612742,DAL,0022400153,2024-11-03,DAL vs. ORL,W,108,23
2024-25,1610612740,NOP,0022400152,2024-11-03,NOP vs. ATL,L,111,-15
2024-25,1610612737,ATL,0022400152,2024-11-03,ATL @ NOP,W,126,15
2024-25,1610612753,ORL,0022400153,2024-11-03,ORL @ DAL,L,85,-23
2024-25,1610612751,BKN,0022400151,2024-11-03,BKN vs. DET,L,92,-14
2024-25,1610612765,DET,0022400156,2024-11-04,DET vs. LAL,W,115,12
2024-25,1610612758,SAC,0022400159,2024-11-04,SAC @ MIA,W,111,1
2024-25,1610612739,CLE,0022400154,2024-11-04,CLE vs. MIL,W,116,2
2024-25,1610612766,CHA,0022400162,2024-11-04,CHA @ MIN,L,93,-21
2024-25,1610612763,MEM,0022400158,2024-11-04,MEM @ BKN,L,104,-2
2024-25,1610612745,HOU,0022400161,2024-11-04,HOU vs. NYK,W,109,12
2024-25,1610612760,OKC,0022400163,2024-11-04,OKC vs. ORL,W,102,16
2024-25,1610612742,DAL,0022400165,2024-11-04,DAL vs. IND,L,127,-7
2024-25,1610612756,PHX,0022400167,2024-11-04,PHX vs. PHI,W,118,2
2024-25,1610612755,PHI,0022400167,2024-11-04,PHI @ PHX,L,116,-2
2024-25,1610612740,NOP,0022400164,2024-11-04,NOP vs. POR,L,100,-18
2024-25,1610612748,MIA,0022400159,2024-11-04,MIA vs. SAC,L,110,-1
2024-25,1610612746,LAC,0022400168,2024-11-04,LAC vs. SAS,W,113,9
2024-25,1610612738,BOS,0022400157,2024-11-04,BOS @ ATL,W,123,30
2024-25,1610612737,ATL,0022400157,2024-11-04,ATL vs. BOS,L,93,-30
2024-25,1610612749,MIL,0022400154,2024-11-04,MIL @ CLE,L,114,-2
2024-25,1610612757,POR,0022400164,2024-11-04,POR @ NOP,W,118,18
2024-25,1610612762,UTA,0022400160,2024-11-04,UTA @ CHI,W,135,9
2024-25,1610612754,IND,0022400165,2024-11-04,IND @ DAL,W,134,7
2024-25,1610612761,TOR,0022400166,2024-11-04,TOR @ DEN,L,119,-2
2024-25,1610612764,WAS,0022400155,2024-11-04,WAS vs. GSW,L,112,-13
2024-25,1610612752,NYK,0022400161,2024-11-04,NYK @ HOU,L,97,-12
2024-25,1610612759,SAS,0022400168,2024-11-04,SAS @ LAC,L,104,-9
2024-25,1610612753,ORL,0022400163,2024-11-04,ORL @ OKC,L,86,-16
2024-25,1610612743,DEN,0022400166,2024-11-04,DEN vs. TOR,W,121,2
2024-25,1610612741,CHI,0022400160,2024-11-04,CHI vs. UTA,L,126,-9
2024-25,1610612751,BKN,0022400158,2024-11-04,BKN vs. MEM,W,106,2
2024-25,1610612744,GSW,0022400155,2024-11-04,GSW @ WAS,W,125,13
2024-25,1610612747,LAL,0022400156,2024-11-04,LAL @ DET,L,103,-12
2024-25,1610612750,MIN,0022400162,2024-11-04,MIN vs. CHA,W,114,21
2024-25,1610612763,MEM,0022400174,2024-11-06,MEM vs. LAL,W,131,17
2024-25,1610612756,PHX,0022400178,2024-11-06,PHX vs. MIA,W,115,3
2024-25,1610612737,ATL,0022400171,2024-11-06,ATL vs. NYK,W,121,5
2024-25,1610612754,IND,0022400170,2024-11-06,IND vs. ORL,W,118,7
2024-25,1610612753,ORL,0022400170,2024-11-06,ORL @ IND,L,111,-7
2024-25,1610612746,LAC,0022400179,2024-11-06,LAC vs. PHI,W,110,12
2024-25,1610612748,MIA,0022400178,2024-11-06,MIA @ PHX,L,112,-3
2024-25,1610612761,TOR,0022400180,2024-11-06,TOR @ SAC,L,107,-15
2024-25,1610612745,HOU,0022400173,2024-11-06,HOU vs. SAS,W,127,27
2024-25,1610612752,NYK,0022400171,2024-11-06,NYK @ ATL,L,116,-5
2024-25,1610612744,GSW,0022400172,2024-11-06,GSW @ BOS,W,118,6
2024-25,1610612740,NOP,0022400175,2024-11-06,NOP vs. CLE,L,122,-9
2024-25,1610612739,CLE,0022400175,2024-11-06,CLE @ NOP,W,131,9
2024-25,1610612742,DAL,0022400176,2024-11-06,DAL vs. CHI,W,119,20
2024-25,1610612741,CHI,0022400176,2024-11-06,CHI @ DAL,L,99,-20
2024-25,1610612760,OKC,0022400177,2024-11-06,OKC @ DEN,L,122,-2
2024-25,1610612738,BOS,0022400172,2024-11-06,BOS vs. GSW,L,112,-6
2024-25,1610612759,SAS,0022400173,2024-11-06,SAS @ HOU,L,100,-27
2024-25,1610612755,PHI,0022400179,2024-11-06,PHI @ LAC,L,98,-12
2024-25,1610612743,DEN,0022400177,2024-11-06,DEN vs. OKC,W,124,2
2024-25,1610612758,SAC,0022400180,2024-11-06,SAC vs. TOR,W,122,15
2024-25,1610612747,LAL,0022400174,2024-11-06,LAL @ MEM,L,114,-17
2024-25,1610612766,CHA,0022400169,2024-11-06,CHA vs. DET,W,108,1
2024-25,1610612765,DET,0022400169,2024-11-06,DET @ CHA,L,107,-1
2024-25,1610612762,UTA,0022400182,2024-11-07,UTA @ MIL,L,100,-23
2024-25,1610612741,CHI,0022400181,2024-11-07,CHI vs. MIN,L,119,-16
2024-25,1610612759,SAS,0022400183,2024-11-07,SAS vs. POR,W,118,13
2024-25,1610612757,POR,0022400183,2024-11-07,POR @ SAS,L,105,-13
2024-25,1610612750,MIN,0022400181,2024-11-07,MIN @ CHI,W,135,16
2024-25,1610612749,MIL,0022400182,2024-11-07,MIL vs. UTA,W,123,23
2024-25,1610612755,PHI,0022400195,2024-11-08,PHI @ LAL,L,106,-10
2024-25,1610612743,DEN,0022400194,2024-11-08,DEN vs. MIA,W,135,13
2024-25,1610612752,NYK,0022400189,2024-11-08,NYK vs. MIL,W,116,22
2024-25,1610612757,POR,0022400193,2024-11-08,POR @ MIN,L,102,-25
2024-25,1610612738,BOS,0022400187,2024-11-08,BOS vs. BKN,W,108,4
2024-25,1610612749,MIL,0022400189,2024-11-08,MIL @ NYK,L,94,-22
2024-25,1610612740,NOP,0022400186,2024-11-08,NOP @ ORL,L,88,-27
2024-25,1610612766,CHA,0022400184,2024-11-08,CHA vs. IND,W,103,20
2024-25,1610612747,LAL,0022400195,2024-11-08,LAL vs. PHI,W,116,10
2024-25,1610612742,DAL,0022400190,2024-11-08,DAL vs. PHX,L,113,-1
2024-25,1610612750,MIN,0022400193,2024-11-08,MIN vs. POR,W,127,25
2024-25,1610612746,LAC,0022400196,2024-11-08,LAC @ SAC,W,107,9
2024-25,1610612765,DET,0022400185,2024-11-08,DET vs. ATL,W,122,1
2024-25,1610612751,BKN,0022400187,2024-11-08,BKN @ BOS,L,104,-4
2024-25,1610612744,GSW,0022400188,2024-11-08,GSW @ CLE,L,117,-19
2024-25,1610612753,ORL,0022400186,2024-11-08,ORL vs. NOP,W,115,27
2024-25,1610612756,PHX,0022400190,2024-11-08,PHX @ DAL,W,114,1
2024-25,1610612748,MIA,0022400194,2024-11-08,MIA @ DEN,L,122,-13
2024-25,1610612739,CLE,0022400188,2024-11-08,CLE vs. GSW,W,136,19
2024-25,1610612760,OKC,0022400192,2024-11-08,OKC vs. HOU,W,126,19
2024-25,1610612758,SAC,0022400196,2024-11-08,SAC vs. LAC,L,98,-9
2024-25,1610612745,HOU,0022400192,2024-11-08,HOU @ OKC,L,107,-19
2024-25,1610612764,WAS,0022400191,2024-11-08,WAS @ MEM,L,104,-24
2024-25,1610612763,MEM,0022400191,2024-11-08,MEM vs. WAS,W,128,24
2024-25,1610612737,ATL,0022400185,2024-11-08,ATL @ DET,L,121,-1
2024-25,1610612754,IND,0022400184,2024-11-08,IND @ CHA,L,83,-20
2024-25,1610612739,CLE,0022400199,2024-11-09,CLE vs. BKN,W,105,5
2024-25,1610612762,UTA,0022400197,2024-11-09,UTA @ SAS,W,111,1
2024-25,1610612741,CHI,0022400198,2024-11-09,CHI @ ATL,W,125,12
2024-25,1610612751,BKN,0022400199,2024-11-09,BKN @ CLE,L,100,-5
2024-25,1610612737,ATL,0022400198,2024-11-09,ATL vs. CHI,L,113,-12
2024-25,1610612761,TOR,0022400200,2024-11-09,TOR @ LAC,L,103,-2
2024-25,1610612746,LAC,0022400200,2024-11-09,LAC vs. TOR,W,105,2
2024-25,1610612759,SAS,0022400197,2024-11-09,SAS vs. UTA,L,110,-1
2024-25,1610612761,TOR,0022400211,2024-11-10,TOR @ LAL,L,103,-20
2024-25,1610612750,MIN,0022400206,2024-11-10,MIN vs. MIA,L,94,-1
2024-25,1610612738,BOS,0022400202,2024-11-10,BOS @ MIL,W,113,6
2024-25,1610612748,MIA,0022400206,2024-11-10,MIA @ MIN,W,95,1
2024-25,1610612754,IND,0022400203,2024-11-10,IND vs. NYK,W,132,11
2024-25,1610612764,WAS,0022400204,2024-11-10,WAS @ ORL,L,94,-27
2024-25,1610612752,NYK,0022400203,2024-11-10,NYK @ IND,L,121,-11
2024-25,1610612766,CHA,0022400205,2024-11-10,CHA @ PHI,L,105,-2
2024-25,1610612758,SAC,0022400209,2024-11-10,SAC @ PHX,W,127,9
2024-25,1610612763,MEM,0022400210,2024-11-10,MEM @ POR,W,134,45
2024-25,1610612756,PHX,0022400209,2024-11-10,PHX vs. SAC,L,118,-9
2024-25,1610612749,MIL,0022400202,2024-11-10,MIL vs. BOS,L,107,-6
2024-25,1610612743,DEN,0022400208,2024-11-10,DEN vs. DAL,W,122,2
2024-25,1610612742,DAL,0022400208,2024-11-10,DAL @ DEN,L,120,-2
2024-25,1610612760,OKC,0022400207,2024-11-10,OKC vs. GSW,L,116,-11
2024-25,1610612765,DET,0022400201,2024-11-10,DET vs. HOU,L,99,-2
2024-25,1610612744,GSW,0022400207,2024-11-10,GSW @ OKC,W,127,11
2024-25,1610612747,LAL,0022400211,2024-11-10,LAL vs. TOR,W,123,20
2024-25,1610612757,POR,0022400210,2024-11-10,POR vs. MEM,L,89,-45
2024-25,1610612753,ORL,0022400204,2024-11-10,ORL vs. WAS,W,121,27
2024-25,1610612745,HOU,0022400201,2024-11-10,HOU @ DET,W,101,2
2024-25,1610612755,PHI,0022400205,2024-11-10,PHI vs. CHA,W,107,2
2024-25,1610612740,NOP,0022400214,2024-11-11,NOP vs. BKN,L,105,-2
2024-25,1610612759,SAS,0022400216,2024-11-11,SAS vs. SAC,W,116,20
2024-25,1610612758,SAC,0022400216,2024-11-11,SAC @ SAS,L,96,-20
2024-25,1610612741,CHI,0022400212,2024-11-11,CHI vs. CLE,L,113,-6
2024-25,1610612751,BKN,0022400214,2024-11-11,BKN @ NOP,W,107,2
2024-25,1610612739,CLE,0022400212,2024-11-11,CLE @ CHI,W,119,6
2024-25,1610612764,WAS,0022400213,2024-11-11,WAS @ HOU,L,92,-15
2024-25,1610612760,OKC,0022400215,2024-11-11,OKC vs. LAC,W,134,6
2024-25,1610612746,LAC,0022400215,2024-11-11,LAC @ OKC,L,128,-6
2024-25,1610612745,HOU,0022400213,2024-11-11,HOU vs. WAS,W,107,15
2024-25,1610612765,DET,0022400002,2024-11-12,DET vs. MIA,W,123,2
2024-25,1610612761,TOR,0022400005,2024-11-12,TOR @ MIL,L,85,-14
2024-25,1610612757,POR,0022400008,2024-11-12,POR vs. MIN,W,122,14
2024-25,1610612755,PHI,0022400004,2024-11-12,PHI vs. NYK,L,99,-12
2024-25,1610612766,CHA,0022400003,2024-11-12,CHA @ ORL,L,89,-25
2024-25,1610612752,NYK,0022400004,2024-11-12,NYK @ PHI,W,111,12
2024-25,1610612762,UTA,0022400006,2024-11-12,UTA vs. PHX,L,112,-8
2024-25,1610612750,MIN,0022400008,2024-11-12,MIN @ POR,L,108,-14
2024-25,1610612738,BOS,0022400001,2024-11-12,BOS vs. ATL,L,116,-1
2024-25,1610612737,ATL,0022400001,2024-11-12,ATL @ BOS,W,117,1
2024-25,1610612744,GSW,0022400007,2024-11-12,GSW vs. DAL,W,120,3
2024-25,1610612742,DAL,0022400007,2024-11-12,DAL @ GSW,L,117,-3
2024-25,1610612749,MIL,0022400005,2024-11-12,MIL vs. TOR,W,99,14
2024-25,1610612756,PHX,0022400006,2024-11-12,PHX @ UTA,W,120,8
2024-25,1610612748,MIA,0022400002,2024-11-12,MIA @ DET,L,121,-2
2024-25,1610612753,ORL,0022400003,2024-11-12,ORL vs. CHA,W,114,25
2024-25,1610612763,MEM,0022400225,2024-11-13,MEM @ LAL,L,123,-5
2024-25,1610612765,DET,0022400223,2024-11-13,DET @ MIL,L,120,-7
2024-25,1610612757,POR,0022400226,2024-11-13,POR vs. MIN,W,106,8
2024-25,1610612738,BOS,0022400218,2024-11-13,BOS @ BKN,W,139,25
2024-25,1610612741,CHI,0022400219,2024-11-13,CHI @ NYK,W,124,1
2024-25,1610612754,IND,0022400217,2024-11-13,IND @ ORL,L,90,-4
2024-25,1610612753,ORL,0022400217,2024-11-13,ORL vs. IND,W,94,4
2024-25,1610612739,CLE,0022400220,2024-11-13,CLE @ PHI,W,114,8
2024-25,1610612758,SAC,0022400227,2024-11-13,SAC vs. PHX,W,127,23
2024-25,1610612750,MIN,0022400226,2024-11-13,MIN @ POR,L,98,-8
2024-25,1610612756,PHX,0022400227,2024-11-13,PHX @ SAC,L,104,-23
2024-25,1610612764,WAS,0022400224,2024-11-13,WAS @ SAS,L,130,-9
2024-25,1610612751,BKN,0022400218,2024-11-13,BKN vs. BOS,L,114,-25
2024-25,1610612755,PHI,0022400220,2024-11-13,PHI vs. CLE,L,106,-8
2024-25,1610612760,OKC,0022400221,2024-11-13,OKC vs. NOP,W,106,18
2024-25,1610612752,NYK,0022400219,2024-11-13,NYK vs. CHI,L,123,-1
2024-25,1610612746,LAC,0022400222,2024-11-13,LAC @ HOU,L,103,-8
2024-25,1610612745,HOU,0022400222,2024-11-13,HOU vs. LAC,W,111,8
2024-25,1610612740,NOP,0022400221,2024-11-13,NOP @ OKC,L,88,-18
2024-25,1610612747,LAL,0022400225,2024-11-13,LAL vs. MEM,W,128,5
2024-25,1610612759,SAS,0022400224,2024-11-13,SAS vs. WAS,W,139,9
2024-25,1610612749,MIL,0022400223,2024-11-13,MIL vs. DET,W,127,7
2024-25,1610612762,UTA,0022400228,2024-11-14,UTA vs. DAL,W,115,2
2024-25,1610612742,DAL,0022400228,2024-11-14,DAL @ UTA,L,113,-2
2024-25,1610612759,SAS,0022400015,2024-11-15,SAS vs. LAL,L,115,-5
2024-25,1610612754,IND,0022400009,2024-11-15,IND vs. MIA,L,111,-13
2024-25,1610612758,SAC,0022400020,2024-11-15,SAC vs. MIN,L,126,-4
2024-25,1610612752,NYK,0022400014,2024-11-15,NYK vs. BKN,W,124,2
2024-25,1610612751,BKN,0022400014,2024-11-15,BKN @ NYK,L,122,-2
2024-25,1610612755,PHI,0022400010,2024-11-15,PHI @ ORL,L,86,-12
2024-25,1610612748,MIA,0022400009,2024-11-15,MIA @ IND,W,124,13
2024-25,1610612753,ORL,0022400010,2024-11-15,ORL vs. PHI,W,98,12
2024-25,1610612760,OKC,0022400018,2024-11-15,OKC vs. PHX,W,99,16
2024-25,1610612750,MIN,0022400020,2024-11-15,MIN @ SAC,W,130,4
2024-25,1610612747,LAL,0022400015,2024-11-15,LAL @ SAS,W,120,5
2024-25,1610612764,WAS,0022400012,2024-11-15,WAS @ ATL,L,117,-12
2024-25,1610612741,CHI,0022400013,2024-11-15,CHI @ CLE,L,126,-18
2024-25,1610612743,DEN,0022400017,2024-11-15,DEN @ NOP,L,94,-7
2024-25,1610612739,CLE,0022400013,2024-11-15,CLE vs. CHI,W,144,18
2024-25,1610612740,NOP,0022400017,2024-11-15,NOP vs. DEN,W,101,7
2024-25,1610612763,MEM,0022400019,2024-11-15,MEM @ GSW,L,118,-5
2024-25,1610612746,LAC,0022400016,2024-11-15,LAC @ HOU,L,104,-21
2024-25,1610612745,HOU,0022400016,2024-11-15,HOU vs. LAC,W,125,21
2024-25,1610612756,PHX,0022400018,2024-11-15,PHX @ OKC,L,83,-16
2024-25,1610612765,DET,0022400011,2024-11-15,DET @ TOR,W,99,4
2024-25,1610612744,GSW,0022400019,2024-11-15,GSW vs. MEM,W,123,5
2024-25,1610612737,ATL,0022400012,2024-11-15,ATL vs. WAS,W,129,12
2024-25,1610612761,TOR,0022400011,2024-11-15,TOR vs. DET,L,95,-4
2024-25,1610612740,NOP,0022400231,2024-11-16,NOP vs. LAL,L,99,-5
2024-25,1610612766,CHA,0022400229,2024-11-16,CHA vs. MIL,W,115,1
2024-25,1610612762,UTA,0022400233,2024-11-16,UTA @ SAC,L,117,-4
2024-25,1610612742,DAL,0022400232,2024-11-16,DAL vs. SAS,W,110,17
2024-25,1610612761,TOR,0022400230,2024-11-16,TOR @ BOS,L,123,-3
2024-25,1610612747,LAL,0022400231,2024-11-16,LAL @ NOP,W,104,5
2024-25,1610612759,SAS,0022400232,2024-11-16,SAS @ DAL,L,93,-17
2024-25,1610612738,BOS,0022400230,2024-11-16,BOS vs. TOR,W,126,3
2024-25,1610612758,SAC,0022400233,2024-11-16,SAC vs. UTA,W,121,4
2024-25,1610612749,MIL,0022400229,2024-11-16,MIL @ CHA,L,114,-1
2024-25,1610612754,IND,0022400235,2024-11-17,IND vs. MIA,W,119,9
2024-25,1610612756,PHX,0022400234,2024-11-17,PHX @ MIN,L,117,-3
2024-25,1610612752,NYK,0022400240,2024-11-17,NYK vs. BKN,W,114,10
2024-25,1610612751,BKN,0022400240,2024-11-17,BKN @ NYK,L,104,-10
2024-25,1610612748,MIA,0022400235,2024-11-17,MIA @ IND,L,110,-9
2024-25,1610612750,MIN,0022400234,2024-11-17,MIN vs. PHX,W,120,3
2024-25,1610612737,ATL,0022400239,2024-11-17,ATL @ POR,L,110,-4
2024-25,1610612757,POR,0022400239,2024-11-17,POR vs. ATL,W,114,4
2024-25,1610612766,CHA,0022400236,2024-11-17,CHA @ CLE,L,114,-14
2024-25,1610612745,HOU,0022400241,2024-11-17,HOU @ CHI,W,143,36
2024-25,1610612760,OKC,0022400242,2024-11-17,OKC vs. DAL,L,119,-2
2024-25,1610612763,MEM,0022400238,2024-11-17,MEM vs. DEN,W,105,15
2024-25,1610612741,CHI,0022400241,2024-11-17,CHI vs. HOU,L,107,-36
2024-25,1610612762,UTA,0022400243,2024-11-17,UTA @ LAC,L,105,-11
2024-25,1610612742,DAL,0022400242,2024-11-17,DAL @ OKC,W,121,2
2024-25,1610612746,LAC,0022400243,2024-11-17,LAC vs. UTA,W,116,11
2024-25,1610612743,DEN,0022400238,2024-11-17,DEN @ MEM,L,90,-15
2024-25,1610612765,DET,0022400237,2024-11-17,DET @ WAS,W,124,20
2024-25,1610612764,WAS,0022400237,2024-11-17,WAS vs. DET,L,104,-20
2024-25,1610612739,CLE,0022400236,2024-11-17,CLE vs. CHA,W,128,14
2024-25,1610612755,PHI,0022400245,2024-11-18,PHI @ MIA,L,89,-17
2024-25,1610612745,HOU,0022400248,2024-11-18,HOU @ MIL,L,100,-1
2024-25,1610612764,WAS,0022400246,2024-11-18,WAS @ NYK,L,106,-28
2024-25,1610612756,PHX,0022400249,2024-11-18,PHX vs. ORL,L,99,-10
2024-25,1610612761,TOR,0022400247,2024-11-18,TOR vs. IND,W,130,11
2024-25,1610612748,MIA,0022400245,2024-11-18,MIA vs. PHI,W,106,17
2024-25,1610612753,ORL,0022400249,2024-11-18,ORL @ PHX,W,109,10
2024-25,1610612737,ATL,0022400250,2024-11-18,ATL @ SAC,W,109,1
2024-25,1610612758,SAC,0022400250,2024-11-18,SAC vs. ATL,L,108,-1
2024-25,1610612765,DET,0022400244,2024-11-18,DET vs. CHI,L,112,-10
2024-25,1610612746,LAC,0022400251,2024-11-18,LAC vs. GSW,W,102,3
2024-25,1610612749,MIL,0022400248,2024-11-18,MIL vs. HOU,W,101,1
2024-25,1610612744,GSW,0022400251,2024-11-18,GSW @ LAC,L,99,-3
2024-25,1610612754,IND,0022400247,2024-11-18,IND @ TOR,L,119,-11
2024-25,1610612752,NYK,0022400246,2024-11-18,NYK vs. WAS,W,134,28
2024-25,1610612741,CHI,0022400244,2024-11-18,CHI @ DET,W,122,10
2024-25,1610612762,UTA,0022400026,2024-11-19,UTA @ LAL,L,118,-6
2024-25,1610612766,CHA,0022400022,2024-11-19,CHA @ BKN,L,115,-1
2024-25,1610612760,OKC,0022400025,2024-11-19,OKC @ SAS,L,104,-6
2024-25,1610612739,CLE,0022400021,2024-11-19,CLE @ BOS,L,117,-3
2024-25,1610612738,BOS,0022400021,2024-11-19,BOS vs. CLE,W,120,3
2024-25,1610612742,DAL,0022400024,2024-11-19,DAL vs. NOP,W,132,41
2024-25,1610612740,NOP,0022400024,2024-11-19,NOP @ DAL,L,91,-41
2024-25,1610612763,MEM,0022400023,2024-11-19,MEM vs. DEN,L,110,-12
2024-25,1610612759,SAS,0022400025,2024-11-19,SAS vs. OKC,W,110,6
2024-25,1610612747,LAL,0022400026,2024-11-19,LAL vs. UTA,W,124,6
2024-25,1610612743,DEN,0022400023,2024-11-19,DEN @ MEM,W,122,12
2024-25,1610612751,BKN,0022400022,2024-11-19,BKN vs. CHA,W,116,1
2024-25,1610612741,CHI,0022400253,2024-11-20,CHI @ MIL,L,106,-16
2024-25,1610612756,PHX,0022400257,2024-11-20,PHX vs. NYK,L,122,-16
2024-25,1610612746,LAC,0022400259,2024-11-20,LAC vs. ORL,W,104,11
2024-25,1610612745,HOU,0022400254,2024-11-20,HOU vs. IND,W,130,17
2024-25,1610612763,MEM,0022400255,2024-11-20,MEM vs. PHI,W,117,6
2024-25,1610612752,NYK,0022400257,2024-11-20,NYK @ PHX,W,138,16
2024-25,1610612760,OKC,0022400256,2024-11-20,OKC vs. POR,W,109,10
2024-25,1610612744,GSW,0022400258,2024-11-20,GSW vs. ATL,W,120,23
2024-25,1610612740,NOP,0022400252,2024-11-20,NOP @ CLE,L,100,-28
2024-25,1610612739,CLE,0022400252,2024-11-20,CLE vs. NOP,W,128,28
2024-25,1610612749,MIL,0022400253,2024-11-20,MIL vs. CHI,W,122,16
2024-25,1610612737,ATL,0022400258,2024-11-20,ATL @ GSW,L,97,-23
2024-25,1610612754,IND,0022400254,2024-11-20,IND @ HOU,L,113,-17
2024-25,1610612753,ORL,0022400259,2024-11-20,ORL @ LAC,L,93,-11
2024-25,1610612757,POR,0022400256,2024-11-20,POR @ OKC,L,99,-10
2024-25,1610612755,PHI,0022400255,2024-11-20,PHI @ MEM,L,111,-6
2024-25,1610612753,ORL,0022400263,2024-11-21,ORL @ LAL,W,119,1
2024-25,1610612761,TOR,0022400261,2024-11-21,TOR vs. MIN,W,110,5
2024-25,1610612747,LAL,0022400263,2024-11-21,LAL vs. ORL,L,118,-1
2024-25,1610612762,UTA,0022400262,2024-11-21,UTA @ SAS,L,118,-8
2024-25,1610612750,MIN,0022400261,2024-11-21,MIN @ TOR,L,105,-5
2024-25,1610612759,SAS,0022400262,2024-11-21,SAS vs. UTA,W,126,8
2024-25,1610612766,CHA,0022400260,2024-11-21,CHA vs. DET,W,123,2
2024-25,1610612765,DET,0022400260,2024-11-21,DET @ CHA,L,121,-2
2024-25,1610612754,IND,0022400029,2024-11-22,IND @ MIL,L,117,-12
2024-25,1610612755,PHI,0022400027,2024-11-22,PHI vs. BKN,W,113,15
2024-25,1610612749,MIL,0022400029,2024-11-22,MIL vs. IND,W,129,12
2024-25,1610612751,BKN,0022400027,2024-11-22,BKN @ PHI,L,98,-15
2024-25,1610612745,HOU,0022400031,2024-11-22,HOU vs. POR,W,116,28
2024-25,1610612746,LAC,0022400034,2024-11-22,LAC vs. SAC,W,104,16
2024-25,1610612741,CHI,0022400030,2024-11-22,CHI vs. ATL,W,136,14
2024-25,1610612764,WAS,0022400028,2024-11-22,WAS vs. BOS,L,96,-12
2024-25,1610612744,GSW,0022400032,2024-11-22,GSW @ NOP,W,112,4
2024-25,1610612737,ATL,0022400030,2024-11-22,ATL @ CHI,L,122,-14
2024-25,1610612743,DEN,0022400033,2024-11-22,DEN vs. DAL,L,120,-3
2024-25,1610612742,DAL,0022400033,2024-11-22,DAL @ DEN,W,123,3
2024-25,1610612740,NOP,0022400032,2024-11-22,NOP vs. GSW,L,108,-4
2024-25,1610612757,POR,0022400031,2024-11-22,POR @ HOU,L,88,-28
2024-25,1610612758,SAC,0022400034,2024-11-22,SAC @ LAC,L,88,-16
2024-25,1610612738,BOS,0022400028,2024-11-22,BOS @ WAS,W,108,12
2024-25,1610612743,DEN,0022400270,2024-11-23,DEN @ LAL,W,127,25
2024-25,1610612766,CHA,0022400268,2024-11-23,CHA @ MIL,L,119,-6
2024-25,1610612762,UTA,0022400264,2024-11-23,UTA vs. NYK,W,121,15
2024-25,1610612765,DET,0022400265,2024-11-23,DET @ ORL,L,100,-11
2024-25,1610612745,HOU,0022400267,2024-11-23,HOU vs. POR,L,98,-6
2024-25,1610612744,GSW,0022400269,2024-11-23,GSW @ SAS,L,94,-10
2024-25,1610612763,MEM,0022400266,2024-11-23,MEM @ CHI,W,142,11
2024-25,1610612747,LAL,0022400270,2024-11-23,LAL vs. DEN,L,102,-25
2024-25,1610612759,SAS,0022400269,2024-11-23,SAS vs. GSW,W,104,10
2024-25,1610612757,POR,0022400267,2024-11-23,POR @ HOU,W,104,6
2024-25,1610612752,NYK,0022400264,2024-11-23,NYK @ UTA,L,106,-15
2024-25,1610612741,CHI,0022400266,2024-11-23,CHI vs. MEM,L,131,-11
2024-25,1610612753,ORL,0022400265,2024-11-23,ORL vs. DET,W,111,11
2024-25,1610612749,MIL,0022400268,2024-11-23,MIL vs. CHA,W,125,6
2024-25,1610612742,DAL,0022400273,2024-11-24,DAL @ MIA,L,118,-5
2024-25,1610612738,BOS,0022400271,2024-11-24,BOS vs. MIN,W,107,2
2024-25,1610612758,SAC,0022400276,2024-11-24,SAC vs. BKN,L,103,-5
2024-25,1610612764,WAS,0022400272,2024-11-24,WAS @ IND,L,103,-12
2024-25,1610612746,LAC,0022400274,2024-11-24,LAC @ PHI,W,125,26
2024-25,1610612751,BKN,0022400276,2024-11-24,BKN @ SAC,W,108,5
2024-25,1610612750,MIN,0022400271,2024-11-24,MIN @ BOS,L,105,-2
2024-25,1610612761,TOR,0022400275,2024-11-24,TOR @ CLE,L,108,-14
2024-25,1610612748,MIA,0022400273,2024-11-24,MIA vs. DAL,W,123,5
2024-25,1610612755,PHI,0022400274,2024-11-24,PHI vs. LAC,L,99,-26
2024-25,1610612739,CLE,0022400275,2024-11-24,CLE vs. TOR,W,122,14
2024-25,1610612754,IND,0022400272,2024-11-24,IND vs. WAS,W,115,12
2024-25,1610612744,GSW,0022400284,2024-11-25,GSW vs. BKN,L,120,-8
2024-25,1610612743,DEN,0022400283,2024-11-25,DEN vs. NYK,L,118,-27
2024-25,1610612766,CHA,0022400277,2024-11-25,CHA vs. ORL,L,84,-11
2024-25,1610612740,NOP,0022400279,2024-11-25,NOP @ IND,L,110,-4
2024-25,1610612763,MEM,0022400282,2024-11-25,MEM vs. POR,W,123,25
2024-25,1610612760,OKC,0022400285,2024-11-25,OKC @ SAC,W,130,21
2024-25,1610612742,DAL,0022400280,2024-11-25,DAL @ ATL,W,129,10
2024-25,1610612746,LAC,0022400281,2024-11-25,LAC @ BOS,L,94,-32
2024-25,1610612754,IND,0022400279,2024-11-25,IND vs. NOP,W,114,4
2024-25,1610612737,ATL,0022400280,2024-11-25,ATL vs. DAL,L,119,-10
2024-25,1610612752,NYK,0022400283,2024-11-25,NYK @ DEN,W,145,27
2024-25,1610612751,BKN,0022400284,2024-11-25,BKN @ GSW,W,128,8
2024-25,1610612738,BOS,0022400281,2024-11-25,BOS vs. LAC,W,126,32
2024-25,1610612758,SAC,0022400285,2024-11-25,SAC vs. OKC,L,109,-21
2024-25,1610612765,DET,0022400278,2024-11-25,DET vs. TOR,W,102,2
2024-25,1610612757,POR,0022400282,2024-11-25,POR @ MEM,L,98,-25
2024-25,1610612761,TOR,0022400278,2024-11-25,TOR @ DET,L,100,-2
2024-25,1610612753,ORL,0022400277,2024-11-25,ORL @ CHA,W,95,11
2024-25,1610612756,PHX,0022400039,2024-11-26,PHX vs. LAL,W,127,27
2024-25,1610612749,MIL,0022400036,2024-11-26,MIL @ MIA,W,106,3
2024-25,1610612748,MIA,0022400036,2024-11-26,MIA vs. MIL,L,103,-3
2024-25,1610612745,HOU,0022400037,2024-11-26,HOU @ MIN,W,117,6
2024-25,1610612747,LAL,0022400039,2024-11-26,LAL @ PHX,L,100,-27
2024-25,1610612762,UTA,0022400038,2024-11-26,UTA vs. SAS,L,115,-13
2024-25,1610612764,WAS,0022400035,2024-11-26,WAS vs. CHI,L,108,-19
2024-25,1610612750,MIN,0022400037,2024-11-26,MIN vs. HOU,L,111,-6
2024-25,1610612759,SAS,0022400038,2024-11-26,SAS @ UTA,W,128,13
2024-25,1610612741,CHI,0022400035,2024-11-26,CHI @ WAS,W,127,19
2024-25,1610612759,SAS,0022400296,2024-11-27,SAS vs. LAL,L,101,-18
2024-25,1610612766,CHA,0022400286,2024-11-27,CHA vs. MIA,L,94,-4
2024-25,1610612758,SAC,0022400294,2024-11-27,SAC @ MIN,W,115,11
2024-25,1610612756,PHX,0022400297,2024-11-27,PHX vs. BKN,L,117,-10
2024-25,1610612742,DAL,0022400292,2024-11-27,DAL vs. NYK,W,129,15
2024-25,1610612741,CHI,0022400289,2024-11-27,CHI @ ORL,L,119,-14
2024-25,1610612757,POR,0022400288,2024-11-27,POR @ IND,L,114,-7
2024-25,1610612745,HOU,0022400290,2024-11-27,HOU @ PHI,W,122,7
2024-25,1610612751,BKN,0022400297,2024-11-27,BKN @ PHX,W,127,10
2024-25,1610612754,IND,0022400288,2024-11-27,IND vs. POR,W,121,7
2024-25,1610612750,MIN,0022400294,2024-11-27,MIN vs. SAC,L,104,-11
2024-25,1610612747,LAL,0022400296,2024-11-27,LAL @ SAS,W,119,18
2024-25,1610612739,CLE,0022400287,2024-11-27,CLE vs. ATL,L,124,-11
2024-25,1610612737,ATL,0022400287,2024-11-27,ATL @ CLE,W,135,11
2024-25,1610612761,TOR,0022400295,2024-11-27,TOR @ NOP,W,119,26
2024-25,1610612753,ORL,0022400289,2024-11-27,ORL vs. CHI,W,133,14
2024-25,1610612752,NYK,0022400292,2024-11-27,NYK @ DAL,L,114,-15
2024-25,1610612762,UTA,0022400298,2024-11-27,UTA vs. DEN,L,103,-19
2024-25,1610612760,OKC,0022400299,2024-11-27,OKC @ GSW,W,105,4
2024-25,1610612755,PHI,0022400290,2024-11-27,PHI vs. HOU,L,115,-7
2024-25,1610612764,WAS,0022400291,2024-11-27,WAS vs. LAC,L,96,-25
2024-25,1610612744,GSW,0022400299,2024-11-27,GSW vs. OKC,L,101,-4
2024-25,1610612740,NOP,0022400295,2024-11-27,NOP vs. TOR,L,93,-26
2024-25,1610612743,DEN,0022400298,2024-11-27,DEN @ UTA,W,122,19
2024-25,1610612765,DET,0022400293,2024-11-27,DET @ MEM,L,111,-20
2024-25,1610612746,LAC,0022400291,2024-11-27,LAC @ WAS,W,121,25
2024-25,1610612763,MEM,0022400293,2024-11-27,MEM vs. DET,W,131,20
2024-25,1610612748,MIA,0022400286,2024-11-27,MIA @ CHA,W,98,4
2024-25,1610612760,OKC,0022400048,2024-11-29,OKC @ LAL,W,101,8
2024-25,1610612761,TOR,0022400046,2024-11-29,TOR @ MIA,L,111,-10
2024-25,1610612746,LAC,0022400044,2024-11-29,LAC @ MIN,L,92,-1
2024-25,1610612753,ORL,0022400043,2024-11-29,ORL @ BKN,W,123,23
2024-25,1610612766,CHA,0022400040,2024-11-29,CHA vs. NYK,L,98,-1
2024-25,1610612751,BKN,0022400043,2024-11-29,BKN vs. ORL,L,100,-23
2024-25,1610612765,DET,0022400045,2024-11-29,DET @ IND,W,130,24
2024-25,1610612758,SAC,0022400049,2024-11-29,SAC @ POR,L,106,-9
2024-25,1610612757,POR,0022400049,2024-11-29,POR vs. SAC,W,115,9
2024-25,1610612739,CLE,0022400041,2024-11-29,CLE @ ATL,L,101,-16
2024-25,1610612741,CHI,0022400047,2024-11-29,CHI vs. BOS,L,129,-9
2024-25,1610612737,ATL,0022400041,2024-11-29,ATL vs. CLE,W,117,16
2024-25,1610612763,MEM,0022400042,2024-11-29,MEM vs. NOP,W,120,11
2024-25,1610612738,BOS,0022400047,2024-11-29,BOS @ CHI,W,138,9
2024-25,1610612750,MIN,0022400044,2024-11-29,MIN vs. LAC,W,93,1
2024-25,1610612747,LAL,0022400048,2024-11-29,LAL vs. OKC,L,93,-8
2024-25,1610612748,MIA,0022400046,2024-11-29,MIA vs. TOR,W,121,10
2024-25,1610612740,NOP,0022400042,2024-11-29,NOP @ MEM,L,109,-11
2024-25,1610612754,IND,0022400045,2024-11-29,IND vs. DET,L,106,-24
2024-25,1610612752,NYK,0022400040,2024-11-29,NYK @ CHA,W,99,1
2024-25,1610612764,WAS,0022400302,2024-11-30,WAS @ MIL,L,114,-10
2024-25,1610612765,DET,0022400301,2024-11-30,DET vs. PHI,L,96,-15
2024-25,1610612744,GSW,0022400303,2024-11-30,GSW @ PHX,L,105,-8
2024-25,1610612766,CHA,0022400300,2024-11-30,CHA vs. ATL,L,104,-3
2024-25,1610612762,UTA,0022400304,2024-11-30,UTA vs. DAL,L,94,-12
2024-25,1610612756,PHX,0022400303,2024-11-30,PHX vs. GSW,W,113,8
2024-25,1610612742,DAL,0022400304,2024-11-30,DAL @ UTA,W,106,12
2024-25,1610612749,MIL,0022400302,2024-11-30,MIL vs. WAS,W,124,10
2024-25,1610612755,PHI,0022400301,2024-11-30,PHI @ DET,W,111,15
2024-25,1610612737,ATL,0022400300,2024-11-30,ATL @ CHA,W,107,3
2024-25,1610612762,UTA,0022400311,2024-12-01,UTA vs. LAL,L,104,-1
2024-25,1610612761,TOR,0022400309,2024-12-01,TOR vs. MIA,W,119,3
2024-25,1610612753,ORL,0022400305,2024-12-01,ORL @ BKN,W,100,8
2024-25,1610612740,NOP,0022400308,2024-12-01,NOP @ NYK,L,85,-33
2024-25,1610612751,BKN,0022400305,2024-12-01,BKN vs. ORL,L,92,-8
2024-25,1610612763,MEM,0022400306,2024-12-01,MEM vs. IND,W,136,15
2024-25,1610612742,DAL,0022400312,2024-12-01,DAL @ POR,W,137,6
2024-25,1610612759,SAS,0022400313,2024-12-01,SAS @ SAC,W,127,2
2024-25,1610612758,SAC,0022400313,2024-12-01,SAC vs. SAS,L,125,-2
2024-25,1610612739,CLE,0022400307,2024-12-01,CLE vs. BOS,W,115,4
2024-25,1610612738,BOS,0022400307,2024-12-01,BOS @ CLE,L,111,-4
2024-25,1610612752,NYK,0022400308,2024-12-01,NYK vs. NOP,W,118,33
2024-25,1610612757,POR,0022400312,2024-12-01,POR vs. DAL,L,131,-6
2024-25,1610612746,LAC,0022400314,2024-12-01,LAC vs. DEN,W,126,4
2024-25,1610612760,OKC,0022400310,2024-12-01,OKC @ HOU,L,116,-3
2024-25,1610612743,DEN,0022400314,2024-12-01,DEN @ LAC,L,122,-4
2024-25,1610612745,HOU,0022400310,2024-12-01,HOU vs. OKC,W,119,3
2024-25,1610612748,MIA,0022400309,2024-12-01,MIA @ TOR,L,116,-3
2024-25,1610612747,LAL,0022400311,2024-12-01,LAL @ UTA,W,105,1
2024-25,1610612754,IND,0022400306,2024-12-01,IND @ MEM,L,121,-15
2024-25,1610612750,MIN,0022400318,2024-12-02,MIN vs. LAL,W,109,29
2024-25,1610612738,BOS,0022400316,2024-12-02,BOS vs. MIA,W,108,19
2024-25,1610612747,LAL,0022400318,2024-12-02,LAL @ MIN,L,80,-29
2024-25,1610612741,CHI,0022400317,2024-12-02,CHI vs. BKN,W,128,26
2024-25,1610612740,NOP,0022400315,2024-12-02,NOP @ ATL,L,112,-12
2024-25,1610612748,MIA,0022400316,2024-12-02,MIA @ BOS,L,89,-19
2024-25,1610612737,ATL,0022400315,2024-12-02,ATL vs. NOP,W,124,12
2024-25,1610612751,BKN,0022400317,2024-12-02,BKN @ CHI,L,102,-26
2024-25,1610612765,DET,0022400052,2024-12-03,DET vs. MIL,L,107,-21
2024-25,1610612753,ORL,0022400053,2024-12-03,ORL @ NYK,L,106,-15
2024-25,1610612752,NYK,0022400053,2024-12-03,NYK vs. ORL,W,121,15
2024-25,1610612761,TOR,0022400054,2024-12-03,TOR vs. IND,W,122,11
2024-25,1610612766,CHA,0022400050,2024-12-03,CHA vs. PHI,L,104,-6
2024-25,1610612759,SAS,0022400057,2024-12-03,SAS @ PHX,L,93,-11
2024-25,1610612746,LAC,0022400060,2024-12-03,LAC vs. POR,W,127,22
2024-25,1610612745,HOU,0022400059,2024-12-03,HOU @ SAC,L,111,-9
2024-25,1610612756,PHX,0022400057,2024-12-03,PHX vs. SAS,W,104,11
2024-25,1610612764,WAS,0022400051,2024-12-03,WAS @ CLE,L,87,-31
2024-25,1610612763,MEM,0022400056,2024-12-03,MEM @ DAL,L,116,-5
2024-25,1610612744,GSW,0022400058,2024-12-03,GSW @ DEN,L,115,-4
2024-25,1610612743,DEN,0022400058,2024-12-03,DEN vs. GSW,W,119,4
2024-25,1610612758,SAC,0022400059,2024-12-03,SAC vs. HOU,W,120,9
2024-25,1610612757,POR,0022400060,2024-12-03,POR @ LAC,L,105,-22
2024-25,1610612762,UTA,0022400055,2024-12-03,UTA @ OKC,L,106,-27
2024-25,1610612754,IND,0022400054,2024-12-03,IND @ TOR,L,111,-11
2024-25,1610612760,OKC,0022400055,2024-12-03,OKC vs. UTA,W,133,27
2024-25,1610612742,DAL,0022400056,2024-12-03,DAL vs. MEM,W,121,5
2024-25,1610612739,CLE,0022400051,2024-12-03,CLE vs. WAS,W,118,31
2024-25,1610612749,MIL,0022400052,2024-12-03,MIL @ DET,W,128,21
2024-25,1610612755,PHI,0022400050,2024-12-03,PHI @ CHA,W,110,6
2024-25,1610612748,MIA,0022400321,2024-12-04,MIA vs. LAL,W,134,41
2024-25,1610612747,LAL,0022400321,2024-12-04,LAL @ MIA,L,93,-41
2024-25,1610612737,ATL,0022400323,2024-12-04,ATL @ MIL,W,119,15
2024-25,1610612746,LAC,0022400324,2024-12-04,LAC vs. MIN,L,80,-28
2024-25,1610612754,IND,0022400320,2024-12-04,IND @ BKN,L,90,-9
2024-25,1610612755,PHI,0022400322,2024-12-04,PHI vs. ORL,L,102,-4
2024-25,1610612751,BKN,0022400320,2024-12-04,BKN vs. IND,W,99,9
2024-25,1610612753,ORL,0022400322,2024-12-04,ORL @ PHI,W,106,4
2024-25,1610612749,MIL,0022400323,2024-12-04,MIL vs. ATL,L,104,-15
2024-25,1610612765,DET,0022400319,2024-12-04,DET @ BOS,L,120,-10
2024-25,1610612750,MIN,0022400324,2024-12-04,MIN @ LAC,W,108,28
2024-25,1610612738,BOS,0022400319,2024-12-04,BOS vs. DET,W,130,10
2024-25,1610612766,CHA,0022400327,2024-12-05,CHA @ NYK,L,101,-24
2024-25,1610612740,NOP,0022400330,2024-12-05,NOP vs. PHX,W,126,2
2024-25,1610612763,MEM,0022400329,2024-12-05,MEM vs. SAC,W,115,5
2024-25,1610612741,CHI,0022400331,2024-12-05,CHI @ SAS,W,139,15
2024-25,1610612743,DEN,0022400325,2024-12-05,DEN @ CLE,L,114,-12
2024-25,1610612756,PHX,0022400330,2024-12-05,PHX @ NOP,L,124,-2
2024-25,1610612759,SAS,0022400331,2024-12-05,SAS vs. CHI,L,124,-15
2024-25,1610612764,WAS,0022400326,2024-12-05,WAS vs. DAL,L,101,-36
2024-25,1610612739,CLE,0022400325,2024-12-05,CLE vs. DEN,W,126,12
2024-25,1610612745,HOU,0022400332,2024-12-05,HOU @ GSW,L,93,-6
2024-25,1610612744,GSW,0022400332,2024-12-05,GSW vs. HOU,W,99,6
2024-25,1610612761,TOR,0022400328,2024-12-05,TOR vs. OKC,L,92,-37
2024-25,1610612760,OKC,0022400328,2024-12-05,OKC @ TOR,W,129,37
2024-25,1610612758,SAC,0022400329,2024-12-05,SAC @ MEM,L,110,-5
2024-25,1610612742,DAL,0022400326,2024-12-05,DAL @ WAS,W,137,36
2024-25,1610612752,NYK,0022400327,2024-12-05,NYK vs. CHA,W,125,24
2024-25,1610612737,ATL,0022400334,2024-12-06,ATL vs. LAL,W,134,2
2024-25,1610612738,BOS,0022400335,2024-12-06,BOS vs. MIL,W,111,6
2024-25,1610612744,GSW,0022400338,2024-12-06,GSW vs. MIN,L,90,-17
2024-25,1610612755,PHI,0022400333,2024-12-06,PHI vs. ORL,W,102,8
2024-25,1610612741,CHI,0022400336,2024-12-06,CHI vs. IND,L,123,-9
2024-25,1610612753,ORL,0022400333,2024-12-06,ORL @ PHI,L,94,-8
2024-25,1610612762,UTA,0022400339,2024-12-06,UTA @ POR,W,141,42
2024-25,1610612759,SAS,0022400337,2024-12-06,SAS vs. SAC,L,113,-27
2024-25,1610612758,SAC,0022400337,2024-12-06,SAC @ SAS,W,140,27
2024-25,1610612747,LAL,0022400334,2024-12-06,LAL @ ATL,L,132,-2
2024-25,1610612749,MIL,0022400335,2024-12-06,MIL @ BOS,L,105,-6
2024-25,1610612754,IND,0022400336,2024-12-06,IND @ CHI,W,132,9
2024-25,1610612750,MIN,0022400338,2024-12-06,MIN @ GSW,W,107,17
2024-25,1610612757,POR,0022400339,2024-12-06,POR vs. UTA,L,99,-42
2024-25,1610612756,PHX,0022400346,2024-12-07,PHX @ MIA,L,111,-10
2024-25,1610612765,DET,0022400343,2024-12-07,DET @ NYK,W,120,9
2024-25,1610612748,MIA,0022400346,2024-12-07,MIA vs. PHX,W,121,10
2024-25,1610612763,MEM,0022400345,2024-12-07,MEM @ BOS,W,127,6
2024-25,1610612766,CHA,0022400340,2024-12-07,CHA vs. CLE,L,102,-14
2024-25,1610612760,OKC,0022400342,2024-12-07,OKC @ NOP,W,119,10
2024-25,1610612761,TOR,0022400344,2024-12-07,TOR vs. DAL,L,118,-7
2024-25,1610612764,WAS,0022400341,2024-12-07,WAS vs. DEN,W,122,9
2024-25,1610612740,NOP,0022400342,2024-12-07,NOP vs. OKC,L,109,-10
2024-25,1610612742,DAL,0022400344,2024-12-07,DAL @ TOR,W,125,7
2024-25,1610612738,BOS,0022400345,2024-12-07,BOS vs. MEM,L,121,-6
2024-25,1610612743,DEN,0022400341,2024-12-07,DEN @ WAS,L,113,-9
2024-25,1610612752,NYK,0022400343,2024-12-07,NYK vs. DET,L,111,-9
2024-25,1610612739,CLE,0022400340,2024-12-07,CLE @ CHA,W,116,14
2024-25,1610612757,POR,0022400358,2024-12-08,POR @ LAL,L,98,-9
2024-25,1610612739,CLE,0022400351,2024-12-08,CLE @ MIA,L,113,-9
2024-25,1610612751,BKN,0022400348,2024-12-08,BKN vs. MIL,L,113,-5
2024-25,1610612744,GSW,0022400355,2024-12-08,GSW vs. MIN,W,114,8
2024-25,1610612749,MIL,0022400348,2024-12-08,MIL @ BKN,W,118,5
2024-25,1610612756,PHX,0022400352,2024-12-08,PHX @ ORL,L,110,-5
2024-25,1610612766,CHA,0022400349,2024-12-08,CHA @ IND,W,113,4
2024-25,1610612741,CHI,0022400347,2024-12-08,CHI vs. PHI,L,100,-8
2024-25,1610612753,ORL,0022400352,2024-12-08,ORL vs. PHX,W,115,5
2024-25,1610612747,LAL,0022400358,2024-12-08,LAL vs. POR,W,107,9
2024-25,1610612762,UTA,0022400357,2024-12-08,UTA @ SAC,L,97,-44
2024-25,1610612740,NOP,0022400354,2024-12-08,NOP @ SAS,L,116,-5
2024-25,1610612743,DEN,0022400350,2024-12-08,DEN @ ATL,W,141,30
2024-25,1610612748,MIA,0022400351,2024-12-08,MIA vs. CLE,W,122,9
2024-25,1610612759,SAS,0022400354,2024-12-08,SAS vs. NOP,W,121,5
2024-25,1610612755,PHI,0022400347,2024-12-08,PHI @ CHI,W,108,8
2024-25,1610612737,ATL,0022400350,2024-12-08,ATL vs. DEN,L,111,-30
2024-25,1610612750,MIN,0022400355,2024-12-08,MIN @ GSW,L,106,-8
2024-25,1610612746,LAC,0022400356,2024-12-08,LAC vs. HOU,L,106,-11
2024-25,1610612745,HOU,0022400356,2024-12-08,HOU @ LAC,W,117,11
2024-25,1610612758,SAC,0022400357,2024-12-08,SAC vs. UTA,W,141,44
2024-25,1610612764,WAS,0022400353,2024-12-08,WAS vs. MEM,L,112,-28
2024-25,1610612763,MEM,0022400353,2024-12-08,MEM @ WAS,W,140,28
2024-25,1610612754,IND,0022400349,2024-12-08,IND vs. CHA,L,109,-4
2024-25,1610612761,TOR,0022400359,2024-12-09,TOR vs. NYK,L,108,-5
2024-25,1610612752,NYK,0022400359,2024-12-09,NYK @ TOR,W,113,5
2024-25,1610612753,ORL,0022401201,2024-12-10,ORL @ MIL,L,109,-5
2024-25,1610612749,MIL,0022401201,2024-12-10,MIL vs. ORL,W,114,5
2024-25,1610612760,OKC,0022401203,2024-12-10,OKC vs. DAL,W,118,14
2024-25,1610612742,DAL,0022401203,2024-12-10,DAL @ OKC,L,104,-14
2024-25,1610612737,ATL,0022401202,2024-12-11,ATL @ NYK,W,108,8
2024-25,1610612752,NYK,0022401202,2024-12-11,NYK vs. ATL,L,100,-8
2024-25,1610612745,HOU,0022401204,2024-12-11,HOU vs. GSW,W,91,1
2024-25,1610612744,GSW,0022401204,2024-12-11,GSW @ HOU,L,90,-1
2024-25,1610612761,TOR,0022401206,2024-12-12,TOR @ MIA,L,104,-10
2024-25,1610612740,NOP,0022401207,2024-12-12,NOP vs. SAC,L,109,-2
2024-25,1610612765,DET,0022401205,2024-12-12,DET @ BOS,L,99,-24
2024-25,1610612758,SAC,0022401207,2024-12-12,SAC @ NOP,W,111,2
2024-25,1610612748,MIA,0022401206,2024-12-12,MIA vs. TOR,W,114,10
2024-25,1610612738,BOS,0022401205,2024-12-12,BOS vs. DET,W,123,24
2024-25,1610612750,MIN,0022401210,2024-12-13,MIN vs. LAL,W,97,10
2024-25,1610612747,LAL,0022401210,2024-12-13,LAL @ MIN,L,87,-10
2024-25,1610612763,MEM,0022401211,2024-12-13,MEM vs. BKN,W,135,16
2024-25,1610612755,PHI,0022401209,2024-12-13,PHI vs. IND,L,107,-14
2024-25,1610612754,IND,0022401209,2024-12-13,IND @ PHI,W,121,14
2024-25,1610612762,UTA,0022401214,2024-12-13,UTA vs. PHX,L,126,-8
2024-25,1610612759,SAS,0022401215,2024-12-13,SAS @ POR,W,118,2
2024-25,1610612757,POR,0022401215,2024-12-13,POR vs. SAS,L,116,-2
2024-25,1610612764,WAS,0022401208,2024-12-13,WAS @ CLE,L,105,-10
2024-25,1610612766,CHA,0022401212,2024-12-13,CHA @ CHI,L,95,-14
2024-25,1610612746,LAC,0022401213,2024-12-13,LAC @ DEN,L,98,-22
2024-25,1610612743,DEN,0022401213,2024-12-13,DEN vs. LAC,W,120,22
2024-25,1610612756,PHX,0022401214,2024-12-13,PHX @ UTA,W,134,8
2024-25,1610612751,BKN,0022401211,2024-12-13,BKN @ MEM,L,119,-16
2024-25,1610612739,CLE,0022401208,2024-12-13,CLE vs. WAS,W,115,10
2024-25,1610612741,CHI,0022401212,2024-12-13,CHI vs. CHA,W,109,14
2024-25,1610612737,ATL,0022401229,2024-12-14,ATL @ MIL,L,102,-8
2024-25,1610612749,MIL,0022401229,2024-12-14,MIL @ ATL,W,110,8
2024-25,1610612760,OKC,0022401230,2024-12-14,OKC @ HOU,W,111,15
2024-25,1610612745,HOU,0022401230,2024-12-14,HOU @ OKC,L,96,-15
2024-25,1610612763,MEM,0022401220,2024-12-15,MEM @ LAL,L,110,-6
2024-25,1610612759,SAS,0022401218,2024-12-15,SAS vs. MIN,L,92,-14
2024-25,1610612753,ORL,0022401227,2024-12-15,ORL vs. NYK,L,91,-9
2024-25,1610612752,NYK,0022401227,2024-12-15,NYK @ ORL,W,100,9
2024-25,1610612740,NOP,0022401216,2024-12-15,NOP @ IND,L,104,-15
2024-25,1610612757,POR,0022401219,2024-12-15,POR @ PHX,L,109,-7
2024-25,1610612756,PHX,0022401219,2024-12-15,PHX vs. POR,W,116,7
2024-25,1610612750,MIN,0022401218,2024-12-15,MIN @ SAS,W,106,14
2024-25,1610612764,WAS,0022401217,2024-12-15,WAS vs. BOS,L,98,-14
2024-25,1610612754,IND,0022401216,2024-12-15,IND vs. NOP,W,119,15
2024-25,1610612744,GSW,0022401228,2024-12-15,GSW vs. DAL,L,133,-10
2024-25,1610612742,DAL,0022401228,2024-12-15,DAL @ GSW,W,143,10
2024-25,1610612747,LAL,0022401220,2024-12-15,LAL vs. MEM,W,116,6
2024-25,1610612738,BOS,0022401217,2024-12-15,BOS @ WAS,W,112,14
2024-25,1610612765,DET,0022401221,2024-12-16,DET vs. MIA,W,125,1
2024-25,1610612739,CLE,0022401224,2024-12-16,CLE @ BKN,W,130,29
2024-25,1610612766,CHA,0022401222,2024-12-16,CHA vs. PHI,L,108,-13
2024-25,1610612743,DEN,0022401225,2024-12-16,DEN @ SAC,W,130,1
2024-25,1610612751,BKN,0022401224,2024-12-16,BKN vs. CLE,L,101,-29
2024-25,1610612761,TOR,0022401223,2024-12-16,TOR vs. CHI,L,121,-1
2024-25,1610612758,SAC,0022401225,2024-12-16,SAC vs. DEN,L,129,-1
2024-25,1610612762,UTA,0022401226,2024-12-16,UTA @ LAC,L,107,-37
2024-25,1610612741,CHI,0022401223,2024-12-16,CHI @ TOR,W,122,1
2024-25,1610612746,LAC,0022401226,2024-12-16,LAC vs. UTA,W,144,37
2024-25,1610612748,MIA,0022401221,2024-12-16,MIA @ DET,L,124,-1
2024-25,1610612755,PHI,0022401222,2024-12-16,PHI @ CHA,W,121,13
2024-25,1610612758,SAC,0022400372,2024-12-19,SAC vs. LAL,L,100,-13
2024-25,1610612752,NYK,0022400367,2024-12-19,NYK @ MIN,W,133,26
2024-25,1610612761,TOR,0022400364,2024-12-19,TOR vs. BKN,L,94,-7
2024-25,1610612750,MIN,0022400367,2024-12-19,MIN vs. NYK,L,107,-26
2024-25,1610612760,OKC,0022400361,2024-12-19,OKC @ ORL,W,105,6
2024-25,1610612756,PHX,0022400369,2024-12-19,PHX vs. IND,L,111,-9
2024-25,1610612754,IND,0022400369,2024-12-19,IND @ PHX,W,120,9
2024-25,1610612743,DEN,0022400371,2024-12-19,DEN @ POR,L,124,-2
2024-25,1610612747,LAL,0022400372,2024-12-19,LAL @ SAC,W,113,13
2024-25,1610612737,ATL,0022400370,2024-12-19,ATL @ SAS,L,126,-7
2024-25,1610612759,SAS,0022400370,2024-12-19,SAS vs. ATL,W,133,7
2024-25,1610612741,CHI,0022400363,2024-12-19,CHI @ BOS,W,117,9
2024-25,1610612745,HOU,0022400365,2024-12-19,HOU vs. NOP,W,133,20
2024-25,1610612738,BOS,0022400363,2024-12-19,BOS vs. CHI,L,108,-9
2024-25,1610612746,LAC,0022400368,2024-12-19,LAC @ DAL,W,118,23
2024-25,1610612757,POR,0022400371,2024-12-19,POR vs. DEN,W,126,2
2024-25,1610612763,MEM,0022400366,2024-12-19,MEM vs. GSW,W,144,51
2024-25,1610612740,NOP,0022400365,2024-12-19,NOP @ HOU,L,113,-20
2024-25,1610612742,DAL,0022400368,2024-12-19,DAL vs. LAC,L,95,-23
2024-25,1610612753,ORL,0022400361,2024-12-19,ORL vs. OKC,L,99,-6
2024-25,1610612751,BKN,0022400364,2024-12-19,BKN @ TOR,W,101,7
2024-25,1610612765,DET,0022400360,2024-12-19,DET vs. UTA,L,119,-7
2024-25,1610612744,GSW,0022400366,2024-12-19,GSW @ MEM,L,93,-51
2024-25,1610612766,CHA,0022400362,2024-12-19,CHA @ WAS,L,114,-9
2024-25,1610612762,UTA,0022400360,2024-12-19,UTA @ DET,W,126,7
2024-25,1610612764,WAS,0022400362,2024-12-19,WAS vs. CHA,W,123,9
2024-25,1610612760,OKC,0022400375,2024-12-20,OKC @ MIA,W,104,7
2024-25,1610612739,CLE,0022400374,2024-12-20,CLE vs. MIL,W,124,23
2024-25,1610612766,CHA,0022400373,2024-12-20,CHA @ PHI,L,98,-10
2024-25,1610612749,MIL,0022400374,2024-12-20,MIL @ CLE,L,101,-23
2024-25,1610612748,MIA,0022400375,2024-12-20,MIA vs. OKC,L,97,-7
2024-25,1610612755,PHI,0022400373,2024-12-20,PHI vs. CHA,W,108,10
2024-25,1610612758,SAC,0022400376,2024-12-21,SAC vs. LAL,L,99,-4
2024-25,1610612753,ORL,0022400377,2024-12-21,ORL vs. MIA,W,121,7
2024-25,1610612764,WAS,0022400382,2024-12-21,WAS @ MIL,L,101,-11
2024-25,1610612744,GSW,0022400383,2024-12-21,GSW @ MIN,W,113,10
2024-25,1610612762,UTA,0022400379,2024-12-21,UTA @ BKN,W,105,11
2024-25,1610612740,NOP,0022400384,2024-12-21,NOP vs. NYK,L,93,-11
2024-25,1610612748,MIA,0022400377,2024-12-21,MIA @ ORL,L,114,-7
2024-25,1610612739,CLE,0022400380,2024-12-21,CLE vs. PHI,W,126,27
2024-25,1610612765,DET,0022400387,2024-12-21,DET @ PHX,W,133,8
2024-25,1610612759,SAS,0022400386,2024-12-21,SAS vs. POR,W,114,20
2024-25,1610612747,LAL,0022400376,2024-12-21,LAL @ SAC,W,103,4
2024-25,1610612757,POR,0022400386,2024-12-21,POR @ SAS,L,94,-20
2024-25,1610612763,MEM,0022400378,2024-12-21,MEM @ ATL,W,128,16
2024-25,1610612741,CHI,0022400381,2024-12-21,CHI vs. BOS,L,98,-25
2024-25,1610612755,PHI,0022400380,2024-12-21,PHI @ CLE,L,99,-27
2024-25,1610612752,NYK,0022400384,2024-12-21,NYK @ NOP,W,104,11
2024-25,1610612738,BOS,0022400381,2024-12-21,BOS @ CHI,W,123,25
2024-25,1610612746,LAC,0022400385,2024-12-21,LAC @ DAL,L,97,-16
2024-25,1610612750,MIN,0022400383,2024-12-21,MIN vs. GSW,L,103,-10
2024-25,1610612742,DAL,0022400385,2024-12-21,DAL vs. LAC,W,113,16
2024-25,1610612751,BKN,0022400379,2024-12-21,BKN vs. UTA,L,94,-11
2024-25,1610612737,ATL,0022400378,2024-12-21,ATL vs. MEM,L,112,-16
2024-25,1610612749,MIL,0022400382,2024-12-21,MIL vs. WAS,W,112,11
2024-25,1610612756,PHX,0022400387,2024-12-21,PHX vs. DET,L,125,-8
2024-25,1610612758,SAC,0022400389,2024-12-22,SAC vs. IND,L,95,-27
2024-25,1610612754,IND,0022400389,2024-12-22,IND @ SAC,W,122,27
2024-25,1610612743,DEN,0022400390,2024-12-22,DEN @ NOP,W,132,3
2024-25,1610612740,NOP,0022400390,2024-12-22,NOP vs. DEN,L,129,-3
2024-25,1610612761,TOR,0022400388,2024-12-22,TOR vs. HOU,L,110,-4
2024-25,1610612745,HOU,0022400388,2024-12-22,HOU @ TOR,W,114,4
2024-25,1610612765,DET,0022400404,2024-12-23,DET @ LAL,W,117,3
2024-25,1610612751,BKN,0022400396,2024-12-23,BKN @ MIA,L,95,-15
2024-25,1610612741,CHI,0022400398,2024-12-23,CHI vs. MIL,L,91,-21
2024-25,1610612737,ATL,0022400395,2024-12-23,ATL vs. MIN,W,117,13
2024-25,1610612748,MIA,0022400396,2024-12-23,MIA vs. BKN,W,110,15
2024-25,1610612761,TOR,0022400397,2024-12-23,TOR @ NYK,L,125,-14
2024-25,1610612738,BOS,0022400393,2024-12-23,BOS @ ORL,L,104,-4
2024-25,1610612744,GSW,0022400403,2024-12-23,GSW vs. IND,L,105,-6
2024-25,1610612759,SAS,0022400394,2024-12-23,SAS @ PHI,L,106,-5
2024-25,1610612743,DEN,0022400402,2024-12-23,DEN vs. PHX,W,117,27
2024-25,1610612742,DAL,0022400401,2024-12-23,DAL vs. POR,W,132,24
2024-25,1610612755,PHI,0022400394,2024-12-23,PHI vs. SAS,W,111,5
2024-25,1610612750,MIN,0022400395,2024-12-23,MIN @ ATL,L,104,-13
2024-25,1610612753,ORL,0022400393,2024-12-23,ORL vs. BOS,W,108,4
2024-25,1610612762,UTA,0022400392,2024-12-23,UTA @ CLE,L,113,-11
2024-25,1610612749,MIL,0022400398,2024-12-23,MIL @ CHI,W,112,21
2024-25,1610612757,POR,0022400401,2024-12-23,POR @ DAL,L,108,-24
2024-25,1610612756,PHX,0022400402,2024-12-23,PHX @ DEN,L,90,-27
2024-25,1610612754,IND,0022400403,2024-12-23,IND @ GSW,W,111,6
2024-25,1610612766,CHA,0022400391,2024-12-23,CHA vs. HOU,L,101,-13
2024-25,1610612763,MEM,0022400399,2024-12-23,MEM vs. LAC,L,110,-4
2024-25,1610612764,WAS,0022400400,2024-12-23,WAS @ OKC,L,105,-18
2024-25,1610612752,NYK,0022400397,2024-12-23,NYK vs. TOR,W,139,14
2024-25,1610612739,CLE,0022400392,2024-12-23,CLE vs. UTA,W,124,11
2024-25,1610612746,LAC,0022400399,2024-12-23,LAC @ MEM,W,114,4
2024-25,1610612760,OKC,0022400400,2024-12-23,OKC vs. WAS,W,123,18
2024-25,1610612747,LAL,0022400404,2024-12-23,LAL vs. DET,L,114,-3
2024-25,1610612745,HOU,0022400391,2024-12-23,HOU @ CHA,W,114,13
2024-25,1610612744,GSW,0022400408,2024-12-25,GSW vs. LAL,L,113,-2
2024-25,1610612742,DAL,0022400406,2024-12-25,DAL vs. MIN,L,99,-6
2024-25,1610612759,SAS,0022400405,2024-12-25,SAS @ NYK,L,114,-3
2024-25,1610612738,BOS,0022400407,2024-12-25,BOS vs. PHI,L,114,-4
2024-25,1610612743,DEN,0022400409,2024-12-25,DEN @ PHX,L,100,-10
2024-25,1610612752,NYK,0022400405,2024-12-25,NYK vs. SAS,W,117,3
2024-25,1610612755,PHI,0022400407,2024-12-25,PHI @ BOS,W,118,4
2024-25,1610612750,MIN,0022400406,2024-12-25,MIN @ DAL,W,105,6
2024-25,1610612756,PHX,0022400409,2024-12-25,PHX vs. DEN,W,110,10
2024-25,1610612747,LAL,0022400408,2024-12-25,LAL @ GSW,W,115,2
2024-25,1610612753,ORL,0022400411,2024-12-26,ORL vs. MIA,L,88,-1
2024-25,1610612751,BKN,0022400415,2024-12-26,BKN @ MIL,W,111,6
2024-25,1610612749,MIL,0022400415,2024-12-26,MIL vs. BKN,L,105,-6
2024-25,1610612748,MIA,0022400411,2024-12-26,MIA @ ORL,W,89,1
2024-25,1610612760,OKC,0022400410,2024-12-26,OKC @ IND,W,120,6
2024-25,1610612762,UTA,0022400417,2024-12-26,UTA @ POR,L,120,-2
2024-25,1610612765,DET,0022400418,2024-12-26,DET @ SAC,W,114,1
2024-25,1610612741,CHI,0022400413,2024-12-26,CHI @ ATL,L,133,-8
2024-25,1610612745,HOU,0022400416,2024-12-26,HOU @ NOP,W,128,17
2024-25,1610612737,ATL,0022400413,2024-12-26,ATL vs. CHI,W,141,8
2024-25,1610612740,NOP,0022400416,2024-12-26,NOP vs. HOU,L,111,-17
2024-25,1610612754,IND,0022400410,2024-12-26,IND vs. OKC,L,114,-6
2024-25,1610612763,MEM,0022400414,2024-12-26,MEM vs. TOR,W,155,29
2024-25,1610612757,POR,0022400417,2024-12-26,POR vs. UTA,W,122,2
2024-25,1610612761,TOR,0022400414,2024-12-26,TOR @ MEM,L,126,-29
2024-25,1610612766,CHA,0022400412,2024-12-26,CHA @ WAS,L,110,-3
2024-25,1610612758,SAC,0022400418,2024-12-26,SAC vs. DET,L,113,-1
2024-25,1610612764,WAS,0022400412,2024-12-26,WAS vs. CHA,W,113,3
2024-25,1610612745,HOU,0022400422,2024-12-27,HOU vs. MIN,L,112,-1
2024-25,1610612759,SAS,0022400421,2024-12-27,SAS @ BKN,W,96,9
2024-25,1610612753,ORL,0022400419,2024-12-27,ORL vs. NYK,L,85,-23
2024-25,1610612752,NYK,0022400419,2024-12-27,NYK @ ORL,W,108,23
2024-25,1610612738,BOS,0022400420,2024-12-27,BOS vs. IND,W,142,37
2024-25,1610612742,DAL,0022400425,2024-12-27,DAL @ PHX,W,98,9
2024-25,1610612751,BKN,0022400421,2024-12-27,BKN vs. SAS,L,87,-9
2024-25,1610612754,IND,0022400420,2024-12-27,IND @ BOS,L,105,-37
2024-25,1610612743,DEN,0022400424,2024-12-27,DEN vs. CLE,L,135,-14
2024-25,1610612763,MEM,0022400423,2024-12-27,MEM @ NOP,W,132,8
2024-25,1610612756,PHX,0022400425,2024-12-27,PHX vs. DAL,L,89,-9
2024-25,1610612739,CLE,0022400424,2024-12-27,CLE @ DEN,W,149,14
2024-25,1610612746,LAC,0022400426,2024-12-27,LAC vs. GSW,W,102,10
2024-25,1610612750,MIN,0022400422,2024-12-27,MIN @ HOU,W,113,1
2024-25,1610612744,GSW,0022400426,2024-12-27,GSW @ LAC,L,92,-10
2024-25,1610612740,NOP,0022400423,2024-12-27,NOP vs. MEM,L,124,-8
2024-25,1610612758,SAC,0022400435,2024-12-28,SAC @ LAL,L,122,-10
2024-25,1610612737,ATL,0022400427,2024-12-28,ATL vs. MIA,W,120,10
2024-25,1610612741,CHI,0022400430,2024-12-28,CHI vs. MIL,W,116,5
2024-25,1610612764,WAS,0022400429,2024-12-28,WAS vs. NYK,L,132,-4
2024-25,1610612762,UTA,0022400433,2024-12-28,UTA vs. PHI,L,111,-3
2024-25,1610612744,GSW,0022400431,2024-12-28,GSW vs. PHX,W,109,4
2024-25,1610612742,DAL,0022400434,2024-12-28,DAL @ POR,L,122,-4
2024-25,1610612747,LAL,0022400435,2024-12-28,LAL vs. SAC,W,132,10
2024-25,1610612748,MIA,0022400427,2024-12-28,MIA @ ATL,L,110,-10
2024-25,1610612749,MIL,0022400430,2024-12-28,MIL @ CHI,L,111,-5
2024-25,1610612757,POR,0022400434,2024-12-28,POR vs. DAL,W,126,4
2024-25,1610612765,DET,0022400432,2024-12-28,DET @ DEN,L,121,-13
2024-25,1610612756,PHX,0022400431,2024-12-28,PHX @ GSW,L,105,-4
2024-25,1610612766,CHA,0022400428,2024-12-28,CHA vs. OKC,L,94,-12
2024-25,1610612755,PHI,0022400433,2024-12-28,PHI @ UTA,W,114,3
2024-25,1610612752,NYK,0022400429,2024-12-28,NYK @ WAS,W,136,4
2024-25,1610612743,DEN,0022400432,2024-12-28,DEN vs. DET,W,134,13
2024-25,1610612760,OKC,0022400428,2024-12-28,OKC @ CHA,W,106,12
2024-25,1610612745,HOU,0022400439,2024-12-29,HOU vs. MIA,L,100,-4
2024-25,1610612759,SAS,0022400441,2024-12-29,SAS @ MIN,L,110,-2
2024-25,1610612753,ORL,0022400436,2024-12-29,ORL vs. BKN,W,102,1
2024-25,1610612751,BKN,0022400436,2024-12-29,BKN @ ORL,L,101,-1
2024-25,1610612738,BOS,0022400437,2024-12-29,BOS vs. IND,L,114,-9
2024-25,1610612750,MIN,0022400441,2024-12-29,MIN vs. SAS,W,112,2
2024-25,1610612761,TOR,0022400438,2024-12-29,TOR vs. ATL,L,107,-29
2024-25,1610612754,IND,0022400437,2024-12-29,IND @ BOS,W,123,9
2024-25,1610612748,MIA,0022400439,2024-12-29,MIA @ HOU,W,104,4
2024-25,1610612763,MEM,0022400440,2024-12-29,MEM @ OKC,L,106,-24
2024-25,1610612737,ATL,0022400438,2024-12-29,ATL @ TOR,W,136,29
2024-25,1610612760,OKC,0022400440,2024-12-29,OKC vs. MEM,W,130,24
2024-25,1610612764,WAS,0022400443,2024-12-30,WAS vs. NYK,L,106,-20
2024-25,1610612757,POR,0022400447,2024-12-30,POR vs. PHI,L,103,-22
2024-25,1610612755,PHI,0022400447,2024-12-30,PHI @ POR,W,125,22
2024-25,1610612742,DAL,0022400448,2024-12-30,DAL @ SAC,L,100,-10
2024-25,1610612744,GSW,0022400446,2024-12-30,GSW vs. CLE,L,95,-18
2024-25,1610612746,LAC,0022400444,2024-12-30,LAC @ NOP,W,116,3
2024-25,1610612766,CHA,0022400442,2024-12-30,CHA vs. CHI,L,108,-7
2024-25,1610612758,SAC,0022400448,2024-12-30,SAC vs. DAL,W,110,10
2024-25,1610612762,UTA,0022400445,2024-12-30,UTA vs. DEN,L,121,-11
2024-25,1610612739,CLE,0022400446,2024-12-30,CLE @ GSW,W,113,18
2024-25,1610612740,NOP,0022400444,2024-12-30,NOP vs. LAC,L,113,-3
2024-25,1610612743,DEN,0022400445,2024-12-30,DEN @ UTA,W,132,11
2024-25,1610612752,NYK,0022400443,2024-12-30,NYK @ WAS,W,126,20
2024-25,1610612741,CHI,0022400442,2024-12-30,CHI @ CHA,W,115,7
2024-25,1610612739,CLE,0022400454,2024-12-31,CLE @ LAL,W,122,12
2024-25,1610612754,IND,0022400450,2024-12-31,IND vs. MIL,L,112,-8
2024-25,1610612760,OKC,0022400452,2024-12-31,OKC vs. MIN,W,113,8
2024-25,1610612749,MIL,0022400450,2024-12-31,MIL @ IND,W,120,8
2024-25,1610612763,MEM,0022400453,2024-12-31,MEM @ PHX,W,117,5
2024-25,1610612746,LAC,0022400451,2024-12-31,LAC @ SAS,L,86,-36
2024-25,1610612761,TOR,0022400449,2024-12-31,TOR @ BOS,L,71,-54
2024-25,1610612747,LAL,0022400454,2024-12-31,LAL vs. CLE,L,110,-12
2024-25,1610612759,SAS,0022400451,2024-12-31,SAS vs. LAC,W,122,36
2024-25,1610612750,MIN,0022400452,2024-12-31,MIN @ OKC,L,105,-8
2024-25,1610612738,BOS,0022400449,2024-12-31,BOS vs. TOR,W,125,54
2024-25,1610612756,PHX,0022400453,2024-12-31,PHX vs. MEM,L,112,-5
2024-25,1610612740,NOP,0022400457,2025-01-01,NOP @ MIA,L,108,-11
2024-25,1610612761,TOR,0022400459,2025-01-01,TOR vs. BKN,W,130,17
2024-25,1610612762,UTA,0022400458,2025-01-01,UTA @ NYK,L,103,-16
2024-25,1610612765,DET,0022400455,2025-01-01,DET vs. ORL,W,105,9
2024-25,1610612758,SAC,0022400462,2025-01-01,SAC vs. PHI,W,113,6
2024-25,1610612755,PHI,0022400462,2025-01-01,PHI @ SAC,L,107,-6
2024-25,1610612743,DEN,0022400461,2025-01-01,DEN vs. ATL,W,139,19
2024-25,1610612748,MIA,0022400457,2025-01-01,MIA vs. NOP,W,119,11
2024-25,1610612764,WAS,0022400456,2025-01-01,WAS vs. CHI,W,125,18
2024-25,1610612745,HOU,0022400460,2025-01-01,HOU vs. DAL,W,110,11
2024-25,1610612737,ATL,0022400461,2025-01-01,ATL @ DEN,L,120,-19
2024-25,1610612742,DAL,0022400460,2025-01-01,DAL @ HOU,L,99,-11
2024-25,1610612751,BKN,0022400459,2025-01-01,BKN @ TOR,L,113,-17
2024-25,1610612752,NYK,0022400458,2025-01-01,NYK vs. UTA,W,119,16
2024-25,1610612741,CHI,0022400456,2025-01-01,CHI @ WAS,L,107,-18
2024-25,1610612753,ORL,0022400455,2025-01-01,ORL @ DET,L,96,-9
2024-25,1610612757,POR,0022400468,2025-01-02,POR @ LAL,L,106,-8
2024-25,1610612754,IND,0022400463,2025-01-02,IND @ MIA,W,128,13
2024-25,1610612751,BKN,0022400465,2025-01-02,BKN @ MIL,W,113,3
2024-25,1610612738,BOS,0022400464,2025-01-02,BOS @ MIN,W,118,3
2024-25,1610612749,MIL,0022400465,2025-01-02,MIL vs. BKN,L,110,-3
2024-25,1610612748,MIA,0022400463,2025-01-02,MIA vs. IND,L,115,-13
2024-25,1610612744,GSW,0022400467,2025-01-02,GSW vs. PHI,W,139,34
2024-25,1610612747,LAL,0022400468,2025-01-02,LAL vs. POR,W,114,8
2024-25,1610612750,MIN,0022400464,2025-01-02,MIN vs. BOS,L,115,-3
2024-25,1610612755,PHI,0022400467,2025-01-02,PHI @ GSW,L,105,-34
2024-25,1610612760,OKC,0022400466,2025-01-02,OKC vs. LAC,W,116,18
2024-25,1610612746,LAC,0022400466,2025-01-02,LAC @ OKC,L,98,-18
2024-25,1610612737,ATL,0022400477,2025-01-03,ATL @ LAL,L,102,-17
2024-25,1610612760,OKC,0022400473,2025-01-03,OKC vs. NYK,W,117,10
2024-25,1610612761,TOR,0022400470,2025-01-03,TOR vs. ORL,L,97,-9
2024-25,1610612763,MEM,0022400476,2025-01-03,MEM @ SAC,L,133,-5
2024-25,1610612743,DEN,0022400475,2025-01-03,DEN vs. SAS,L,110,-3
2024-25,1610612747,LAL,0022400477,2025-01-03,LAL vs. ATL,W,119,17
2024-25,1610612745,HOU,0022400471,2025-01-03,HOU vs. BOS,L,86,-23
2024-25,1610612742,DAL,0022400474,2025-01-03,DAL vs. CLE,L,122,-12
2024-25,1610612764,WAS,0022400472,2025-01-03,WAS @ NOP,L,120,-12
2024-25,1610612739,CLE,0022400474,2025-01-03,CLE @ DAL,W,134,12
2024-25,1610612759,SAS,0022400475,2025-01-03,SAS @ DEN,W,113,3
2024-25,1610612738,BOS,0022400471,2025-01-03,BOS @ HOU,W,109,23
2024-25,1610612752,NYK,0022400473,2025-01-03,NYK @ OKC,L,107,-10
2024-25,1610612753,ORL,0022400470,2025-01-03,ORL @ TOR,W,106,9
2024-25,1610612758,SAC,0022400476,2025-01-03,SAC vs. MEM,W,138,5
2024-25,1610612740,NOP,0022400472,2025-01-03,NOP vs. WAS,W,132,12
2024-25,1610612766,CHA,0022400469,2025-01-03,CHA @ DET,L,94,-4
2024-25,1610612765,DET,0022400469,2025-01-03,DET vs. CHA,W,98,4
2024-25,1610612762,UTA,0022400481,2025-01-04,UTA @ MIA,W,136,36
2024-25,1610612757,POR,0022400483,2025-01-04,POR @ MIL,W,105,3
2024-25,1610612765,DET,0022400479,2025-01-04,DET vs. MIN,W,119,14
2024-25,1610612755,PHI,0022400478,2025-01-04,PHI @ BKN,W,123,29
2024-25,1610612741,CHI,0022400482,2025-01-04,CHI vs. NYK,W,139,13
2024-25,1610612756,PHX,0022400480,2025-01-04,PHX @ IND,L,108,-18
2024-25,1610612751,BKN,0022400478,2025-01-04,BKN vs. PHI,L,94,-29
2024-25,1610612754,IND,0022400480,2025-01-04,IND vs. PHX,W,126,18
2024-25,1610612749,MIL,0022400483,2025-01-04,MIL vs. POR,L,102,-3
2024-25,1610612743,DEN,0022400484,2025-01-04,DEN @ SAS,W,122,11
2024-25,1610612746,LAC,0022400486,2025-01-04,LAC vs. ATL,W,131,26
2024-25,1610612752,NYK,0022400482,2025-01-04,NYK @ CHI,L,126,-13
2024-25,1610612759,SAS,0022400484,2025-01-04,SAS vs. DEN,L,111,-11
2024-25,1610612763,MEM,0022400485,2025-01-04,MEM @ GSW,L,113,-8
2024-25,1610612737,ATL,0022400486,2025-01-04,ATL @ LAC,L,105,-26
2024-25,1610612748,MIA,0022400481,2025-01-04,MIA vs. UTA,L,100,-36
2024-25,1610612744,GSW,0022400485,2025-01-04,GSW vs. MEM,W,121,8
2024-25,1610612750,MIN,0022400479,2025-01-04,MIN @ DET,L,105,-14
2024-25,1610612745,HOU,0022400491,2025-01-05,HOU vs. LAL,W,119,4
2024-25,1610612762,UTA,0022400490,2025-01-05,UTA @ ORL,W,105,13
2024-25,1610612744,GSW,0022400492,2025-01-05,GSW vs. SAC,L,99,-30
2024-25,1610612760,OKC,0022400487,2025-01-05,OKC vs. BOS,W,105,13
2024-25,1610612766,CHA,0022400488,2025-01-05,CHA @ CLE,L,105,-10
2024-25,1610612764,WAS,0022400489,2025-01-05,WAS vs. NOP,L,98,-12
2024-25,1610612758,SAC,0022400492,2025-01-05,SAC @ GSW,W,129,30
2024-25,1610612747,LAL,0022400491,2025-01-05,LAL @ HOU,L,115,-4
2024-25,1610612738,BOS,0022400487,2025-01-05,BOS @ OKC,L,92,-13
2024-25,1610612753,ORL,0022400490,2025-01-05,ORL vs. UTA,L,92,-13
2024-25,1610612740,NOP,0022400489,2025-01-05,NOP @ WAS,W,110,12
2024-25,1610612739,CLE,0022400488,2025-01-05,CLE vs. CHA,W,115,10
2024-25,1610612758,SAC,0022400501,2025-01-06,SAC vs. MIA,W,123,5
2024-25,1610612761,TOR,0022400497,2025-01-06,TOR vs. MIL,L,104,-24
2024-25,1610612746,LAC,0022400500,2025-01-06,LAC @ MIN,L,106,-2
2024-25,1610612754,IND,0022400495,2025-01-06,IND @ BKN,W,113,14
2024-25,1610612753,ORL,0022400496,2025-01-06,ORL @ NYK,W,103,9
2024-25,1610612752,NYK,0022400496,2025-01-06,NYK vs. ORL,L,94,-9
2024-25,1610612751,BKN,0022400495,2025-01-06,BKN vs. IND,L,99,-14
2024-25,1610612756,PHX,0022400494,2025-01-06,PHX @ PHI,W,109,10
2024-25,1610612755,PHI,0022400494,2025-01-06,PHI vs. PHX,L,99,-10
2024-25,1610612765,DET,0022400493,2025-01-06,DET vs. POR,W,118,3
2024-25,1610612748,MIA,0022400501,2025-01-06,MIA @ SAC,L,118,-5
2024-25,1610612741,CHI,0022400498,2025-01-06,CHI vs. SAS,W,114,4
2024-25,1610612759,SAS,0022400498,2025-01-06,SAS @ CHI,L,110,-4
2024-25,1610612763,MEM,0022400499,2025-01-06,MEM vs. DAL,W,119,15
2024-25,1610612750,MIN,0022400500,2025-01-06,MIN vs. LAC,W,108,2
2024-25,1610612749,MIL,0022400497,2025-01-06,MIL @ TOR,W,128,24
2024-25,1610612742,DAL,0022400499,2025-01-06,DAL @ MEM,L,104,-15
2024-25,1610612757,POR,0022400493,2025-01-06,POR @ DET,L,115,-3
2024-25,1610612742,DAL,0022400504,2025-01-07,DAL vs. LAL,W,118,21
2024-25,1610612744,GSW,0022400508,2025-01-07,GSW vs. MIA,L,98,-16
2024-25,1610612740,NOP,0022400505,2025-01-07,NOP vs. MIN,L,97,-7
2024-25,1610612766,CHA,0022400502,2025-01-07,CHA vs. PHX,W,115,11
2024-25,1610612762,UTA,0022400506,2025-01-07,UTA vs. ATL,L,121,-3
2024-25,1610612743,DEN,0022400507,2025-01-07,DEN vs. BOS,L,106,-12
2024-25,1610612750,MIN,0022400505,2025-01-07,MIN @ NOP,W,104,7
2024-25,1610612747,LAL,0022400504,2025-01-07,LAL @ DAL,L,97,-21
2024-25,1610612738,BOS,0022400507,2025-01-07,BOS @ DEN,W,118,12
2024-25,1610612748,MIA,0022400508,2025-01-07,MIA @ GSW,W,114,16
2024-25,1610612764,WAS,0022400503,2025-01-07,WAS vs. HOU,L,112,-23
2024-25,1610612737,ATL,0022400506,2025-01-07,ATL @ UTA,W,124,3
2024-25,1610612745,HOU,0022400503,2025-01-07,HOU @ WAS,W,135,23
2024-25,1610612756,PHX,0022400502,2025-01-07,PHX @ CHA,L,104,-11
2024-25,1610612759,SAS,0022400516,2025-01-08,SAS @ MIL,L,105,-16
2024-25,1610612765,DET,0022400513,2025-01-08,DET @ BKN,W,113,15
2024-25,1610612761,TOR,0022400511,2025-01-08,TOR @ NYK,L,98,-14
2024-25,1610612741,CHI,0022400510,2025-01-08,CHI @ IND,L,113,-16
2024-25,1610612764,WAS,0022400512,2025-01-08,WAS @ PHI,L,103,-6
2024-25,1610612740,NOP,0022400514,2025-01-08,NOP vs. POR,L,100,-19
2024-25,1610612749,MIL,0022400516,2025-01-08,MIL vs. SAS,W,121,16
2024-25,1610612760,OKC,0022400509,2025-01-08,OKC @ CLE,L,122,-7
2024-25,1610612757,POR,0022400514,2025-01-08,POR @ NOP,W,119,19
2024-25,1610612754,IND,0022400510,2025-01-08,IND vs. CHI,W,129,16
2024-25,1610612746,LAC,0022400515,2025-01-08,LAC @ DEN,L,103,-23
2024-25,1610612743,DEN,0022400515,2025-01-08,DEN vs. LAC,W,126,23
2024-25,1610612739,CLE,0022400509,2025-01-08,CLE vs. OKC,W,129,7
2024-25,1610612752,NYK,0022400511,2025-01-08,NYK vs. TOR,W,112,14
2024-25,1610612755,PHI,0022400512,2025-01-08,PHI vs. WAS,W,109,6
2024-25,1610612751,BKN,0022400513,2025-01-08,BKN vs. DET,L,98,-15
2024-25,1610612762,UTA,0022400523,2025-01-09,UTA vs. MIA,L,92,-5
2024-25,1610612753,ORL,0022400519,2025-01-09,ORL vs. MIN,L,89,-15
2024-25,1610612750,MIN,0022400519,2025-01-09,MIN @ ORL,W,104,15
2024-25,1610612737,ATL,0022400522,2025-01-09,ATL @ PHX,L,115,-8
2024-25,1610612742,DAL,0022400521,2025-01-09,DAL vs. POR,W,117,6
2024-25,1610612756,PHX,0022400522,2025-01-09,PHX vs. ATL,W,123,8
2024-25,1610612761,TOR,0022400517,2025-01-09,TOR @ CLE,L,126,-6
2024-25,1610612757,POR,0022400521,2025-01-09,POR @ DAL,L,111,-6
2024-25,1610612765,DET,0022400518,2025-01-09,DET vs. GSW,L,104,-3
2024-25,1610612763,MEM,0022400520,2025-01-09,MEM vs. HOU,L,115,-4
2024-25,1610612739,CLE,0022400517,2025-01-09,CLE vs. TOR,W,132,6
2024-25,1610612748,MIA,0022400523,2025-01-09,MIA @ UTA,W,97,5
2024-25,1610612745,HOU,0022400520,2025-01-09,HOU @ MEM,W,119,4
2024-25,1610612744,GSW,0022400518,2025-01-09,GSW @ DET,W,107,3
2024-25,1610612753,ORL,0022400526,2025-01-10,ORL vs. MIL,L,106,-3
2024-25,1610612743,DEN,0022400531,2025-01-10,DEN vs. BKN,W,124,19
2024-25,1610612760,OKC,0022400529,2025-01-10,OKC @ NYK,W,126,25
2024-25,1610612749,MIL,0022400526,2025-01-10,MIL @ ORL,W,109,3
2024-25,1610612744,GSW,0022400525,2025-01-10,GSW @ IND,L,96,-12
2024-25,1610612740,NOP,0022400527,2025-01-10,NOP @ PHI,W,123,8
2024-25,1610612738,BOS,0022400528,2025-01-10,BOS vs. SAC,L,97,-17
2024-25,1610612758,SAC,0022400528,2025-01-10,SAC @ BOS,W,114,17
2024-25,1610612755,PHI,0022400527,2025-01-10,PHI vs. NOP,L,115,-8
2024-25,1610612764,WAS,0022400530,2025-01-10,WAS @ CHI,L,105,-33
2024-25,1610612751,BKN,0022400531,2025-01-10,BKN @ DEN,L,105,-19
2024-25,1610612754,IND,0022400525,2025-01-10,IND vs. GSW,W,108,12
2024-25,1610612752,NYK,0022400529,2025-01-10,NYK vs. OKC,L,101,-25
2024-25,1610612741,CHI,0022400530,2025-01-10,CHI vs. WAS,W,138,33
2024-25,1610612757,POR,0022400536,2025-01-11,POR vs. MIA,L,98,-21
2024-25,1610612763,MEM,0022400535,2025-01-11,MEM @ MIN,W,127,2
2024-25,1610612762,UTA,0022400533,2025-01-11,UTA @ PHX,L,106,-8
2024-25,1610612748,MIA,0022400536,2025-01-11,MIA @ POR,W,119,21
2024-25,1610612765,DET,0022400534,2025-01-11,DET vs. TOR,W,123,9
2024-25,1610612756,PHX,0022400533,2025-01-11,PHX vs. UTA,W,114,8
2024-25,1610612750,MIN,0022400535,2025-01-11,MIN vs. MEM,L,125,-2
2024-25,1610612761,TOR,0022400534,2025-01-11,TOR @ DET,L,114,-9
2024-25,1610612752,NYK,0022400539,2025-01-12,NYK vs. MIL,W,140,34
2024-25,1610612762,UTA,0022400546,2025-01-12,UTA vs. BKN,W,112,1
2024-25,1610612749,MIL,0022400539,2025-01-12,MIL @ NYK,L,106,-34
2024-25,1610612755,PHI,0022400544,2025-01-12,PHI @ ORL,L,99,-5
2024-25,1610612739,CLE,0022400543,2025-01-12,CLE vs. IND,L,93,-15
2024-25,1610612753,ORL,0022400544,2025-01-12,ORL vs. PHI,W,104,5
2024-25,1610612766,CHA,0022400547,2025-01-12,CHA @ PHX,L,113,-7
2024-25,1610612741,CHI,0022400541,2025-01-12,CHI vs. SAC,L,119,-5
2024-25,1610612740,NOP,0022400542,2025-01-12,NOP @ BOS,L,119,-1
2024-25,1610612754,IND,0022400543,2025-01-12,IND @ CLE,W,108,15
2024-25,1610612738,BOS,0022400542,2025-01-12,BOS vs. NOP,W,120,1
2024-25,1610612758,SAC,0022400541,2025-01-12,SAC @ CHI,W,124,5
2024-25,1610612743,DEN,0022400540,2025-01-12,DEN @ DAL,W,112,11
2024-25,1610612742,DAL,0022400540,2025-01-12,DAL vs. DEN,L,101,-11
2024-25,1610612764,WAS,0022400545,2025-01-12,WAS vs. OKC,L,95,-41
2024-25,1610612751,BKN,0022400546,2025-01-12,BKN @ UTA,L,111,-1
2024-25,1610612760,OKC,0022400545,2025-01-12,OKC @ WAS,W,136,41
2024-25,1610612756,PHX,0022400547,2025-01-12,PHX vs. CHA,W,120,7
2024-25,1610612759,SAS,0022400552,2025-01-13,SAS @ LAL,W,126,24
2024-25,1610612746,LAC,0022400553,2025-01-13,LAC vs. MIA,W,109,11
2024-25,1610612764,WAS,0022400548,2025-01-13,WAS vs. MIN,L,106,-14
2024-25,1610612765,DET,0022400549,2025-01-13,DET @ NYK,W,124,5
2024-25,1610612747,LAL,0022400552,2025-01-13,LAL vs. SAS,L,102,-24
2024-25,1610612761,TOR,0022400550,2025-01-13,TOR vs. GSW,W,104,3
2024-25,1610612763,MEM,0022400551,2025-01-13,MEM @ HOU,L,118,-2
2024-25,1610612748,MIA,0022400553,2025-01-13,MIA @ LAC,L,98,-11
2024-25,1610612744,GSW,0022400550,2025-01-13,GSW @ TOR,L,101,-3
2024-25,1610612745,HOU,0022400551,2025-01-13,HOU vs. MEM,W,120,2
2024-25,1610612750,MIN,0022400548,2025-01-13,MIN @ WAS,W,120,14
2024-25,1610612752,NYK,0022400549,2025-01-13,NYK vs. DET,L,119,-5
2024-25,1610612758,SAC,0022400558,2025-01-14,SAC @ MIL,L,115,-15
2024-25,1610612757,POR,0022400560,2025-01-14,POR vs. BKN,L,114,-18
2024-25,1610612739,CLE,0022400554,2025-01-14,CLE @ IND,W,127,10
2024-25,1610612760,OKC,0022400555,2025-01-14,OKC @ PHI,W,118,16
2024-25,1610612737,ATL,0022400556,2025-01-14,ATL vs. PHX,W,122,5
2024-25,1610612751,BKN,0022400560,2025-01-14,BKN @ POR,W,132,18
2024-25,1610612749,MIL,0022400558,2025-01-14,MIL vs. SAC,W,130,15
2024-25,1610612756,PHX,0022400556,2025-01-14,PHX @ ATL,L,117,-5
2024-25,1610612754,IND,0022400554,2025-01-14,IND vs. CLE,L,117,-10
2024-25,1610612741,CHI,0022400557,2025-01-14,CHI vs. NOP,L,113,-6
2024-25,1610612740,NOP,0022400557,2025-01-14,NOP @ CHI,W,119,6
2024-25,1610612743,DEN,0022400559,2025-01-14,DEN @ DAL,W,118,19
2024-25,1610612742,DAL,0022400559,2025-01-14,DAL vs. DEN,L,99,-19
2024-25,1610612755,PHI,0022400555,2025-01-14,PHI vs. OKC,L,102,-16
2024-25,1610612748,MIA,0022400570,2025-01-15,MIA @ LAL,L,108,-9
2024-25,1610612747,LAL,0022400570,2025-01-15,LAL vs. MIA,W,117,9
2024-25,1610612753,ORL,0022400564,2025-01-15,ORL @ MIL,L,93,-29
2024-25,1610612744,GSW,0022400565,2025-01-15,GSW @ MIN,W,116,1
2024-25,1610612746,LAC,0022400571,2025-01-15,LAC vs. BKN,W,126,59
2024-25,1610612755,PHI,0022400561,2025-01-15,PHI vs. NYK,L,119,-6
2024-25,1610612749,MIL,0022400564,2025-01-15,MIL vs. ORL,W,122,29
2024-25,1610612752,NYK,0022400561,2025-01-15,NYK @ PHI,W,125,6
2024-25,1610612763,MEM,0022400567,2025-01-15,MEM @ SAS,W,129,14
2024-25,1610612741,CHI,0022400563,2025-01-15,CHI vs. ATL,L,94,-16
2024-25,1610612761,TOR,0022400562,2025-01-15,TOR vs. BOS,W,110,13
2024-25,1610612742,DAL,0022400566,2025-01-15,DAL @ NOP,L,116,-3
2024-25,1610612737,ATL,0022400563,2025-01-15,ATL @ CHI,W,110,16
2024-25,1610612740,NOP,0022400566,2025-01-15,NOP vs. DAL,W,119,3
2024-25,1610612745,HOU,0022400568,2025-01-15,HOU @ DEN,W,128,20
2024-25,1610612750,MIN,0022400565,2025-01-15,MIN vs. GSW,L,115,-1
2024-25,1610612743,DEN,0022400568,2025-01-15,DEN vs. HOU,L,108,-20
2024-25,1610612751,BKN,0022400571,2025-01-15,BKN @ LAC,L,67,-59
2024-25,1610612738,BOS,0022400562,2025-01-15,BOS @ TOR,L,97,-13
2024-25,1610612766,CHA,0022400569,2025-01-15,CHA @ UTA,W,117,5
2024-25,1610612759,SAS,0022400567,2025-01-15,SAS vs. MEM,L,115,-14
2024-25,1610612762,UTA,0022400569,2025-01-15,UTA vs. CHA,L,112,-5
2024-25,1610612765,DET,0022400572,2025-01-16,DET vs. IND,L,100,-11
2024-25,1610612764,WAS,0022400573,2025-01-16,WAS vs. PHX,L,123,-7
2024-25,1610612746,LAC,0022400575,2025-01-16,LAC @ POR,W,118,29
2024-25,1610612745,HOU,0022400576,2025-01-16,HOU @ SAC,L,127,-5
2024-25,1610612760,OKC,0022400574,2025-01-16,OKC vs. CLE,W,134,20
2024-25,1610612758,SAC,0022400576,2025-01-16,SAC vs. HOU,W,132,5
2024-25,1610612757,POR,0022400575,2025-01-16,POR vs. LAC,L,89,-29
2024-25,1610612739,CLE,0022400574,2025-01-16,CLE @ OKC,L,114,-20
2024-25,1610612756,PHX,0022400573,2025-01-16,PHX @ WAS,W,130,7
2024-25,1610612754,IND,0022400572,2025-01-16,IND @ DET,W,111,11
2024-25,1610612751,BKN,0022400585,2025-01-17,BKN @ LAL,L,101,-1
2024-25,1610612743,DEN,0022400579,2025-01-17,DEN @ MIA,W,133,20
2024-25,1610612761,TOR,0022400580,2025-01-17,TOR @ MIL,L,112,-18
2024-25,1610612752,NYK,0022400578,2025-01-17,NYK vs. MIN,L,99,-17
2024-25,1610612747,LAL,0022400585,2025-01-17,LAL vs. BKN,W,102,1
2024-25,1610612750,MIN,0022400578,2025-01-17,MIN @ NYK,W,116,17
2024-25,1610612738,BOS,0022400577,2025-01-17,BOS vs. ORL,W,121,27
2024-25,1610612763,MEM,0022400582,2025-01-17,MEM @ SAS,W,140,28
2024-25,1610612753,ORL,0022400577,2025-01-17,ORL @ BOS,L,94,-27
2024-25,1610612762,UTA,0022400581,2025-01-17,UTA @ NOP,L,123,-13
2024-25,1610612766,CHA,0022400584,2025-01-17,CHA @ CHI,W,125,2
2024-25,1610612760,OKC,0022400583,2025-01-17,OKC @ DAL,L,98,-8
2024-25,1610612748,MIA,0022400579,2025-01-17,MIA vs. DEN,L,113,-20
2024-25,1610612742,DAL,0022400583,2025-01-17,DAL vs. OKC,W,106,8
2024-25,1610612749,MIL,0022400580,2025-01-17,MIL vs. TOR,W,130,18
2024-25,1610612740,NOP,0022400581,2025-01-17,NOP vs. UTA,W,136,13
2024-25,1610612759,SAS,0022400582,2025-01-17,SAS vs. MEM,L,112,-28
2024-25,1610612741,CHI,0022400584,2025-01-17,CHI vs. CHA,L,123,-2
2024-25,1610612739,CLE,0022400590,2025-01-18,CLE @ MIN,W,124,7
2024-25,1610612755,PHI,0022400588,2025-01-18,PHI @ IND,L,102,-13
2024-25,1610612754,IND,0022400588,2025-01-18,IND vs. PHI,W,115,13
2024-25,1610612765,DET,0022400586,2025-01-18,DET vs. PHX,L,121,-4
2024-25,1610612745,HOU,0022400591,2025-01-18,HOU @ POR,W,125,22
2024-25,1610612738,BOS,0022400587,2025-01-18,BOS vs. ATL,L,115,-4
2024-25,1610612737,ATL,0022400587,2025-01-18,ATL @ BOS,W,119,4
2024-25,1610612750,MIN,0022400590,2025-01-18,MIN vs. CLE,L,117,-7
2024-25,1610612764,WAS,0022400589,2025-01-18,WAS @ GSW,L,114,-8
2024-25,1610612757,POR,0022400591,2025-01-18,POR vs. HOU,L,103,-22
2024-25,1610612744,GSW,0022400589,2025-01-18,GSW vs. WAS,W,122,8
2024-25,1610612756,PHX,0022400586,2025-01-18,PHX @ DET,W,125,4
2024-25,1610612746,LAC,0022400596,2025-01-19,LAC vs. LAL,W,116,14
2024-25,1610612759,SAS,0022400592,2025-01-19,SAS @ MIA,L,107,-21
2024-25,1610612755,PHI,0022400594,2025-01-19,PHI @ MIL,L,109,-14
2024-25,1610612760,OKC,0022400595,2025-01-19,OKC vs. BKN,W,127,26
2024-25,1610612743,DEN,0022400593,2025-01-19,DEN @ ORL,W,113,13
2024-25,1610612749,MIL,0022400594,2025-01-19,MIL vs. PHI,W,123,14
2024-25,1610612741,CHI,0022400597,2025-01-19,CHI @ POR,L,102,-11
2024-25,1610612764,WAS,0022400598,2025-01-19,WAS @ SAC,L,100,-23
2024-25,1610612748,MIA,0022400592,2025-01-19,MIA vs. SAS,W,128,21
2024-25,1610612757,POR,0022400597,2025-01-19,POR vs. CHI,W,113,11
2024-25,1610612753,ORL,0022400593,2025-01-19,ORL vs. DEN,L,100,-13
2024-25,1610612747,LAL,0022400596,2025-01-19,LAL @ LAC,L,102,-14
2024-25,1610612751,BKN,0022400595,2025-01-19,BKN @ OKC,L,101,-26
2024-25,1610612758,SAC,0022400598,2025-01-19,SAC vs. WAS,W,123,23
2024-25,1610612763,MEM,0022400601,2025-01-20,MEM vs. MIN,W,108,2
2024-25,1610612737,ATL,0022400602,2025-01-20,ATL @ NYK,L,110,-9
2024-25,1610612739,CLE,0022400603,2025-01-20,CLE vs. PHX,W,118,26
2024-25,1610612752,NYK,0022400602,2025-01-20,NYK vs. ATL,W,119,9
2024-25,1610612744,GSW,0022400604,2025-01-20,GSW vs. BOS,L,85,-40
2024-25,1610612756,PHX,0022400603,2025-01-20,PHX @ CLE,L,92,-26
2024-25,1610612762,UTA,0022400605,2025-01-20,UTA @ NOP,L,119,-4
2024-25,1610612746,LAC,0022400611,2025-01-20,LAC vs. CHI,L,99,-13
2024-25,1610612766,CHA,0022400599,2025-01-20,CHA vs. DAL,W,110,5
2024-25,1610612738,BOS,0022400604,2025-01-20,BOS @ GSW,W,125,40
2024-25,1610612765,DET,0022400600,2025-01-20,DET @ HOU,W,107,11
2024-25,1610612741,CHI,0022400611,2025-01-20,CHI @ LAC,W,112,13
2024-25,1610612740,NOP,0022400605,2025-01-20,NOP vs. UTA,W,123,4
2024-25,1610612750,MIN,0022400601,2025-01-20,MIN @ MEM,L,106,-2
2024-25,1610612745,HOU,0022400600,2025-01-20,HOU vs. DET,L,96,-11
2024-25,1610612742,DAL,0022400599,2025-01-20,DAL @ CHA,L,105,-5
2024-25,1610612764,WAS,0022400610,2025-01-21,WAS @ LAL,L,88,-23
2024-25,1610612757,POR,0022400607,2025-01-21,POR @ MIA,W,116,9
2024-25,1610612752,NYK,0022400606,2025-01-21,NYK @ BKN,W,99,4
2024-25,1610612751,BKN,0022400606,2025-01-21,BKN vs. NYK,L,95,-4
2024-25,1610612761,TOR,0022400608,2025-01-21,TOR vs. ORL,W,109,16
2024-25,1610612743,DEN,0022400609,2025-01-21,DEN vs. PHI,W,144,35
2024-25,1610612748,MIA,0022400607,2025-01-21,MIA vs. POR,L,107,-9
2024-25,1610612755,PHI,0022400609,2025-01-21,PHI @ DEN,L,109,-35
2024-25,1610612753,ORL,0022400608,2025-01-21,ORL @ TOR,L,93,-16
2024-25,1610612747,LAL,0022400610,2025-01-21,LAL vs. WAS,W,111,23
2024-25,1610612742,DAL,0022400614,2025-01-22,DAL vs. MIN,L,114,-1
2024-25,1610612756,PHX,0022400613,2025-01-22,PHX @ BKN,W,108,24
2024-25,1610612751,BKN,0022400613,2025-01-22,BKN vs. PHX,L,84,-24
2024-25,1610612744,GSW,0022400619,2025-01-22,GSW @ SAC,L,117,-6
2024-25,1610612765,DET,0022400612,2025-01-22,DET @ ATL,W,114,10
2024-25,1610612746,LAC,0022400620,2025-01-22,LAC vs. BOS,L,113,-4
2024-25,1610612745,HOU,0022400615,2025-01-22,HOU vs. CLE,W,109,1
2024-25,1610612750,MIN,0022400614,2025-01-22,MIN @ DAL,W,115,1
2024-25,1610612758,SAC,0022400619,2025-01-22,SAC vs. GSW,W,123,6
2024-25,1610612739,CLE,0022400615,2025-01-22,CLE @ HOU,L,108,-1
2024-25,1610612738,BOS,0022400620,2025-01-22,BOS @ LAC,W,117,4
2024-25,1610612762,UTA,0022400618,2025-01-22,UTA @ OKC,L,114,-9
2024-25,1610612760,OKC,0022400618,2025-01-22,OKC vs. UTA,W,123,9
2024-25,1610612766,CHA,0022400616,2025-01-22,CHA @ MEM,L,120,-12
2024-25,1610612737,ATL,0022400612,2025-01-22,ATL vs. DET,L,104,-10
2024-25,1610612763,MEM,0022400616,2025-01-22,MEM vs. CHA,W,132,12
2024-25,1610612738,BOS,0022400629,2025-01-23,BOS @ LAL,L,96,-21
2024-25,1610612749,MIL,0022400624,2025-01-23,MIL vs. MIA,W,125,29
2024-25,1610612748,MIA,0022400624,2025-01-23,MIA @ MIL,L,96,-29
2024-25,1610612757,POR,0022400622,2025-01-23,POR @ ORL,W,101,22
2024-25,1610612759,SAS,0022400621,2025-01-23,SAS @ IND,W,140,30
2024-25,1610612753,ORL,0022400622,2025-01-23,ORL vs. POR,L,79,-22
2024-25,1610612743,DEN,0022400626,2025-01-23,DEN vs. SAC,W,132,9
2024-25,1610612754,IND,0022400621,2025-01-23,IND @ SAS,L,110,-30
2024-25,1610612761,TOR,0022400623,2025-01-23,TOR @ ATL,W,122,3
2024-25,1610612747,LAL,0022400629,2025-01-23,LAL vs. BOS,W,117,21
2024-25,1610612744,GSW,0022400628,2025-01-23,GSW vs. CHI,W,131,25
2024-25,1610612760,OKC,0022400625,2025-01-23,OKC vs. DAL,L,115,-6
2024-25,1610612758,SAC,0022400626,2025-01-23,SAC @ DEN,L,123,-9
2024-25,1610612741,CHI,0022400628,2025-01-23,CHI @ GSW,L,106,-25
2024-25,1610612764,WAS,0022400983,2025-01-23,WAS @ LAC,L,93,-17
2024-25,1610612742,DAL,0022400625,2025-01-23,DAL @ OKC,W,121,6
2024-25,1610612737,ATL,0022400623,2025-01-23,ATL vs. TOR,L,119,-3
2024-25,1610612746,LAC,0022400983,2025-01-23,LAC vs. WAS,W,110,17
2024-25,1610612739,CLE,0022400631,2025-01-24,CLE @ PHI,L,129,-3
2024-25,1610612766,CHA,0022400630,2025-01-24,CHA vs. POR,L,97,-5
2024-25,1610612755,PHI,0022400631,2025-01-24,PHI vs. CLE,W,132,3
2024-25,1610612763,MEM,0022400632,2025-01-24,MEM vs. NOP,W,139,13
2024-25,1610612740,NOP,0022400632,2025-01-24,NOP @ MEM,L,126,-13
2024-25,1610612757,POR,0022400630,2025-01-24,POR @ CHA,W,102,5
2024-25,1610612744,GSW,0022400644,2025-01-25,GSW vs. LAL,L,108,-10
2024-25,1610612751,BKN,0022400636,2025-01-25,BKN vs. MIA,L,97,-9
2024-25,1610612746,LAC,0022400646,2025-01-25,LAC vs. MIL,W,127,10
2024-25,1610612743,DEN,0022400634,2025-01-25,DEN @ MIN,L,104,-29
2024-25,1610612748,MIA,0022400636,2025-01-25,MIA @ BKN,W,106,9
2024-25,1610612758,SAC,0022400641,2025-01-25,SAC @ NYK,L,120,-23
2024-25,1610612765,DET,0022400638,2025-01-25,DET @ ORL,L,113,-8
2024-25,1610612759,SAS,0022400633,2025-01-25,SAS @ IND,L,98,-38
2024-25,1610612741,CHI,0022400642,2025-01-25,CHI vs. PHI,L,97,-12
2024-25,1610612764,WAS,0022400645,2025-01-25,WAS @ PHX,L,109,-10
2024-25,1610612752,NYK,0022400641,2025-01-25,NYK vs. SAC,W,143,23
2024-25,1610612754,IND,0022400633,2025-01-25,IND @ SAS,W,136,38
2024-25,1610612761,TOR,0022400639,2025-01-25,TOR @ ATL,W,117,23
2024-25,1610612742,DAL,0022400635,2025-01-25,DAL vs. BOS,L,107,-15
2024-25,1610612745,HOU,0022400640,2025-01-25,HOU @ CLE,W,135,4
2024-25,1610612766,CHA,0022400637,2025-01-25,CHA vs. NOP,W,123,31
2024-25,1610612755,PHI,0022400642,2025-01-25,PHI @ CHI,W,109,12
2024-25,1610612738,BOS,0022400635,2025-01-25,BOS @ DAL,W,122,15
2024-25,1610612750,MIN,0022400634,2025-01-25,MIN vs. DEN,W,133,29
2024-25,1610612747,LAL,0022400644,2025-01-25,LAL @ GSW,W,118,10
2024-25,1610612739,CLE,0022400640,2025-01-25,CLE vs. HOU,L,131,-4
2024-25,1610612749,MIL,0022400646,2025-01-25,MIL @ LAC,L,117,-10
2024-25,1610612737,ATL,0022400639,2025-01-25,ATL vs. TOR,L,94,-23
2024-25,1610612763,MEM,0022400643,2025-01-25,MEM vs. UTA,W,125,22
2024-25,1610612762,UTA,0022400643,2025-01-25,UTA @ MEM,L,103,-22
2024-25,1610612756,PHX,0022400645,2025-01-25,PHX vs. WAS,W,119,10
2024-25,1610612753,ORL,0022400638,2025-01-25,ORL vs. DET,W,121,8
2024-25,1610612740,NOP,0022400637,2025-01-25,NOP @ CHA,L,92,-31
2024-25,1610612760,OKC,0022400647,2025-01-26,OKC @ POR,W,118,10
2024-25,1610612757,POR,0022400647,2025-01-26,POR vs. OKC,L,108,-10
2024-25,1610612766,CHA,0022400648,2025-01-27,CHA vs. LAL,L,107,-5
2024-25,1610612753,ORL,0022400652,2025-01-27,ORL @ MIA,L,119,-6
2024-25,1610612762,UTA,0022400658,2025-01-27,UTA vs. MIL,L,110,-15
2024-25,1610612737,ATL,0022400656,2025-01-27,ATL @ MIN,L,92,-8
2024-25,1610612758,SAC,0022400651,2025-01-27,SAC @ BKN,W,110,14
2024-25,1610612763,MEM,0022400653,2025-01-27,MEM @ NYK,L,106,-37
2024-25,1610612748,MIA,0022400652,2025-01-27,MIA vs. ORL,W,125,6
2024-25,1610612746,LAC,0022400659,2025-01-27,LAC @ PHX,L,109,-2
2024-25,1610612751,BKN,0022400651,2025-01-27,BKN vs. SAC,L,96,-14
2024-25,1610612750,MIN,0022400656,2025-01-27,MIN vs. ATL,W,100,8
2024-25,1610612745,HOU,0022400650,2025-01-27,HOU @ BOS,W,114,2
2024-25,1610612765,DET,0022400649,2025-01-27,DET @ CLE,L,91,-19
2024-25,1610612761,TOR,0022400654,2025-01-27,TOR vs. NOP,W,113,9
2024-25,1610612743,DEN,0022400655,2025-01-27,DEN @ CHI,L,121,-8
2024-25,1610612764,WAS,0022400657,2025-01-27,WAS @ DAL,L,108,-22
2024-25,1610612741,CHI,0022400655,2025-01-27,CHI vs. DEN,W,129,8
2024-25,1610612738,BOS,0022400650,2025-01-27,BOS vs. HOU,L,112,-2
2024-25,1610612756,PHX,0022400659,2025-01-27,PHX vs. LAC,W,111,2
2024-25,1610612740,NOP,0022400654,2025-01-27,NOP @ TOR,L,104,-9
2024-25,1610612749,MIL,0022400658,2025-01-27,MIL @ UTA,W,125,15
2024-25,1610612752,NYK,0022400653,2025-01-27,NYK vs. MEM,W,143,37
2024-25,1610612742,DAL,0022400657,2025-01-27,DAL vs. WAS,W,130,22
2024-25,1610612739,CLE,0022400649,2025-01-27,CLE vs. DET,W,110,19
2024-25,1610612747,LAL,0022400648,2025-01-27,LAL @ CHA,W,112,5
2024-25,1610612755,PHI,0022400660,2025-01-28,PHI vs. LAL,W,118,14
2024-25,1610612757,POR,0022400662,2025-01-28,POR vs. MIL,W,125,13
2024-25,1610612747,LAL,0022400660,2025-01-28,LAL @ PHI,L,104,-14
2024-25,1610612749,MIL,0022400662,2025-01-28,MIL @ POR,L,112,-13
2024-25,1610612745,HOU,0022400532,2025-01-28,HOU @ ATL,W,100,4
2024-25,1610612762,UTA,0022400661,2025-01-28,UTA @ GSW,L,103,-11
2024-25,1610612737,ATL,0022400532,2025-01-28,ATL vs. HOU,L,96,-4
2024-25,1610612744,GSW,0022400661,2025-01-28,GSW vs. UTA,W,114,11
2024-25,1610612739,CLE,0022400667,2025-01-29,CLE @ MIA,W,126,20
2024-25,1610612756,PHX,0022400672,2025-01-29,PHX vs. MIN,L,113,-8
2024-25,1610612766,CHA,0022400663,2025-01-29,CHA vs. BKN,L,83,-21
2024-25,1610612743,DEN,0022400668,2025-01-29,DEN @ NYK,L,112,-10
2024-25,1610612765,DET,0022400664,2025-01-29,DET @ IND,L,119,-14
2024-25,1610612758,SAC,0022400669,2025-01-29,SAC @ PHI,L,104,-13
2024-25,1610612750,MIN,0022400672,2025-01-29,MIN @ PHX,W,121,8
2024-25,1610612755,PHI,0022400669,2025-01-29,PHI vs. SAC,W,117,13
2024-25,1610612746,LAC,0022400671,2025-01-29,LAC @ SAS,W,128,12
2024-25,1610612741,CHI,0022400666,2025-01-29,CHI @ BOS,L,100,-22
2024-25,1610612748,MIA,0022400667,2025-01-29,MIA vs. CLE,L,106,-20
2024-25,1610612742,DAL,0022400670,2025-01-29,DAL @ NOP,W,137,1
2024-25,1610612738,BOS,0022400666,2025-01-29,BOS vs. CHI,W,122,22
2024-25,1610612740,NOP,0022400670,2025-01-29,NOP vs. DAL,L,136,-1
2024-25,1610612752,NYK,0022400668,2025-01-29,NYK vs. DEN,W,122,10
2024-25,1610612760,OKC,0022400673,2025-01-29,OKC @ GSW,L,109,-7
2024-25,1610612759,SAS,0022400671,2025-01-29,SAS vs. LAC,L,116,-12
2024-25,1610612744,GSW,0022400673,2025-01-29,GSW vs. OKC,W,116,7
2024-25,1610612764,WAS,0022400665,2025-01-29,WAS vs. TOR,L,82,-24
2024-25,1610612761,TOR,0022400665,2025-01-29,TOR @ WAS,W,106,24
2024-25,1610612754,IND,0022400664,2025-01-29,IND vs. DET,W,133,14
2024-25,1610612751,BKN,0022400663,2025-01-29,BKN @ CHA,W,104,21
2024-25,1610612764,WAS,0022400674,2025-01-30,WAS vs. LAL,L,96,-38
2024-25,1610612762,UTA,0022400677,2025-01-30,UTA vs. MIN,L,113,-25
2024-25,1610612757,POR,0022400678,2025-01-30,POR vs. ORL,W,119,29
2024-25,1610612753,ORL,0022400678,2025-01-30,ORL @ POR,L,90,-29
2024-25,1610612739,CLE,0022400675,2025-01-30,CLE vs. ATL,W,137,22
2024-25,1610612737,ATL,0022400675,2025-01-30,ATL @ CLE,L,115,-22
2024-25,1610612763,MEM,0022400676,2025-01-30,MEM vs. HOU,W,120,1
2024-25,1610612750,MIN,0022400677,2025-01-30,MIN @ UTA,W,138,25
2024-25,1610612745,HOU,0022400676,2025-01-30,HOU @ MEM,L,119,-1
2024-25,1610612747,LAL,0022400674,2025-01-30,LAL @ WAS,W,134,38
2024-25,1610612759,SAS,0022400684,2025-01-31,SAS vs. MIL,W,144,26
2024-25,1610612743,DEN,0022400681,2025-01-31,DEN @ PHI,W,137,3
2024-25,1610612744,GSW,0022400685,2025-01-31,GSW vs. PHX,L,105,-25
2024-25,1610612749,MIL,0022400684,2025-01-31,MIL @ SAS,L,118,-26
2024-25,1610612740,NOP,0022400683,2025-01-31,NOP vs. BOS,L,116,-2
2024-25,1610612738,BOS,0022400683,2025-01-31,BOS @ NOP,W,118,2
2024-25,1610612761,TOR,0022400682,2025-01-31,TOR vs. CHI,L,106,-16
2024-25,1610612765,DET,0022400680,2025-01-31,DET vs. DAL,W,117,15
2024-25,1610612755,PHI,0022400681,2025-01-31,PHI vs. DEN,L,134,-3
2024-25,1610612756,PHX,0022400685,2025-01-31,PHX @ GSW,W,130,25
2024-25,1610612766,CHA,0022400679,2025-01-31,CHA vs. LAC,L,104,-8
2024-25,1610612741,CHI,0022400682,2025-01-31,CHI @ TOR,W,122,16
2024-25,1610612742,DAL,0022400680,2025-01-31,DAL @ DET,L,102,-15
2024-25,1610612746,LAC,0022400679,2025-01-31,LAC @ CHA,W,112,8
2024-25,1610612752,NYK,0022400692,2025-02-01,NYK vs. LAL,L,112,-16
2024-25,1610612759,SAS,0022400693,2025-02-01,SAS vs. MIA,L,103,-2
2024-25,1610612764,WAS,0022400690,2025-02-01,WAS @ MIN,W,105,2
2024-25,1610612745,HOU,0022400689,2025-02-01,HOU vs. BKN,L,98,-12
2024-25,1610612747,LAL,0022400692,2025-02-01,LAL @ NYK,W,128,16
2024-25,1610612762,UTA,0022400687,2025-02-01,UTA vs. ORL,W,113,14
2024-25,1610612737,ATL,0022400686,2025-02-01,ATL @ IND,L,127,-5
2024-25,1610612757,POR,0022400694,2025-02-01,POR vs. PHX,W,127,19
2024-25,1610612756,PHX,0022400694,2025-02-01,PHX @ POR,L,108,-19
2024-25,1610612760,OKC,0022400691,2025-02-01,OKC vs. SAC,W,144,34
2024-25,1610612748,MIA,0022400693,2025-02-01,MIA @ SAS,W,105,2
2024-25,1610612754,IND,0022400686,2025-02-01,IND vs. ATL,W,132,5
2024-25,1610612766,CHA,0022400688,2025-02-01,CHA vs. DEN,L,104,-3
2024-25,1610612751,BKN,0022400689,2025-02-01,BKN @ HOU,W,110,12
2024-25,1610612758,SAC,0022400691,2025-02-01,SAC @ OKC,L,110,-34
2024-25,1610612753,ORL,0022400687,2025-02-01,ORL @ UTA,L,99,-14
2024-25,1610612750,MIN,0022400690,2025-02-01,MIN vs. WAS,L,103,-2
2024-25,1610612743,DEN,0022400688,2025-02-01,DEN @ CHA,W,107,3
2024-25,1610612763,MEM,0022400699,2025-02-02,MEM @ MIL,W,132,13
2024-25,1610612738,BOS,0022400698,2025-02-02,BOS @ PHI,W,118,8
2024-25,1610612755,PHI,0022400698,2025-02-02,PHI vs. BOS,L,110,-8
2024-25,1610612742,DAL,0022400696,2025-02-02,DAL @ CLE,L,101,-43
2024-25,1610612765,DET,0022400695,2025-02-02,DET vs. CHI,W,127,8
2024-25,1610612739,CLE,0022400696,2025-02-02,CLE vs. DAL,W,144,43
2024-25,1610612761,TOR,0022400697,2025-02-02,TOR vs. LAC,W,115,7
2024-25,1610612746,LAC,0022400697,2025-02-02,LAC @ TOR,L,108,-7
2024-25,1610612749,MIL,0022400699,2025-02-02,MIL vs. MEM,L,119,-13
2024-25,1610612741,CHI,0022400695,2025-02-02,CHI @ DET,L,119,-8
2024-25,1610612760,OKC,0022400705,2025-02-03,OKC vs. MIL,W,125,29
2024-25,1610612758,SAC,0022400704,2025-02-03,SAC @ MIN,W,116,2
2024-25,1610612745,HOU,0022400702,2025-02-03,HOU @ NYK,L,118,-6
2024-25,1610612744,GSW,0022400708,2025-02-03,GSW vs. ORL,W,104,5
2024-25,1610612762,UTA,0022400707,2025-02-03,UTA vs. IND,L,111,-1
2024-25,1610612757,POR,0022400709,2025-02-03,POR vs. PHX,W,121,2
2024-25,1610612756,PHX,0022400709,2025-02-03,PHX @ POR,L,119,-2
2024-25,1610612750,MIN,0022400704,2025-02-03,MIN vs. SAC,L,114,-2
2024-25,1610612763,MEM,0022400703,2025-02-03,MEM vs. SAS,W,128,19
2024-25,1610612765,DET,0022400701,2025-02-03,DET vs. ATL,L,130,-2
2024-25,1610612743,DEN,0022400706,2025-02-03,DEN vs. NOP,W,125,12
2024-25,1610612740,NOP,0022400706,2025-02-03,NOP @ DEN,L,113,-12
2024-25,1610612753,ORL,0022400708,2025-02-03,ORL @ GSW,L,99,-5
2024-25,1610612752,NYK,0022400702,2025-02-03,NYK vs. HOU,W,124,6
2024-25,1610612749,MIL,0022400705,2025-02-03,MIL @ OKC,L,96,-29
2024-25,1610612754,IND,0022400707,2025-02-03,IND @ UTA,W,112,1
2024-25,1610612759,SAS,0022400703,2025-02-03,SAS @ MEM,L,109,-19
2024-25,1610612766,CHA,0022400700,2025-02-03,CHA vs. WAS,L,114,-10
2024-25,1610612737,ATL,0022400701,2025-02-03,ATL @ DET,W,132,2
2024-25,1610612764,WAS,0022400700,2025-02-03,WAS @ CHA,W,124,10
2024-25,1610612746,LAC,0022400715,2025-02-04,LAC vs. LAL,L,97,-25
2024-25,1610612741,CHI,0022400714,2025-02-04,CHI vs. MIA,W,133,9
2024-25,1610612745,HOU,0022400711,2025-02-04,HOU @ BKN,L,97,-2
2024-25,1610612761,TOR,0022400713,2025-02-04,TOR vs. NYK,L,115,-6
2024-25,1610612757,POR,0022400716,2025-02-04,POR vs. IND,W,112,23
2024-25,1610612742,DAL,0022400712,2025-02-04,DAL @ PHI,L,116,-2
2024-25,1610612754,IND,0022400716,2025-02-04,IND @ POR,L,89,-23
2024-25,1610612739,CLE,0022400710,2025-02-04,CLE vs. BOS,L,105,-7
2024-25,1610612738,BOS,0022400710,2025-02-04,BOS @ CLE,W,112,7
2024-25,1610612748,MIA,0022400714,2025-02-04,MIA @ CHI,L,124,-9
2024-25,1610612755,PHI,0022400712,2025-02-04,PHI vs. DAL,W,118,2
2024-25,1610612751,BKN,0022400711,2025-02-04,BKN vs. HOU,W,99,2
2024-25,1610612747,LAL,0022400715,2025-02-04,LAL @ LAC,W,122,25
2024-25,1610612752,NYK,0022400713,2025-02-04,NYK @ TOR,W,121,6
2024-25,1610612755,PHI,0022400721,2025-02-05,PHI vs. MIA,L,101,-7
2024-25,1610612766,CHA,0022400717,2025-02-05,CHA vs. MIL,L,102,-10
2024-25,1610612741,CHI,0022400723,2025-02-05,CHI @ MIN,L,108,-19
2024-25,1610612764,WAS,0022400720,2025-02-05,WAS @ BKN,W,119,17
2024-25,1610612758,SAC,0022400727,2025-02-05,SAC vs. ORL,L,111,-19
2024-25,1610612748,MIA,0022400721,2025-02-05,MIA @ PHI,W,108,7
2024-25,1610612760,OKC,0022400724,2025-02-05,OKC vs. PHX,W,140,31
2024-25,1610612753,ORL,0022400727,2025-02-05,ORL @ SAC,W,130,19
2024-25,1610612737,ATL,0022400719,2025-02-05,ATL vs. SAS,L,125,-1
2024-25,1610612759,SAS,0022400719,2025-02-05,SAS @ ATL,W,126,1
2024-25,1610612765,DET,0022400718,2025-02-05,DET vs. CLE,L,115,-3
2024-25,1610612743,DEN,0022400726,2025-02-05,DEN vs. NOP,W,144,25
2024-25,1610612750,MIN,0022400723,2025-02-05,MIN vs. CHI,W,127,19
2024-25,1610612740,NOP,0022400726,2025-02-05,NOP @ DEN,L,119,-25
2024-25,1610612762,UTA,0022400725,2025-02-05,UTA vs. GSW,W,131,3
2024-25,1610612756,PHX,0022400724,2025-02-05,PHX @ OKC,L,109,-31
2024-25,1610612763,MEM,0022400722,2025-02-05,MEM @ TOR,W,138,31
2024-25,1610612744,GSW,0022400725,2025-02-05,GSW @ UTA,L,128,-3
2024-25,1610612761,TOR,0022400722,2025-02-05,TOR vs. MEM,L,107,-31
2024-25,1610612751,BKN,0022400720,2025-02-05,BKN vs. WAS,L,102,-17
2024-25,1610612739,CLE,0022400718,2025-02-05,CLE @ DET,W,118,3
2024-25,1610612749,MIL,0022400717,2025-02-05,MIL @ CHA,W,112,10
2024-25,1610612744,GSW,0022400731,2025-02-06,GSW @ LAL,L,112,-8
2024-25,1610612745,HOU,0022400729,2025-02-06,HOU @ MIN,L,114,-13
2024-25,1610612743,DEN,0022400730,2025-02-06,DEN vs. ORL,W,112,22
2024-25,1610612746,LAC,0022400733,2025-02-06,LAC vs. IND,L,112,-7
2024-25,1610612758,SAC,0022400732,2025-02-06,SAC @ POR,L,102,-6
2024-25,1610612757,POR,0022400732,2025-02-06,POR vs. SAC,W,108,6
2024-25,1610612742,DAL,0022400728,2025-02-06,DAL @ BOS,W,127,7
2024-25,1610612738,BOS,0022400728,2025-02-06,BOS vs. DAL,L,120,-7
2024-25,1610612753,ORL,0022400730,2025-02-06,ORL @ DEN,L,90,-22
2024-25,1610612747,LAL,0022400731,2025-02-06,LAL vs. GSW,W,120,8
2024-25,1610612750,MIN,0022400729,2025-02-06,MIN vs. HOU,W,127,13
2024-25,1610612754,IND,0022400733,2025-02-06,IND @ LAC,W,119,7
2024-25,1610612751,BKN,0022400737,2025-02-07,BKN vs. MIA,W,102,16
2024-25,1610612737,ATL,0022400736,2025-02-07,ATL vs. MIL,W,115,5
2024-25,1610612748,MIA,0022400737,2025-02-07,MIA @ BKN,L,86,-16
2024-25,1610612765,DET,0022400738,2025-02-07,DET vs. PHI,W,125,13
2024-25,1610612762,UTA,0022400740,2025-02-07,UTA @ PHX,L,127,-8
2024-25,1610612766,CHA,0022400734,2025-02-07,CHA vs. SAS,W,117,1
2024-25,1610612749,MIL,0022400736,2025-02-07,MIL @ ATL,L,110,-5
2024-25,1610612764,WAS,0022400735,2025-02-07,WAS vs. CLE,L,124,-10
2024-25,1610612761,TOR,0022400739,2025-02-07,TOR @ OKC,L,109,-12
2024-25,1610612760,OKC,0022400739,2025-02-07,OKC vs. TOR,W,121,12
2024-25,1610612756,PHX,0022400740,2025-02-07,PHX vs. UTA,W,135,8
2024-25,1610612739,CLE,0022400735,2025-02-07,CLE @ WAS,W,134,10
2024-25,1610612755,PHI,0022400738,2025-02-07,PHI @ DET,L,112,-13
2024-25,1610612759,SAS,0022400734,2025-02-07,SAS @ CHA,L,116,-1
2024-25,1610612754,IND,0022400742,2025-02-08,IND @ LAL,L,117,-7
2024-25,1610612757,POR,0022400747,2025-02-08,POR @ MIN,L,98,-16
2024-25,1610612738,BOS,0022400748,2025-02-08,BOS @ NYK,W,131,27
2024-25,1610612759,SAS,0022400743,2025-02-08,SAS @ ORL,L,111,-1
2024-25,1610612747,LAL,0022400742,2025-02-08,LAL vs. IND,W,124,7
2024-25,1610612743,DEN,0022400749,2025-02-08,DEN @ PHX,W,122,17
2024-25,1610612750,MIN,0022400747,2025-02-08,MIN vs. POR,W,114,16
2024-25,1610612740,NOP,0022400750,2025-02-08,NOP @ SAC,L,118,-5
2024-25,1610612753,ORL,0022400743,2025-02-08,ORL vs. SAS,W,112,1
2024-25,1610612764,WAS,0022400744,2025-02-08,WAS vs. ATL,L,111,-14
2024-25,1610612752,NYK,0022400748,2025-02-08,NYK vs. BOS,L,104,-27
2024-25,1610612758,SAC,0022400750,2025-02-08,SAC vs. NOP,W,123,5
2024-25,1610612744,GSW,0022400745,2025-02-08,GSW @ CHI,W,132,21
2024-25,1610612745,HOU,0022400741,2025-02-08,HOU @ DAL,L,105,-11
2024-25,1610612756,PHX,0022400749,2025-02-08,PHX vs. DEN,L,105,-17
2024-25,1610612741,CHI,0022400745,2025-02-08,CHI vs. GSW,L,111,-21
2024-25,1610612742,DAL,0022400741,2025-02-08,DAL vs. HOU,W,116,11
2024-25,1610612762,UTA,0022400751,2025-02-08,UTA @ LAC,L,110,-20
2024-25,1610612763,MEM,0022400746,2025-02-08,MEM vs. OKC,L,112,-13
2024-25,1610612746,LAC,0022400751,2025-02-08,LAC vs. UTA,W,130,20
2024-25,1610612760,OKC,0022400746,2025-02-08,OKC @ MEM,W,125,13
2024-25,1610612737,ATL,0022400744,2025-02-08,ATL @ WAS,W,125,14
2024-25,1610612755,PHI,0022400754,2025-02-09,PHI @ MIL,L,127,-8
2024-25,1610612749,MIL,0022400754,2025-02-09,MIL vs. PHI,W,135,8
2024-25,1610612761,TOR,0022400753,2025-02-09,TOR @ HOU,L,87,-7
2024-25,1610612745,HOU,0022400753,2025-02-09,HOU vs. TOR,W,94,7
2024-25,1610612766,CHA,0022400752,2025-02-09,CHA @ DET,L,102,-10
2024-25,1610612765,DET,0022400752,2025-02-09,DET vs. CHA,W,112,10
2024-25,1610612762,UTA,0022400768,2025-02-10,UTA @ LAL,L,113,-19
2024-25,1610612738,BOS,0022400759,2025-02-10,BOS @ MIA,W,103,18
2024-25,1610612744,GSW,0022400760,2025-02-10,GSW @ MIL,W,125,14
2024-25,1610612739,CLE,0022400755,2025-02-10,CLE vs. MIN,W,128,21
2024-25,1610612766,CHA,0022400758,2025-02-10,CHA @ BKN,L,89,-8
2024-25,1610612737,ATL,0022400756,2025-02-10,ATL @ ORL,W,112,6
2024-25,1610612743,DEN,0022400763,2025-02-10,DEN vs. POR,W,146,29
2024-25,1610612742,DAL,0022400762,2025-02-10,DAL vs. SAC,L,128,-1
2024-25,1610612764,WAS,0022400757,2025-02-10,WAS vs. SAS,L,121,-10
2024-25,1610612753,ORL,0022400756,2025-02-10,ORL vs. ATL,L,106,-6
2024-25,1610612748,MIA,0022400759,2025-02-10,MIA vs. BOS,L,85,-18
2024-25,1610612750,MIN,0022400755,2025-02-10,MIN @ CLE,L,107,-21
2024-25,1610612760,OKC,0022400761,2025-02-10,OKC vs. NOP,W,137,36
2024-25,1610612758,SAC,0022400762,2025-02-10,SAC @ DAL,W,129,1
2024-25,1610612757,POR,0022400763,2025-02-10,POR @ DEN,L,117,-29
2024-25,1610612749,MIL,0022400760,2025-02-10,MIL vs. GSW,L,111,-14
2024-25,1610612740,NOP,0022400761,2025-02-10,NOP @ OKC,L,101,-36
2024-25,1610612747,LAL,0022400768,2025-02-10,LAL vs. UTA,W,132,19
2024-25,1610612759,SAS,0022400757,2025-02-10,SAS @ WAS,W,131,10
2024-25,1610612751,BKN,0022400758,2025-02-10,BKN vs. CHA,W,97,8
2024-25,1610612754,IND,0022400765,2025-02-11,IND vs. NYK,L,115,-13
2024-25,1610612752,NYK,0022400765,2025-02-11,NYK @ IND,W,128,13
2024-25,1610612761,TOR,0022400764,2025-02-11,TOR @ PHI,W,106,3
2024-25,1610612763,MEM,0022400767,2025-02-11,MEM @ PHX,W,119,7
2024-25,1610612765,DET,0022400766,2025-02-11,DET @ CHI,W,132,40
2024-25,1610612755,PHI,0022400764,2025-02-11,PHI vs. TOR,L,103,-3
2024-25,1610612756,PHX,0022400767,2025-02-11,PHX vs. MEM,L,112,-7
2024-25,1610612741,CHI,0022400766,2025-02-11,CHI vs. DET,L,92,-40
2024-25,1610612762,UTA,0022400781,2025-02-12,UTA vs. LAL,W,131,12
2024-25,1610612760,OKC,0022400778,2025-02-12,OKC vs. MIA,W,115,14
2024-25,1610612750,MIN,0022400776,2025-02-12,MIN vs. MIL,L,101,-2
2024-25,1610612749,MIL,0022400776,2025-02-12,MIL @ MIN,W,103,2
2024-25,1610612755,PHI,0022400772,2025-02-12,PHI @ BKN,L,96,-4
2024-25,1610612737,ATL,0022400773,2025-02-12,ATL @ NYK,L,148,-1
2024-25,1610612766,CHA,0022400770,2025-02-12,CHA @ ORL,L,86,-16
2024-25,1610612764,WAS,0022400771,2025-02-12,WAS vs. IND,L,130,-4
2024-25,1610612751,BKN,0022400772,2025-02-12,BKN vs. PHI,W,100,4
2024-25,1610612745,HOU,0022400779,2025-02-12,HOU vs. PHX,W,119,8
2024-25,1610612743,DEN,0022400780,2025-02-12,DEN vs. POR,W,132,11
2024-25,1610612740,NOP,0022400777,2025-02-12,NOP vs. SAC,L,111,-8
2024-25,1610612738,BOS,0022400769,2025-02-12,BOS vs. SAS,W,116,13
2024-25,1610612752,NYK,0022400773,2025-02-12,NYK vs. ATL,W,149,1
2024-25,1610612759,SAS,0022400769,2025-02-12,SAS @ BOS,L,103,-13
2024-25,1610612761,TOR,0022400774,2025-02-12,TOR vs. CLE,L,108,-23
2024-25,1610612758,SAC,0022400777,2025-02-12,SAC @ NOP,W,119,8
2024-25,1610612765,DET,0022400775,2025-02-12,DET @ CHI,W,128,18
2024-25,1610612744,GSW,0022400782,2025-02-12,GSW @ DAL,L,107,-4
2024-25,1610612757,POR,0022400780,2025-02-12,POR @ DEN,L,121,-11
2024-25,1610612742,DAL,0022400782,2025-02-12,DAL vs. GSW,W,111,4
2024-25,1610612756,PHX,0022400779,2025-02-12,PHX @ HOU,L,111,-8
2024-25,1610612763,MEM,0022400783,2025-02-12,MEM @ LAC,L,114,-14
2024-25,1610612748,MIA,0022400778,2025-02-12,MIA @ OKC,L,101,-14
2024-25,1610612739,CLE,0022400774,2025-02-12,CLE @ TOR,W,131,23
2024-25,1610612747,LAL,0022400781,2025-02-12,LAL @ UTA,L,119,-12
2024-25,1610612746,LAC,0022400783,2025-02-12,LAC vs. MEM,W,128,14
2024-25,1610612754,IND,0022400771,2025-02-12,IND @ WAS,W,134,4
2024-25,1610612741,CHI,0022400775,2025-02-12,CHI vs. DET,L,110,-18
2024-25,1610612753,ORL,0022400770,2025-02-12,ORL vs. CHA,W,102,16
2024-25,1610612742,DAL,0022400786,2025-02-13,DAL vs. MIA,W,118,5
2024-25,1610612760,OKC,0022400787,2025-02-13,OKC @ MIN,L,101,-15
2024-25,1610612740,NOP,0022400785,2025-02-13,NOP vs. SAC,W,140,7
2024-25,1610612758,SAC,0022400785,2025-02-13,SAC @ NOP,L,133,-7
2024-25,1610612748,MIA,0022400786,2025-02-13,MIA @ DAL,L,113,-5
2024-25,1610612745,HOU,0022400784,2025-02-13,HOU vs. GSW,L,98,-7
2024-25,1610612744,GSW,0022400784,2025-02-13,GSW @ HOU,W,105,7
2024-25,1610612762,UTA,0022401004,2025-02-13,UTA vs. LAC,L,116,-4
2024-25,1610612750,MIN,0022400787,2025-02-13,MIN vs. OKC,W,116,15
2024-25,1610612746,LAC,0022401004,2025-02-13,LAC @ UTA,W,120,4
2024-25,1610612766,CHA,0022400524,2025-02-19,CHA @ LAL,W,100,3
2024-25,1610612747,LAL,0022400524,2025-02-19,LAL vs. CHA,L,97,-3
2024-25,1610612757,POR,0022400796,2025-02-20,POR vs. LAL,L,102,-8
2024-25,1610612746,LAC,0022400793,2025-02-20,LAC @ MIL,L,110,-6
2024-25,1610612739,CLE,0022400791,2025-02-20,CLE @ BKN,W,110,13
2024-25,1610612741,CHI,0022400792,2025-02-20,CHI @ NYK,L,111,-2
2024-25,1610612737,ATL,0022400790,2025-02-20,ATL vs. ORL,L,108,-6
2024-25,1610612763,MEM,0022400788,2025-02-20,MEM @ IND,L,113,-14
2024-25,1610612738,BOS,0022400789,2025-02-20,BOS @ PHI,W,124,20
2024-25,1610612759,SAS,0022400795,2025-02-20,SAS vs. PHX,W,120,11
2024-25,1610612747,LAL,0022400796,2025-02-20,LAL @ POR,W,110,8
2024-25,1610612756,PHX,0022400795,2025-02-20,PHX @ SAS,L,109,-11
2024-25,1610612753,ORL,0022400790,2025-02-20,ORL @ ATL,W,114,6
2024-25,1610612755,PHI,0022400789,2025-02-20,PHI vs. BOS,L,104,-20
2024-25,1610612751,BKN,0022400791,2025-02-20,BKN vs. CLE,L,97,-13
2024-25,1610612752,NYK,0022400792,2025-02-20,NYK vs. CHI,W,113,2
2024-25,1610612766,CHA,0022400794,2025-02-20,CHA @ DEN,L,115,-14
2024-25,1610612749,MIL,0022400793,2025-02-20,MIL vs. LAC,W,116,6
2024-25,1610612754,IND,0022400788,2025-02-20,IND vs. MEM,W,127,14
2024-25,1610612743,DEN,0022400794,2025-02-20,DEN vs. CHA,W,129,14
2024-25,1610612761,TOR,0022400800,2025-02-21,TOR vs. MIA,L,111,-9
2024-25,1610612764,WAS,0022400799,2025-02-21,WAS vs. MIL,L,101,-3
2024-25,1610612745,HOU,0022400801,2025-02-21,HOU vs. MIN,W,121,6
2024-25,1610612739,CLE,0022400797,2025-02-21,CLE vs. NYK,W,142,37
2024-25,1610612763,MEM,0022400798,2025-02-21,MEM @ ORL,W,105,1
2024-25,1610612744,GSW,0022400805,2025-02-21,GSW @ SAC,W,132,24
2024-25,1610612765,DET,0022400802,2025-02-21,DET @ SAS,W,125,15
2024-25,1610612752,NYK,0022400797,2025-02-21,NYK @ CLE,L,105,-37
2024-25,1610612742,DAL,0022400803,2025-02-21,DAL vs. NOP,W,111,8
2024-25,1610612740,NOP,0022400803,2025-02-21,NOP @ DAL,L,103,-8
2024-25,1610612758,SAC,0022400805,2025-02-21,SAC vs. GSW,L,108,-24
2024-25,1610612750,MIN,0022400801,2025-02-21,MIN @ HOU,L,115,-6
2024-25,1610612762,UTA,0022400804,2025-02-21,UTA vs. OKC,L,107,-23
2024-25,1610612748,MIA,0022400800,2025-02-21,MIA @ TOR,W,120,9
2024-25,1610612760,OKC,0022400804,2025-02-21,OKC @ UTA,W,130,23
2024-25,1610612753,ORL,0022400798,2025-02-21,ORL vs. MEM,L,104,-1
2024-25,1610612749,MIL,0022400799,2025-02-21,MIL @ WAS,W,104,3
2024-25,1610612759,SAS,0022400802,2025-02-21,SAS vs. DET,L,110,-15
2024-25,1610612743,DEN,0022400808,2025-02-22,DEN vs. LAL,L,100,-23
2024-25,1610612755,PHI,0022400807,2025-02-22,PHI vs. BKN,L,103,-2
2024-25,1610612751,BKN,0022400807,2025-02-22,BKN @ PHI,W,105,2
2024-25,1610612741,CHI,0022400806,2025-02-22,CHI vs. PHX,L,117,-4
2024-25,1610612766,CHA,0022400810,2025-02-22,CHA @ POR,L,88,-53
2024-25,1610612756,PHX,0022400806,2025-02-22,PHX @ CHI,W,121,4
2024-25,1610612747,LAL,0022400808,2025-02-22,LAL @ DEN,W,123,23
2024-25,1610612762,UTA,0022400809,2025-02-22,UTA vs. HOU,W,124,9
2024-25,1610612745,HOU,0022400809,2025-02-22,HOU @ UTA,L,115,-9
2024-25,1610612757,POR,0022400810,2025-02-22,POR vs. CHA,W,141,53
2024-25,1610612749,MIL,0022400817,2025-02-23,MIL vs. MIA,W,120,7
2024-25,1610612748,MIA,0022400817,2025-02-23,MIA @ MIL,L,113,-7
2024-25,1610612760,OKC,0022400820,2025-02-23,OKC @ MIN,W,130,7
2024-25,1610612738,BOS,0022400811,2025-02-23,BOS vs. NYK,W,118,13
2024-25,1610612764,WAS,0022400815,2025-02-23,WAS @ ORL,L,90,-20
2024-25,1610612746,LAC,0022400813,2025-02-23,LAC @ IND,L,111,-18
2024-25,1610612761,TOR,0022400816,2025-02-23,TOR vs. PHX,W,127,18
2024-25,1610612740,NOP,0022400818,2025-02-23,NOP vs. SAS,W,114,18
2024-25,1610612765,DET,0022400814,2025-02-23,DET @ ATL,W,148,5
2024-25,1610612752,NYK,0022400811,2025-02-23,NYK @ BOS,L,105,-13
2024-25,1610612763,MEM,0022400819,2025-02-23,MEM @ CLE,L,123,-6
2024-25,1610612759,SAS,0022400818,2025-02-23,SAS @ NOP,L,96,-18
2024-25,1610612744,GSW,0022400812,2025-02-23,GSW vs. DAL,W,126,24
2024-25,1610612742,DAL,0022400812,2025-02-23,DAL @ GSW,L,102,-24
2024-25,1610612754,IND,0022400813,2025-02-23,IND vs. LAC,W,129,18
2024-25,1610612750,MIN,0022400820,2025-02-23,MIN vs. OKC,L,123,-7
2024-25,1610612756,PHX,0022400816,2025-02-23,PHX @ TOR,L,109,-18
2024-25,1610612739,CLE,0022400819,2025-02-23,CLE vs. MEM,W,129,6
2024-25,1610612753,ORL,0022400815,2025-02-23,ORL vs. WAS,W,110,20
2024-25,1610612737,ATL,0022400814,2025-02-23,ATL vs. DET,L,143,-5
2024-25,1610612737,ATL,0022400825,2025-02-24,ATL vs. MIA,W,98,12
2024-25,1610612760,OKC,0022400826,2025-02-24,OKC vs. MIN,L,128,-3
2024-25,1610612764,WAS,0022400824,2025-02-24,WAS vs. BKN,W,107,8
2024-25,1610612743,DEN,0022400822,2025-02-24,DEN @ IND,W,125,9
2024-25,1610612741,CHI,0022400823,2025-02-24,CHI @ PHI,W,142,32
2024-25,1610612762,UTA,0022400827,2025-02-24,UTA vs. POR,L,112,-2
2024-25,1610612766,CHA,0022400828,2025-02-24,CHA @ SAC,L,88,-42
2024-25,1610612748,MIA,0022400825,2025-02-24,MIA @ ATL,L,86,-12
2024-25,1610612755,PHI,0022400823,2025-02-24,PHI vs. CHI,L,110,-32
2024-25,1610612754,IND,0022400822,2025-02-24,IND vs. DEN,L,116,-9
2024-25,1610612765,DET,0022400821,2025-02-24,DET vs. LAC,W,106,9
2024-25,1610612750,MIN,0022400826,2025-02-24,MIN @ OKC,W,131,3
2024-25,1610612757,POR,0022400827,2025-02-24,POR @ UTA,W,114,2
2024-25,1610612751,BKN,0022400824,2025-02-24,BKN @ WAS,L,99,-8
2024-25,1610612746,LAC,0022400821,2025-02-24,LAC @ DET,L,97,-9
2024-25,1610612758,SAC,0022400828,2025-02-24,SAC vs. CHA,W,130,42
2024-25,1610612742,DAL,0022400835,2025-02-25,DAL @ LAL,L,99,-8
2024-25,1610612745,HOU,0022400831,2025-02-25,HOU vs. MIL,W,100,3
2024-25,1610612739,CLE,0022400830,2025-02-25,CLE @ ORL,W,122,40
2024-25,1610612763,MEM,0022400832,2025-02-25,MEM vs. PHX,W,151,3
2024-25,1610612740,NOP,0022400833,2025-02-25,NOP vs. SAS,W,109,6
2024-25,1610612761,TOR,0022400829,2025-02-25,TOR vs. BOS,L,101,-10
2024-25,1610612753,ORL,0022400830,2025-02-25,ORL vs. CLE,L,82,-40
2024-25,1610612759,SAS,0022400833,2025-02-25,SAS @ NOP,L,103,-6
2024-25,1610612747,LAL,0022400835,2025-02-25,LAL vs. DAL,W,107,8
2024-25,1610612766,CHA,0022400834,2025-02-25,CHA @ GSW,L,92,-36
2024-25,1610612749,MIL,0022400831,2025-02-25,MIL @ HOU,L,97,-3
2024-25,1610612738,BOS,0022400829,2025-02-25,BOS @ TOR,W,111,10
2024-25,1610612756,PHX,0022400832,2025-02-25,PHX @ MEM,L,148,-3
2024-25,1610612744,GSW,0022400834,2025-02-25,GSW vs. CHA,W,128,36
2024-25,1610612737,ATL,0022400841,2025-02-26,ATL @ MIA,L,109,-22
2024-25,1610612760,OKC,0022400840,2025-02-26,OKC @ BKN,W,129,8
2024-25,1610612755,PHI,0022400838,2025-02-26,PHI @ NYK,L,105,-5
2024-25,1610612761,TOR,0022400837,2025-02-26,TOR @ IND,L,91,-20
2024-25,1610612752,NYK,0022400838,2025-02-26,NYK vs. PHI,W,110,5
2024-25,1610612764,WAS,0022400839,2025-02-26,WAS vs. POR,L,121,-8
2024-25,1610612762,UTA,0022400843,2025-02-26,UTA vs. SAC,L,101,-17
2024-25,1610612745,HOU,0022400844,2025-02-26,HOU vs. SAS,W,118,12
2024-25,1610612748,MIA,0022400841,2025-02-26,MIA vs. ATL,W,131,22
2024-25,1610612765,DET,0022400836,2025-02-26,DET vs. BOS,W,117,20
2024-25,1610612746,LAC,0022400842,2025-02-26,LAC @ CHI,W,122,5
2024-25,1610612759,SAS,0022400844,2025-02-26,SAS @ HOU,L,106,-12
2024-25,1610612741,CHI,0022400842,2025-02-26,CHI vs. LAC,L,117,-5
2024-25,1610612751,BKN,0022400840,2025-02-26,BKN vs. OKC,L,121,-8
2024-25,1610612754,IND,0022400837,2025-02-26,IND vs. TOR,W,111,20
2024-25,1610612758,SAC,0022400843,2025-02-26,SAC @ UTA,W,118,17
2024-25,1610612757,POR,0022400839,2025-02-26,POR @ WAS,W,129,8
2024-25,1610612738,BOS,0022400836,2025-02-26,BOS @ DET,L,97,-20
2024-25,1610612750,MIN,0022400849,2025-02-27,MIN @ LAL,L,102,-9
2024-25,1610612743,DEN,0022400846,2025-02-27,DEN @ MIL,L,112,-9
2024-25,1610612747,LAL,0022400849,2025-02-27,LAL vs. MIN,W,111,9
2024-25,1610612744,GSW,0022400845,2025-02-27,GSW @ ORL,W,121,6
2024-25,1610612740,NOP,0022400848,2025-02-27,NOP @ PHX,W,124,8
2024-25,1610612756,PHX,0022400848,2025-02-27,PHX vs. NOP,L,116,-8
2024-25,1610612766,CHA,0022400847,2025-02-27,CHA @ DAL,L,96,-7
2024-25,1610612749,MIL,0022400846,2025-02-27,MIL vs. DEN,W,121,9
2024-25,1610612753,ORL,0022400845,2025-02-27,ORL vs. GSW,L,115,-6
2024-25,1610612742,DAL,0022400847,2025-02-27,DAL vs. CHA,W,103,7
2024-25,1610612746,LAC,0022400859,2025-02-28,LAC @ LAL,L,102,-4
2024-25,1610612754,IND,0022400854,2025-02-28,IND @ MIA,L,120,-5
2024-25,1610612762,UTA,0022400858,2025-02-28,UTA vs. MIN,W,117,1
2024-25,1610612757,POR,0022400853,2025-02-28,POR @ BKN,W,121,19
2024-25,1610612763,MEM,0022400856,2025-02-28,MEM vs. NYK,L,113,-1
2024-25,1610612748,MIA,0022400854,2025-02-28,MIA vs. IND,W,125,5
2024-25,1610612740,NOP,0022400857,2025-02-28,NOP @ PHX,L,108,-17
2024-25,1610612751,BKN,0022400853,2025-02-28,BKN vs. POR,L,102,-19
2024-25,1610612760,OKC,0022400851,2025-02-28,OKC @ ATL,W,135,16
2024-25,1610612739,CLE,0022400852,2025-02-28,CLE @ BOS,W,123,7
2024-25,1610612738,BOS,0022400852,2025-02-28,BOS vs. CLE,L,116,-7
2024-25,1610612756,PHX,0022400857,2025-02-28,PHX vs. NOP,W,125,17
2024-25,1610612761,TOR,0022400855,2025-02-28,TOR @ CHI,L,115,-10
2024-25,1610612765,DET,0022400850,2025-02-28,DET vs. DEN,L,119,-15
2024-25,1610612747,LAL,0022400859,2025-02-28,LAL vs. LAC,W,106,4
2024-25,1610612737,ATL,0022400851,2025-02-28,ATL vs. OKC,L,119,-16
2024-25,1610612741,CHI,0022400855,2025-02-28,CHI vs. TOR,W,125,10
2024-25,1610612750,MIN,0022400858,2025-02-28,MIN @ UTA,L,116,-1
2024-25,1610612752,NYK,0022400856,2025-02-28,NYK @ MEM,W,114,1
2024-25,1610612743,DEN,0022400850,2025-02-28,DEN @ DET,W,134,15
2024-25,1610612742,DAL,0022400865,2025-03-01,DAL vs. MIL,L,117,-15
2024-25,1610612765,DET,0022400861,2025-03-01,DET vs. BKN,W,115,21
2024-25,1610612744,GSW,0022400864,2025-03-01,GSW @ PHI,L,119,-7
2024-25,1610612745,HOU,0022400862,2025-03-01,HOU vs. SAC,L,103,-10
2024-25,1610612763,MEM,0022400863,2025-03-01,MEM vs. SAS,L,128,-2
2024-25,1610612749,MIL,0022400865,2025-03-01,MIL @ DAL,W,132,15
2024-25,1610612755,PHI,0022400864,2025-03-01,PHI vs. GSW,W,126,7
2024-25,1610612758,SAC,0022400862,2025-03-01,SAC @ HOU,W,113,10
2024-25,1610612759,SAS,0022400863,2025-03-01,SAS @ MEM,W,130,2
2024-25,1610612766,CHA,0022400860,2025-03-01,CHA vs. WAS,L,100,-13
2024-25,1610612751,BKN,0022400861,2025-03-01,BKN @ DET,L,94,-21
2024-25,1610612764,WAS,0022400860,2025-03-01,WAS @ CHA,W,113,13
2024-25,1610612746,LAC,0022400874,2025-03-02,LAC @ LAL,L,102,-6
2024-25,1610612752,NYK,0022400869,2025-03-02,NYK @ MIA,W,116,4
2024-25,1610612756,PHX,0022400873,2025-03-02,PHX vs. MIN,L,98,-18
2024-25,1610612748,MIA,0022400869,2025-03-02,MIA vs. NYK,L,112,-4
2024-25,1610612761,TOR,0022400870,2025-03-02,TOR @ ORL,W,104,2
2024-25,1610612741,CHI,0022400868,2025-03-02,CHI @ IND,L,112,-15
2024-25,1610612750,MIN,0022400873,2025-03-02,MIN @ PHX,W,116,18
2024-25,1610612739,CLE,0022400867,2025-03-02,CLE vs. POR,W,133,4
2024-25,1610612760,OKC,0022400871,2025-03-02,OKC @ SAS,W,146,14
2024-25,1610612743,DEN,0022400866,2025-03-02,DEN @ BOS,L,103,-7
2024-25,1610612757,POR,0022400867,2025-03-02,POR @ CLE,L,129,-4
2024-25,1610612762,UTA,0022400872,2025-03-02,UTA vs. NOP,L,121,-7
2024-25,1610612754,IND,0022400868,2025-03-02,IND vs. CHI,W,127,15
2024-25,1610612738,BOS,0022400866,2025-03-02,BOS vs. DEN,W,110,7
2024-25,1610612747,LAL,0022400874,2025-03-02,LAL vs. LAC,W,108,6
2024-25,1610612759,SAS,0022400871,2025-03-02,SAS vs. OKC,L,132,-14
2024-25,1610612753,ORL,0022400870,2025-03-02,ORL vs. TOR,L,102,-2
2024-25,1610612740,NOP,0022400872,2025-03-02,NOP @ UTA,W,128,7
2024-25,1610612764,WAS,0022400877,2025-03-03,WAS @ MIA,L,90,-16
2024-25,1610612757,POR,0022400876,2025-03-03,POR @ PHI,W,119,17
2024-25,1610612755,PHI,0022400876,2025-03-03,PHI vs. POR,L,102,-17
2024-25,1610612742,DAL,0022400880,2025-03-03,DAL vs. SAC,L,98,-24
2024-25,1610612763,MEM,0022400878,2025-03-03,MEM vs. ATL,L,130,-2
2024-25,1610612758,SAC,0022400880,2025-03-03,SAC @ DAL,W,122,24
2024-25,1610612766,CHA,0022400875,2025-03-03,CHA vs. GSW,L,101,-18
2024-25,1610612760,OKC,0022400879,2025-03-03,OKC vs. HOU,W,137,9
2024-25,1610612745,HOU,0022400879,2025-03-03,HOU @ OKC,L,128,-9
2024-25,1610612765,DET,0022400881,2025-03-03,DET @ UTA,W,134,28
2024-25,1610612737,ATL,0022400878,2025-03-03,ATL @ MEM,W,132,2
2024-25,1610612748,MIA,0022400877,2025-03-03,MIA vs. WAS,W,106,16
2024-25,1610612762,UTA,0022400881,2025-03-03,UTA vs. DET,L,106,-28
2024-25,1610612744,GSW,0022400875,2025-03-03,GSW @ CHA,W,119,18
2024-25,1610612740,NOP,0022400890,2025-03-04,NOP @ LAL,L,115,-21
2024-25,1610612737,ATL,0022400884,2025-03-04,ATL vs. MIL,L,121,-6
2024-25,1610612755,PHI,0022400887,2025-03-04,PHI @ MIN,L,112,-14
2024-25,1610612759,SAS,0022400888,2025-03-04,SAS vs. BKN,W,127,14
2024-25,1610612744,GSW,0022400885,2025-03-04,GSW @ NYK,W,114,12
2024-25,1610612761,TOR,0022400883,2025-03-04,TOR @ ORL,W,114,1
2024-25,1610612745,HOU,0022400882,2025-03-04,HOU @ IND,L,102,-13
2024-25,1610612750,MIN,0022400887,2025-03-04,MIN vs. PHI,W,126,14
2024-25,1610612746,LAC,0022400889,2025-03-04,LAC @ PHX,L,117,-2
2024-25,1610612751,BKN,0022400888,2025-03-04,BKN @ SAS,L,113,-14
2024-25,1610612749,MIL,0022400884,2025-03-04,MIL @ ATL,W,127,6
2024-25,1610612741,CHI,0022400886,2025-03-04,CHI vs. CLE,L,117,-22
2024-25,1610612747,LAL,0022400890,2025-03-04,LAL vs. NOP,W,136,21
2024-25,1610612739,CLE,0022400886,2025-03-04,CLE @ CHI,W,139,22
2024-25,1610612752,NYK,0022400885,2025-03-04,NYK vs. GSW,L,102,-12
2024-25,1610612754,IND,0022400882,2025-03-04,IND vs. HOU,W,115,13
2024-25,1610612756,PHX,0022400889,2025-03-04,PHX vs. LAC,W,119,2
2024-25,1610612753,ORL,0022400883,2025-03-04,ORL vs. TOR,L,113,-1
2024-25,1610612739,CLE,0022400893,2025-03-05,CLE vs. MIA,W,112,5
2024-25,1610612742,DAL,0022400897,2025-03-05,DAL @ MIL,L,107,-30
2024-25,1610612766,CHA,0022400892,2025-03-05,CHA vs. MIN,L,110,-15
2024-25,1610612738,BOS,0022400891,2025-03-05,BOS vs. POR,W,128,10
2024-25,1610612743,DEN,0022400896,2025-03-05,DEN vs. SAC,W,116,6
2024-25,1610612757,POR,0022400891,2025-03-05,POR @ BOS,L,118,-10
2024-25,1610612748,MIA,0022400893,2025-03-05,MIA @ CLE,L,107,-5
2024-25,1610612749,MIL,0022400897,2025-03-05,MIL vs. DAL,W,137,30
2024-25,1610612758,SAC,0022400896,2025-03-05,SAC @ DEN,L,110,-6
2024-25,1610612765,DET,0022400898,2025-03-05,DET @ LAC,L,115,-8
2024-25,1610612763,MEM,0022400895,2025-03-05,MEM vs. OKC,L,103,-17
2024-25,1610612764,WAS,0022400894,2025-03-05,WAS vs. UTA,W,125,3
2024-25,1610612760,OKC,0022400895,2025-03-05,OKC @ MEM,W,120,17
2024-25,1610612762,UTA,0022400894,2025-03-05,UTA @ WAS,L,122,-3
2024-25,1610612746,LAC,0022400898,2025-03-05,LAC vs. DET,W,123,8
2024-25,1610612750,MIN,0022400892,2025-03-05,MIN @ CHA,W,125,15
2024-25,1610612752,NYK,0022400903,2025-03-06,NYK @ LAL,L,109,-4
2024-25,1610612744,GSW,0022400901,2025-03-06,GSW @ BKN,W,121,2
2024-25,1610612747,LAL,0022400903,2025-03-06,LAL vs. NYK,W,113,4
2024-25,1610612741,CHI,0022400944,2025-03-06,CHI @ ORL,W,125,2
2024-25,1610612737,ATL,0022400899,2025-03-06,ATL vs. IND,W,124,6
2024-25,1610612738,BOS,0022400900,2025-03-06,BOS vs. PHI,W,123,18
2024-25,1610612754,IND,0022400899,2025-03-06,IND @ ATL,L,118,-6
2024-25,1610612755,PHI,0022400900,2025-03-06,PHI @ BOS,L,105,-18
2024-25,1610612745,HOU,0022400902,2025-03-06,HOU @ NOP,W,109,12
2024-25,1610612753,ORL,0022400944,2025-03-06,ORL vs. CHI,L,123,-2
2024-25,1610612751,BKN,0022400901,2025-03-06,BKN vs. GSW,L,119,-2
2024-25,1610612740,NOP,0022400902,2025-03-06,NOP vs. HOU,L,97,-12
2024-25,1610612750,MIN,0022400907,2025-03-07,MIN @ MIA,W,106,2
2024-25,1610612748,MIA,0022400907,2025-03-07,MIA vs. MIN,L,104,-2
2024-25,1610612746,LAC,0022400911,2025-03-07,LAC vs. NYK,W,105,10
2024-25,1610612743,DEN,0022400909,2025-03-07,DEN vs. PHX,W,149,8
2024-25,1610612760,OKC,0022400908,2025-03-07,OKC vs. POR,W,107,18
2024-25,1610612759,SAS,0022400910,2025-03-07,SAS @ SAC,L,109,-18
2024-25,1610612758,SAC,0022400910,2025-03-07,SAC vs. SAS,W,127,18
2024-25,1610612766,CHA,0022400904,2025-03-07,CHA vs. CLE,L,117,-1
2024-25,1610612763,MEM,0022400906,2025-03-07,MEM @ DAL,W,122,11
2024-25,1610612756,PHX,0022400909,2025-03-07,PHX @ DEN,L,141,-8
2024-25,1610612752,NYK,0022400911,2025-03-07,NYK @ LAC,L,95,-10
2024-25,1610612757,POR,0022400908,2025-03-07,POR @ OKC,L,89,-18
2024-25,1610612762,UTA,0022400905,2025-03-07,UTA @ TOR,L,109,-9
2024-25,1610612761,TOR,0022400905,2025-03-07,TOR vs. UTA,W,118,9
2024-25,1610612742,DAL,0022400906,2025-03-07,DAL vs. MEM,L,111,-11
2024-25,1610612739,CLE,0022400904,2025-03-07,CLE @ CHA,W,118,1
2024-25,1610612738,BOS,0022400918,2025-03-08,BOS vs. LAL,W,111,10
2024-25,1610612741,CHI,0022400916,2025-03-08,CHI @ MIA,W,114,5
2024-25,1610612753,ORL,0022400917,2025-03-08,ORL @ MIL,W,111,2
2024-25,1610612766,CHA,0022400912,2025-03-08,CHA vs. BKN,W,105,3
2024-25,1610612749,MIL,0022400917,2025-03-08,MIL vs. ORL,L,109,-2
2024-25,1610612737,ATL,0022400914,2025-03-08,ATL vs. IND,W,120,2
2024-25,1610612754,IND,0022400914,2025-03-08,IND @ ATL,L,118,-2
2024-25,1610612747,LAL,0022400918,2025-03-08,LAL @ BOS,L,101,-10
2024-25,1610612745,HOU,0022400913,2025-03-08,HOU vs. NOP,W,146,29
2024-25,1610612748,MIA,0022400916,2025-03-08,MIA vs. CHI,L,109,-5
2024-25,1610612765,DET,0022400919,2025-03-08,DET @ GSW,L,110,-5
2024-25,1610612740,NOP,0022400913,2025-03-08,NOP @ HOU,L,117,-29
2024-25,1610612764,WAS,0022400915,2025-03-08,WAS @ TOR,W,118,1
2024-25,1610612761,TOR,0022400915,2025-03-08,TOR vs. WAS,L,117,-1
2024-25,1610612744,GSW,0022400919,2025-03-08,GSW vs. DET,W,115,5
2024-25,1610612751,BKN,0022400912,2025-03-08,BKN @ CHA,L,102,-3
2024-25,1610612739,CLE,0022400922,2025-03-09,CLE @ MIL,W,112,12
2024-25,1610612759,SAS,0022400925,2025-03-09,SAS @ MIN,L,124,-17
2024-25,1610612762,UTA,0022400924,2025-03-09,UTA @ PHI,L,122,-4
2024-25,1610612742,DAL,0022400921,2025-03-09,DAL vs. PHX,L,116,-9
2024-25,1610612765,DET,0022400926,2025-03-09,DET @ POR,W,119,7
2024-25,1610612746,LAC,0022400927,2025-03-09,LAC vs. SAC,W,111,1
2024-25,1610612750,MIN,0022400925,2025-03-09,MIN vs. SAS,W,141,17
2024-25,1610612749,MIL,0022400922,2025-03-09,MIL vs. CLE,L,100,-12
2024-25,1610612763,MEM,0022400923,2025-03-09,MEM @ NOP,W,107,3
2024-25,1610612756,PHX,0022400921,2025-03-09,PHX @ DAL,W,125,9
2024-25,1610612760,OKC,0022400920,2025-03-09,OKC vs. DEN,W,127,24
2024-25,1610612758,SAC,0022400927,2025-03-09,SAC @ LAC,L,110,-1
2024-25,1610612743,DEN,0022400920,2025-03-09,DEN @ OKC,L,103,-24
2024-25,1610612755,PHI,0022400924,2025-03-09,PHI vs. UTA,W,126,4
2024-25,1610612740,NOP,0022400923,2025-03-09,NOP vs. MEM,L,104,-3
2024-25,1610612757,POR,0022400926,2025-03-09,POR vs. DET,L,112,-7
2024-25,1610612751,BKN,0022400930,2025-03-10,BKN vs. LAL,W,111,3
2024-25,1610612766,CHA,0022400931,2025-03-10,CHA @ MIA,W,105,3
2024-25,1610612747,LAL,0022400930,2025-03-10,LAL @ BKN,L,108,-3
2024-25,1610612758,SAC,0022400939,2025-03-10,SAC vs. NYK,L,104,-29
2024-25,1610612745,HOU,0022400934,2025-03-10,HOU vs. ORL,W,97,13
2024-25,1610612741,CHI,0022400933,2025-03-10,CHI vs. IND,W,121,18
2024-25,1610612737,ATL,0022400928,2025-03-10,ATL vs. PHI,W,132,9
2024-25,1610612763,MEM,0022400935,2025-03-10,MEM vs. PHX,W,120,2
2024-25,1610612744,GSW,0022400938,2025-03-10,GSW vs. POR,W,130,10
2024-25,1610612752,NYK,0022400939,2025-03-10,NYK @ SAC,W,133,29
2024-25,1610612742,DAL,0022400937,2025-03-10,DAL @ SAS,W,133,4
2024-25,1610612755,PHI,0022400928,2025-03-10,PHI @ ATL,L,123,-9
2024-25,1610612762,UTA,0022400929,2025-03-10,UTA @ BOS,L,108,-6
2024-25,1610612754,IND,0022400933,2025-03-10,IND @ CHI,L,103,-18
2024-25,1610612759,SAS,0022400937,2025-03-10,SAS vs. DAL,L,129,-4
2024-25,1610612760,OKC,0022400936,2025-03-10,OKC vs. DEN,L,127,-13
2024-25,1610612757,POR,0022400938,2025-03-10,POR @ GSW,L,120,-10
2024-25,1610612753,ORL,0022400934,2025-03-10,ORL @ HOU,L,84,-13
2024-25,1610612743,DEN,0022400936,2025-03-10,DEN @ OKC,W,140,13
2024-25,1610612764,WAS,0022400932,2025-03-10,WAS @ TOR,L,104,-15
2024-25,1610612738,BOS,0022400929,2025-03-10,BOS vs. UTA,W,114,6
2024-25,1610612756,PHX,0022400935,2025-03-10,PHX @ MEM,L,118,-2
2024-25,1610612761,TOR,0022400932,2025-03-10,TOR vs. WAS,W,119,15
2024-25,1610612748,MIA,0022400931,2025-03-10,MIA vs. CHA,L,102,-3
2024-25,1610612754,IND,0022400942,2025-03-11,IND vs. MIL,W,115,1
2024-25,1610612739,CLE,0022400940,2025-03-11,CLE vs. BKN,W,109,5
2024-25,1610612749,MIL,0022400942,2025-03-11,MIL @ IND,L,114,-1
2024-25,1610612751,BKN,0022400940,2025-03-11,BKN @ CLE,L,104,-5
2024-25,1610612746,LAC,0022400943,2025-03-11,LAC @ NOP,L,120,-7
2024-25,1610612740,NOP,0022400943,2025-03-11,NOP vs. LAC,W,127,7
2024-25,1610612765,DET,0022400941,2025-03-11,DET vs. WAS,W,123,20
2024-25,1610612764,WAS,0022400941,2025-03-11,WAS @ DET,L,103,-20
2024-25,1610612746,LAC,0022400948,2025-03-12,LAC @ MIA,W,119,15
2024-25,1610612743,DEN,0022400952,2025-03-12,DEN vs. MIN,L,95,-20
2024-25,1610612757,POR,0022400953,2025-03-12,POR vs. NYK,L,113,-1
2024-25,1610612761,TOR,0022400947,2025-03-12,TOR vs. PHI,W,118,13
2024-25,1610612745,HOU,0022400949,2025-03-12,HOU vs. PHX,W,111,7
2024-25,1610612752,NYK,0022400953,2025-03-12,NYK @ POR,W,114,1
2024-25,1610612742,DAL,0022400951,2025-03-12,DAL @ SAS,L,116,-10
2024-25,1610612766,CHA,0022400945,2025-03-12,CHA @ ATL,L,110,-13
2024-25,1610612760,OKC,0022400946,2025-03-12,OKC @ BOS,W,118,6
2024-25,1610612759,SAS,0022400951,2025-03-12,SAS vs. DAL,W,126,10
2024-25,1610612750,MIN,0022400952,2025-03-12,MIN @ DEN,W,115,20
2024-25,1610612756,PHX,0022400949,2025-03-12,PHX @ HOU,L,104,-7
2024-25,1610612748,MIA,0022400948,2025-03-12,MIA vs. LAC,L,104,-15
2024-25,1610612738,BOS,0022400946,2025-03-12,BOS vs. OKC,L,112,-6
2024-25,1610612755,PHI,0022400947,2025-03-12,PHI @ TOR,L,105,-13
2024-25,1610612763,MEM,0022400950,2025-03-12,MEM vs. UTA,W,122,7
2024-25,1610612762,UTA,0022400950,2025-03-12,UTA @ MEM,L,115,-7
2024-25,1610612737,ATL,0022400945,2025-03-12,ATL vs. CHA,W,123,13
2024-25,1610612749,MIL,0022400955,2025-03-13,MIL vs. LAL,W,126,20
2024-25,1610612747,LAL,0022400955,2025-03-13,LAL @ MIL,L,106,-20
2024-25,1610612741,CHI,0022400956,2025-03-13,CHI vs. BKN,W,116,6
2024-25,1610612740,NOP,0022401141,2025-03-13,NOP vs. ORL,L,93,-20
2024-25,1610612744,GSW,0022400957,2025-03-13,GSW vs. SAC,W,130,26
2024-25,1610612753,ORL,0022401141,2025-03-13,ORL @ NOP,W,113,20
2024-25,1610612751,BKN,0022400956,2025-03-13,BKN @ CHI,L,110,-6
2024-25,1610612758,SAC,0022400957,2025-03-13,SAC @ GSW,L,104,-26
2024-25,1610612765,DET,0022400954,2025-03-13,DET vs. WAS,L,125,-4
2024-25,1610612764,WAS,0022400954,2025-03-13,WAS @ DET,W,129,4
2024-25,1610612743,DEN,0022400965,2025-03-14,DEN vs. LAL,W,131,5
2024-25,1610612738,BOS,0022400958,2025-03-14,BOS @ MIA,W,103,12
2024-25,1610612753,ORL,0022400963,2025-03-14,ORL @ MIN,L,111,-7
2024-25,1610612750,MIN,0022400963,2025-03-14,MIN vs. ORL,W,118,7
2024-25,1610612755,PHI,0022400959,2025-03-14,PHI vs. IND,L,100,-12
2024-25,1610612754,IND,0022400959,2025-03-14,IND @ PHI,W,112,12
2024-25,1610612758,SAC,0022400967,2025-03-14,SAC @ PHX,L,106,-16
2024-25,1610612756,PHX,0022400967,2025-03-14,PHX vs. SAC,W,122,16
2024-25,1610612766,CHA,0022400964,2025-03-14,CHA @ SAS,W,145,11
2024-25,1610612746,LAC,0022400960,2025-03-14,LAC @ ATL,W,121,23
2024-25,1610612748,MIA,0022400958,2025-03-14,MIA vs. BOS,L,91,-12
2024-25,1610612763,MEM,0022400962,2025-03-14,MEM vs. CLE,L,124,-9
2024-25,1610612745,HOU,0022400961,2025-03-14,HOU vs. DAL,W,133,37
2024-25,1610612747,LAL,0022400965,2025-03-14,LAL @ DEN,L,126,-5
2024-25,1610612742,DAL,0022400961,2025-03-14,DAL @ HOU,L,96,-37
2024-25,1610612737,ATL,0022400960,2025-03-14,ATL vs. LAC,L,98,-23
2024-25,1610612762,UTA,0022400966,2025-03-14,UTA vs. TOR,L,118,-8
2024-25,1610612761,TOR,0022400966,2025-03-14,TOR @ UTA,W,126,8
2024-25,1610612739,CLE,0022400962,2025-03-14,CLE @ MEM,W,133,9
2024-25,1610612759,SAS,0022400964,2025-03-14,SAS vs. CHA,L,134,-11
2024-25,1610612763,MEM,0022400971,2025-03-15,MEM vs. MIA,W,125,34
2024-25,1610612754,IND,0022400972,2025-03-15,IND @ MIL,L,119,-7
2024-25,1610612738,BOS,0022400968,2025-03-15,BOS @ BKN,W,115,2
2024-25,1610612744,GSW,0022400974,2025-03-15,GSW vs. NYK,W,97,3
2024-25,1610612749,MIL,0022400972,2025-03-15,MIL vs. IND,W,126,7
2024-25,1610612740,NOP,0022400973,2025-03-15,NOP @ SAS,L,115,-4
2024-25,1610612751,BKN,0022400968,2025-03-15,BKN vs. BOS,L,113,-2
2024-25,1610612759,SAS,0022400973,2025-03-15,SAS vs. NOP,W,119,4
2024-25,1610612745,HOU,0022400970,2025-03-15,HOU vs. CHI,W,117,3
2024-25,1610612764,WAS,0022400975,2025-03-15,WAS @ DEN,W,126,3
2024-25,1610612752,NYK,0022400974,2025-03-15,NYK @ GSW,L,94,-3
2024-25,1610612741,CHI,0022400970,2025-03-15,CHI @ HOU,L,114,-3
2024-25,1610612765,DET,0022400969,2025-03-15,DET vs. OKC,L,107,-6
2024-25,1610612748,MIA,0022400971,2025-03-15,MIA @ MEM,L,91,-34
2024-25,1610612743,DEN,0022400975,2025-03-15,DEN vs. WAS,L,123,-3
2024-25,1610612760,OKC,0022400969,2025-03-15,OKC @ DET,W,113,6
2024-25,1610612756,PHX,0022400977,2025-03-16,PHX @ LAL,L,96,-11
2024-25,1610612760,OKC,0022400982,2025-03-16,OKC @ MIL,W,121,16
2024-25,1610612762,UTA,0022400981,2025-03-16,UTA @ MIN,L,102,-26
2024-25,1610612737,ATL,0022400978,2025-03-16,ATL @ BKN,L,114,-8
2024-25,1610612739,CLE,0022400979,2025-03-16,CLE vs. ORL,L,103,-5
2024-25,1610612742,DAL,0022400976,2025-03-16,DAL vs. PHI,L,125,-5
2024-25,1610612747,LAL,0022400977,2025-03-16,LAL vs. PHX,W,107,11
2024-25,1610612761,TOR,0022400980,2025-03-16,TOR @ POR,L,102,-3
2024-25,1610612751,BKN,0022400978,2025-03-16,BKN vs. ATL,W,122,8
2024-25,1610612753,ORL,0022400979,2025-03-16,ORL @ CLE,W,108,5
2024-25,1610612755,PHI,0022400976,2025-03-16,PHI @ DAL,W,130,5
2024-25,1610612766,CHA,0022400538,2025-03-16,CHA @ LAC,L,88,-35
2024-25,1610612749,MIL,0022400982,2025-03-16,MIL vs. OKC,L,105,-16
2024-25,1610612757,POR,0022400980,2025-03-16,POR vs. TOR,W,105,3
2024-25,1610612750,MIN,0022400981,2025-03-16,MIN vs. UTA,W,128,26
2024-25,1610612746,LAC,0022400538,2025-03-16,LAC vs. CHA,W,123,35
2024-25,1610612759,SAS,0022400537,2025-03-17,SAS @ LAL,L,109,-16
2024-25,1610612752,NYK,0022400984,2025-03-17,NYK vs. MIA,W,116,21
2024-25,1610612754,IND,0022400986,2025-03-17,IND @ MIN,W,132,2
2024-25,1610612748,MIA,0022400984,2025-03-17,MIA @ NYK,L,95,-21
2024-25,1610612750,MIN,0022400986,2025-03-17,MIN vs. IND,L,130,-2
2024-25,1610612745,HOU,0022400985,2025-03-17,HOU vs. PHI,W,144,7
2024-25,1610612761,TOR,0022400991,2025-03-17,TOR @ PHX,L,89,-40
2024-25,1610612764,WAS,0022400995,2025-03-17,WAS @ POR,L,97,-15
2024-25,1610612763,MEM,0022400992,2025-03-17,MEM @ SAC,L,122,-10
2024-25,1610612747,LAL,0022400537,2025-03-17,LAL vs. SAS,W,125,16
2024-25,1610612765,DET,0022400987,2025-03-17,DET @ NOP,W,127,46
2024-25,1610612762,UTA,0022400989,2025-03-17,UTA vs. CHI,L,97,-14
2024-25,1610612744,GSW,0022400990,2025-03-17,GSW vs. DEN,L,105,-9
2024-25,1610612743,DEN,0022400990,2025-03-17,DEN @ GSW,W,114,9
2024-25,1610612755,PHI,0022400985,2025-03-17,PHI @ HOU,L,137,-7
2024-25,1610612756,PHX,0022400991,2025-03-17,PHX vs. TOR,W,129,40
2024-25,1610612741,CHI,0022400989,2025-03-17,CHI @ UTA,W,111,14
2024-25,1610612758,SAC,0022400992,2025-03-17,SAC vs. MEM,W,132,10
2024-25,1610612757,POR,0022400995,2025-03-17,POR vs. WAS,W,112,15
2024-25,1610612740,NOP,0022400987,2025-03-17,NOP vs. DET,L,81,-46
2024-25,1610612744,GSW,0022401012,2025-03-18,GSW vs. MIL,W,104,11
2024-25,1610612738,BOS,0022400994,2025-03-18,BOS vs. BKN,W,104,8
2024-25,1610612766,CHA,0022400993,2025-03-18,CHA vs. ATL,L,102,-32
2024-25,1610612751,BKN,0022400994,2025-03-18,BKN @ BOS,L,96,-8
2024-25,1610612746,LAC,0022400997,2025-03-18,LAC vs. CLE,W,132,13
2024-25,1610612749,MIL,0022401012,2025-03-18,MIL @ GSW,L,93,-11
2024-25,1610612739,CLE,0022400997,2025-03-18,CLE @ LAC,L,119,-13
2024-25,1610612737,ATL,0022400993,2025-03-18,ATL @ CHA,W,134,32
2024-25,1610612743,DEN,0022401006,2025-03-19,DEN @ LAL,L,108,-12
2024-25,1610612765,DET,0022401000,2025-03-19,DET @ MIA,W,116,3
2024-25,1610612740,NOP,0022401001,2025-03-19,NOP @ MIN,W,119,4
2024-25,1610612759,SAS,0022401003,2025-03-19,SAS vs. NYK,W,120,15
2024-25,1610612745,HOU,0022400999,2025-03-19,HOU @ ORL,W,116,8
2024-25,1610612742,DAL,0022400998,2025-03-19,DAL @ IND,L,131,-4
2024-25,1610612760,OKC,0022401002,2025-03-19,OKC vs. PHI,W,133,33
2024-25,1610612741,CHI,0022401007,2025-03-19,CHI @ PHX,L,121,-6
2024-25,1610612763,MEM,0022401008,2025-03-19,MEM @ POR,L,99,-16
2024-25,1610612739,CLE,0022401009,2025-03-19,CLE @ SAC,L,119,-4
2024-25,1610612752,NYK,0022401003,2025-03-19,NYK @ SAS,L,105,-15
2024-25,1610612758,SAC,0022401009,2025-03-19,SAC vs. CLE,W,123,4
2024-25,1610612750,MIN,0022401001,2025-03-19,MIN vs. NOP,L,115,-4
2024-25,1610612756,PHX,0022401007,2025-03-19,PHX vs. CHI,W,127,6
2024-25,1610612754,IND,0022400998,2025-03-19,IND vs. DAL,W,135,4
2024-25,1610612747,LAL,0022401006,2025-03-19,LAL vs. DEN,W,120,12
2024-25,1610612753,ORL,0022400999,2025-03-19,ORL vs. HOU,L,108,-8
2024-25,1610612755,PHI,0022401002,2025-03-19,PHI @ OKC,L,100,-33
2024-25,1610612764,WAS,0022400627,2025-03-19,WAS @ UTA,L,112,-16
2024-25,1610612757,POR,0022401008,2025-03-19,POR vs. MEM,W,115,16
2024-25,1610612762,UTA,0022400627,2025-03-19,UTA vs. WAS,W,128,16
2024-25,1610612748,MIA,0022401000,2025-03-19,MIA vs. DET,L,113,-3
2024-25,1610612749,MIL,0022400996,2025-03-20,MIL @ LAL,W,118,29
2024-25,1610612747,LAL,0022400996,2025-03-20,LAL vs. MIL,L,89,-29
2024-25,1610612754,IND,0022401011,2025-03-20,IND vs. BKN,W,105,6
2024-25,1610612766,CHA,0022401010,2025-03-20,CHA vs. NYK,W,115,17
2024-25,1610612751,BKN,0022401011,2025-03-20,BKN @ IND,L,99,-6
2024-25,1610612741,CHI,0022401013,2025-03-20,CHI @ SAC,W,128,12
2024-25,1610612758,SAC,0022401013,2025-03-20,SAC vs. CHI,L,116,-12
2024-25,1610612761,TOR,0022401005,2025-03-20,TOR @ GSW,L,114,-3
2024-25,1610612744,GSW,0022401005,2025-03-20,GSW vs. TOR,W,117,3
2024-25,1610612752,NYK,0022401010,2025-03-20,NYK @ CHA,L,98,-17
2024-25,1610612745,HOU,0022401015,2025-03-21,HOU @ MIA,W,102,4
2024-25,1610612740,NOP,0022401016,2025-03-21,NOP @ MIN,L,93,-41
2024-25,1610612764,WAS,0022401014,2025-03-21,WAS vs. ORL,L,105,-15
2024-25,1610612759,SAS,0022401018,2025-03-21,SAS vs. PHI,W,128,8
2024-25,1610612739,CLE,0022401021,2025-03-21,CLE @ PHX,L,112,-11
2024-25,1610612743,DEN,0022401022,2025-03-21,DEN @ POR,L,109,-19
2024-25,1610612755,PHI,0022401018,2025-03-21,PHI @ SAS,L,120,-8
2024-25,1610612762,UTA,0022401020,2025-03-21,UTA vs. BOS,L,99,-22
2024-25,1610612756,PHX,0022401021,2025-03-21,PHX vs. CLE,W,123,11
2024-25,1610612750,MIN,0022401016,2025-03-21,MIN vs. NOP,W,134,41
2024-25,1610612765,DET,0022401019,2025-03-21,DET @ DAL,L,117,-6
2024-25,1610612757,POR,0022401022,2025-03-21,POR vs. DEN,W,128,19
2024-25,1610612748,MIA,0022401015,2025-03-21,MIA vs. HOU,L,98,-4
2024-25,1610612763,MEM,0022401023,2025-03-21,MEM @ LAC,L,108,-20
2024-25,1610612766,CHA,0022401017,2025-03-21,CHA @ OKC,L,106,-35
2024-25,1610612738,BOS,0022401020,2025-03-21,BOS @ UTA,W,121,22
2024-25,1610612746,LAC,0022401023,2025-03-21,LAC vs. MEM,W,128,20
2024-25,1610612753,ORL,0022401014,2025-03-21,ORL @ WAS,W,120,15
2024-25,1610612742,DAL,0022401019,2025-03-21,DAL vs. DET,W,123,6
2024-25,1610612760,OKC,0022401017,2025-03-21,OKC vs. CHA,W,141,35
2024-25,1610612741,CHI,0022401028,2025-03-22,CHI @ LAL,W,146,31
2024-25,1610612758,SAC,0022401027,2025-03-22,SAC vs. MIL,L,108,-6
2024-25,1610612754,IND,0022401024,2025-03-22,IND vs. BKN,W,108,5
2024-25,1610612764,WAS,0022401026,2025-03-22,WAS @ NYK,L,103,-19
2024-25,1610612751,BKN,0022401024,2025-03-22,BKN @ IND,L,103,-5
2024-25,1610612749,MIL,0022401027,2025-03-22,MIL @ SAC,W,114,6
2024-25,1610612744,GSW,0022401025,2025-03-22,GSW @ ATL,L,115,-9
2024-25,1610612747,LAL,0022401028,2025-03-22,LAL vs. CHI,L,115,-31
2024-25,1610612737,ATL,0022401025,2025-03-22,ATL vs. GSW,W,124,9
2024-25,1610612752,NYK,0022401026,2025-03-22,NYK vs. WAS,W,122,19
2024-25,1610612766,CHA,0022401032,2025-03-23,CHA @ MIA,L,105,-17
2024-25,1610612737,ATL,0022401031,2025-03-23,ATL vs. PHI,W,132,13
2024-25,1610612738,BOS,0022401034,2025-03-23,BOS @ POR,W,129,13
2024-25,1610612761,TOR,0022401033,2025-03-23,TOR vs. SAS,L,89,-34
2024-25,1610612755,PHI,0022401031,2025-03-23,PHI @ ATL,L,119,-13
2024-25,1610612757,POR,0022401034,2025-03-23,POR vs. BOS,L,116,-13
2024-25,1610612762,UTA,0022401030,2025-03-23,UTA vs. CLE,L,91,-29
2024-25,1610612765,DET,0022401029,2025-03-23,DET vs. NOP,W,136,6
2024-25,1610612745,HOU,0022401035,2025-03-23,HOU vs. DEN,L,111,-5
2024-25,1610612743,DEN,0022401035,2025-03-23,DEN @ HOU,W,116,5
2024-25,1610612760,OKC,0022401036,2025-03-23,OKC @ LAC,W,103,2
2024-25,1610612746,LAC,0022401036,2025-03-23,LAC vs. OKC,L,101,-2
2024-25,1610612759,SAS,0022401033,2025-03-23,SAS @ TOR,W,123,34
2024-25,1610612739,CLE,0022401030,2025-03-23,CLE @ UTA,W,120,29
2024-25,1610612740,NOP,0022401029,2025-03-23,NOP @ DET,L,130,-6
2024-25,1610612748,MIA,0022401032,2025-03-23,MIA vs. CHA,W,122,17
2024-25,1610612753,ORL,0022401038,2025-03-24,ORL vs. LAL,W,118,12
2024-25,1610612756,PHX,0022401043,2025-03-24,PHX vs. MIL,W,108,2
2024-25,1610612754,IND,0022401037,2025-03-24,IND vs. MIN,W,119,16
2024-25,1610612742,DAL,0022401040,2025-03-24,DAL @ BKN,W,120,19
2024-25,1610612747,LAL,0022401038,2025-03-24,LAL @ ORL,L,106,-12
2024-25,1610612750,MIN,0022401037,2025-03-24,MIN @ IND,L,103,-16
2024-25,1610612740,NOP,0022401041,2025-03-24,NOP vs. PHI,W,112,13
2024-25,1610612749,MIL,0022401043,2025-03-24,MIL @ PHX,L,106,-2
2024-25,1610612738,BOS,0022401044,2025-03-24,BOS @ SAC,W,113,18
2024-25,1610612758,SAC,0022401044,2025-03-24,SAC vs. BOS,L,95,-18
2024-25,1610612755,PHI,0022401041,2025-03-24,PHI @ NOP,L,99,-13
2024-25,1610612743,DEN,0022401042,2025-03-24,DEN vs. CHI,L,119,-10
2024-25,1610612751,BKN,0022401040,2025-03-24,BKN vs. DAL,L,101,-19
2024-25,1610612741,CHI,0022401042,2025-03-24,CHI @ DEN,W,129,10
2024-25,1610612764,WAS,0022401039,2025-03-24,WAS vs. TOR,L,104,-8
2024-25,1610612761,TOR,0022401039,2025-03-24,TOR @ WAS,W,112,8
2024-25,1610612744,GSW,0022401047,2025-03-25,GSW @ MIA,L,86,-26
2024-25,1610612742,DAL,0022401048,2025-03-25,DAL @ NYK,L,113,-15
2024-25,1610612766,CHA,0022401045,2025-03-25,CHA vs. ORL,L,104,-7
2024-25,1610612739,CLE,0022401051,2025-03-25,CLE @ POR,W,122,11
2024-25,1610612760,OKC,0022401052,2025-03-25,OKC @ SAC,W,121,16
2024-25,1610612765,DET,0022401046,2025-03-25,DET vs. SAS,W,122,26
2024-25,1610612745,HOU,0022401049,2025-03-25,HOU vs. ATL,W,121,7
2024-25,1610612757,POR,0022401051,2025-03-25,POR vs. CLE,L,111,-11
2024-25,1610612752,NYK,0022401048,2025-03-25,NYK vs. DAL,W,128,15
2024-25,1610612748,MIA,0022401047,2025-03-25,MIA vs. GSW,W,112,26
2024-25,1610612737,ATL,0022401049,2025-03-25,ATL @ HOU,L,114,-7
2024-25,1610612758,SAC,0022401052,2025-03-25,SAC vs. OKC,L,105,-16
2024-25,1610612763,MEM,0022401050,2025-03-25,MEM @ UTA,W,140,37
2024-25,1610612762,UTA,0022401050,2025-03-25,UTA vs. MEM,L,103,-37
2024-25,1610612759,SAS,0022401046,2025-03-25,SAS @ DET,L,96,-26
2024-25,1610612753,ORL,0022401045,2025-03-25,ORL @ CHA,W,111,7
2024-25,1610612754,IND,0022401055,2025-03-26,IND vs. LAL,L,119,-1
2024-25,1610612743,DEN,0022401057,2025-03-26,DEN vs. MIL,W,127,10
2024-25,1610612761,TOR,0022401054,2025-03-26,TOR @ BKN,W,116,30
2024-25,1610612746,LAC,0022401056,2025-03-26,LAC @ NYK,W,126,13
2024-25,1610612747,LAL,0022401055,2025-03-26,LAL @ IND,W,120,1
2024-25,1610612764,WAS,0022401053,2025-03-26,WAS @ PHI,W,119,5
2024-25,1610612738,BOS,0022401058,2025-03-26,BOS @ PHX,W,132,30
2024-25,1610612756,PHX,0022401058,2025-03-26,PHX vs. BOS,L,102,-30
2024-25,1610612749,MIL,0022401057,2025-03-26,MIL @ DEN,L,117,-10
2024-25,1610612752,NYK,0022401056,2025-03-26,NYK vs. LAC,L,113,-13
2024-25,1610612751,BKN,0022401054,2025-03-26,BKN vs. TOR,L,86,-30
2024-25,1610612755,PHI,0022401053,2025-03-26,PHI vs. WAS,L,114,-5
2024-25,1610612741,CHI,0022401063,2025-03-27,CHI vs. LAL,W,119,2
2024-25,1610612737,ATL,0022401062,2025-03-27,ATL @ MIA,L,112,-10
2024-25,1610612742,DAL,0022401060,2025-03-27,DAL @ ORL,W,101,9
2024-25,1610612764,WAS,0022401061,2025-03-27,WAS vs. IND,L,109,-53
2024-25,1610612758,SAC,0022401066,2025-03-27,SAC vs. POR,W,128,21
2024-25,1610612757,POR,0022401066,2025-03-27,POR @ SAC,L,107,-21
2024-25,1610612739,CLE,0022401059,2025-03-27,CLE vs. SAS,W,124,8
2024-25,1610612748,MIA,0022401062,2025-03-27,MIA vs. ATL,W,122,10
2024-25,1610612759,SAS,0022401059,2025-03-27,SAS @ CLE,L,116,-8
2024-25,1610612747,LAL,0022401063,2025-03-27,LAL @ CHI,L,117,-2
2024-25,1610612753,ORL,0022401060,2025-03-27,ORL vs. DAL,L,92,-9
2024-25,1610612762,UTA,0022401065,2025-03-27,UTA vs. HOU,L,110,-11
2024-25,1610612763,MEM,0022401064,2025-03-27,MEM @ OKC,L,104,-21
2024-25,1610612745,HOU,0022401065,2025-03-27,HOU @ UTA,W,121,11
2024-25,1610612760,OKC,0022401064,2025-03-27,OKC vs. MEM,W,125,21
2024-25,1610612754,IND,0022401061,2025-03-27,IND @ WAS,W,162,53
2024-25,1610612752,NYK,0022401070,2025-03-28,NYK @ MIL,W,116,9
2024-25,1610612756,PHX,0022401071,2025-03-28,PHX @ MIN,L,109,-15
2024-25,1610612746,LAC,0022401068,2025-03-28,LAC @ BKN,W,132,32
2024-25,1610612749,MIL,0022401070,2025-03-28,MIL vs. NYK,L,107,-9
2024-25,1610612750,MIN,0022401071,2025-03-28,MIN vs. PHX,W,124,15
2024-25,1610612765,DET,0022401067,2025-03-28,DET vs. CLE,W,133,11
2024-25,1610612744,GSW,0022401072,2025-03-28,GSW @ NOP,W,111,16
2024-25,1610612762,UTA,0022401073,2025-03-28,UTA @ DEN,L,93,-36
2024-25,1610612740,NOP,0022401072,2025-03-28,NOP vs. GSW,L,95,-16
2024-25,1610612751,BKN,0022401068,2025-03-28,BKN vs. LAC,L,100,-32
2024-25,1610612766,CHA,0022401069,2025-03-28,CHA @ TOR,L,97,-11
2024-25,1610612743,DEN,0022401073,2025-03-28,DEN vs. UTA,W,129,36
2024-25,1610612739,CLE,0022401067,2025-03-28,CLE @ DET,L,122,-11
2024-25,1610612761,TOR,0022401069,2025-03-28,TOR vs. CHA,W,108,11
2024-25,1610612763,MEM,0022401078,2025-03-29,MEM vs. LAL,L,127,-7
2024-25,1610612755,PHI,0022401076,2025-03-29,PHI vs. MIA,L,95,-23
2024-25,1610612764,WAS,0022401075,2025-03-29,WAS vs. BKN,L,112,-3
2024-25,1610612758,SAC,0022401074,2025-03-29,SAC @ ORL,L,91,-30
2024-25,1610612760,OKC,0022401079,2025-03-29,OKC vs. IND,W,132,21
2024-25,1610612748,MIA,0022401076,2025-03-29,MIA @ PHI,W,118,23
2024-25,1610612753,ORL,0022401074,2025-03-29,ORL vs. SAC,W,121,30
2024-25,1610612738,BOS,0022401080,2025-03-29,BOS @ SAS,W,121,10
2024-25,1610612759,SAS,0022401080,2025-03-29,SAS vs. BOS,L,111,-10
2024-25,1610612742,DAL,0022401077,2025-03-29,DAL @ CHI,W,120,1
2024-25,1610612741,CHI,0022401077,2025-03-29,CHI vs. DAL,L,119,-1
2024-25,1610612754,IND,0022401079,2025-03-29,IND @ OKC,L,111,-21
2024-25,1610612747,LAL,0022401078,2025-03-29,LAL @ MEM,W,134,7
2024-25,1610612751,BKN,0022401075,2025-03-29,BKN @ WAS,W,115,3
2024-25,1610612737,ATL,0022401083,2025-03-30,ATL @ MIL,W,145,21
2024-25,1610612765,DET,0022401084,2025-03-30,DET @ MIN,L,104,-19
2024-25,1610612757,POR,0022401082,2025-03-30,POR @ NYK,L,93,-17
2024-25,1610612761,TOR,0022401087,2025-03-30,TOR @ PHI,W,127,18
2024-25,1610612745,HOU,0022401088,2025-03-30,HOU @ PHX,W,148,39
2024-25,1610612752,NYK,0022401082,2025-03-30,NYK vs. POR,W,110,17
2024-25,1610612744,GSW,0022401086,2025-03-30,GSW @ SAS,W,148,42
2024-25,1610612749,MIL,0022401083,2025-03-30,MIL vs. ATL,L,124,-21
2024-25,1610612746,LAC,0022401081,2025-03-30,LAC @ CLE,L,122,-5
2024-25,1610612766,CHA,0022401085,2025-03-30,CHA @ NOP,L,94,-4
2024-25,1610612759,SAS,0022401086,2025-03-30,SAS vs. GSW,L,106,-42
2024-25,1610612756,PHX,0022401088,2025-03-30,PHX vs. HOU,L,109,-39
2024-25,1610612739,CLE,0022401081,2025-03-30,CLE vs. LAC,W,127,5
2024-25,1610612755,PHI,0022401087,2025-03-30,PHI vs. TOR,L,109,-18
2024-25,1610612750,MIN,0022401084,2025-03-30,MIN vs. DET,W,123,19
2024-25,1610612740,NOP,0022401085,2025-03-30,NOP vs. CHA,W,98,4
2024-25,1610612745,HOU,0022401096,2025-03-31,HOU @ LAL,L,98,-6
2024-25,1610612764,WAS,0022401092,2025-03-31,WAS vs. MIA,L,94,-26
2024-25,1610612742,DAL,0022401095,2025-03-31,DAL vs. BKN,L,109,-4
2024-25,1610612746,LAC,0022401091,2025-03-31,LAC @ ORL,W,96,9
2024-25,1610612758,SAC,0022401090,2025-03-31,SAC @ IND,L,109,-2
2024-25,1610612754,IND,0022401090,2025-03-31,IND vs. SAC,W,111,2
2024-25,1610612763,MEM,0022401093,2025-03-31,MEM vs. BOS,L,103,-14
2024-25,1610612760,OKC,0022401094,2025-03-31,OKC vs. CHI,W,145,28
2024-25,1610612751,BKN,0022401095,2025-03-31,BKN @ DAL,W,113,4
2024-25,1610612747,LAL,0022401096,2025-03-31,LAL vs. HOU,W,104,6
2024-25,1610612753,ORL,0022401091,2025-03-31,ORL vs. LAC,L,87,-9
2024-25,1610612741,CHI,0022401094,2025-03-31,CHI @ OKC,L,117,-28
2024-25,1610612766,CHA,0022401089,2025-03-31,CHA vs. UTA,W,110,4
2024-25,1610612738,BOS,0022401093,2025-03-31,BOS @ MEM,W,117,14
2024-25,1610612748,MIA,0022401092,2025-03-31,MIA @ WAS,W,120,26
2024-25,1610612762,UTA,0022401089,2025-03-31,UTA @ CHA,L,106,-4
2024-25,1610612756,PHX,0022401101,2025-04-01,PHX @ MIL,L,123,-10
2024-25,1610612743,DEN,0022401102,2025-04-01,DEN vs. MIN,L,139,-1
2024-25,1610612755,PHI,0022401098,2025-04-01,PHI @ NYK,L,91,-14
2024-25,1610612759,SAS,0022400988,2025-04-01,SAS vs. ORL,L,105,-11
2024-25,1610612752,NYK,0022401098,2025-04-01,NYK vs. PHI,W,105,14
2024-25,1610612749,MIL,0022401101,2025-04-01,MIL vs. PHX,W,133,10
2024-25,1610612737,ATL,0022401097,2025-04-01,ATL vs. POR,L,113,-14
2024-25,1610612753,ORL,0022400988,2025-04-01,ORL @ SAS,W,116,11
2024-25,1610612757,POR,0022401097,2025-04-01,POR @ ATL,W,127,14
2024-25,1610612761,TOR,0022401099,2025-04-01,TOR @ CHI,L,118,-19
2024-25,1610612750,MIN,0022401102,2025-04-01,MIN @ DEN,W,140,1
2024-25,1610612763,MEM,0022401100,2025-04-01,MEM vs. GSW,L,125,-9
2024-25,1610612741,CHI,0022401099,2025-04-01,CHI vs. TOR,W,137,19
2024-25,1610612744,GSW,0022401100,2025-04-01,GSW @ MEM,W,134,9
2024-25,1610612738,BOS,0022401106,2025-04-02,BOS vs. MIA,L,103,-21
2024-25,1610612739,CLE,0022401103,2025-04-02,CLE vs. NYK,W,124,19
2024-25,1610612766,CHA,0022401104,2025-04-02,CHA @ IND,L,105,-14
2024-25,1610612764,WAS,0022401105,2025-04-02,WAS vs. SAC,W,116,5
2024-25,1610612743,DEN,0022401110,2025-04-02,DEN vs. SAS,L,106,-7
2024-25,1610612742,DAL,0022401109,2025-04-02,DAL vs. ATL,W,120,2
2024-25,1610612748,MIA,0022401106,2025-04-02,MIA @ BOS,W,124,21
2024-25,1610612752,NYK,0022401103,2025-04-02,NYK @ CLE,L,105,-19
2024-25,1610612746,LAC,0022401111,2025-04-02,LAC vs. NOP,W,114,16
2024-25,1610612737,ATL,0022401109,2025-04-02,ATL @ DAL,L,118,-2
2024-25,1610612759,SAS,0022401110,2025-04-02,SAS @ DEN,W,113,7
2024-25,1610612762,UTA,0022401107,2025-04-02,UTA @ HOU,L,105,-38
2024-25,1610612740,NOP,0022401111,2025-04-02,NOP @ LAC,L,98,-16
2024-25,1610612765,DET,0022401108,2025-04-02,DET @ OKC,L,103,-16
2024-25,1610612745,HOU,0022401107,2025-04-02,HOU vs. UTA,W,143,38
2024-25,1610612758,SAC,0022401105,2025-04-02,SAC @ WAS,L,111,-5
2024-25,1610612760,OKC,0022401108,2025-04-02,OKC vs. DET,W,119,16
2024-25,1610612754,IND,0022401104,2025-04-02,IND vs. CHA,W,119,14
2024-25,1610612744,GSW,0022401117,2025-04-03,GSW @ LAL,W,123,7
2024-25,1610612763,MEM,0022401114,2025-04-03,MEM @ MIA,W,110,2
2024-25,1610612755,PHI,0022401115,2025-04-03,PHI vs. MIL,L,113,-13
2024-25,1610612751,BKN,0022401113,2025-04-03,BKN vs. MIN,L,90,-15
2024-25,1610612750,MIN,0022401113,2025-04-03,MIN @ BKN,W,105,15
2024-25,1610612764,WAS,0022401112,2025-04-03,WAS vs. ORL,L,97,-12
2024-25,1610612749,MIL,0022401115,2025-04-03,MIL @ PHI,W,126,13
2024-25,1610612761,TOR,0022401116,2025-04-03,TOR vs. POR,L,103,-9
2024-25,1610612747,LAL,0022401117,2025-04-03,LAL vs. GSW,L,116,-7
2024-25,1610612757,POR,0022401116,2025-04-03,POR @ TOR,W,112,9
2024-25,1610612748,MIA,0022401114,2025-04-03,MIA vs. MEM,L,108,-2
2024-25,1610612753,ORL,0022401112,2025-04-03,ORL @ WAS,W,109,12
2024-25,1610612740,NOP,0022401126,2025-04-04,NOP @ LAL,L,108,-16
2024-25,1610612762,UTA,0022401119,2025-04-04,UTA @ IND,L,112,-28
2024-25,1610612738,BOS,0022401120,2025-04-04,BOS vs. PHX,W,123,20
2024-25,1610612741,CHI,0022401122,2025-04-04,CHI vs. POR,W,118,5
2024-25,1610612766,CHA,0022401118,2025-04-04,CHA vs. SAC,L,102,-23
2024-25,1610612739,CLE,0022401124,2025-04-04,CLE @ SAS,W,114,1
2024-25,1610612756,PHX,0022401120,2025-04-04,PHX @ BOS,L,103,-20
2024-25,1610612759,SAS,0022401124,2025-04-04,SAS vs. CLE,L,113,-1
2024-25,1610612747,LAL,0022401126,2025-04-04,LAL vs. NOP,W,124,16
2024-25,1610612757,POR,0022401122,2025-04-04,POR @ CHI,L,113,-5
2024-25,1610612746,LAC,0022401127,2025-04-04,LAC vs. DAL,W,114,23
2024-25,1610612744,GSW,0022401125,2025-04-04,GSW vs. DEN,W,118,14
2024-25,1610612743,DEN,0022401125,2025-04-04,DEN @ GSW,L,104,-14
2024-25,1610612760,OKC,0022401123,2025-04-04,OKC @ HOU,L,111,-14
2024-25,1610612742,DAL,0022401127,2025-04-04,DAL @ LAC,L,91,-23
2024-25,1610612745,HOU,0022401123,2025-04-04,HOU vs. OKC,W,125,14
2024-25,1610612765,DET,0022401121,2025-04-04,DET @ TOR,W,117,12
2024-25,1610612754,IND,0022401119,2025-04-04,IND vs. UTA,W,140,28
2024-25,1610612761,TOR,0022401121,2025-04-04,TOR vs. DET,L,105,-12
2024-25,1610612758,SAC,0022401118,2025-04-04,SAC @ CHA,W,125,23
2024-25,1610612749,MIL,0022401131,2025-04-05,MIL @ MIA,W,121,6
2024-25,1610612748,MIA,0022401131,2025-04-05,MIA vs. MIL,L,115,-6
2024-25,1610612755,PHI,0022401130,2025-04-05,PHI vs. MIN,L,109,-5
2024-25,1610612737,ATL,0022401128,2025-04-05,ATL vs. NYK,L,105,-16
2024-25,1610612750,MIN,0022401130,2025-04-05,MIN @ PHI,W,114,5
2024-25,1610612752,NYK,0022401128,2025-04-05,NYK @ ATL,W,121,16
2024-25,1610612746,LAC,0022401132,2025-04-05,LAC vs. DAL,W,135,31
2024-25,1610612742,DAL,0022401132,2025-04-05,DAL @ LAC,L,104,-31
2024-25,1610612765,DET,0022401129,2025-04-05,DET vs. MEM,L,103,-6
2024-25,1610612763,MEM,0022401129,2025-04-05,MEM @ DET,W,109,6
2024-25,1610612760,OKC,0022401135,2025-04-06,OKC vs. LAL,L,99,-27
2024-25,1610612740,NOP,0022400617,2025-04-06,NOP vs. MIL,L,107,-4
2024-25,1610612761,TOR,0022401134,2025-04-06,TOR @ BKN,W,120,11
2024-25,1610612756,PHX,0022401140,2025-04-06,PHX @ NYK,L,98,-14
2024-25,1610612743,DEN,0022401142,2025-04-06,DEN vs. IND,L,120,-5
2024-25,1610612752,NYK,0022401140,2025-04-06,NYK vs. PHX,W,112,14
2024-25,1610612759,SAS,0022401139,2025-04-06,SAS @ POR,L,109,-11
2024-25,1610612739,CLE,0022401138,2025-04-06,CLE vs. SAC,L,113,-7
2024-25,1610612757,POR,0022401139,2025-04-06,POR vs. SAS,W,120,11
2024-25,1610612762,UTA,0022401136,2025-04-06,UTA @ ATL,L,134,-13
2024-25,1610612764,WAS,0022401137,2025-04-06,WAS @ BOS,L,90,-34
2024-25,1610612758,SAC,0022401138,2025-04-06,SAC @ CLE,W,120,7
2024-25,1610612749,MIL,0022400617,2025-04-06,MIL @ NOP,W,111,4
2024-25,1610612766,CHA,0022401133,2025-04-06,CHA vs. CHI,L,117,-14
2024-25,1610612754,IND,0022401142,2025-04-06,IND @ DEN,W,125,5
2024-25,1610612745,HOU,0022401143,2025-04-06,HOU @ GSW,W,106,10
2024-25,1610612744,GSW,0022401143,2025-04-06,GSW vs. HOU,L,96,-10
2024-25,1610612747,LAL,0022401135,2025-04-06,LAL @ OKC,W,126,27
2024-25,1610612751,BKN,0022401134,2025-04-06,BKN vs. TOR,L,109,-11
2024-25,1610612737,ATL,0022401136,2025-04-06,ATL vs. UTA,W,147,13
2024-25,1610612738,BOS,0022401137,2025-04-06,BOS vs. WAS,W,124,34
2024-25,1610612741,CHI,0022401133,2025-04-06,CHI @ CHA,W,131,14
2024-25,1610612755,PHI,0022401145,2025-04-07,PHI @ MIA,L,105,-12
2024-25,1610612748,MIA,0022401145,2025-04-07,MIA vs. PHI,W,117,12
2024-25,1610612765,DET,0022401144,2025-04-07,DET vs. SAC,L,117,-10
2024-25,1610612758,SAC,0022401144,2025-04-07,SAC @ DET,W,127,10
2024-25,1610612760,OKC,0022401153,2025-04-08,OKC vs. LAL,W,136,16
2024-25,1610612750,MIN,0022401152,2025-04-08,MIN @ MIL,L,103,-7
2024-25,1610612749,MIL,0022401152,2025-04-08,MIL vs. MIN,W,110,7
2024-25,1610612740,NOP,0022401150,2025-04-08,NOP @ BKN,L,114,-5
2024-25,1610612738,BOS,0022401151,2025-04-08,BOS @ NYK,W,119,2
2024-25,1610612737,ATL,0022401149,2025-04-08,ATL @ ORL,L,112,-7
2024-25,1610612764,WAS,0022401148,2025-04-08,WAS @ IND,L,98,-6
2024-25,1610612744,GSW,0022401154,2025-04-08,GSW @ PHX,W,133,38
2024-25,1610612746,LAC,0022401155,2025-04-08,LAC vs. SAS,W,122,5
2024-25,1610612753,ORL,0022401149,2025-04-08,ORL vs. ATL,W,119,7
2024-25,1610612752,NYK,0022401151,2025-04-08,NYK vs. BOS,L,117,-2
2024-25,1610612741,CHI,0022401147,2025-04-08,CHI @ CLE,L,113,-22
2024-25,1610612751,BKN,0022401150,2025-04-08,BKN vs. NOP,W,119,5
2024-25,1610612739,CLE,0022401147,2025-04-08,CLE vs. CHI,W,135,22
2024-25,1610612756,PHX,0022401154,2025-04-08,PHX vs. GSW,L,95,-38
2024-25,1610612759,SAS,0022401155,2025-04-08,SAS @ LAC,L,117,-5
2024-25,1610612747,LAL,0022401153,2025-04-08,LAL @ OKC,L,120,-16
2024-25,1610612766,CHA,0022401146,2025-04-08,CHA vs. MEM,L,100,-24
2024-25,1610612754,IND,0022401148,2025-04-08,IND vs. WAS,W,104,6
2024-25,1610612763,MEM,0022401146,2025-04-08,MEM @ CHA,W,124,24
2024-25,1610612742,DAL,0022401159,2025-04-09,DAL vs. LAL,L,97,-15
2024-25,1610612741,CHI,0022401160,2025-04-09,CHI vs. MIA,W,119,8
2024-25,1610612738,BOS,0022401156,2025-04-09,BOS @ ORL,L,76,-20
2024-25,1610612764,WAS,0022401157,2025-04-09,WAS vs. PHI,L,103,-19
2024-25,1610612760,OKC,0022401164,2025-04-09,OKC @ PHX,W,125,13
2024-25,1610612762,UTA,0022401162,2025-04-09,UTA vs. POR,W,133,7
2024-25,1610612743,DEN,0022401165,2025-04-09,DEN @ SAC,W,124,8
2024-25,1610612744,GSW,0022401163,2025-04-09,GSW vs. SAS,L,111,-3
2024-25,1610612753,ORL,0022401156,2025-04-09,ORL vs. BOS,W,96,20
2024-25,1610612748,MIA,0022401160,2025-04-09,MIA @ CHI,L,111,-8
2024-25,1610612747,LAL,0022401159,2025-04-09,LAL @ DAL,W,112,15
2024-25,1610612758,SAC,0022401165,2025-04-09,SAC vs. DEN,L,116,-8
2024-25,1610612759,SAS,0022401163,2025-04-09,SAS @ GSW,W,114,3
2024-25,1610612746,LAC,0022401166,2025-04-09,LAC vs. HOU,W,134,17
2024-25,1610612745,HOU,0022401166,2025-04-09,HOU @ LAC,L,117,-17
2024-25,1610612756,PHX,0022401164,2025-04-09,PHX vs. OKC,L,112,-13
2024-25,1610612766,CHA,0022401158,2025-04-09,CHA @ TOR,L,96,-30
2024-25,1610612757,POR,0022401162,2025-04-09,POR @ UTA,L,126,-7
2024-25,1610612755,PHI,0022401157,2025-04-09,PHI @ WAS,W,122,19
2024-25,1610612761,TOR,0022401158,2025-04-09,TOR vs. CHA,W,126,30
2024-25,1610612740,NOP,0022401161,2025-04-10,NOP @ MIL,L,111,-25
2024-25,1610612763,MEM,0022401170,2025-04-10,MEM vs. MIN,L,125,-16
2024-25,1610612737,ATL,0022401169,2025-04-10,ATL @ BKN,W,133,24
2024-25,1610612765,DET,0022401167,2025-04-10,DET vs. NYK,W,115,9
2024-25,1610612739,CLE,0022401168,2025-04-10,CLE @ IND,L,112,-2
2024-25,1610612751,BKN,0022401169,2025-04-10,BKN vs. ATL,L,109,-24
2024-25,1610612754,IND,0022401168,2025-04-10,IND vs. CLE,W,114,2
2024-25,1610612749,MIL,0022401161,2025-04-10,MIL vs. NOP,W,136,25
2024-25,1610612750,MIN,0022401170,2025-04-10,MIN @ MEM,W,141,16
2024-25,1610612752,NYK,0022401167,2025-04-10,NYK @ DET,L,106,-9
2024-25,1610612745,HOU,0022401185,2025-04-11,HOU @ LAL,L,109,-31
2024-25,1610612740,NOP,0022401177,2025-04-11,NOP vs. MIA,L,104,-49
2024-25,1610612765,DET,0022401171,2025-04-11,DET vs. MIL,L,119,-6
2024-25,1610612751,BKN,0022401179,2025-04-11,BKN @ MIN,L,91,-26
2024-25,1610612750,MIN,0022401179,2025-04-11,MIN vs. BKN,W,117,26
2024-25,1610612739,CLE,0022401175,2025-04-11,CLE @ NYK,W,108,6
2024-25,1610612754,IND,0022401172,2025-04-11,IND vs. ORL,L,115,-14
2024-25,1610612753,ORL,0022401172,2025-04-11,ORL @ IND,W,129,14
2024-25,1610612737,ATL,0022401173,2025-04-11,ATL @ PHI,W,124,14
2024-25,1610612759,SAS,0022401182,2025-04-11,SAS @ PHX,L,98,-19
2024-25,1610612744,GSW,0022401183,2025-04-11,GSW @ POR,W,103,17
2024-25,1610612746,LAC,0022401184,2025-04-11,LAC @ SAC,W,101,1
2024-25,1610612756,PHX,0022401182,2025-04-11,PHX vs. SAS,W,117,19
2024-25,1610612755,PHI,0022401173,2025-04-11,PHI vs. ATL,L,110,-14
2024-25,1610612766,CHA,0022401174,2025-04-11,CHA @ BOS,L,94,-36
2024-25,1610612752,NYK,0022401175,2025-04-11,NYK vs. CLE,L,102,-6
2024-25,1610612748,MIA,0022401177,2025-04-11,MIA @ NOP,W,153,49
2024-25,1610612764,WAS,0022401176,2025-04-11,WAS @ CHI,L,89,-30
2024-25,1610612761,TOR,0022401178,2025-04-11,TOR @ DAL,L,102,-22
2024-25,1610612763,MEM,0022401180,2025-04-11,MEM @ DEN,L,109,-8
2024-25,1610612757,POR,0022401183,2025-04-11,POR vs. GSW,L,86,-17
2024-25,1610612747,LAL,0022401185,2025-04-11,LAL vs. HOU,W,140,31
2024-25,1610612758,SAC,0022401184,2025-04-11,SAC vs. LAC,L,100,-1
2024-25,1610612762,UTA,0022401181,2025-04-11,UTA vs. OKC,L,111,-34
2024-25,1610612742,DAL,0022401178,2025-04-11,DAL vs. TOR,W,124,22
2024-25,1610612760,OKC,0022401181,2025-04-11,OKC @ UTA,W,145,34
2024-25,1610612743,DEN,0022401180,2025-04-11,DEN vs. MEM,W,117,8
2024-25,1610612741,CHI,0022401176,2025-04-11,CHI vs. WAS,W,119,30
2024-25,1610612749,MIL,0022401171,2025-04-11,MIL @ DET,W,125,6
2024-25,1610612738,BOS,0022401174,2025-04-11,BOS vs. CHA,W,130,36
2024-25,1610612757,POR,0022401199,2025-04-13,POR vs. LAL,W,109,28
2024-25,1610612764,WAS,0022401190,2025-04-13,WAS @ MIA,W,119,1
2024-25,1610612765,DET,0022401192,2025-04-13,DET @ MIL,L,133,-7
2024-25,1610612762,UTA,0022401195,2025-04-13,UTA @ MIN,L,105,-11
2024-25,1610612752,NYK,0022401188,2025-04-13,NYK @ BKN,W,113,8
2024-25,1610612751,BKN,0022401188,2025-04-13,BKN vs. NYK,L,105,-8
2024-25,1610612737,ATL,0022401186,2025-04-13,ATL vs. ORL,W,117,12
2024-25,1610612739,CLE,0022401189,2025-04-13,CLE vs. IND,L,118,-8
2024-25,1610612741,CHI,0022401191,2025-04-13,CHI @ PHI,W,122,20
2024-25,1610612758,SAC,0022401200,2025-04-13,SAC vs. PHX,W,109,11
2024-25,1610612747,LAL,0022401199,2025-04-13,LAL @ POR,L,81,-28
2024-25,1610612756,PHX,0022401200,2025-04-13,PHX @ SAC,L,98,-11
2024-25,1610612761,TOR,0022401197,2025-04-13,TOR @ SAS,L,118,-7
2024-25,1610612753,ORL,0022401186,2025-04-13,ORL @ ATL,L,105,-12
2024-25,1610612766,CHA,0022401187,2025-04-13,CHA @ BOS,L,86,-7
2024-25,1610612754,IND,0022401189,2025-04-13,IND @ CLE,W,126,8
2024-25,1610612760,OKC,0022401196,2025-04-13,OKC @ NOP,W,115,15
2024-25,1610612755,PHI,0022401191,2025-04-13,PHI vs. CHI,L,102,-20
2024-25,1610612763,MEM,0022401194,2025-04-13,MEM vs. DAL,W,132,35
2024-25,1610612745,HOU,0022401193,2025-04-13,HOU vs. DEN,L,111,-15
2024-25,1610612746,LAC,0022401198,2025-04-13,LAC @ GSW,W,124,5
2024-25,1610612743,DEN,0022401193,2025-04-13,DEN @ HOU,W,126,15
2024-25,1610612744,GSW,0022401198,2025-04-13,GSW vs. LAC,L,119,-5
2024-25,1610612740,NOP,0022401196,2025-04-13,NOP vs. OKC,L,100,-15
2024-25,1610612759,SAS,0022401197,2025-04-13,SAS vs. TOR,W,125,7
2024-25,1610612750,MIN,0022401195,2025-04-13,MIN vs. UTA,W,116,11
2024-25,1610612742,DAL,0022401194,2025-04-13,DAL @ MEM,L,97,-35
2024-25,1610612748,MIA,0022401190,2025-04-13,MIA vs. WAS,L,118,-1
2024-25,1610612749,MIL,0022401192,2025-04-13,MIL vs. DET,W,140,7
2024-25,1610612738,BOS,0022401187,2025-04-13,BOS vs. CHA,W,93,7
