season,PLAYER_ID,PLAYER_NAME,TEAM_ID,TEAM_ABBREVIATION,AGE,GP,W,L,MIN,FGM,FGA,FG3M,FG3A,FTM,FTA,OREB,DREB,REB,AST,TOV,STL,BLK,BLKA,PF,PFD,PTS,PLUS_MINUS
2014-15,201985,AJ Price,1610612739,CLE,28.0,26,11,15,323.49,51,137,15,57,16,24,6,26,32,46,14,7,0,5,15,31,133,-64
2014-15,201166,Aaron Brooks,1610612741,CHI,30.0,82,50,32,1884.6133333333332,344,817,121,313,145,174,32,134,166,261,157,54,15,52,189,148,954,209
2014-15,203932,Aaron Gordon,1610612753,ORL,19.0,47,14,33,796.925,93,208,13,48,44,61,46,123,169,33,38,21,22,15,83,52,243,-163
2014-15,203940,Adreian Payne,1610612750,MIN,24.0,32,7,25,739.6383333333333,91,220,1,9,30,46,48,114,162,30,44,19,9,10,88,43,213,-244
2014-15,201143,Al Horford,1610612737,ATL,29.0,76,56,20,2318.1666666666665,519,965,11,36,107,141,131,413,544,244,100,68,98,37,121,126,1156,287
2014-15,2744,Al Jefferson,1610612766,CHA,30.0,65,25,40,1991.7733333333333,486,1010,2,5,108,165,99,449,548,113,68,47,84,53,139,137,1082,-116
2014-15,202329,Al-Farouq Aminu,1610612742,DAL,24.0,74,45,29,1365.7883333333334,147,357,34,124,84,118,114,228,342,59,55,70,62,22,137,94,412,105
2014-15,101187,Alan Anderson,1610612751,BKN,32.0,74,35,39,1744.2983333333334,195,440,73,210,82,101,31,173,204,83,60,56,5,29,148,128,545,-57
2014-15,202692,Alec Burks,1610612762,UTA,23.0,27,9,18,899.0716666666667,121,300,26,68,106,129,19,95,114,82,52,17,5,24,64,96,374,-129
2014-15,203945,Alex Kirk,1610612739,CLE,23.0,5,2,3,13.985,1,4,0,0,2,2,1,0,1,1,0,0,0,0,1,1,4,-14
2014-15,203458,Alex Len,1610612756,PHX,22.0,69,35,34,1518.0,179,353,1,3,73,104,142,312,454,32,74,34,105,31,213,101,432,-25
2014-15,203144,Alexey Shved,1610612752,NYK,26.0,42,10,32,767.24,133,335,47,139,121,150,23,76,99,106,48,30,6,26,48,99,434,-132
2014-15,201582,Alexis Ajinca,1610612740,NOP,27.0,68,41,27,956.5366666666666,181,329,0,0,81,99,104,211,315,47,69,21,51,18,151,91,443,-12
2014-15,203459,Allen Crabbe,1610612757,POR,23.0,51,36,15,682.9983333333333,63,153,30,85,12,16,7,66,73,39,15,19,15,2,74,19,168,-25
2014-15,202087,Alonzo Gee,1610612757,POR,28.0,54,21,33,661.4866666666667,87,186,13,35,54,77,37,57,94,25,33,35,7,24,58,47,241,-100
2014-15,2405,Amar'e Stoudemire,1610612742,DAL,32.0,59,19,40,1244.375,273,490,0,4,134,186,110,219,329,45,78,29,38,44,161,189,680,-54
2014-15,101161,Amir Johnson,1610612761,TOR,28.0,75,44,31,1978.75,298,519,19,46,79,129,159,297,456,117,110,44,59,52,225,130,694,59
2014-15,2760,Anderson Varejao,1610612739,CLE,32.0,26,16,10,635.6016666666667,111,200,0,2,33,45,57,113,170,35,35,19,16,16,58,48,255,5
2014-15,203958,Andre Dawkins,1610612748,MIA,23.0,4,2,2,21.678333333333335,1,6,1,6,0,0,0,2,2,1,1,0,0,0,3,0,3,-4
2014-15,203083,Andre Drummond,1610612765,DET,21.0,82,32,50,2501.858333333333,494,961,0,2,142,365,437,667,1104,55,120,73,153,58,285,274,1130,-57
2014-15,2738,Andre Iguodala,1610612744,GSW,31.0,77,64,13,2068.5933333333332,231,496,74,212,68,114,44,213,257,228,88,89,25,8,100,134,604,440
2014-15,1889,Andre Miller,1610612758,SAC,39.0,81,44,37,1253.2716666666668,145,290,7,34,58,77,37,116,153,284,104,32,6,29,103,88,355,-126
2014-15,203460,Andre Roberson,1610612760,OKC,23.0,67,41,26,1286.1133333333332,92,201,21,85,23,48,60,195,255,70,46,53,29,18,141,34,228,106
2014-15,200745,Andrea Bargnani,1610612752,NYK,29.0,29,5,24,785.3416666666667,164,361,15,41,87,107,32,95,127,46,42,2,27,7,53,102,430,-270
2014-15,1905,Andrei Kirilenko,1610612751,BKN,34.0,7,3,4,36.39666666666667,0,5,0,0,3,4,2,6,8,1,1,1,0,2,1,2,3,-29
2014-15,101106,Andrew Bogut,1610612744,GSW,30.0,67,58,9,1582.5333333333333,200,355,0,0,22,42,141,402,543,180,106,39,113,19,188,75,422,537
2014-15,203094,Andrew Nicholson,1610612753,ORL,25.0,40,14,26,492.0966666666667,83,190,13,41,15,25,17,65,82,22,24,6,12,2,51,35,194,-83
2014-15,203952,Andrew Wiggins,1610612750,MIN,20.0,82,16,66,2968.7966666666666,497,1137,39,126,354,466,134,240,374,170,177,86,50,67,190,376,1387,-553
2014-15,203461,Anthony Bennett,1610612750,MIN,22.0,57,12,45,893.825,125,297,7,23,41,64,52,164,216,48,36,27,16,20,87,51,298,-294
2014-15,203076,Anthony Davis,1610612740,NOP,22.0,68,39,29,2454.695,642,1199,1,12,371,461,173,523,696,149,95,100,200,57,141,377,1656,268
2014-15,201627,Anthony Morrow,1610612760,OKC,29.0,74,42,32,1805.6133333333332,285,615,141,325,79,89,40,155,195,60,38,54,11,15,135,84,790,224
2014-15,201229,Anthony Tolliver,1610612765,DET,30.0,76,36,40,1432.785,161,393,106,290,54,69,51,185,236,59,51,24,16,17,137,82,482,103
2014-15,203462,Archie Goodwin,1610612756,PHX,20.0,41,16,25,534.8316666666667,79,201,12,41,61,83,27,47,74,44,48,18,9,21,55,74,231,-163
2014-15,202620,Arinze Onuaku,1610612750,MIN,27.0,6,0,6,68.25833333333334,12,14,0,0,3,8,7,14,21,4,2,1,3,1,6,4,27,-18
2014-15,203382,Aron Baynes,1610612759,SAS,28.0,70,49,21,1122.34,185,327,1,4,90,104,109,209,318,35,65,16,22,34,162,114,461,136
2014-15,201167,Arron Afflalo,1610612757,POR,29.0,78,35,43,2501.548333333333,375,884,118,333,167,198,27,220,247,129,116,41,7,63,167,146,1035,-23
2014-15,201948,Austin Daye,1610612737,ATL,27.0,34,17,17,343.99333333333334,50,141,24,71,5,6,10,65,75,17,23,12,5,2,39,7,129,-43
2014-15,203085,Austin Rivers,1610612746,LAC,22.0,76,46,30,1562.99,203,496,39,131,85,126,27,125,152,155,65,48,14,25,146,103,530,-128
2014-15,202340,Avery Bradley,1610612738,BOS,24.0,77,37,40,2427.5466666666666,434,1013,124,352,79,100,46,195,241,135,109,82,15,49,177,92,1071,-87
2014-15,2732,Ben Gordon,1610612753,ORL,32.0,56,17,39,790.3716666666667,129,295,35,97,56,67,6,57,63,50,55,14,1,14,60,67,349,-137
2014-15,203463,Ben McLemore,1610612758,SAC,22.0,82,29,53,2670.105,363,831,140,391,130,160,31,210,241,140,138,77,19,37,219,131,996,-36
2014-15,2757,Beno Udrih,1610612763,MEM,32.0,79,55,24,1494.4666666666667,246,505,26,97,87,102,20,123,143,220,89,46,8,20,88,96,605,-4
2014-15,203108,Bernard James,1610612742,DAL,30.0,16,6,10,157.65333333333334,12,27,0,0,20,23,18,21,39,4,6,2,15,8,17,14,44,-9
2014-15,202687,Bismack Biyombo,1610612766,CHA,22.0,64,26,38,1243.1016666666667,101,186,0,0,102,175,159,248,407,16,52,18,99,26,140,140,304,-31
2014-15,201933,Blake Griffin,1610612746,LAC,26.0,67,47,20,2355.7883333333334,574,1144,10,25,311,427,126,382,508,354,152,63,35,50,196,392,1469,583
2014-15,202711,Bojan Bogdanovic,1610612751,BKN,26.0,78,36,42,1853.8583333333333,261,576,91,256,87,106,50,163,213,68,78,34,9,42,104,90,700,-178
2014-15,2564,Boris Diaw,1610612759,SAS,33.0,81,55,26,1984.3,291,632,54,169,72,93,78,270,348,233,126,36,23,26,148,109,708,291
2014-15,203078,Bradley Beal,1610612764,WAS,22.0,63,37,26,2107.4366666666665,363,851,106,259,130,166,57,184,241,194,123,76,18,49,136,144,962,192
2014-15,201148,Brandan Wright,1610612756,PHX,27.0,75,37,38,1448.5733333333333,233,363,0,3,78,112,128,193,321,41,34,50,94,23,102,94,544,-15
2014-15,101138,Brandon Bass,1610612738,BOS,30.0,82,40,42,1928.67,344,683,9,32,169,214,139,259,398,104,83,41,32,56,140,155,866,-177
2014-15,203561,Brandon Davies,1610612755,PHI,23.0,27,6,21,422.845,55,137,8,34,24,37,38,45,83,30,29,18,7,13,59,44,142,-161
2014-15,201943,Brandon Jennings,1610612765,DET,25.0,41,17,24,1172.8066666666666,218,543,76,211,120,143,21,83,104,272,90,44,4,28,64,127,632,33
2014-15,202688,Brandon Knight,1610612756,PHX,23.0,63,33,30,2035.1916666666666,375,888,125,321,195,223,28,216,244,330,189,90,10,37,114,222,1070,-78
2014-15,201575,Brandon Rush,1610612744,GSW,29.0,33,27,6,271.06333333333333,11,54,3,27,5,11,4,37,41,12,11,5,12,4,27,7,30,-124
2014-15,2217,Brendan Haywood,1610612739,CLE,35.0,22,14,8,119.03,14,30,0,0,7,13,6,23,29,2,10,2,10,3,17,10,35,-50
2014-15,203148,Brian Roberts,1610612766,CHA,29.0,72,30,42,1329.9366666666667,176,452,62,193,66,74,13,96,109,162,57,33,6,14,75,98,480,-87
2014-15,201572,Brook Lopez,1610612751,BKN,27.0,72,34,38,2100.275,506,987,1,10,223,274,214,321,535,50,104,43,126,49,206,236,1236,-104
2014-15,203998,Bruno Caboclo,1610612761,TOR,19.0,8,7,1,23.416666666666668,4,12,2,3,0,0,1,1,2,0,4,0,1,0,3,0,10,-27
2014-15,203955,Bryce Cotton,1610612762,UTA,22.0,15,9,6,159.38666666666666,29,69,7,20,15,18,3,15,18,15,12,4,0,4,6,15,80,0
2014-15,201228,C.J. Watson,1610612754,IND,31.0,57,25,32,1421.9516666666666,181,417,70,175,138,167,18,145,163,208,100,57,9,17,107,162,570,4
2014-15,203912,C.J. Wilcox,1610612746,LAC,24.0,21,15,6,100.56666666666666,16,38,7,19,2,2,1,6,7,8,10,3,1,1,7,3,41,-19
2014-15,203468,CJ McCollum,1610612757,POR,23.0,62,37,25,973.0983333333334,159,365,55,139,51,73,14,77,91,64,48,43,8,25,81,61,424,117
2014-15,101139,CJ Miles,1610612754,IND,28.0,70,31,39,1841.0616666666667,329,827,154,446,130,161,18,196,214,75,73,60,26,26,132,128,942,159
2014-15,203946,Cameron Bairstow,1610612741,CHI,24.0,18,12,6,63.531666666666666,3,14,0,0,4,5,6,2,8,1,3,2,1,2,8,3,10,-20
2014-15,201171,Carl Landry,1610612758,SAC,31.0,70,26,44,1191.7133333333334,190,369,0,0,123,150,99,169,268,26,54,15,17,42,132,115,503,-218
2014-15,2430,Carlos Boozer,1610612747,LAL,33.0,71,18,53,1691.71,371,743,0,0,94,150,111,371,482,95,92,41,12,64,184,109,836,-319
2014-15,2546,Carmelo Anthony,1610612752,NYK,31.0,40,10,30,1427.625,358,806,61,179,189,237,72,192,264,122,89,40,17,36,87,202,966,-108
2014-15,2406,Caron Butler,1610612765,DET,35.0,78,30,48,1623.4583333333333,161,396,83,219,55,61,21,175,196,79,49,43,4,8,120,45,460,-21
2014-15,201858,Cartier Martin,1610612765,DET,30.0,23,7,16,198.20666666666668,15,53,6,33,0,0,0,20,20,11,5,3,1,3,20,6,36,21
2014-15,202718,Chandler Parsons,1610612742,DAL,26.0,66,41,25,2186.175,383,829,132,347,139,193,64,259,323,161,96,69,19,37,140,185,1037,202
2014-15,101112,Channing Frye,1610612753,ORL,32.0,75,23,52,1869.7166666666667,191,487,136,346,31,35,27,266,293,94,78,47,39,9,191,79,549,-247
2014-15,101111,Charlie Villanueva,1610612742,DAL,30.0,64,37,27,678.1,150,362,83,221,20,35,30,119,149,19,28,15,22,10,64,25,403,-54
2014-15,201978,Chase Budinger,1610612750,MIN,27.0,67,8,59,1285.88,169,390,52,143,67,81,33,165,198,64,49,44,10,28,72,60,457,-261
2014-15,2365,Chris Andersen,1610612748,MIA,36.0,60,27,33,1131.71,120,207,4,13,76,114,76,223,299,43,40,26,61,21,88,106,320,-1
2014-15,2547,Chris Bosh,1610612748,MIA,31.0,44,19,25,1555.965,343,745,63,168,179,232,46,264,310,95,95,41,25,30,69,152,928,-99
2014-15,203142,Chris Copeland,1610612754,IND,31.0,50,19,31,827.485,112,310,52,167,33,45,23,88,111,51,59,11,11,23,78,48,309,-29
2014-15,201604,Chris Douglas-Roberts,1610612746,LAC,28.0,12,5,7,102.53833333333333,5,21,1,7,8,8,1,11,12,4,0,1,0,4,14,5,19,-15
2014-15,203187,Chris Johnson,1610612762,UTA,25.0,29,9,20,526.765,62,154,28,95,14,16,8,47,55,15,15,26,7,10,44,19,166,-31
2014-15,2549,Chris Kaman,1610612757,POR,33.0,74,47,27,1398.1716666666666,283,549,0,0,72,102,149,335,484,65,108,18,54,35,140,94,638,-7
2014-15,101108,Chris Paul,1610612746,LAC,30.0,82,56,26,2857.2433333333333,568,1170,139,349,289,321,52,324,376,838,190,156,15,21,203,299,1564,733
2014-15,101236,Chuck Hayes,1610612761,TOR,32.0,29,17,12,255.35166666666666,22,46,0,0,6,11,18,33,51,20,8,10,4,7,37,12,50,38
2014-15,203921,Cleanthony Early,1610612752,NYK,24.0,39,6,33,647.045,76,214,22,84,36,48,22,75,97,36,40,24,12,17,57,41,210,-163
2014-15,203991,Clint Capela,1610612745,HOU,21.0,12,8,4,89.63833333333334,14,29,0,0,4,23,10,26,36,2,5,1,9,4,14,13,32,8
2014-15,203469,Cody Zeller,1610612766,CHA,22.0,62,27,35,1486.685,172,373,1,1,127,164,97,265,362,100,62,34,49,43,156,147,472,16
2014-15,202332,Cole Aldrich,1610612752,NYK,26.0,61,11,50,976.2983333333333,144,301,0,0,50,64,101,237,338,75,59,37,65,15,122,64,338,-273
2014-15,201147,Corey Brewer,1610612745,HOU,29.0,80,42,38,2087.385,343,805,63,235,168,226,80,217,297,173,131,114,19,56,173,195,917,-31
2014-15,203928,Cory Jefferson,1610612751,BKN,24.0,50,18,32,531.1583333333333,75,167,2,15,31,54,47,98,145,16,20,10,21,16,61,40,183,76
2014-15,202709,Cory Joseph,1610612759,SAS,23.0,79,53,26,1443.6883333333333,207,411,16,44,105,143,44,148,192,188,67,46,17,32,105,140,535,173
2014-15,201584,Courtney Lee,1610612763,MEM,29.0,77,51,26,2354.4266666666667,288,643,90,224,111,129,21,157,178,151,78,75,12,18,129,70,777,120
2014-15,201571,D.J. Augustin,1610612760,OKC,27.0,82,37,45,1963.785,258,647,83,246,178,205,20,141,161,353,145,49,3,50,93,205,777,-72
2014-15,2563,Dahntay Jones,1610612746,LAC,34.0,33,23,10,123.33,6,21,0,4,9,11,1,10,11,2,1,3,0,1,23,11,21,-79
2014-15,203081,Damian Lillard,1610612757,POR,24.0,82,51,31,2924.565,590,1360,196,572,344,398,49,329,378,507,222,97,21,66,164,360,1720,305
2014-15,204014,Damjan Rudez,1610612754,IND,29.0,68,28,40,1047.395,119,263,69,170,16,23,8,39,47,53,47,16,5,5,79,25,323,33
2014-15,201568,Danilo Gallinari,1610612743,DEN,26.0,59,23,36,1425.8316666666667,228,568,107,301,171,191,31,187,218,83,57,47,20,33,94,182,734,18
2014-15,101122,Danny Granger,1610612756,PHX,32.0,30,11,19,612.7416666666667,65,162,30,84,28,37,20,60,80,17,24,13,6,9,67,31,188,-106
2014-15,201980,Danny Green,1610612759,SAS,28.0,81,55,26,2311.4883333333332,322,738,191,457,111,127,54,289,343,158,93,101,87,20,163,98,946,430
2014-15,201967,Dante Cunningham,1610612740,NOP,28.0,66,37,29,1652.185,155,339,1,10,29,47,70,186,256,50,35,46,37,24,101,39,340,-30
2014-15,203957,Dante Exum,1610612762,UTA,19.0,82,38,44,1817.05,145,416,83,264,20,32,27,104,131,198,118,41,14,3,147,68,393,93
2014-15,203121,Darius Miller,1610612740,NOP,25.0,5,1,4,43.36666666666667,1,7,0,1,0,0,0,1,1,2,1,1,0,0,8,0,2,-12
2014-15,202721,Darius Morris,1610612751,BKN,24.0,38,14,24,299.22833333333335,36,106,7,33,4,9,7,20,27,48,21,9,0,5,20,15,83,-63
2014-15,201589,Darrell Arthur,1610612743,DEN,27.0,58,22,36,987.855,155,384,26,110,46,59,53,118,171,57,47,48,26,10,146,53,382,-13
2014-15,201954,Darren Collison,1610612758,SAC,27.0,45,16,29,1564.7233333333334,260,550,60,161,145,184,19,124,143,252,112,67,14,25,95,143,725,35
2014-15,101135,David Lee,1610612744,GSW,32.0,49,37,12,904.3733333333333,160,313,0,2,68,104,81,176,257,85,49,31,26,21,83,71,388,25
2014-15,204065,David Stockton,1610612758,SAC,24.0,3,1,2,33.083333333333336,2,6,1,2,3,6,0,2,2,9,4,2,0,0,1,3,8,23
2014-15,204033,David Wear,1610612758,SAC,24.0,2,0,2,6.966666666666667,0,2,0,1,0,0,2,0,2,1,0,0,0,0,1,0,0,-9
2014-15,2561,David West,1610612754,IND,34.0,66,32,34,1895.31,323,686,4,20,119,161,108,341,449,223,120,48,48,25,160,154,769,-19
2014-15,201599,DeAndre Jordan,1610612746,LAC,26.0,82,56,26,2820.0416666666665,379,534,1,4,187,471,397,829,1226,61,109,81,183,16,245,378,946,622
2014-15,201971,DeJuan Blair,1610612764,WAS,26.0,29,15,14,180.36833333333334,26,57,0,0,4,6,16,40,56,3,13,7,1,7,41,8,56,-61
2014-15,201942,DeMar DeRozan,1610612761,TOR,25.0,60,37,23,2100.2716666666665,409,990,25,88,361,434,41,236,277,210,137,73,11,69,122,294,1204,131
2014-15,202326,DeMarcus Cousins,1610612758,SAC,24.0,59,23,36,2013.1816666666666,498,1066,2,8,423,541,185,562,747,210,254,90,103,109,241,517,1421,59
2014-15,201960,DeMarre Carroll,1610612737,ATL,28.0,70,53,17,2188.548333333333,318,653,120,304,127,181,99,273,372,118,75,94,17,39,154,157,883,207
2014-15,203471,Dennis Schröder,1610612737,ATL,21.0,77,57,20,1516.0566666666666,284,665,52,148,148,179,29,135,164,317,150,49,4,74,127,172,768,8
2014-15,101114,Deron Williams,1610612751,BKN,31.0,68,34,34,2114.036666666667,298,771,87,237,201,241,29,208,237,448,154,64,17,36,157,211,884,-14
2014-15,202324,Derrick Favors,1610612762,UTA,23.0,74,33,41,2279.61,482,918,1,6,222,332,196,411,607,112,121,60,123,69,210,244,1187,61
2014-15,201565,Derrick Rose,1610612741,CHI,26.0,51,33,18,1529.8816666666667,338,835,76,271,152,187,35,126,161,251,161,36,16,49,63,141,904,124
2014-15,202682,Derrick Williams,1610612758,SAC,24.0,74,27,47,1461.67,217,485,49,156,134,196,41,161,202,50,56,34,4,35,67,121,617,-261
2014-15,2734,Devin Harris,1610612742,DAL,32.0,76,45,31,1685.15,219,524,95,266,132,162,13,122,135,237,85,78,14,21,147,187,665,96
2014-15,203906,Devyn Marble,1610612753,ORL,22.0,16,3,13,208.16166666666666,14,44,4,22,5,16,5,26,31,17,9,9,2,3,14,10,37,-16
2014-15,203473,Dewayne Dedmon,1610612753,ORL,25.0,59,17,42,845.0616666666666,91,162,0,1,34,64,118,177,295,9,51,16,50,19,141,53,216,-23
2014-15,203079,Dion Waiters,1610612760,OKC,23.0,80,46,34,2208.05,375,946,73,246,117,172,41,151,192,163,113,90,21,52,155,145,940,57
2014-15,1717,Dirk Nowitzki,1610612742,DAL,37.0,77,47,30,2281.625,487,1062,104,274,255,289,44,413,457,143,82,39,33,23,160,304,1333,240
2014-15,202388,Donald Sloan,1610612754,IND,27.0,53,22,31,1106.74,145,355,41,131,60,77,12,131,143,190,65,23,0,32,47,66,391,-83
2014-15,202700,Donatas Motiejunas,1610612745,HOU,24.0,71,48,23,2036.9683333333332,353,700,49,133,100,166,137,284,421,130,123,56,34,42,203,226,855,100
2014-15,2748,Dorell Wright,1610612757,POR,29.0,48,28,20,592.4866666666667,72,190,41,108,34,42,14,97,111,41,18,20,11,3,55,38,219,77
2014-15,203926,Doug McDermott,1610612741,CHI,23.0,36,23,13,320.8333333333333,43,107,13,41,10,15,6,37,43,6,17,4,1,8,29,18,109,-82
2014-15,203110,Draymond Green,1610612744,GSW,25.0,79,64,15,2489.991666666667,339,765,111,329,132,200,114,533,647,291,133,123,99,33,253,204,921,839
2014-15,2400,Drew Gooden,1610612764,WAS,33.0,51,31,20,863.73,110,276,23,59,34,44,72,151,223,49,28,21,9,15,91,58,277,0
2014-15,204079,Drew Gordon,1610612755,PHI,24.0,9,0,9,71.185,8,19,0,3,1,2,7,11,18,2,8,1,0,1,7,7,17,-34
2014-15,202779,Dwight Buycks,1610612747,LAL,26.0,6,1,5,122.72833333333334,18,40,7,11,9,10,2,10,12,14,12,3,0,5,3,10,52,-24
2014-15,2730,Dwight Howard,1610612745,HOU,29.0,41,29,12,1222.7733333333333,251,423,1,2,143,271,110,321,431,50,115,28,53,37,137,230,646,216
2014-15,203939,Dwight Powell,1610612742,DAL,23.0,29,11,18,236.35166666666666,31,67,3,11,25,33,18,32,50,9,11,9,6,7,40,28,90,-1
2014-15,2548,Dwyane Wade,1610612748,MIA,33.0,62,28,34,1970.8766666666668,509,1084,29,102,284,370,58,161,219,299,209,73,21,42,105,257,1331,-58
2014-15,202734,E'Twaun Moore,1610612741,CHI,26.0,56,36,20,504.28833333333336,62,139,13,38,12,20,12,34,46,33,14,20,6,10,45,21,149,-27
2014-15,2853,Earl Barron,1610612756,PHX,33.0,16,5,11,142.83833333333334,12,39,2,4,6,12,14,14,28,5,5,4,2,2,26,11,32,-57
2014-15,201947,Earl Clark,1610612751,BKN,27.0,10,6,4,93.11666666666666,11,30,4,14,1,4,1,22,23,3,6,3,4,0,12,4,27,-28
2014-15,202334,Ed Davis,1610612747,LAL,26.0,79,20,59,1840.0333333333333,282,469,0,0,92,189,230,370,600,94,58,49,98,51,202,146,656,-265
2014-15,202327,Ekpe Udoh,1610612746,LAC,28.0,33,24,9,128.45,11,24,0,0,7,9,7,19,26,8,7,8,7,2,20,6,29,-11
2014-15,203901,Elfrid Payton,1610612753,ORL,21.0,82,25,57,2488.6666666666665,301,708,11,42,118,214,107,242,349,533,203,142,20,102,193,210,731,-204
2014-15,202407,Elijah Millsap,1610612762,UTA,27.0,47,25,22,923.5983333333334,81,238,28,90,58,86,28,122,150,58,67,56,16,28,124,69,248,56
2014-15,202343,Elliot Williams,1610612755,PHI,26.0,13,6,7,118.755,14,37,8,18,1,4,0,8,8,12,4,4,0,2,12,5,37,8
2014-15,1882,Elton Brand,1610612737,ATL,36.0,36,25,11,485.67333333333335,42,95,0,1,12,23,28,72,100,22,18,17,25,4,54,36,96,3
2014-15,202683,Enes Freedom,1610612760,OKC,23.0,75,32,43,2135.64,482,928,16,45,183,234,277,394,671,55,145,36,29,76,189,196,1163,-34
2014-15,202339,Eric Bledsoe,1610612756,PHX,25.0,81,39,42,2799.5733333333333,468,1046,88,272,353,441,72,351,423,493,274,127,45,51,189,384,1377,36
2014-15,201569,Eric Gordon,1610612740,NOP,26.0,61,35,26,2018.1116666666667,285,694,141,315,107,133,28,131,159,229,122,50,14,41,145,120,818,68
2014-15,203961,Eric Moreland,1610612758,SAC,23.0,3,0,3,2.078333333333333,1,1,0,0,0,0,0,1,1,0,0,0,0,0,1,0,2,1
2014-15,203475,Erick Green,1610612743,DEN,24.0,43,15,28,409.8883333333333,61,162,14,47,10,12,7,24,31,39,14,12,0,3,26,15,146,-81
2014-15,101141,Ersan Ilyasova,1610612749,MIL,28.0,58,26,32,1319.0066666666667,263,557,74,190,69,107,80,197,277,56,45,36,19,30,149,159,669,23
2014-15,203095,Evan Fournier,1610612753,ORL,22.0,58,19,39,1661.16,253,575,85,225,107,147,28,125,153,120,82,40,2,37,116,127,698,-146
2014-15,202323,Evan Turner,1610612738,BOS,26.0,82,40,42,2259.7166666666667,320,746,33,119,106,141,40,377,417,449,198,83,19,39,180,132,779,-101
2014-15,203105,Festus Ezeli,1610612744,GSW,25.0,46,39,7,503.625,76,139,0,0,49,78,60,95,155,9,32,7,42,17,77,62,201,14
2014-15,101128,Francisco Garcia,1610612745,HOU,33.0,14,10,4,200.40166666666667,17,63,10,45,1,4,3,14,17,15,10,9,5,2,20,10,45,-10
2014-15,203128,Furkan Aldemir,1610612755,PHI,23.0,41,9,32,540.4933333333333,40,78,0,5,13,27,78,98,176,28,17,17,16,10,96,37,93,-102
2014-15,203539,Gal Mekel,1610612742,DAL,27.0,4,2,2,43.48166666666667,3,20,0,3,0,0,0,1,1,13,2,2,0,3,1,1,6,2
2014-15,202066,Garrett Temple,1610612764,WAS,29.0,52,28,24,735.48,68,170,33,88,35,48,24,66,90,56,34,42,9,10,76,53,204,-49
2014-15,203914,Gary Harris,1610612743,DEN,20.0,55,18,37,718.955,66,217,21,103,35,47,21,43,64,29,38,39,7,19,71,41,188,-173
2014-15,202390,Gary Neal,1610612750,MIN,30.0,54,24,30,1192.3266666666666,188,503,50,164,117,135,14,115,129,100,65,23,1,25,88,101,543,-100
2014-15,201588,George Hill,1610612754,IND,29.0,43,26,17,1267.1283333333333,255,535,69,193,113,143,25,154,179,220,69,44,14,26,111,148,692,161
2014-15,101123,Gerald Green,1610612756,PHX,29.0,74,34,40,1446.1833333333334,324,778,137,387,99,120,33,153,186,91,104,42,12,15,145,108,884,-2
2014-15,201945,Gerald Henderson,1610612766,CHA,27.0,80,32,48,2315.055,370,847,45,136,184,217,36,237,273,206,110,51,22,34,135,222,969,-32
2014-15,2222,Gerald Wallace,1610612738,BOS,32.0,32,15,17,286.1483333333333,14,34,1,3,6,15,17,40,57,11,18,15,4,5,19,23,35,29
2014-15,203507,Giannis Antetokounmpo,1610612749,MIL,20.0,81,41,40,2540.59,383,780,7,44,257,347,100,442,542,207,173,73,85,65,254,286,1030,8
2014-15,203540,Gigi Datome,1610612738,BOS,27.0,21,11,10,209.21833333333333,43,89,18,40,1,1,3,26,29,9,9,2,7,0,15,8,105,68
2014-15,201175,Glen Davis,1610612746,LAC,29.0,74,52,22,904.0383333333333,117,255,0,4,60,95,43,126,169,39,39,41,21,28,132,81,294,-81
2014-15,203318,Glen Rice,1610612764,WAS,24.0,5,4,1,42.60333333333333,3,15,1,7,4,6,2,2,4,2,2,0,0,1,11,7,11,-22
2014-15,203922,Glenn Robinson III,1610612755,PHI,21.0,35,2,33,260.77166666666665,26,67,5,19,16,24,15,24,39,11,11,6,1,3,15,16,73,27
2014-15,201609,Goran Dragic,1610612748,MIA,29.0,78,41,37,2640.0233333333335,502,1002,90,259,181,234,81,193,274,350,173,78,15,49,195,227,1275,20
2014-15,202330,Gordon Hayward,1610612762,UTA,25.0,76,35,41,2617.51,484,1087,120,330,375,462,54,319,373,313,206,108,30,60,131,374,1463,105
2014-15,203476,Gorgui Dieng,1610612750,MIN,25.0,73,16,57,2193.028333333333,259,512,1,6,191,244,223,386,609,146,126,71,126,61,188,199,710,-383
2014-15,203511,Grant Jerrett,1610612762,UTA,21.0,8,6,2,50.931666666666665,7,26,1,15,1,1,2,7,9,3,3,2,2,0,11,1,16,-20
2014-15,202328,Greg Monroe,1610612765,DET,25.0,69,25,44,2137.1966666666667,423,853,0,0,252,336,229,475,704,142,149,78,34,85,148,276,1098,-24
2014-15,202962,Greg Smith,1610612742,DAL,24.0,42,27,15,362.805,30,49,0,0,20,39,26,53,79,9,11,7,11,9,53,26,80,-25
2014-15,201880,Greg Stiemsma,1610612761,TOR,29.0,17,13,4,65.60166666666667,6,8,0,0,2,4,9,6,15,3,7,2,0,0,15,3,14,-27
2014-15,202349,Greivis Vasquez,1610612761,TOR,28.0,82,49,33,1990.645,296,725,133,351,50,66,22,194,216,302,119,46,10,29,177,83,775,72
2014-15,203084,Harrison Barnes,1610612744,GSW,23.0,82,67,15,2318.3316666666665,316,656,87,215,108,150,117,336,453,116,71,61,19,32,146,118,827,531
2014-15,202355,Hassan Whiteside,1610612748,MIA,26.0,48,18,30,1142.2066666666667,243,387,0,0,78,156,145,337,482,6,58,27,123,30,129,146,564,-57
2014-15,2045,Hedo Turkoglu,1610612746,LAC,36.0,62,42,20,704.6083333333333,83,188,60,139,6,11,5,94,99,37,29,19,7,0,66,19,232,14
2014-15,203156,Henry Sims,1610612755,PHI,25.0,73,14,59,1398.6116666666667,238,502,4,22,106,137,121,238,359,79,99,39,30,30,135,112,586,-327
2014-15,201611,Henry Walker,1610612748,MIA,27.0,24,12,12,627.5483333333333,58,168,45,132,14,18,7,75,82,29,24,24,9,9,76,23,175,0
2014-15,203138,Hollis Thompson,1610612755,PHI,24.0,71,13,58,1775.97,224,543,115,287,63,89,53,145,198,85,66,57,26,25,141,73,626,-340
2014-15,203546,Ian Clark,1610612743,DEN,24.0,30,9,21,192.19166666666666,19,55,10,30,9,9,4,12,16,12,9,9,3,3,20,8,57,-41
2014-15,101133,Ian Mahinmi,1610612754,IND,28.0,61,28,33,1145.8516666666667,117,212,0,0,31,102,105,251,356,33,59,30,46,16,172,107,265,-6
2014-15,202697,Iman Shumpert,1610612739,CLE,25.0,62,34,28,1544.63,193,471,67,196,43,64,55,169,224,135,91,81,16,13,138,89,496,62
2014-15,203477,Isaiah Canaan,1610612755,PHI,24.0,47,24,23,937.955,146,378,91,246,49,60,18,69,87,98,62,29,3,28,83,60,432,-60
2014-15,202738,Isaiah Thomas,1610612738,BOS,26.0,67,40,27,1726.055,335,796,129,346,302,348,33,120,153,284,143,57,5,54,150,273,1101,177
2014-15,202397,Ish Smith,1610612755,PHI,26.0,55,24,31,831.4566666666667,143,367,18,60,34,57,15,85,100,180,78,36,6,20,50,65,338,-102
2014-15,200826,J.J. Barea,1610612742,DAL,31.0,77,49,28,1361.685,225,536,54,167,76,94,23,111,134,263,70,33,1,33,104,112,580,123
2014-15,201581,JJ Hickson,1610612743,DEN,26.0,73,26,47,1411.2733333333333,218,459,0,2,116,201,150,302,452,57,96,36,35,56,136,138,552,-232
2014-15,200755,JJ Redick,1610612746,LAC,31.0,78,55,23,2409.0783333333334,447,938,200,458,183,203,22,145,167,137,95,39,8,26,134,162,1277,626
2014-15,2747,JR Smith,1610612739,CLE,29.0,70,38,32,2079.4566666666665,315,755,163,426,54,72,30,188,218,195,97,82,22,16,163,80,847,160
2014-15,203960,JaKarr Sampson,1610612755,PHI,22.0,74,17,57,1131.1833333333334,146,346,31,127,63,94,35,128,163,77,76,38,26,33,135,78,386,-335
2014-15,203210,JaMychal Green,1610612763,MEM,25.0,24,10,14,163.93,27,47,0,6,8,10,19,26,45,4,14,5,5,3,25,9,62,-25
2014-15,201580,JaVale McGee,1610612743,DEN,27.0,23,8,15,256.02166666666665,42,79,0,0,22,33,18,43,61,3,18,2,20,9,30,29,106,-70
2014-15,203913,Jabari Brown,1610612747,LAL,22.0,19,4,15,568.3616666666667,70,170,23,62,64,85,3,33,36,40,32,12,2,12,33,64,227,-128
2014-15,203953,Jabari Parker,1610612749,MIL,20.0,25,13,12,738.435,129,263,4,16,46,66,50,88,138,42,47,31,5,21,42,61,308,-114
2014-15,204022,Jack Cooley,1610612762,UTA,24.0,16,10,6,87.145,9,22,0,0,9,21,10,15,25,1,3,6,3,2,23,17,27,-5
2014-15,203109,Jae Crowder,1610612738,BOS,24.0,82,47,35,1646.6283333333333,229,545,61,208,109,141,72,221,293,94,49,72,25,25,137,117,628,73
2014-15,203479,Jamaal Franklin,1610612743,DEN,23.0,3,1,2,13.178333333333333,1,2,1,2,0,0,1,1,2,3,3,0,1,0,4,1,3,-9
2014-15,2037,Jamal Crawford,1610612746,LAC,35.0,64,44,20,1703.0366666666666,332,839,119,364,227,252,18,106,124,158,92,59,14,21,108,164,1010,83
2014-15,2749,Jameer Nelson,1610612743,DEN,33.0,63,25,38,1406.015,205,504,89,258,24,36,33,113,146,253,109,47,6,20,136,71,523,-13
2014-15,203516,James Ennis III,1610612748,MIA,24.0,62,27,35,1051.41,101,247,31,95,79,94,51,125,176,48,39,25,17,25,89,71,312,-6
2014-15,201935,James Harden,1610612745,HOU,25.0,81,56,25,2980.865,647,1470,208,555,715,824,75,384,459,565,321,154,60,106,208,542,2217,335
2014-15,201949,James Johnson,1610612761,TOR,28.0,70,40,30,1369.9533333333334,238,404,11,51,67,102,61,196,257,95,79,54,70,24,155,80,554,147
2014-15,2592,James Jones,1610612739,CLE,34.0,57,35,22,669.3716666666667,74,201,63,175,39,46,9,53,62,24,13,13,8,3,67,42,250,-111
2014-15,203949,James Michael McAdoo,1610612744,GSW,22.0,15,11,4,137.17,24,44,0,0,14,25,15,22,37,2,6,5,9,3,21,20,62,9
2014-15,203923,James Young,1610612738,BOS,19.0,31,14,17,332.075,36,102,17,66,16,29,9,33,42,13,5,8,2,1,22,18,105,5
2014-15,2457,Jannero Pargo,1610612766,CHA,35.0,9,2,7,73.185,15,35,9,22,2,2,0,3,3,8,3,0,0,1,8,5,41,-2
2014-15,203099,Jared Cunningham,1610612746,LAC,24.0,19,12,7,89.00333333333333,12,33,4,13,7,13,1,8,9,10,7,3,0,2,12,9,35,-5
2014-15,201162,Jared Dudley,1610612749,MIL,29.0,72,39,33,1716.7533333333333,198,423,74,192,48,67,45,175,220,130,62,72,11,16,113,85,518,105
2014-15,203096,Jared Sullinger,1610612738,BOS,23.0,58,26,32,1566.3483333333334,311,708,52,184,96,129,147,294,441,134,78,44,42,36,153,128,770,-23
2014-15,203950,Jarnell Stokes,1610612763,MEM,21.0,19,12,7,126.14166666666667,21,37,0,0,15,28,16,18,34,4,7,5,5,6,25,22,57,16
2014-15,101127,Jarrett Jack,1610612751,BKN,31.0,80,36,44,2240.8783333333336,359,817,39,146,200,227,19,226,245,373,191,75,13,28,143,193,957,-314
2014-15,101131,Jason Maxiell,1610612766,CHA,32.0,61,22,39,877.9033333333333,81,192,0,0,41,71,86,117,203,19,29,18,44,19,96,86,203,-155
2014-15,2202,Jason Richardson,1610612755,PHI,34.0,19,4,15,416.46166666666664,62,178,31,96,17,22,13,53,66,38,16,13,3,2,28,22,172,-71
2014-15,201160,Jason Smith,1610612752,NYK,29.0,82,17,65,1784.8666666666666,257,592,15,42,127,153,98,226,324,140,104,32,44,33,205,153,656,-424
2014-15,1891,Jason Terry,1610612745,HOU,37.0,77,53,24,1641.26,188,446,126,323,39,48,15,106,121,147,74,66,19,7,116,32,541,139
2014-15,201574,Jason Thompson,1610612758,SAC,28.0,81,29,52,1990.995,201,428,0,1,89,143,139,391,530,85,84,33,57,35,239,133,491,-186
2014-15,202399,Jeff Adrien,1610612745,HOU,29.0,17,1,16,215.33166666666668,19,44,0,0,22,38,23,54,77,15,9,4,9,9,30,38,60,-14
2014-15,201965,Jeff Ayres,1610612759,SAS,28.0,51,33,18,382.77,55,95,0,0,27,36,37,80,117,14,26,8,8,3,60,32,137,-54
2014-15,201145,Jeff Green,1610612763,MEM,28.0,78,41,37,2454.7733333333335,416,967,97,292,239,287,64,264,328,134,108,53,34,66,147,222,1168,-135
2014-15,201952,Jeff Teague,1610612737,ATL,27.0,73,53,20,2227.8616666666667,408,887,71,207,275,319,30,154,184,513,205,125,31,68,139,293,1162,388
2014-15,203481,Jeff Withey,1610612740,NOP,25.0,37,17,20,258.585,32,64,0,0,34,50,23,41,64,11,12,4,18,15,26,37,98,-42
2014-15,203106,Jeffery Taylor,1610612766,CHA,26.0,29,11,18,430.40833333333336,45,114,11,36,26,41,14,39,53,22,19,12,1,14,36,30,127,-127
2014-15,203924,Jerami Grant,1610612755,PHI,21.0,65,18,47,1376.5483333333334,124,352,49,156,114,193,49,149,198,79,85,40,68,35,144,139,411,-176
2014-15,202077,Jerel McNeal,1610612756,PHX,28.0,6,1,5,36.333333333333336,3,11,1,2,2,2,0,3,3,2,5,3,1,1,5,2,9,-3
2014-15,202379,Jeremy Evans,1610612762,UTA,27.0,38,19,19,265.81333333333333,32,58,2,5,24,29,26,45,71,13,5,11,12,4,29,25,90,32
2014-15,203087,Jeremy Lamb,1610612760,OKC,23.0,47,27,20,632.6633333333333,104,250,38,111,49,55,8,99,107,44,27,21,6,7,52,41,295,-72
2014-15,202391,Jeremy Lin,1610612747,LAL,26.0,74,19,55,1906.7233333333334,277,654,65,176,213,268,26,170,196,339,166,82,32,52,189,277,832,-253
2014-15,202366,Jerome Jordan,1610612751,BKN,28.0,44,17,27,383.00666666666666,50,94,0,0,38,44,52,53,105,13,22,8,15,15,58,31,138,-76
2014-15,203968,Jerrelle Benimon,1610612743,DEN,23.0,2,2,0,2.723333333333333,0,0,0,0,0,0,1,2,3,0,1,0,0,0,0,0,0,6
2014-15,201573,Jerryd Bayless,1610612749,MIL,26.0,77,39,38,1717.3783333333333,220,516,37,120,121,137,22,189,211,233,133,59,12,27,163,123,598,-14
2014-15,202690,Jimmer Fredette,1610612740,NOP,26.0,50,27,23,508.9633333333333,63,166,9,48,43,45,8,32,40,58,33,15,2,6,43,39,178,42
2014-15,202710,Jimmy Butler III,1610612741,CHI,25.0,65,40,25,2513.4733333333334,421,912,73,193,386,463,114,265,379,212,93,114,36,59,108,341,1301,238
2014-15,201149,Joakim Noah,1610612741,CHI,30.0,67,39,28,2048.645,190,427,0,2,105,174,219,427,646,312,123,48,74,44,203,170,485,78
2014-15,201975,Jodie Meeks,1610612765,DET,27.0,60,29,31,1462.3716666666667,222,534,74,212,145,160,12,92,104,79,57,59,6,20,76,121,663,-95
2014-15,203925,Joe Harris,1610612739,CLE,23.0,51,32,19,492.99,48,120,31,84,9,15,7,34,41,26,27,7,2,4,62,11,136,-103
2014-15,204060,Joe Ingles,1610612762,UTA,27.0,79,36,43,1672.6033333333332,147,354,72,202,30,40,22,153,175,182,98,72,10,8,124,61,396,-49
2014-15,2207,Joe Johnson,1610612751,BKN,34.0,80,38,42,2790.8733333333334,446,1025,121,337,141,176,53,331,384,292,137,59,14,24,120,177,1154,-121
2014-15,201202,Joel Anthony,1610612765,DET,32.0,49,25,24,406.44,36,62,0,0,15,22,32,61,93,5,12,12,49,4,55,17,87,12
2014-15,200777,Joel Freeland,1610612757,POR,28.0,48,34,14,616.655,74,151,0,0,21,25,62,129,191,16,23,9,23,6,93,36,169,62
2014-15,201595,Joey Dorsey,1610612745,HOU,31.0,69,48,21,854.33,80,145,0,1,24,83,103,176,279,25,41,40,25,25,157,61,184,15
2014-15,203530,Joffrey Lauvergne,1610612743,DEN,23.0,24,9,15,267.9533333333333,36,89,3,16,18,28,27,50,77,13,22,8,10,14,43,22,93,-112
2014-15,203089,John Henson,1610612749,MIL,24.0,67,35,32,1228.465,196,346,0,0,78,137,124,188,312,59,87,28,135,19,152,114,470,-76
2014-15,203098,John Jenkins,1610612737,ATL,24.0,24,13,11,297.12333333333333,49,99,21,52,16,19,2,37,39,13,8,10,0,5,15,19,135,-25
2014-15,101249,John Lucas III,1610612765,DET,32.0,21,8,13,271.735,42,104,9,29,5,5,4,12,16,60,16,8,0,2,18,9,98,-47
2014-15,2422,John Salmons,1610612740,NOP,35.0,21,9,12,269.695,16,48,8,26,2,4,4,17,21,13,5,9,4,0,25,5,42,-63
2014-15,202322,John Wall,1610612764,WAS,24.0,79,45,34,2836.5333333333333,519,1166,65,217,284,362,36,330,366,792,304,138,45,44,180,285,1387,280
2014-15,203948,Johnny O'Bryant III,1610612749,MIL,22.0,34,17,17,367.62666666666667,44,120,0,0,12,27,26,38,64,17,25,5,4,10,44,24,100,-99
2014-15,202720,Jon Leuer,1610612763,MEM,26.0,63,45,18,824.0133333333333,121,273,7,29,37,59,50,157,207,46,35,17,9,15,86,48,286,-28
2014-15,201973,Jonas Jerebko,1610612738,BOS,28.0,75,37,38,1230.16,169,379,54,140,56,66,93,189,282,71,44,46,18,16,135,63,448,139
2014-15,202685,Jonas Valanciunas,1610612761,TOR,23.0,80,47,33,2095.9133333333334,373,652,0,1,217,276,215,478,693,39,109,33,95,63,222,235,963,-27
2014-15,203919,Jordan Adams,1610612763,MEM,20.0,30,14,16,248.41833333333332,35,86,10,25,14,23,9,19,28,16,14,16,7,8,24,20,94,17
2014-15,203903,Jordan Clarkson,1610612747,LAL,23.0,59,11,48,1475.8233333333333,267,596,38,121,131,158,56,135,191,206,96,51,12,39,109,135,703,-241
2014-15,200770,Jordan Farmar,1610612746,LAC,28.0,36,23,13,529.44,61,158,35,97,10,11,8,34,42,67,32,20,5,3,52,24,167,-44
2014-15,202706,Jordan Hamilton,1610612746,LAC,24.0,14,10,4,122.07,14,35,10,21,0,0,2,14,16,7,4,2,0,2,14,0,38,-29
2014-15,201941,Jordan Hill,1610612747,LAL,27.0,70,19,51,1874.29,357,777,3,11,124,168,174,382,556,103,106,34,52,30,164,130,841,-398
2014-15,203268,Jorge Gutierrez,1610612749,MIL,26.0,20,10,10,174.405,22,41,0,3,9,13,5,20,25,22,12,6,0,1,25,14,53,-27
2014-15,101181,Jose Calderon,1610612752,NYK,33.0,42,7,35,1270.2283333333332,147,354,59,142,29,32,19,105,124,198,75,31,0,12,76,36,382,-340
2014-15,201177,Josh McRoberts,1610612748,MIA,28.0,17,8,9,295.8933333333333,28,53,8,19,8,13,7,38,45,33,22,12,3,5,41,14,72,32
2014-15,2746,Josh Smith,1610612745,HOU,29.0,83,41,42,2300.5216666666665,414,987,72,228,127,255,152,378,530,277,206,87,116,48,228,194,1027,14
2014-15,201950,Jrue Holiday,1610612740,NOP,25.0,40,20,20,1303.0033333333333,238,534,51,135,65,76,32,103,135,274,91,63,23,31,110,70,592,99
2014-15,203944,Julius Randle,1610612747,LAL,20.0,1,0,1,13.566666666666666,1,3,0,0,0,2,0,0,0,0,1,0,0,0,1,1,2,-18
2014-15,203120,Justin Hamilton,1610612750,MIN,25.0,41,6,35,712.5566666666666,85,178,10,31,39,47,57,77,134,36,26,27,30,11,70,57,219,-175
2014-15,203200,Justin Holiday,1610612744,GSW,26.0,59,49,10,657.4533333333334,91,235,35,109,37,45,12,61,73,48,29,40,12,11,54,33,254,-13
2014-15,203994,Jusuf Nurkić,1610612743,DEN,20.0,62,21,41,1103.2583333333334,171,383,0,2,84,132,125,257,382,50,86,52,68,38,207,119,426,-6
2014-15,203909,KJ McDaniels,1610612745,HOU,22.0,62,19,43,1351.895,172,434,43,150,100,133,65,135,200,72,105,44,70,33,126,96,487,-259
2014-15,203564,Kalin Lucas,1610612763,MEM,26.0,1,0,1,5.53,0,1,0,0,0,0,0,0,0,0,0,1,0,0,1,0,0,-7
2014-15,202695,Kawhi Leonard,1610612759,SAS,24.0,64,46,18,2032.9,394,822,67,192,202,252,85,376,461,161,97,148,48,33,128,212,1057,440
2014-15,203482,Kelly Olynyk,1610612738,BOS,24.0,64,31,33,1423.4466666666667,251,528,61,175,93,136,92,211,303,109,98,64,39,31,213,142,656,228
2014-15,202689,Kemba Walker,1610612766,CHA,25.0,62,21,41,2118.6033333333335,378,981,85,280,234,283,35,185,220,318,100,89,31,76,92,268,1075,-188
2014-15,203088,Kendall Marshall,1610612749,MIL,23.0,28,13,15,417.45,46,101,18,46,8,9,2,26,28,86,35,21,0,6,26,21,118,55
2014-15,2570,Kendrick Perkins,1610612739,CLE,30.0,68,38,30,1148.2933333333333,102,227,0,1,42,83,91,229,320,51,95,16,42,27,162,80,246,21
2014-15,202702,Kenneth Faried,1610612743,DEN,25.0,75,30,45,2085.905,373,736,1,8,199,288,242,426,668,89,118,62,57,68,211,289,946,-38
2014-15,203145,Kent Bazemore,1610612737,ATL,25.0,75,53,22,1323.49,141,331,48,132,60,100,21,201,222,78,73,52,33,23,127,87,390,-99
2014-15,203484,Kentavious Caldwell-Pope,1610612765,DET,22.0,82,32,50,2586.805,390,972,153,444,110,158,46,209,255,109,94,93,18,32,161,142,1043,70
2014-15,2030,Kenyon Martin,1610612749,MIL,37.0,11,7,4,104.065,9,22,0,0,2,2,6,13,19,5,3,5,6,3,13,1,20,-9
2014-15,201142,Kevin Durant,1610612760,OKC,26.0,27,18,9,912.615,238,467,64,159,146,171,16,162,178,110,74,24,25,8,40,133,686,168
2014-15,708,Kevin Garnett,1610612750,MIN,39.0,47,20,27,952.4616666666667,143,306,1,7,36,45,48,263,311,77,46,46,17,5,109,59,323,-24
2014-15,201567,Kevin Love,1610612739,CLE,26.0,75,50,25,2531.765,413,952,144,392,258,321,142,589,731,168,122,51,39,56,140,275,1228,399
2014-15,2755,Kevin Martin,1610612750,MIN,32.0,39,11,28,1302.4666666666667,267,625,75,191,170,193,19,123,142,89,76,33,1,24,76,125,779,-253
2014-15,202338,Kevin Seraphin,1610612764,WAS,25.0,79,45,34,1235.1366666666668,231,450,0,2,58,82,87,201,288,59,98,10,59,18,197,87,520,-159
2014-15,203114,Khris Middleton,1610612749,MIL,23.0,79,40,39,2378.1183333333333,406,869,109,268,134,156,48,299,347,182,113,122,11,33,183,134,1055,320
2014-15,2550,Kirk Hinrich,1610612741,CHI,34.0,66,37,29,1609.9666666666667,142,381,58,168,35,50,20,101,121,148,73,46,14,28,144,67,377,40
2014-15,202691,Klay Thompson,1610612744,GSW,25.0,77,64,13,2454.59,602,1299,239,545,225,256,27,220,247,222,149,87,60,52,122,196,1668,776
2014-15,977,Kobe Bryant,1610612747,LAL,36.0,35,10,25,1206.8683333333333,266,713,54,184,196,241,26,173,199,197,128,47,7,27,65,178,782,-294
2014-15,201585,Kosta Koufos,1610612763,MEM,26.0,81,55,26,1348.2466666666667,182,358,0,0,55,85,121,305,426,37,69,29,63,22,148,92,419,99
2014-15,203123,Kostas Papanikolaou,1610612745,HOU,24.0,43,29,14,795.43,69,197,31,106,13,18,39,79,118,85,55,29,13,13,71,29,182,-37
2014-15,2743,Kris Humphries,1610612764,WAS,30.0,64,37,27,1344.9566666666667,211,446,0,7,87,117,118,298,416,57,46,34,25,25,130,130,509,-87
2014-15,203937,Kyle Anderson,1610612759,SAS,21.0,33,22,11,358.08,31,89,3,11,9,14,5,67,72,28,10,15,7,6,28,14,74,-35
2014-15,2594,Kyle Korver,1610612737,ATL,34.0,75,58,17,2417.7816666666668,292,600,221,449,106,118,15,289,304,196,107,52,42,12,140,120,911,624
2014-15,200768,Kyle Lowry,1610612761,TOR,29.0,70,43,27,2414.4,430,1043,132,391,252,312,54,274,328,473,173,109,13,58,212,296,1244,202
2014-15,203124,Kyle O'Quinn,1610612753,ORL,25.0,51,15,36,823.9066666666666,119,242,12,43,44,57,46,153,199,59,55,31,39,11,110,52,294,-123
2014-15,202713,Kyle Singler,1610612760,OKC,27.0,80,36,44,1743.6383333333333,172,446,96,241,40,52,33,161,194,85,55,47,21,27,153,65,480,-94
2014-15,202681,Kyrie Irving,1610612739,CLE,23.0,75,52,23,2729.8633333333332,578,1235,157,378,315,365,55,182,237,389,186,114,20,63,146,284,1628,422
2014-15,200746,LaMarcus Aldridge,1610612757,POR,29.0,71,48,23,2511.588333333333,659,1415,37,105,306,362,177,549,726,124,122,48,68,37,125,288,1661,338
2014-15,202362,Lance Stephenson,1610612766,CHA,24.0,61,23,38,1573.2383333333332,207,550,18,105,69,110,39,238,277,240,128,38,8,29,134,113,501,-217
2014-15,202498,Lance Thomas,1610612752,NYK,27.0,62,20,42,1490.645,182,442,7,22,72,99,65,130,195,69,74,37,8,35,101,88,443,-342
2014-15,202361,Landry Fields,1610612761,TOR,27.0,26,16,10,216.47333333333333,20,41,1,2,5,6,10,16,26,15,8,11,0,2,9,8,46,-78
2014-15,204038,Langston Galloway,1610612752,NYK,23.0,45,12,33,1457.4033333333334,204,511,62,176,63,78,37,153,190,150,61,52,12,22,129,89,533,-271
2014-15,203580,Larry Drew II,1610612755,PHI,25.0,12,4,8,219.10666666666665,20,58,4,26,2,3,1,14,15,45,25,6,0,0,13,18,46,-73
2014-15,202336,Larry Sanders,1610612749,MIL,26.0,27,12,15,585.5616666666666,86,172,0,0,24,48,67,99,166,23,28,26,39,17,104,37,196,-90
2014-15,202730,Lavoy Allen,1610612754,IND,26.0,63,29,34,1070.0483333333334,141,299,0,0,33,47,123,200,323,73,40,15,42,10,102,51,315,88
2014-15,2544,LeBron James,1610612739,CLE,30.0,69,50,19,2493.4216666666666,624,1279,120,339,375,528,51,365,416,511,272,109,49,48,135,412,1743,541
2014-15,2571,Leandro Barbosa,1610612744,GSW,32.0,66,54,12,982.1566666666666,183,386,43,112,58,74,23,68,91,99,44,41,8,16,87,60,467,-5
2014-15,201991,Lester Hudson,1610612746,LAC,30.0,5,5,0,55.553333333333335,6,14,3,6,3,4,1,7,8,5,3,6,1,1,4,3,18,-6
2014-15,203485,Lorenzo Brown,1610612750,MIN,24.0,29,6,23,548.6133333333333,52,122,6,28,12,19,14,56,70,90,30,28,6,9,49,18,122,-94
2014-15,200811,Lou Amundson,1610612752,NYK,32.0,53,17,36,937.2516666666667,109,255,0,1,41,87,94,174,268,70,62,22,52,27,126,80,259,-148
2014-15,101150,Lou Williams,1610612761,TOR,28.0,80,48,32,2015.515,375,928,152,447,340,395,24,127,151,164,101,88,10,45,103,256,1242,298
2014-15,201601,Luc Mbah a Moute,1610612755,PHI,28.0,67,16,51,1916.3766666666668,251,636,62,202,96,163,82,246,328,106,99,81,21,53,104,130,660,-365
2014-15,203512,Lucas Nogueira,1610612761,TOR,22.0,6,3,3,23.05,2,8,0,0,2,4,2,9,11,1,2,2,0,0,6,2,6,-11
2014-15,2449,Luis Scola,1610612754,IND,35.0,81,37,44,1659.0633333333333,300,642,5,20,158,226,138,388,526,105,94,47,18,45,192,215,763,36
2014-15,202337,Luke Babbitt,1610612740,NOP,26.0,63,34,29,829.5733333333334,92,192,59,115,13,19,12,99,111,24,26,17,11,11,63,19,256,-102
2014-15,2557,Luke Ridnour,1610612753,ORL,34.0,47,13,34,682.925,75,176,20,63,18,21,8,60,68,96,38,20,4,3,67,47,188,-129
2014-15,2736,Luol Deng,1610612748,MIA,30.0,72,33,39,2420.556666666667,369,787,78,220,191,251,103,273,376,139,108,65,22,42,109,195,1007,-9
2014-15,202723,Malcolm Lee,1610612755,PHI,25.0,1,0,1,2.0166666666666666,0,1,0,0,0,0,0,0,0,0,0,0,0,0,0,0,0,3
2014-15,202952,Malcolm Thomas,1610612755,PHI,26.0,17,2,15,194.28,18,40,0,7,9,13,16,40,56,7,13,3,1,5,17,12,45,-109
2014-15,1938,Manu Ginobili,1610612759,SAS,37.0,70,47,23,1586.8683333333333,251,589,89,258,147,204,28,183,211,293,154,67,20,37,138,223,738,315
2014-15,201188,Marc Gasol,1610612763,MEM,30.0,81,55,26,2687.03,530,1072,3,17,350,440,115,515,630,307,176,70,131,51,208,404,1413,225
2014-15,101162,Marcin Gortat,1610612764,WAS,31.0,82,46,36,2452.7166666666667,439,775,0,3,123,175,180,537,717,97,100,49,110,50,191,166,1001,256
2014-15,201158,Marco Belinelli,1610612759,SAS,29.0,62,41,21,1388.3433333333332,199,470,86,230,84,99,26,131,157,94,61,31,3,9,85,91,568,0
2014-15,202694,Marcus Morris Sr.,1610612756,PHX,25.0,81,39,42,2045.0033333333333,331,763,112,313,71,113,73,312,385,133,73,63,16,25,188,114,845,-61
2014-15,203935,Marcus Smart,1610612738,BOS,21.0,67,35,32,1808.2266666666667,175,477,91,272,82,127,61,161,222,208,90,99,18,23,176,157,523,56
2014-15,201977,Marcus Thornton,1610612756,PHX,28.0,48,19,29,720.5916666666667,140,345,54,143,46,56,23,63,86,36,27,27,7,24,38,41,380,-4
2014-15,201596,Mario Chalmers,1610612748,MIA,29.0,80,36,44,2368.358333333333,267,663,73,248,206,266,24,182,206,307,173,122,10,42,251,280,813,-145
2014-15,203900,Markel Brown,1610612751,BKN,23.0,47,23,24,781.4166666666666,76,210,17,64,47,57,16,91,107,39,27,31,12,13,57,60,216,-23
2014-15,202693,Markieff Morris,1610612756,PHX,25.0,82,39,43,2580.6883333333335,512,1100,57,179,177,232,110,396,506,192,170,101,39,42,245,224,1258,105
2014-15,201578,Marreese Speights,1610612744,GSW,27.0,76,62,14,1206.9533333333334,318,646,5,18,150,178,109,216,325,72,82,20,34,25,189,166,791,180
2014-15,101110,Martell Webster,1610612764,WAS,28.0,32,12,20,351.62833333333333,24,91,10,43,48,64,10,36,46,17,22,7,1,2,24,39,106,-135
2014-15,101107,Marvin Williams,1610612766,CHA,29.0,78,32,46,2034.6916666666666,210,495,95,265,62,87,58,328,386,100,60,69,36,12,146,81,577,-157
2014-15,203486,Mason Plumlee,1610612751,BKN,25.0,82,38,44,1742.62,280,489,0,3,157,317,175,337,512,74,106,65,63,59,207,252,717,-180
2014-15,2440,Matt Barnes,1610612746,LAC,35.0,76,51,25,2271.2233333333334,277,624,136,376,74,95,51,251,302,114,87,67,50,27,240,90,764,524
2014-15,2588,Matt Bonner,1610612759,SAS,35.0,72,49,23,935.465,94,230,46,126,30,37,29,86,115,47,11,10,12,8,65,24,264,39
2014-15,203521,Matthew Dellavedova,1610612739,CLE,24.0,67,43,24,1380.2333333333333,111,307,68,167,29,38,37,89,126,204,61,24,2,20,152,68,319,38
2014-15,203090,Maurice Harkless,1610612753,ORL,22.0,45,9,36,674.2233333333334,63,158,10,56,22,41,38,68,106,25,27,32,9,8,66,35,158,-88
2014-15,203086,Meyers Leonard,1610612757,POR,23.0,55,32,23,846.585,125,245,47,112,30,32,46,204,250,32,39,10,14,6,113,57,327,19
2014-15,201563,Michael Beasley,1610612748,MIA,26.0,24,11,13,504.805,92,212,8,34,20,26,12,77,89,32,37,15,13,12,66,34,212,3
2014-15,203487,Michael Carter-Williams,1610612749,MIL,23.0,66,21,45,2149.943333333333,364,919,36,153,202,291,64,289,353,442,253,111,30,71,167,275,966,-165
2014-15,203077,Michael Kidd-Gilchrist,1610612766,CHA,21.0,55,27,28,1587.37,224,482,0,0,150,214,109,307,416,77,63,30,38,63,115,170,598,73
2014-15,201144,Mike Conley,1610612763,MEM,27.0,70,47,23,2224.985,393,882,107,277,214,249,29,180,209,375,156,89,14,50,139,229,1107,216
2014-15,2399,Mike Dunleavy,1610612741,CHI,34.0,63,41,22,1837.7966666666666,209,481,107,263,70,87,28,220,248,114,60,39,21,15,123,75,595,209
2014-15,2034,Mike Miller,1610612739,CLE,35.0,52,31,21,701.18,37,114,32,98,3,4,4,87,91,46,23,14,4,3,74,7,109,-71
2014-15,203488,Mike Muscala,1610612737,ATL,23.0,40,26,14,502.14,83,151,9,22,22,25,52,67,119,25,21,16,19,8,52,31,197,54
2014-15,203118,Mike Scott,1610612737,ATL,26.0,68,52,16,1123.0566666666666,201,453,66,192,61,77,45,154,199,75,39,25,3,16,83,69,529,22
2014-15,203101,Miles Plumlee,1610612749,MIL,26.0,73,34,39,1194.2366666666667,136,254,0,0,22,46,112,208,320,34,51,41,66,20,111,51,294,0
2014-15,203545,Miroslav Raduljica,1610612750,MIN,27.0,5,0,5,22.75,3,8,0,0,2,2,2,3,5,0,2,1,0,1,8,2,8,-3
2014-15,203141,Mirza Teletovic,1610612751,BKN,29.0,40,16,24,892.3683333333333,122,319,62,193,33,46,27,167,194,46,53,14,16,10,74,51,339,-10
2014-15,203956,Mitch McGary,1610612760,OKC,23.0,32,20,12,484.935,88,165,0,2,25,40,53,112,165,14,31,16,16,12,72,30,201,47
2014-15,2590,Mo Williams,1610612766,CHA,32.0,68,20,48,1980.1666666666667,341,860,119,348,163,187,22,152,174,424,172,46,14,20,162,145,964,-100
2014-15,101145,Monta Ellis,1610612742,DAL,29.0,80,50,30,2699.245,602,1354,81,284,228,303,34,156,190,329,198,148,25,36,197,288,1513,213
2014-15,101126,Nate Robinson,1610612743,DEN,31.0,42,22,20,590.9333333333333,88,255,31,112,31,46,17,33,50,97,30,20,3,7,76,42,238,-126
2014-15,203489,Nate Wolters,1610612749,MIL,24.0,21,14,7,246.67833333333334,20,57,0,7,2,6,8,26,34,21,13,8,2,4,18,14,42,-12
2014-15,1737,Nazr Mohammed,1610612741,CHI,37.0,23,13,10,128.04333333333332,13,30,0,0,1,3,11,27,38,3,7,4,5,3,16,3,27,10
2014-15,2403,Nene,1610612764,WAS,32.0,67,37,30,1693.4733333333334,307,601,1,5,122,202,84,261,345,123,124,66,22,39,180,223,737,165
2014-15,203457,Nerlens Noel,1610612755,PHI,21.0,75,18,57,2311.2366666666667,302,653,0,0,140,230,185,426,611,128,146,133,142,39,208,223,744,-432
2014-15,201979,Nick Calathes,1610612763,MEM,26.0,58,36,22,837.9366666666666,104,247,11,43,24,45,19,87,106,146,61,63,5,22,100,45,243,86
2014-15,2555,Nick Collison,1610612760,OKC,34.0,66,38,28,1100.7333333333333,106,253,16,60,45,65,90,160,250,90,45,35,25,12,156,80,273,84
2014-15,203910,Nick Johnson,1610612745,HOU,22.0,28,18,10,262.34833333333336,26,75,5,21,17,25,13,26,39,11,19,7,3,7,34,18,74,-47
2014-15,201156,Nick Young,1610612747,LAL,30.0,42,12,30,1000.18,174,476,83,225,132,148,17,79,96,41,44,23,11,15,83,102,563,-67
2014-15,201587,Nicolas Batum,1610612757,POR,26.0,71,43,28,2380.0933333333332,240,600,100,309,84,98,62,354,416,341,132,78,40,14,106,97,664,214
2014-15,203917,Nik Stauskas,1610612758,SAC,21.0,73,26,47,1126.52,108,296,48,149,55,64,11,77,88,67,40,20,17,25,92,53,319,-128
2014-15,202703,Nikola Mirotic,1610612741,CHI,24.0,82,50,32,1654.1216666666667,253,624,99,313,228,284,63,341,404,97,89,54,54,36,172,221,833,169
2014-15,201593,Nikola Pekovic,1610612750,MIN,29.0,31,9,22,815.0616666666666,139,328,0,0,108,129,89,145,234,27,42,19,12,45,59,105,386,-57
2014-15,202696,Nikola Vučević,1610612753,ORL,24.0,74,21,53,2528.6633333333334,631,1206,2,6,164,218,238,572,810,147,148,54,54,43,220,212,1428,-302
2014-15,203943,Noah Vonleh,1610612766,CHA,19.0,25,8,17,258.51666666666665,30,76,5,13,18,26,28,58,86,4,11,4,9,12,20,24,83,-67
2014-15,202708,Norris Cole,1610612740,NOP,26.0,75,37,38,1831.1083333333333,230,558,55,176,58,81,13,146,159,255,99,57,15,27,124,91,573,-185
2014-15,201564,O.J. Mayo,1610612749,MIL,27.0,71,39,32,1697.365,296,701,99,277,115,139,30,157,187,197,128,57,18,29,165,119,806,-65
2014-15,203136,Ognjen Kuzmic,1610612744,GSW,25.0,16,13,3,71.73666666666666,8,12,0,0,4,4,7,10,17,6,5,2,1,0,13,2,20,-39
2014-15,201600,Omer Asik,1610612740,NOP,28.0,76,43,33,1981.8083333333334,213,412,0,0,131,225,244,504,748,72,95,29,54,89,144,184,557,19
2014-15,201956,Omri Casspi,1610612758,SAC,27.0,67,23,44,1416.3816666666667,209,427,35,87,140,191,54,206,260,102,88,31,9,34,107,139,593,-184
2014-15,203490,Otto Porter Jr.,1610612764,WAS,22.0,74,41,33,1432.055,176,391,35,104,58,79,70,151,221,65,52,44,30,18,97,75,445,-36
2014-15,200782,P.J. Tucker,1610612756,PHX,30.0,78,36,42,2383.45,261,596,87,252,104,143,114,388,502,122,96,107,23,32,179,160,713,-49
2014-15,203798,PJ Hairston,1610612766,CHA,22.0,45,19,26,687.2733333333333,87,269,49,163,31,36,22,70,92,21,22,21,13,11,61,35,254,-105
2014-15,203143,Pablo Prigioni,1610612745,HOU,38.0,67,25,42,1196.6283333333333,91,228,57,166,35,41,30,89,119,171,62,79,1,4,88,63,274,-66
2014-15,201976,Patrick Beverley,1610612745,HOU,26.0,56,35,21,1726.6783333333333,204,532,115,323,45,60,67,170,237,192,83,59,23,35,182,78,568,71
2014-15,203565,Patrick Christopher,1610612763,MEM,27.0,4,2,2,28.733333333333334,3,12,0,4,0,0,2,4,6,0,1,1,0,2,6,1,6,-18
2014-15,202335,Patrick Patterson,1610612761,TOR,26.0,81,49,32,2156.29,240,535,105,283,63,80,127,306,433,155,54,60,44,20,149,82,648,253
2014-15,201988,Patty Mills,1610612759,SAS,26.0,51,37,14,801.33,128,336,62,182,33,40,21,54,75,87,35,28,2,12,58,50,351,155
2014-15,2200,Pau Gasol,1610612741,CHI,34.0,78,48,30,2680.7433333333333,570,1153,12,26,294,366,220,699,919,210,158,25,147,61,147,324,1446,190
2014-15,202331,Paul George,1610612754,IND,25.0,6,5,1,90.91666666666667,18,49,9,22,8,11,4,18,22,6,12,5,1,0,11,8,53,15
2014-15,200794,Paul Millsap,1610612737,ATL,30.0,73,55,18,2389.5333333333333,443,930,77,216,255,337,139,431,570,223,166,130,69,65,201,291,1218,408
2014-15,1718,Paul Pierce,1610612764,WAS,37.0,73,40,33,1913.665,293,656,118,303,164,210,45,249,294,144,92,46,24,32,160,171,868,163
2014-15,203544,Pero Antic,1610612737,ATL,32.0,63,46,17,1037.2133333333334,108,296,52,173,88,123,58,131,189,49,49,18,14,16,132,123,356,153
2014-15,203103,Perry Jones III,1610612760,OKC,23.0,43,23,20,631.1616666666666,73,184,14,60,24,37,6,70,76,18,24,17,8,10,50,35,184,-130
2014-15,203515,Phil Pressey,1610612738,BOS,24.0,50,22,28,600.1483333333333,64,174,16,65,33,49,13,67,80,117,41,30,6,16,54,56,177,1
2014-15,203112,Quincy Acy,1610612752,NYK,24.0,68,12,56,1287.0816666666667,152,331,18,60,76,97,79,222,301,68,60,27,22,10,147,108,398,-211
2014-15,203113,Quincy Miller,1610612765,DET,22.0,10,2,8,119.73166666666667,9,38,3,18,8,11,4,16,20,8,5,7,5,5,9,7,29,44
2014-15,202347,Quincy Pondexter,1610612740,NOP,27.0,75,48,27,1793.4766666666667,188,447,91,244,71,96,53,142,195,94,51,19,24,25,150,89,538,11
2014-15,200765,Rajon Rondo,1610612742,DAL,29.0,68,34,34,2018.8216666666667,275,645,27,86,31,78,73,300,373,538,210,91,7,34,153,112,608,-60
2014-15,201196,Ramon Sessions,1610612764,WAS,29.0,64,26,38,1188.0733333333333,125,334,19,60,133,173,23,121,144,182,86,29,0,22,73,135,402,-162
2014-15,200751,Randy Foye,1610612743,DEN,31.0,50,15,35,1086.48,148,402,94,263,45,55,9,76,85,119,60,34,11,17,97,50,435,-103
2014-15,2446,Rasual Butler,1610612764,WAS,36.0,75,39,36,1504.6316666666667,218,517,91,235,53,67,27,170,197,63,48,29,22,12,98,51,580,-55
2014-15,203492,Ray McCallum,1610612758,SAC,24.0,68,22,46,1435.7916666666667,206,470,34,111,57,84,52,128,180,188,85,45,11,36,92,83,503,-240
2014-15,101109,Raymond Felton,1610612742,DAL,31.0,29,14,15,281.39,43,106,10,34,12,15,2,24,26,41,18,11,4,7,17,16,108,-20
2014-15,203493,Reggie Bullock Jr.,1610612756,PHX,24.0,36,19,17,337.88166666666666,24,70,15,46,6,9,1,49,50,8,8,10,4,3,19,8,69,-4
2014-15,2501,Reggie Evans,1610612758,SAC,35.0,47,16,31,763.8416666666667,58,137,0,2,60,97,97,202,299,32,45,22,5,33,91,79,176,-45
2014-15,202704,Reggie Jackson,1610612765,DET,25.0,77,37,40,2268.2433333333333,432,996,72,241,181,218,56,271,327,462,186,62,9,69,167,207,1117,113
2014-15,202130,Reggie Williams,1610612759,SAS,28.0,20,15,5,105.065,15,39,3,19,4,4,5,12,17,10,2,1,0,1,12,3,37,-36
2014-15,2210,Richard Jefferson,1610612742,DAL,35.0,74,46,28,1244.1483333333333,144,324,66,155,78,114,25,158,183,61,52,32,11,20,115,97,432,11
2014-15,203495,Ricky Ledo,1610612752,NYK,22.0,17,4,13,244.04166666666666,32,96,10,27,16,22,16,20,36,19,26,6,1,11,21,19,90,-53
2014-15,201937,Ricky Rubio,1610612750,MIN,24.0,22,7,15,692.1266666666667,78,219,13,51,57,71,19,106,125,193,64,38,1,12,59,83,226,-12
2014-15,203133,Robbie Hummel,1610612750,MIN,26.0,45,5,40,741.79,79,172,16,51,24,29,31,103,134,27,18,16,9,4,86,49,198,-149
2014-15,203496,Robert Covington,1610612755,PHI,24.0,70,18,52,1955.9216666666666,299,756,167,446,178,217,65,251,316,105,128,97,31,32,189,160,943,-146
2014-15,203135,Robert Sacre,1610612747,LAL,26.0,67,19,48,1133.3183333333334,126,306,0,1,55,82,89,144,233,55,36,28,43,13,121,73,307,-67
2014-15,201577,Robin Lopez,1610612757,POR,27.0,59,38,21,1637.8583333333333,234,437,0,1,98,127,190,204,394,55,73,16,84,31,122,124,566,146
2014-15,203918,Rodney Hood,1610612762,UTA,22.0,50,27,23,1064.38,155,374,62,170,61,80,9,108,117,83,45,30,12,12,119,52,433,59
2014-15,201155,Rodney Stuckey,1610612754,IND,29.0,71,34,37,1873.5033333333333,332,754,55,141,177,216,36,212,248,219,118,56,10,48,131,195,896,-19
2014-15,101179,Ronnie Price,1610612747,LAL,32.0,43,13,30,982.0733333333334,77,223,31,109,36,45,19,50,69,165,52,67,4,10,118,51,221,-74
2014-15,101142,Ronny Turiaf,1610612750,MIN,32.0,2,0,2,19.366666666666667,0,0,0,0,0,0,0,1,1,2,0,0,0,0,0,0,0,-8
2014-15,201579,Roy Hibbert,1610612754,IND,28.0,76,34,42,1926.425,317,710,0,2,168,204,156,384,540,84,107,18,125,44,216,246,802,-64
2014-15,200752,Rudy Gay,1610612758,SAC,28.0,68,25,43,2408.2483333333334,508,1116,79,220,337,393,98,301,399,250,183,71,41,62,157,262,1432,-107
2014-15,203497,Rudy Gobert,1610612762,UTA,23.0,82,38,44,2158.425,258,427,0,2,170,273,265,510,775,109,111,64,189,38,175,231,686,5
2014-15,203893,Russ Smith,1610612763,MEM,24.0,12,7,5,65.06666666666666,8,25,2,11,12,13,1,5,6,8,12,3,0,1,13,7,30,22
2014-15,201566,Russell Westbrook,1610612760,OKC,26.0,67,40,27,2301.8233333333333,627,1471,86,288,546,654,124,364,488,574,293,140,14,88,184,443,1886,247
2014-15,201583,Ryan Anderson,1610612740,NOP,27.0,61,33,28,1674.66,291,729,122,359,129,151,108,187,295,55,62,33,20,29,113,137,833,-19
2014-15,200797,Ryan Hollins,1610612758,SAC,30.0,46,13,33,441.0783333333333,53,82,0,0,31,54,36,67,103,14,25,6,19,9,65,56,137,-54
2014-15,203527,Ryan Kelly,1610612747,LAL,24.0,52,11,41,1233.2366666666667,104,309,45,134,79,95,13,133,146,92,37,30,24,12,118,59,332,-148
2014-15,2223,Samuel Dalembert,1610612752,NYK,35.0,32,5,27,543.5833333333334,57,130,0,0,14,20,53,115,168,29,39,14,41,6,70,28,128,-175
2014-15,203930,Sean Kilpatrick,1610612750,MIN,25.0,4,2,2,71.515,7,20,4,13,4,4,1,5,6,4,2,3,0,1,3,3,22,17
2014-15,2742,Sebastian Telfair,1610612760,OKC,30.0,16,4,12,327.0833333333333,46,125,18,60,24,34,2,28,30,45,18,10,0,9,29,36,134,-64
2014-15,201586,Serge Ibaka,1610612760,OKC,25.0,64,35,29,2115.785,374,786,77,205,92,110,135,364,499,55,97,30,155,26,194,115,917,162
2014-15,203508,Sergey Karasev,1610612751,BKN,21.0,33,12,21,555.2233333333334,54,134,16,54,29,38,22,44,66,46,24,23,1,11,45,34,153,18
2014-15,203552,Seth Curry,1610612756,PHX,24.0,2,2,0,7.8,0,3,0,1,0,0,0,2,2,1,0,0,0,0,2,0,0,-4
2014-15,203498,Shabazz Muhammad,1610612750,MIN,22.0,38,6,32,865.6233333333333,194,397,20,51,104,145,63,91,154,44,35,18,7,33,49,123,512,-160
2014-15,203894,Shabazz Napier,1610612748,MIA,23.0,51,24,27,1011.58,87,228,43,118,44,56,17,96,113,130,81,40,4,8,76,77,261,-32
2014-15,203499,Shane Larkin,1610612752,NYK,22.0,76,16,60,1864.575,187,432,35,116,61,78,29,147,176,226,83,93,9,30,150,90,470,-398
2014-15,200769,Shannon Brown,1610612748,MIA,29.0,5,3,2,88.76,7,19,3,7,3,4,0,1,1,3,4,4,0,0,8,4,20,-16
2014-15,2733,Shaun Livingston,1610612744,GSW,29.0,78,64,14,1468.2283333333332,198,396,0,2,65,91,43,140,183,259,102,49,20,16,110,95,461,51
2014-15,101183,Shavlik Randolph,1610612756,PHX,31.0,21,11,10,126.24666666666667,9,35,0,5,6,12,16,22,38,4,3,5,3,2,16,12,24,-24
2014-15,1890,Shawn Marion,1610612739,CLE,37.0,57,36,21,1100.8383333333334,119,267,12,46,26,34,64,138,202,51,33,27,27,22,58,29,276,51
2014-15,200761,Shawne Williams,1610612765,DET,29.0,63,26,37,1086.6966666666667,121,300,64,178,35,40,36,130,166,44,30,25,21,10,135,36,341,-100
2014-15,203963,Shayne Whittington,1610612754,IND,24.0,20,9,11,108.16166666666666,19,42,1,6,18,23,10,19,29,6,5,5,2,7,18,16,57,16
2014-15,202714,Shelvin Mack,1610612737,ATL,25.0,55,37,18,832.7683333333333,117,292,40,127,25,31,8,71,79,155,49,30,2,19,32,36,299,44
2014-15,204021,Sim Bhullar,1610612758,SAC,22.0,3,1,2,2.685,1,2,0,0,0,0,0,1,1,1,0,0,1,0,0,0,2,1
2014-15,203524,Solomon Hill,1610612754,IND,24.0,82,38,44,2380.963333333333,251,634,68,208,159,193,70,244,314,184,115,66,18,59,177,164,729,-180
2014-15,203915,Spencer Dinwiddie,1610612765,DET,22.0,34,12,22,455.26166666666666,51,169,12,65,31,34,4,44,48,104,33,19,6,7,53,36,145,-70
2014-15,201150,Spencer Hawes,1610612746,LAC,27.0,73,52,21,1274.02,163,415,55,176,44,68,30,228,258,88,61,24,53,26,173,70,425,-92
2014-15,201939,Stephen Curry,1610612744,GSW,27.0,80,67,13,2613.2,653,1341,286,646,308,337,56,285,341,619,249,163,16,36,158,298,1900,919
2014-15,2581,Steve Blake,1610612757,POR,35.0,81,51,30,1529.1816666666666,122,327,77,219,29,41,16,121,137,288,104,41,5,6,118,83,350,109
2014-15,200779,Steve Novak,1610612760,OKC,32.0,35,12,23,197.145,22,56,19,48,0,2,2,20,22,11,5,0,2,2,23,2,63,-53
2014-15,203500,Steven Adams,1610612760,OKC,21.0,70,37,33,1770.55,217,399,0,2,103,205,199,324,523,66,99,38,86,27,222,186,537,46
2014-15,203933,T.J. Warren,1610612756,PHX,21.0,40,17,23,614.13,113,214,5,21,14,19,41,44,85,25,27,18,9,9,51,24,245,-94
2014-15,201959,Taj Gibson,1610612741,CHI,30.0,62,38,24,1691.9033333333334,254,506,0,0,132,184,162,234,396,71,77,36,75,55,162,162,640,39
2014-15,204028,Tarik Black,1610612747,LAL,23.0,63,25,38,1195.3133333333333,157,273,0,1,65,118,142,226,368,42,48,19,24,29,158,92,379,-79
2014-15,2419,Tayshaun Prince,1610612765,DET,35.0,58,27,31,1396.7416666666666,177,402,31,67,49,65,52,158,210,93,35,29,16,9,55,57,434,-131
2014-15,203093,Terrence Jones,1610612745,HOU,23.0,33,24,9,889.4716666666667,158,299,13,37,57,94,78,142,220,36,37,18,59,29,78,65,386,79
2014-15,203082,Terrence Ross,1610612761,TOR,24.0,82,49,33,2091.7683333333334,309,753,145,390,44,56,32,194,226,86,69,53,25,30,136,53,807,37
2014-15,200757,Thabo Sefolosha,1610612737,ATL,31.0,52,43,9,975.6566666666666,104,249,25,78,45,58,53,170,223,75,38,53,21,17,67,48,278,171
2014-15,201152,Thaddeus Young,1610612751,BKN,27.0,76,25,51,2433.9816666666666,451,968,38,115,131,200,127,284,411,173,117,124,25,69,171,154,1071,-214
2014-15,203080,Thomas Robinson,1610612755,PHI,24.0,54,26,28,797.7066666666667,126,260,0,2,56,106,95,208,303,33,59,32,20,25,104,84,308,13
2014-15,201168,Tiago Splitter,1610612759,SAS,30.0,52,34,18,1029.815,169,303,0,0,90,120,91,161,252,78,60,35,37,27,103,111,428,231
2014-15,1495,Tim Duncan,1610612759,SAS,39.0,77,53,24,2226.8016666666667,419,819,2,7,230,311,170,534,704,230,131,63,151,67,165,240,1070,305
2014-15,204025,Tim Frazier,1610612757,POR,24.0,11,3,8,239.49833333333333,21,61,5,17,10,21,6,22,28,60,25,8,0,2,26,22,57,-6
2014-15,203501,Tim Hardaway Jr.,1610612752,NYK,23.0,70,16,54,1681.2633333333333,279,717,121,354,125,156,12,144,156,127,82,20,14,42,119,137,804,-350
2014-15,202389,Timofey Mozgov,1610612739,CLE,28.0,81,49,32,2045.53,314,566,2,6,155,216,203,388,591,55,116,33,97,54,227,193,785,260
2014-15,202699,Tobias Harris,1610612753,ORL,22.0,68,20,48,2369.1366666666668,442,949,87,239,193,245,73,357,430,124,115,69,36,70,134,188,1164,-294
2014-15,201962,Toney Douglas,1610612740,NOP,29.0,12,7,5,176.56666666666666,19,51,5,18,8,13,2,20,22,24,10,11,4,1,20,10,51,7
2014-15,2754,Tony Allen,1610612763,MEM,33.0,63,46,17,1647.6983333333333,225,455,10,29,79,126,103,177,280,86,86,129,30,52,166,92,539,247
2014-15,2225,Tony Parker,1610612759,SAS,33.0,68,48,20,1952.615,404,832,38,89,130,166,15,114,129,335,146,44,2,46,108,147,976,200
2014-15,203503,Tony Snell,1610612741,CHI,23.0,72,43,29,1412.1583333333333,159,371,73,197,44,55,31,145,176,62,48,32,11,21,86,42,435,53
2014-15,203100,Tony Wroten,1610612755,PHI,22.0,30,4,26,894.57,175,434,37,142,120,180,22,64,86,157,113,48,8,37,72,123,507,-234
2014-15,203315,Toure' Murry,1610612762,UTA,25.0,5,3,2,18.125,2,5,0,0,2,2,1,0,1,1,4,1,0,0,2,1,6,0
2014-15,204037,Travis Wear,1610612752,NYK,24.0,51,7,44,671.9933333333333,84,209,11,30,20,26,31,75,106,40,35,15,11,5,55,24,199,-80
2014-15,2772,Trevor Ariza,1610612745,HOU,29.0,82,56,26,2930.12,366,910,194,555,122,143,77,382,459,209,141,152,17,34,186,126,1048,230
2014-15,202344,Trevor Booker,1610612762,UTA,27.0,79,37,42,1563.8333333333333,226,464,29,84,86,148,139,258,397,83,88,43,41,21,144,116,567,33
2014-15,203504,Trey Burke,1610612762,UTA,22.0,76,35,41,2287.8416666666667,370,1005,124,390,109,145,31,173,204,328,124,65,15,50,119,116,973,-47
2014-15,202684,Tristan Thompson,1610612739,CLE,24.0,82,53,29,2193.9383333333335,267,488,0,0,159,248,274,383,657,39,83,34,61,51,189,232,693,218
2014-15,203584,Troy Daniels,1610612766,CHA,23.0,47,15,32,397.39666666666665,61,165,43,118,11,13,8,25,33,22,20,6,1,8,40,19,176,-85
2014-15,201951,Ty Lawson,1610612743,DEN,27.0,75,29,46,2665.411666666667,404,926,70,205,265,363,42,192,234,720,185,92,9,58,128,285,1143,-32
2014-15,203898,Tyler Ennis,1610612749,MIL,20.0,33,11,22,411.42333333333335,52,144,12,43,5,7,7,28,35,73,42,18,5,6,36,19,121,-61
2014-15,201946,Tyler Hansbrough,1610612761,TOR,29.0,74,45,29,1057.6,86,165,1,7,97,139,106,159,265,21,20,30,15,14,141,134,270,193
2014-15,204020,Tyler Johnson,1610612748,MIA,23.0,32,15,17,602.9966666666667,70,167,18,48,32,47,14,67,81,42,30,33,9,11,42,38,190,-63
2014-15,203092,Tyler Zeller,1610612738,BOS,25.0,82,40,42,1730.775,340,619,0,0,153,186,146,319,465,113,76,18,52,57,205,182,833,-119
2014-15,201936,Tyreke Evans,1610612740,NOP,25.0,79,43,36,2689.8166666666666,521,1165,69,227,202,291,82,334,416,521,246,100,37,112,198,238,1313,166
2014-15,200748,Tyrus Thomas,1610612763,MEM,28.0,2,2,0,6.516666666666667,1,1,0,0,2,2,0,0,0,1,0,0,0,0,0,1,4,1
2014-15,2199,Tyson Chandler,1610612742,DAL,32.0,75,47,28,2285.84,293,440,0,0,185,257,294,570,864,84,105,42,91,28,169,244,771,230
2014-15,2617,Udonis Haslem,1610612748,MIA,35.0,62,31,31,994.8116666666666,107,239,2,10,45,64,71,187,258,46,41,21,13,25,113,74,261,-156
2014-15,203505,Vander Blue,1610612747,LAL,22.0,2,0,2,73.71666666666667,9,30,2,10,2,5,2,7,9,8,6,3,0,2,4,3,22,-38
2014-15,201964,Victor Claver,1610612757,POR,26.0,10,6,4,75.98333333333333,9,20,6,11,0,0,3,17,20,1,4,1,1,2,12,5,24,21
2014-15,203506,Victor Oladipo,1610612753,ORL,23.0,72,22,50,2572.7883333333334,473,1086,84,248,262,320,51,251,302,295,204,120,19,95,187,260,1292,-305
2014-15,1713,Vince Carter,1610612763,MEM,38.0,66,45,21,1091.2433333333333,135,406,69,232,45,57,27,106,133,79,43,43,14,15,102,72,384,31
2014-15,201961,Wayne Ellington,1610612747,LAL,27.0,65,18,47,1674.6383333333333,254,617,90,243,52,64,31,179,210,105,50,33,2,31,77,75,650,-121
2014-15,202325,Wesley Johnson,1610612747,LAL,27.0,76,20,56,2244.5633333333335,286,691,91,259,90,112,67,252,319,124,87,59,45,15,162,89,753,-310
2014-15,202083,Wesley Matthews,1610612757,POR,28.0,60,41,19,2024.1716666666666,337,752,173,445,109,145,38,184,222,139,81,77,10,24,132,163,956,272
2014-15,203115,Will Barton,1610612743,DEN,24.0,58,30,28,983.8633333333333,150,353,23,85,74,94,26,136,162,81,61,48,19,32,70,69,397,-29
2014-15,101198,Will Bynum,1610612764,WAS,32.0,7,4,3,66.68666666666667,10,31,0,9,2,4,2,4,6,18,8,1,1,2,9,5,22,-50
2014-15,203805,Will Cherry,1610612761,TOR,24.0,8,6,2,69.42166666666667,5,19,2,9,3,6,1,4,5,8,4,6,1,2,10,4,15,-7
2014-15,2584,Willie Green,1610612753,ORL,33.0,52,15,37,951.1966666666667,118,306,42,121,28,34,14,65,79,68,48,26,5,10,81,40,306,-85
2014-15,201163,Wilson Chandler,1610612743,DEN,28.0,78,28,50,2471.1516666666666,418,975,139,406,110,142,96,379,475,134,110,58,29,48,231,121,1085,-217
2014-15,202333,Xavier Henry,1610612747,LAL,24.0,9,1,8,85.56666666666666,3,13,0,0,14,24,2,2,4,3,3,3,0,0,6,16,20,14
2014-15,203897,Zach LaVine,1610612750,MIN,20.0,77,15,62,1901.7216666666666,286,677,57,167,149,177,27,187,214,276,193,54,10,38,158,137,778,-540
2014-15,2216,Zach Randolph,1610612763,MEM,33.0,71,51,20,2303.59,454,932,7,20,228,298,225,522,747,153,156,69,14,82,175,288,1143,345
2014-15,2585,Zaza Pachulia,1610612749,MIL,31.0,73,34,39,1729.6666666666667,240,529,0,3,126,160,197,303,500,178,133,80,21,40,170,161,606,262
2014-15,204054,Zoran Dragic,1610612748,MIA,26.0,16,6,10,75.22333333333333,11,30,3,14,3,5,5,3,8,5,5,2,0,1,6,8,28,-15
2015-16,201166,Aaron Brooks,1610612741,CHI,31.0,69,36,33,1107.71,188,469,66,185,49,64,21,80,101,180,82,30,10,33,132,77,491,-12
2015-16,203932,Aaron Gordon,1610612753,ORL,20.0,78,32,46,1863.12,274,579,42,142,129,193,154,353,507,128,66,59,55,34,153,146,719,-75
2015-16,1626151,Aaron Harrison,1610612766,CHA,21.0,21,15,6,93.3,5,19,3,10,5,12,4,11,15,2,4,6,0,0,10,8,18,-7
2015-16,203940,Adreian Payne,1610612750,MIN,25.0,52,18,34,485.59,53,145,9,32,17,26,20,91,111,29,36,16,11,8,77,33,132,-120
2015-16,201143,Al Horford,1610612737,ATL,30.0,82,48,34,2631.181666666667,529,1048,88,256,103,129,148,448,596,263,107,68,121,34,163,118,1249,231
2015-16,2744,Al Jefferson,1610612766,CHA,31.0,47,33,14,1096.4383333333333,245,505,0,0,72,111,57,244,301,70,34,30,41,36,117,81,562,46
2015-16,202329,Al-Farouq Aminu,1610612757,POR,25.0,82,44,38,2340.8883333333333,299,719,126,349,115,156,98,401,499,138,120,72,53,35,171,139,839,59
2015-16,101187,Alan Anderson,1610612764,WAS,33.0,13,8,5,192.18333333333334,21,59,12,37,11,15,1,26,27,14,2,4,1,3,25,11,65,30
2015-16,1626210,Alan Williams,1610612756,PHX,23.0,10,3,7,68.15,10,24,0,0,9,14,14,24,38,5,6,4,5,3,15,12,29,1
2015-16,202692,Alec Burks,1610612762,UTA,24.0,31,13,18,797.2733333333333,137,334,32,79,106,141,16,93,109,63,51,18,4,27,71,108,412,-13
2015-16,203458,Alex Len,1610612756,PHX,23.0,78,23,55,1820.795,264,624,1,7,174,239,178,416,594,97,145,38,62,60,230,176,703,-288
2015-16,1627293,Alex Stepheson,1610612763,MEM,28.0,8,2,6,72.15166666666667,9,27,0,0,4,12,19,9,28,2,0,1,5,6,12,8,22,-2
2015-16,201582,Alexis Ajinca,1610612740,NOP,28.0,59,20,39,860.715,150,315,0,1,52,62,75,194,269,31,54,19,36,12,134,68,352,-65
2015-16,203459,Allen Crabbe,1610612757,POR,24.0,81,43,38,2104.9583333333335,311,678,112,285,98,113,27,189,216,99,64,63,16,14,192,82,832,42
2015-16,202087,Alonzo Gee,1610612740,NOP,29.0,73,27,46,1632.0016666666668,132,255,17,60,44,66,60,185,245,72,55,63,13,23,169,54,325,-195
2015-16,2405,Amar'e Stoudemire,1610612748,MIA,33.0,52,30,22,762.3016666666666,125,221,0,0,50,67,65,157,222,27,47,18,41,29,92,74,300,9
2015-16,101161,Amir Johnson,1610612738,BOS,29.0,79,45,34,1800.1283333333333,249,426,10,43,69,121,178,327,505,138,94,52,83,26,214,117,577,138
2015-16,2760,Anderson Varejao,1610612744,GSW,33.0,53,41,12,495.6066666666667,53,124,0,1,32,50,37,104,141,35,22,16,10,5,70,65,138,22
2015-16,203083,Andre Drummond,1610612765,DET,22.0,81,43,38,2665.4666666666667,552,1060,2,6,208,586,395,803,1198,67,155,119,112,72,245,404,1314,127
2015-16,2738,Andre Iguodala,1610612744,GSW,32.0,65,59,6,1731.6416666666667,176,368,54,154,51,83,52,211,263,219,79,73,19,10,102,90,457,457
2015-16,1889,Andre Miller,1610612759,SAS,40.0,39,20,19,461.19,59,106,2,8,24,32,12,39,51,87,37,16,0,11,46,28,144,32
2015-16,203460,Andre Roberson,1610612760,OKC,24.0,70,48,22,1553.2916666666667,136,274,32,103,33,54,79,172,251,47,35,53,42,18,133,44,337,260
2015-16,200745,Andrea Bargnani,1610612751,BKN,30.0,46,11,35,633.66,127,279,3,16,47,57,28,69,97,18,26,4,9,14,61,52,304,-191
2015-16,101106,Andrew Bogut,1610612744,GSW,31.0,70,62,8,1451.26,175,279,1,1,24,50,121,371,492,162,83,33,114,7,221,74,375,396
2015-16,202726,Andrew Goudelock,1610612745,HOU,27.0,8,5,3,49.708333333333336,9,20,1,9,3,4,1,1,2,4,7,6,2,0,4,3,22,10
2015-16,203094,Andrew Nicholson,1610612753,ORL,26.0,56,22,34,822.7716666666666,146,310,41,114,51,65,34,167,201,25,41,10,22,8,69,61,384,34
2015-16,203952,Andrew Wiggins,1610612750,MIN,21.0,81,29,52,2844.59,594,1294,57,190,430,565,105,186,291,164,182,78,46,88,165,394,1675,-67
2015-16,203461,Anthony Bennett,1610612761,TOR,23.0,19,12,7,84.24666666666667,8,27,3,14,9,10,6,17,23,0,4,5,0,2,8,5,28,-30
2015-16,1626148,Anthony Brown,1610612747,LAL,23.0,29,4,25,598.6666666666666,39,126,20,70,17,20,9,61,70,19,15,14,5,10,34,18,115,-35
2015-16,203076,Anthony Davis,1610612740,NOP,23.0,61,24,37,2164.26,560,1136,35,108,326,430,130,497,627,116,121,78,125,54,148,360,1481,-200
2015-16,201627,Anthony Morrow,1610612760,OKC,30.0,68,46,22,926.4316666666666,136,333,79,204,29,39,10,52,62,24,17,22,5,8,64,30,380,112
2015-16,201229,Anthony Tolliver,1610612765,DET,31.0,72,36,36,1340.61,128,332,98,272,29,47,39,190,229,52,28,26,16,13,86,56,383,8
2015-16,203462,Archie Goodwin,1610612756,PHX,21.0,57,14,43,1113.7783333333334,176,422,23,99,130,193,27,115,142,118,100,27,13,45,84,157,505,-209
2015-16,203382,Aron Baynes,1610612765,DET,29.0,81,43,38,1232.9466666666667,194,384,0,2,126,165,140,244,384,51,67,21,52,26,151,154,514,-56
2015-16,201167,Arron Afflalo,1610612752,NYK,30.0,71,27,44,2370.923333333333,354,799,91,238,110,131,23,243,266,144,82,25,10,47,142,123,909,-151
2015-16,203085,Austin Rivers,1610612746,LAC,23.0,67,42,25,1463.775,226,516,62,185,79,116,22,108,130,99,61,48,9,32,137,96,593,-162
2015-16,202340,Avery Bradley,1610612738,BOS,25.0,76,45,31,2536.1233333333334,456,1019,147,407,96,123,48,172,220,158,109,117,19,44,164,100,1155,215
2015-16,1626253,Axel Toupane,1610612743,DEN,23.0,21,9,12,305.425,25,70,13,40,13,17,8,23,31,15,6,7,6,1,40,13,76,-17
2015-16,203463,Ben McLemore,1610612758,SAC,23.0,68,28,40,1442.7833333333333,195,455,67,185,74,103,34,114,148,79,99,52,10,24,140,89,531,22
2015-16,2757,Beno Udrih,1610612763,MEM,33.0,44,26,18,707.6533333333333,86,198,15,44,18,20,8,64,72,116,53,14,1,7,51,39,205,-21
2015-16,202687,Bismack Biyombo,1610612761,TOR,23.0,82,56,26,1807.8433333333332,156,288,0,1,142,226,182,473,655,29,71,19,133,45,225,182,454,84
2015-16,201933,Blake Griffin,1610612746,LAC,27.0,35,22,13,1170.2816666666668,301,603,6,18,141,194,51,243,294,170,83,28,17,12,95,185,749,179
2015-16,1626246,Boban Marjanovic,1610612759,SAS,27.0,54,47,7,507.805,105,174,0,0,87,114,73,121,194,21,29,12,23,13,54,82,297,54
2015-16,1626171,Bobby Portis Jr.,1610612741,CHI,21.0,62,29,33,1102.08,186,436,16,52,48,66,123,214,337,52,54,25,22,23,100,66,436,-178
2015-16,202711,Bojan Bogdanovic,1610612751,BKN,27.0,79,21,58,2114.6283333333336,324,749,129,338,110,132,36,219,255,99,115,29,5,74,119,114,887,-391
2015-16,2564,Boris Diaw,1610612759,SAS,34.0,76,64,12,1385.53,202,383,25,69,56,76,58,175,233,176,97,26,21,16,102,89,485,291
2015-16,203078,Bradley Beal,1610612764,WAS,23.0,55,28,27,1708.245,359,799,105,271,135,176,41,147,188,162,112,54,11,27,117,137,958,-24
2015-16,201148,Brandan Wright,1610612763,MEM,28.0,12,6,6,212.12333333333333,35,52,0,0,13,24,14,29,43,6,10,5,15,1,21,25,83,-56
2015-16,1626183,Branden Dawson,1610612746,LAC,23.0,6,5,1,28.865,2,5,0,0,1,1,2,2,4,0,0,0,1,2,2,1,5,-15
2015-16,101138,Brandon Bass,1610612747,LAL,31.0,66,16,50,1342.4116666666666,174,317,0,2,125,148,104,181,285,74,42,33,55,35,125,115,473,-22
2015-16,201943,Brandon Jennings,1610612753,ORL,26.0,48,20,28,867.505,112,304,51,155,57,78,16,80,96,170,57,29,7,8,57,65,332,12
2015-16,202688,Brandon Knight,1610612756,PHX,24.0,52,16,36,1870.3866666666668,371,895,120,351,156,183,36,166,202,263,177,61,20,34,124,204,1018,-210
2015-16,201575,Brandon Rush,1610612744,GSW,30.0,72,63,9,1054.7416666666666,111,260,65,157,18,28,21,160,181,57,33,20,23,9,57,18,305,-31
2015-16,203148,Brian Roberts,1610612757,POR,30.0,51,26,25,470.14666666666665,74,165,15,42,42,47,6,35,41,54,23,10,2,7,35,49,205,-63
2015-16,1627362,Briante Weber,1610612748,MIA,23.0,7,3,4,168.655,14,39,0,5,3,4,8,17,25,21,9,9,3,2,12,8,31,-67
2015-16,201572,Brook Lopez,1610612751,BKN,28.0,73,21,52,2456.548333333333,591,1157,2,14,317,403,204,369,573,146,175,58,124,61,215,333,1501,-121
2015-16,203998,Bruno Caboclo,1610612761,TOR,20.0,6,6,0,42.68333333333333,1,12,1,7,0,0,1,1,2,1,4,2,1,2,2,0,3,-8
2015-16,203955,Bryce Cotton,1610612763,MEM,23.0,8,1,7,38.75833333333333,4,10,0,3,0,0,0,0,0,3,5,3,0,0,2,0,8,-24
2015-16,1626214,Bryce Dejean-Jones,1610612740,NOP,23.0,14,8,6,278.5566666666667,28,69,12,32,11,21,8,40,48,15,11,10,2,6,17,18,79,-39
2015-16,201228,C.J. Watson,1610612753,ORL,32.0,33,14,19,655.7033333333334,47,137,14,48,34,39,10,56,66,88,25,19,5,3,49,40,142,-51
2015-16,203912,C.J. Wilcox,1610612746,LAC,25.0,23,15,8,166.81833333333333,26,66,9,23,9,12,1,11,12,10,2,10,2,2,15,13,70,22
2015-16,203468,CJ McCollum,1610612757,POR,24.0,80,44,36,2779.7616666666668,641,1431,197,472,187,226,47,212,259,341,196,97,23,91,187,206,1666,157
2015-16,101139,CJ Miles,1610612754,IND,29.0,64,34,30,1463.6066666666666,259,634,142,387,93,124,25,150,175,63,70,53,29,28,142,106,753,2
2015-16,203946,Cameron Bairstow,1610612765,DET,25.0,18,4,14,102.6,13,40,1,5,7,8,4,24,28,6,4,2,3,5,19,6,34,-8
2015-16,1626166,Cameron Payne,1610612760,OKC,21.0,57,44,13,697.6133333333333,114,278,36,111,19,24,9,76,85,108,44,36,6,11,80,28,283,-28
2015-16,201171,Carl Landry,1610612755,PHI,32.0,36,5,31,569.39,139,250,6,13,67,91,49,97,146,32,22,12,9,16,69,61,351,-112
2015-16,2546,Carmelo Anthony,1610612752,NYK,32.0,72,32,40,2529.8,567,1307,105,310,334,403,98,458,556,299,176,62,38,76,180,317,1573,-43
2015-16,2406,Caron Butler,1610612758,SAC,36.0,17,2,15,175.66833333333332,25,59,3,18,10,12,5,17,22,10,3,9,1,0,19,9,63,-41
2015-16,202718,Chandler Parsons,1610612742,DAL,27.0,61,29,32,1799.39,320,651,104,251,93,136,29,256,285,169,95,46,21,42,114,131,837,-2
2015-16,101112,Channing Frye,1610612739,CLE,33.0,70,35,35,1199.4066666666668,152,347,91,235,30,35,35,199,234,71,43,29,28,6,127,64,425,103
2015-16,101111,Charlie Villanueva,1610612742,DAL,31.0,62,29,33,665.0366666666666,125,327,47,172,22,24,24,128,152,24,31,18,15,12,71,16,319,-89
2015-16,201978,Chase Budinger,1610612756,PHX,28.0,66,29,37,929.7166666666667,104,239,24,86,39,56,43,107,150,64,44,32,10,12,62,47,271,2
2015-16,2365,Chris Andersen,1610612763,MEM,37.0,27,11,16,402.5316666666667,38,72,4,14,25,36,36,62,98,12,9,15,13,6,29,35,105,-70
2015-16,2547,Chris Bosh,1610612748,MIA,32.0,53,29,24,1777.9183333333333,358,767,81,222,213,268,48,342,390,128,78,36,34,32,101,205,1010,29
2015-16,203142,Chris Copeland,1610612749,MIL,32.0,24,10,14,155.93,17,51,10,36,6,7,1,9,10,11,6,2,0,2,17,7,50,-79
2015-16,203187,Chris Johnson,1610612762,UTA,26.0,70,38,32,856.855,72,194,27,99,34,42,27,105,132,45,40,32,20,14,100,29,205,1
2015-16,2549,Chris Kaman,1610612757,POR,34.0,16,11,5,111.76666666666667,20,43,1,4,3,3,7,17,24,11,8,1,1,2,15,3,44,-31
2015-16,1626191,Chris McCullough,1610612751,BKN,21.0,24,7,17,362.385,44,109,13,34,11,23,25,43,68,9,15,28,12,9,39,17,112,-119
2015-16,101108,Chris Paul,1610612746,LAC,31.0,74,50,24,2420.2383333333332,515,1114,122,329,294,328,39,271,310,738,194,152,13,29,185,295,1446,553
2015-16,1626174,Christian Wood,1610612755,PHI,20.0,17,0,17,144.79833333333335,22,53,4,11,13,21,13,25,38,3,2,5,7,10,11,20,61,-49
2015-16,101236,Chuck Hayes,1610612746,LAC,33.0,2,1,1,23.833333333333332,1,2,0,0,2,2,0,8,8,2,3,0,0,0,6,1,4,-3
2015-16,203921,Cleanthony Early,1610612752,NYK,25.0,17,6,11,153.82333333333332,12,40,4,15,3,4,4,22,26,6,9,2,3,4,16,4,31,0
2015-16,1626146,Cliff Alexander,1610612757,POR,20.0,8,3,5,35.958333333333336,5,10,0,0,0,0,2,4,6,0,1,1,2,1,1,0,10,-13
2015-16,203991,Clint Capela,1610612745,HOU,22.0,77,39,38,1470.71,231,397,0,1,80,211,194,300,494,47,60,59,92,46,190,148,542,100
2015-16,203469,Cody Zeller,1610612766,CHA,23.0,73,42,31,1773.7316666666666,231,437,1,10,175,232,138,317,455,71,68,57,63,60,204,184,638,164
2015-16,202332,Cole Aldrich,1610612746,LAC,27.0,60,41,19,799.6366666666667,134,225,0,0,60,84,86,202,288,50,64,47,68,18,139,74,328,-26
2015-16,201147,Corey Brewer,1610612745,HOU,30.0,82,41,41,1668.8833333333334,212,552,61,224,105,140,42,157,199,109,78,84,19,27,168,138,590,-87
2015-16,203928,Cory Jefferson,1610612756,PHX,25.0,8,2,6,50.06333333333333,9,22,0,1,4,6,6,10,16,0,0,0,1,3,8,4,22,-6
2015-16,202709,Cory Joseph,1610612761,TOR,24.0,80,54,26,2046.4016666666666,257,585,30,110,133,174,39,171,210,250,102,63,20,46,131,160,677,275
2015-16,1626262,Coty Clarke,1610612738,BOS,23.0,3,0,3,5.801666666666667,2,4,2,2,0,0,0,1,1,0,1,0,0,0,0,0,6,4
2015-16,201584,Courtney Lee,1610612766,CHA,30.0,79,49,30,2334.4733333333334,290,639,82,217,99,118,29,176,205,136,72,85,28,27,134,74,761,149
2015-16,1626245,Cristiano Felicio,1610612741,CHI,23.0,31,14,17,320.7033333333333,40,72,0,4,25,35,30,72,102,26,13,6,13,5,31,22,105,53
2015-16,1626156,D'Angelo Russell,1610612747,LAL,20.0,80,17,63,2259.08,392,956,130,370,140,190,47,227,274,266,196,93,13,50,142,174,1054,-546
2015-16,201571,D.J. Augustin,1610612743,DEN,28.0,62,35,27,1177.6233333333332,148,350,68,168,103,128,8,87,95,198,84,38,4,32,85,135,467,-32
2015-16,2563,Dahntay Jones,1610612739,CLE,35.0,1,0,1,42.35,6,14,1,2,0,0,1,4,5,2,0,1,2,2,6,1,13,-1
2015-16,203081,Damian Lillard,1610612757,POR,25.0,75,40,35,2675.7616666666668,618,1474,229,610,414,464,45,257,302,512,242,65,28,93,165,383,1879,94
2015-16,203996,Damien Inglis,1610612749,MIL,21.0,20,5,15,156.35166666666666,13,37,3,13,7,8,2,29,31,10,11,6,3,3,11,7,36,-44
2015-16,204014,Damjan Rudez,1610612750,MIN,30.0,33,9,24,277.285,25,62,17,50,8,8,5,15,20,11,13,3,1,4,33,6,75,-13
2015-16,201568,Danilo Gallinari,1610612743,DEN,27.0,53,22,31,1838.7066666666667,287,700,87,239,375,432,52,229,281,135,77,42,19,49,87,334,1036,-101
2015-16,201980,Danny Green,1610612759,SAS,29.0,79,65,14,2061.525,211,561,116,349,34,46,48,255,303,141,75,79,64,21,141,63,572,506
2015-16,201967,Dante Cunningham,1610612740,NOP,29.0,80,28,52,1970.9483333333333,186,412,55,174,57,82,57,179,236,77,41,42,33,24,173,63,484,-280
2015-16,201589,Darrell Arthur,1610612743,DEN,28.0,70,26,44,1515.9916666666666,221,489,45,117,40,53,86,207,293,96,66,53,48,21,185,52,527,-52
2015-16,201954,Darren Collison,1610612758,SAC,28.0,74,29,45,2218.846666666667,377,776,87,217,194,226,28,141,169,318,130,77,4,59,142,168,1035,-70
2015-16,1626199,Darrun Hilliard,1610612765,DET,23.0,38,17,21,383.01666666666665,52,131,19,50,29,40,5,40,45,27,19,9,1,4,28,29,152,-3
2015-16,101135,David Lee,1610612742,DAL,33.0,55,27,28,902.93,178,335,0,1,71,93,101,204,305,84,66,22,28,42,114,73,427,-85
2015-16,2561,David West,1610612759,SAS,35.0,78,63,15,1404.2283333333332,244,448,3,7,63,80,72,237,309,143,68,44,55,27,142,96,554,330
2015-16,201599,DeAndre Jordan,1610612746,LAC,27.0,77,51,26,2597.681666666667,357,508,0,1,266,619,267,792,1059,90,107,51,177,20,207,465,980,436
2015-16,201971,DeJuan Blair,1610612764,WAS,27.0,29,12,17,218.07,28,68,0,1,5,13,20,37,57,11,15,8,2,4,53,20,61,-39
2015-16,201942,DeMar DeRozan,1610612761,TOR,26.0,78,53,25,2803.795,614,1377,47,139,555,653,64,285,349,315,175,81,21,97,167,432,1830,174
2015-16,202326,DeMarcus Cousins,1610612758,SAC,25.0,65,29,36,2245.835,601,1332,70,210,476,663,158,589,747,214,249,101,92,119,236,577,1748,39
2015-16,201960,DeMarre Carroll,1610612761,TOR,29.0,26,16,10,786.4416666666667,105,270,46,118,30,50,31,91,122,27,28,44,6,18,63,45,286,45
2015-16,1626153,Delon Wright,1610612761,TOR,24.0,27,19,8,229.275,36,80,5,13,26,35,8,29,37,31,16,8,3,8,7,22,103,13
2015-16,203471,Dennis Schröder,1610612737,ATL,22.0,80,47,33,1620.9583333333333,329,781,77,239,144,182,25,179,204,349,183,70,9,69,138,177,879,225
2015-16,101114,Deron Williams,1610612742,DAL,32.0,65,31,34,2106.0216666666665,321,775,97,282,179,206,19,171,190,378,150,61,14,39,155,177,918,2
2015-16,202324,Derrick Favors,1610612762,UTA,24.0,62,30,32,1983.2016666666666,418,811,0,4,180,254,169,334,503,94,104,74,91,63,150,200,1016,97
2015-16,201565,Derrick Rose,1610612741,CHI,27.0,66,32,34,2097.423333333333,447,1048,44,150,142,179,46,179,225,311,175,44,14,76,84,153,1080,-166
2015-16,202682,Derrick Williams,1610612752,NYK,25.0,80,32,48,1434.865,254,565,44,150,194,256,47,249,296,75,61,29,9,37,69,175,746,-205
2015-16,1626164,Devin Booker,1610612756,PHX,19.0,76,20,56,2107.665,367,867,99,289,215,256,27,160,187,200,160,44,20,64,225,243,1048,-373
2015-16,2734,Devin Harris,1610612742,DAL,33.0,64,35,29,1280.45,167,374,52,158,101,140,18,120,138,118,66,60,13,17,124,141,487,-91
2015-16,203906,Devyn Marble,1610612753,ORL,23.0,28,12,16,248.74666666666667,21,71,8,32,10,24,6,32,38,12,7,13,1,3,25,17,60,-13
2015-16,203473,Dewayne Dedmon,1610612753,ORL,26.0,58,21,37,704.875,99,177,0,0,57,76,67,161,228,13,32,22,46,15,109,62,255,-36
2015-16,203079,Dion Waiters,1610612760,OKC,24.0,78,53,25,2151.6233333333334,282,706,86,240,112,157,36,166,202,154,120,81,15,34,143,128,762,213
2015-16,1717,Dirk Nowitzki,1610612742,DAL,38.0,75,38,37,2363.5066666666667,498,1112,126,342,250,280,52,437,489,132,84,52,52,14,161,302,1372,254
2015-16,202388,Donald Sloan,1610612751,BKN,28.0,61,13,48,1317.8033333333333,154,350,38,99,78,104,17,156,173,268,80,32,4,24,73,97,424,-125
2015-16,202700,Donatas Motiejunas,1610612745,HOU,25.0,37,19,18,546.6933333333334,90,205,16,57,34,53,37,72,109,41,44,17,5,9,69,67,230,45
2015-16,203926,Doug McDermott,1610612741,CHI,24.0,81,41,40,1860.56,291,644,110,259,72,84,37,158,195,59,53,14,6,33,127,66,764,-68
2015-16,203110,Draymond Green,1610612744,GSW,26.0,81,73,8,2807.9983333333334,401,819,100,258,229,329,134,635,769,598,259,119,113,55,240,310,1131,1072
2015-16,2400,Drew Gooden,1610612764,WAS,34.0,30,18,12,305.17833333333334,33,103,7,41,9,14,28,57,85,13,13,8,11,6,40,19,82,-83
2015-16,1626251,Duje Dukan,1610612758,SAC,24.0,1,0,1,24.233333333333334,2,10,2,5,0,0,2,2,4,1,0,1,0,0,2,0,6,-8
2015-16,2730,Dwight Howard,1610612745,HOU,30.0,71,34,37,2279.6633333333334,372,600,0,6,232,474,238,597,835,98,166,69,113,48,219,385,976,18
2015-16,203939,Dwight Powell,1610612742,DAL,24.0,69,35,34,991.6283333333333,146,296,2,16,105,142,84,189,273,44,40,36,24,20,118,116,399,-81
2015-16,2548,Dwyane Wade,1610612748,MIA,34.0,74,43,31,2257.995,540,1183,7,44,322,406,82,220,302,344,203,79,42,42,116,274,1409,-7
2015-16,202734,E'Twaun Moore,1610612741,CHI,27.0,59,29,30,1263.1,187,389,47,104,22,35,19,114,133,99,53,37,18,25,103,41,443,-37
2015-16,202334,Ed Davis,1610612757,POR,27.0,81,43,38,1684.1866666666667,206,337,0,0,114,204,224,375,599,88,64,57,72,25,202,155,526,22
2015-16,204002,Edy Tavares,1610612737,ATL,24.0,11,7,4,72.65,11,19,0,0,3,8,7,14,21,3,5,1,6,2,8,4,25,-10
2015-16,203901,Elfrid Payton,1610612753,ORL,22.0,73,32,41,2144.92,318,730,30,92,112,190,77,184,261,467,177,89,20,87,159,168,778,-70
2015-16,202407,Elijah Millsap,1610612762,UTA,28.0,20,9,11,172.775,11,39,1,12,13,18,6,29,35,19,9,7,3,4,33,15,36,21
2015-16,202343,Elliot Williams,1610612766,CHA,27.0,5,4,1,45.138333333333335,2,10,1,4,3,4,1,3,4,4,1,0,0,0,2,5,8,-3
2015-16,1882,Elton Brand,1610612755,PHI,37.0,17,2,15,224.695,31,72,0,1,8,9,9,54,63,18,11,9,8,2,32,17,70,-38
2015-16,1626144,Emmanuel Mudiay,1610612743,DEN,20.0,68,29,39,2067.8866666666668,329,905,74,232,140,209,32,200,232,372,217,65,35,84,141,156,872,-118
2015-16,202683,Enes Freedom,1610612760,OKC,24.0,82,55,27,1720.6783333333333,414,719,10,21,200,251,249,415,664,33,115,26,33,79,166,208,1038,127
2015-16,202339,Eric Bledsoe,1610612756,PHX,26.0,31,12,19,1058.7716666666668,223,492,48,129,138,172,18,107,125,190,110,63,19,25,75,149,632,-49
2015-16,201569,Eric Gordon,1610612740,NOP,27.0,45,14,31,1481.3516666666667,231,552,113,294,111,125,10,89,99,121,73,43,14,30,98,113,686,-70
2015-16,203961,Eric Moreland,1610612758,SAC,24.0,8,1,7,47.583333333333336,3,6,0,0,2,4,3,8,11,1,3,0,4,2,4,3,8,7
2015-16,203475,Erick Green,1610612743,DEN,25.0,9,6,3,42.13333333333333,5,13,1,5,2,2,3,3,6,3,0,1,0,0,4,2,13,-1
2015-16,101141,Ersan Ilyasova,1610612753,ORL,29.0,74,35,39,1880.3866666666668,280,661,96,259,111,154,144,259,403,67,71,52,33,41,171,177,767,-137
2015-16,203095,Evan Fournier,1610612753,ORL,23.0,79,33,46,2566.088333333333,429,929,156,390,199,238,33,192,225,214,133,96,2,70,214,213,1213,-191
2015-16,202323,Evan Turner,1610612738,BOS,27.0,81,47,34,2270.6983333333333,343,753,20,83,148,179,50,347,397,359,169,80,28,43,139,159,854,97
2015-16,203105,Festus Ezeli,1610612744,GSW,26.0,46,42,4,770.1883333333334,125,228,0,0,70,132,91,166,257,32,38,18,50,20,94,110,320,223
2015-16,1626163,Frank Kaminsky,1610612766,CHA,23.0,81,47,34,1707.5733333333333,215,525,68,202,108,148,69,266,335,98,58,38,43,48,126,109,606,-18
2015-16,202066,Garrett Temple,1610612764,WAS,30.0,80,40,40,1951.195,201,505,89,258,91,125,36,176,212,140,64,69,18,35,195,135,582,-38
2015-16,203914,Gary Harris,1610612743,DEN,21.0,76,31,45,2438.6366666666668,359,765,105,297,109,133,54,166,220,147,98,97,18,46,143,100,932,-211
2015-16,202390,Gary Neal,1610612764,WAS,31.0,40,18,22,807.4283333333333,151,325,41,100,47,55,11,72,83,47,29,20,1,11,55,42,390,-162
2015-16,201588,George Hill,1610612754,IND,30.0,74,41,33,2524.4133333333334,326,739,128,314,114,150,58,240,298,259,101,83,17,33,149,195,894,95
2015-16,101123,Gerald Green,1610612748,MIA,30.0,69,40,29,1557.2183333333332,230,587,84,260,72,92,25,138,163,56,46,38,19,19,123,79,616,44
2015-16,201945,Gerald Henderson,1610612757,POR,28.0,72,39,33,1431.0666666666666,232,529,48,136,112,146,30,181,211,75,68,39,19,18,87,133,624,25
2015-16,203507,Giannis Antetokounmpo,1610612749,MIL,21.0,80,32,48,2823.4133333333334,513,1013,28,109,296,409,113,499,612,345,208,94,113,62,258,331,1350,-170
2015-16,203922,Glenn Robinson III,1610612754,IND,22.0,45,24,21,508.1983333333333,65,151,14,37,27,39,12,56,68,26,18,17,9,14,21,35,171,-37
2015-16,201609,Goran Dragic,1610612748,MIA,30.0,72,44,28,2362.62,417,875,64,205,120,165,54,223,277,419,185,71,17,40,188,184,1018,202
2015-16,202330,Gordon Hayward,1610612762,UTA,26.0,80,38,42,2892.9566666666665,521,1202,143,410,393,477,61,336,397,296,202,95,27,57,183,377,1578,95
2015-16,203476,Gorgui Dieng,1610612750,MIN,26.0,82,29,53,2220.068333333333,308,579,6,20,205,248,157,428,585,143,140,94,96,51,219,208,827,-7
2015-16,202328,Greg Monroe,1610612749,MIL,26.0,79,32,47,2314.185,491,941,0,1,228,308,218,478,696,178,129,72,67,98,163,253,1210,-110
2015-16,202962,Greg Smith,1610612750,MIN,25.0,18,8,10,191.94,18,32,0,0,7,17,12,30,42,6,7,4,1,8,28,14,43,-77
2015-16,202349,Greivis Vasquez,1610612749,MIL,29.0,23,9,14,459.9116666666667,45,138,18,73,22,26,5,42,47,91,40,10,0,8,42,28,130,-94
2015-16,203084,Harrison Barnes,1610612744,GSW,24.0,66,59,7,2041.5766666666666,295,633,82,214,102,134,77,248,325,117,57,41,10,36,136,132,774,451
2015-16,202355,Hassan Whiteside,1610612748,MIA,27.0,73,42,31,2125.3566666666666,413,682,0,0,214,329,238,627,865,29,137,44,269,41,201,275,1040,86
2015-16,203156,Henry Sims,1610612751,BKN,26.0,14,2,12,262.87166666666667,33,77,0,0,25,30,21,51,72,9,12,9,14,1,37,21,91,-94
2015-16,203138,Hollis Thompson,1610612755,PHI,25.0,77,10,67,2153.85,270,680,149,392,69,96,54,218,272,99,76,36,24,17,187,88,758,-369
2015-16,203546,Ian Clark,1610612744,GSW,25.0,66,59,7,578.18,89,202,30,84,28,34,13,55,68,64,43,17,13,11,58,22,236,-80
2015-16,101133,Ian Mahinmi,1610612754,IND,29.0,71,41,30,1815.7633333333333,264,448,0,0,132,225,138,369,507,104,100,65,75,41,220,173,660,112
2015-16,202697,Iman Shumpert,1610612739,CLE,26.0,54,39,15,1316.33,114,305,43,146,40,51,32,171,203,92,57,54,19,16,119,60,311,183
2015-16,203477,Isaiah Canaan,1610612755,PHI,25.0,77,10,67,1965.8483333333334,260,722,176,485,150,180,20,154,174,137,91,56,12,39,133,131,846,-484
2015-16,202738,Isaiah Thomas,1610612738,BOS,27.0,82,48,34,2644.403333333333,591,1382,167,465,474,544,46,197,243,509,220,91,9,109,167,452,1823,297
2015-16,202397,Ish Smith,1610612755,PHI,27.0,77,16,61,2238.81,397,967,56,170,122,176,43,262,305,502,175,88,24,54,133,170,972,-345
2015-16,200826,J.J. Barea,1610612742,DAL,32.0,74,38,36,1666.9083333333333,317,711,100,260,74,96,26,126,152,302,113,26,2,45,110,129,808,-72
2015-16,201581,JJ Hickson,1610612764,WAS,27.0,35,17,18,436.5466666666667,80,155,0,1,46,103,39,93,132,23,25,15,14,15,47,63,206,-59
2015-16,1626266,JJ O'Brien,1610612762,UTA,24.0,2,2,0,6.266666666666667,0,1,0,0,0,0,0,1,1,0,0,1,0,0,1,0,0,-8
2015-16,200755,JJ Redick,1610612746,LAC,32.0,75,50,25,2096.8316666666665,422,880,200,421,182,205,10,129,139,106,78,42,5,21,135,193,1226,509
2015-16,2747,JR Smith,1610612739,CLE,30.0,77,53,24,2361.9883333333332,353,850,204,510,45,71,43,174,217,130,59,81,21,20,204,98,955,308
2015-16,203960,JaKarr Sampson,1610612743,DEN,23.0,73,18,55,1159.7316666666666,140,317,14,63,80,122,46,144,190,46,70,23,33,32,142,85,374,-233
2015-16,203210,JaMychal Green,1610612763,MEM,26.0,78,39,39,1446.12,230,495,15,45,103,137,139,234,373,67,83,46,33,48,189,111,578,-44
2015-16,201580,JaVale McGee,1610612742,DAL,28.0,34,15,19,369.78333333333336,77,134,0,1,18,36,53,80,133,3,21,5,26,10,49,38,172,-54
2015-16,203953,Jabari Parker,1610612749,MIL,21.0,76,32,44,2407.971666666667,443,899,9,35,175,228,123,272,395,130,116,69,29,77,154,171,1070,-193
2015-16,203109,Jae Crowder,1610612738,BOS,25.0,73,43,30,2308.19,360,813,122,363,196,239,70,303,373,135,83,126,35,20,198,183,1038,217
2015-16,1626143,Jahlil Okafor,1610612755,PHI,20.0,53,6,47,1590.565,397,781,1,6,133,194,122,251,373,65,124,22,61,68,140,163,928,-494
2015-16,2037,Jamal Crawford,1610612746,LAC,36.0,79,51,28,2126.15,379,939,117,344,245,271,20,125,145,183,113,52,12,26,122,220,1120,169
2015-16,2749,Jameer Nelson,1610612743,DEN,34.0,39,12,27,1035.655,113,307,43,144,30,35,19,96,115,190,66,25,5,11,100,54,299,-132
2015-16,202341,James Anderson,1610612758,SAC,27.0,51,19,32,720.9833333333333,67,178,23,86,22,29,13,73,86,41,42,21,14,11,54,30,179,-82
2015-16,203516,James Ennis III,1610612740,NOP,25.0,22,11,11,328.515,54,113,26,58,25,34,21,21,42,21,19,16,5,5,28,32,159,-45
2015-16,201935,James Harden,1610612745,HOU,26.0,82,41,41,3124.635,710,1617,236,657,720,837,63,438,501,612,374,139,51,95,229,555,2376,124
2015-16,201949,James Johnson,1610612761,TOR,29.0,57,35,22,925.7316666666667,114,240,20,66,39,68,28,98,126,67,54,29,33,13,84,54,287,8
2015-16,2592,James Jones,1610612739,CLE,35.0,48,33,15,463.42,58,142,41,104,21,26,8,42,50,14,13,11,10,3,50,26,178,-21
2015-16,203949,James Michael McAdoo,1610612744,GSW,23.0,41,37,4,261.525,45,84,1,2,26,49,30,28,58,17,16,10,8,15,39,31,117,-88
2015-16,203923,James Young,1610612738,BOS,20.0,29,12,17,198.90166666666667,11,36,6,26,1,4,4,22,26,9,5,6,1,2,17,3,29,-27
2015-16,203099,Jared Cunningham,1610612739,CLE,25.0,44,31,13,410.385,36,105,12,39,36,55,3,35,38,20,21,14,2,17,41,46,120,-43
2015-16,201162,Jared Dudley,1610612764,WAS,30.0,81,40,41,2097.6716666666666,233,487,100,238,72,98,54,232,286,171,80,75,18,6,190,107,638,60
2015-16,203096,Jared Sullinger,1610612738,BOS,24.0,81,47,34,1914.62,351,806,29,103,103,161,194,479,673,187,102,75,47,50,209,163,834,213
2015-16,204067,Jarell Eddie,1610612764,WAS,24.0,26,13,13,146.76666666666668,20,65,15,47,8,8,2,21,23,5,1,5,1,3,5,5,63,-33
2015-16,1626185,Jarell Martin,1610612763,MEM,22.0,27,10,17,379.54,54,116,0,2,45,62,39,47,86,15,19,8,7,15,58,42,153,-39
2015-16,203950,Jarnell Stokes,1610612763,MEM,22.0,7,1,6,18.583333333333332,3,5,0,0,1,2,1,3,4,1,0,1,0,0,1,1,7,9
2015-16,101127,Jarrett Jack,1610612751,BKN,32.0,32,10,22,1026.6533333333334,140,358,31,102,100,112,9,127,136,236,94,34,7,23,77,83,411,-131
2015-16,201160,Jason Smith,1610612753,ORL,30.0,76,33,43,1180.8616666666667,244,503,4,16,54,67,53,166,219,62,57,33,65,21,163,78,546,-37
2015-16,1891,Jason Terry,1610612745,HOU,38.0,72,37,35,1257.7016666666666,151,376,93,261,27,33,14,65,79,103,49,47,9,4,91,32,422,31
2015-16,201574,Jason Thompson,1610612761,TOR,29.0,47,38,9,471.3983333333333,52,108,5,15,38,54,32,102,134,29,15,12,20,8,80,39,147,-7
2015-16,201965,Jeff Ayres,1610612746,LAC,29.0,17,11,6,106.61833333333334,12,23,0,1,6,6,4,18,22,5,6,0,3,3,18,7,30,-46
2015-16,201145,Jeff Green,1610612746,LAC,29.0,80,48,32,2253.245,354,824,67,213,164,220,74,258,332,138,93,58,40,56,164,182,939,-40
2015-16,201952,Jeff Teague,1610612737,ATL,28.0,79,47,32,2254.701666666667,434,988,110,274,261,312,33,181,214,470,218,97,24,88,167,249,1239,67
2015-16,203481,Jeff Withey,1610612762,UTA,26.0,51,25,26,657.885,87,162,0,2,43,59,56,117,173,20,28,21,53,16,75,49,217,57
2015-16,203924,Jerami Grant,1610612755,PHI,22.0,77,9,68,2066.3333333333335,251,599,35,146,212,322,99,262,361,135,110,54,127,76,215,284,749,-494
2015-16,202379,Jeremy Evans,1610612742,DAL,28.0,30,16,14,251.40833333333333,26,48,4,16,15,21,11,43,54,2,7,6,9,2,19,20,71,-42
2015-16,203087,Jeremy Lamb,1610612766,CHA,24.0,66,40,26,1227.255,230,510,56,181,64,88,44,208,252,77,50,42,30,20,105,85,580,152
2015-16,202391,Jeremy Lin,1610612766,CHA,27.0,78,47,31,2047.555,300,728,76,226,238,292,42,211,253,235,150,58,42,65,165,311,914,84
2015-16,1626170,Jerian Grant,1610612752,NYK,23.0,76,29,47,1264.7733333333333,154,391,22,100,96,123,23,120,143,177,87,50,10,29,97,112,426,-166
2015-16,201573,Jerryd Bayless,1610612749,MIL,27.0,52,21,31,1504.8183333333334,185,437,101,231,70,90,21,120,141,163,73,47,11,20,111,88,541,-185
2015-16,202690,Jimmer Fredette,1610612759,SAS,27.0,6,1,5,17.558333333333334,2,5,1,2,4,5,0,0,0,1,2,1,0,0,2,2,9,-25
2015-16,202710,Jimmy Butler III,1610612741,CHI,26.0,67,37,30,2473.625,470,1035,64,205,395,475,79,279,358,321,132,110,43,56,124,368,1399,-12
2015-16,201149,Joakim Noah,1610612741,CHI,31.0,29,15,14,635.4233333333333,51,133,0,1,22,45,87,168,255,110,52,18,29,16,77,43,124,-34
2015-16,201975,Jodie Meeks,1610612765,DET,28.0,3,3,0,43.486666666666665,7,20,4,9,4,4,1,4,5,3,1,0,0,2,2,2,22,9
2015-16,203925,Joe Harris,1610612739,CLE,24.0,5,5,0,15.103333333333333,1,4,1,4,0,0,0,3,3,2,1,0,0,0,1,0,3,-21
2015-16,204060,Joe Ingles,1610612762,UTA,28.0,81,40,41,1241.0966666666666,124,291,81,210,13,18,19,132,151,96,65,55,4,7,98,43,342,2
2015-16,2207,Joe Johnson,1610612748,MIA,35.0,81,31,50,2703.3,377,859,120,313,118,142,49,243,292,318,159,61,4,28,146,137,992,-55
2015-16,1626202,Joe Young,1610612754,IND,24.0,41,19,22,383.5133333333333,62,169,10,46,20,25,6,44,50,65,33,15,0,6,30,26,154,-33
2015-16,201202,Joel Anthony,1610612765,DET,33.0,19,12,7,95.70333333333333,6,10,0,0,6,8,8,13,21,1,2,2,12,1,15,6,18,-17
2015-16,203530,Joffrey Lauvergne,1610612743,DEN,24.0,59,24,35,1041.2433333333333,195,380,13,53,62,69,77,213,290,56,54,13,15,32,115,66,465,-221
2015-16,203089,John Henson,1610612749,MIL,25.0,57,22,35,959.4733333333334,164,291,0,1,69,117,87,134,221,54,64,18,109,12,131,85,397,-146
2015-16,203098,John Jenkins,1610612756,PHX,25.0,43,18,25,480.30333333333334,71,160,16,51,20,24,8,49,57,35,27,8,1,6,22,23,178,-65
2015-16,202322,John Wall,1610612764,WAS,25.0,77,37,40,2784.015,572,1349,115,328,272,344,42,337,379,789,318,145,59,73,159,292,1531,101
2015-16,203948,Johnny O'Bryant III,1610612749,MIL,23.0,66,27,39,857.085,86,209,1,1,27,40,65,111,176,32,31,18,8,18,100,39,200,-130
2015-16,202720,Jon Leuer,1610612756,PHX,27.0,67,22,45,1255.3183333333334,224,466,42,110,77,101,76,297,373,72,75,38,30,30,125,95,567,-65
2015-16,201973,Jonas Jerebko,1610612738,BOS,29.0,78,47,31,1176.4966666666667,118,286,43,108,61,78,77,211,288,62,52,20,24,23,137,71,340,32
2015-16,202685,Jonas Valanciunas,1610612761,TOR,24.0,60,40,20,1556.9216666666666,303,536,0,0,162,213,184,363,547,42,85,25,80,48,158,188,768,147
2015-16,203613,Jonathon Simmons,1610612759,SAS,26.0,55,47,8,812.83,122,242,18,47,69,92,16,80,96,58,53,24,5,24,103,90,331,94
2015-16,203919,Jordan Adams,1610612763,MEM,21.0,2,0,2,14.666666666666666,2,6,0,1,3,5,0,2,2,3,2,3,0,0,2,2,7,4
2015-16,203903,Jordan Clarkson,1610612747,LAL,24.0,79,17,62,2552.435,475,1098,111,320,164,204,93,220,313,192,135,88,7,87,168,185,1225,-628
2015-16,200770,Jordan Farmar,1610612763,MEM,29.0,12,2,10,291.29333333333335,42,100,16,45,10,10,4,21,25,37,18,15,2,7,22,17,110,-64
2015-16,202706,Jordan Hamilton,1610612740,NOP,25.0,11,4,7,303.675,49,116,13,45,14,21,12,50,62,25,17,8,3,5,24,18,125,-64
2015-16,201941,Jordan Hill,1610612754,IND,28.0,73,40,33,1512.6666666666667,278,549,0,1,89,125,156,295,451,87,92,36,37,31,155,91,645,48
2015-16,203895,Jordan McRae,1610612739,CLE,25.0,22,10,12,195.95166666666665,34,78,10,22,21,28,4,16,20,25,15,3,1,8,17,23,99,44
2015-16,1626175,Jordan Mickey,1610612738,BOS,21.0,16,9,7,57.178333333333335,8,22,0,0,5,10,6,7,13,1,1,0,11,5,5,7,21,6
2015-16,203268,Jorge Gutierrez,1610612766,CHA,27.0,12,9,3,63.3,6,11,0,2,10,11,0,7,7,17,6,3,0,0,3,10,22,8
2015-16,101181,Jose Calderon,1610612752,NYK,34.0,72,29,43,2023.8383333333334,209,455,84,203,42,48,22,207,229,298,87,63,7,10,135,76,544,-75
2015-16,203962,Josh Huestis,1610612760,OKC,24.0,5,2,3,54.983333333333334,5,12,4,6,0,4,2,8,10,0,3,1,2,0,3,2,14,2
2015-16,201177,Josh McRoberts,1610612748,MIA,29.0,42,27,15,594.6933333333334,55,148,12,49,28,40,22,83,105,81,30,18,7,8,68,34,150,5
2015-16,1626196,Josh Richardson,1610612748,MIA,22.0,52,29,23,1106.95,123,272,53,115,42,63,21,86,107,73,35,36,25,20,107,61,341,39
2015-16,2746,Josh Smith,1610612745,HOU,30.0,55,31,24,879.9733333333334,127,349,41,143,37,67,51,141,192,90,77,34,47,15,118,64,332,-76
2015-16,201950,Jrue Holiday,1610612740,NOP,26.0,65,27,38,1830.8816666666667,410,935,87,259,182,216,27,168,195,391,167,88,22,49,148,184,1089,27
2015-16,203944,Julius Randle,1610612747,LAL,21.0,81,17,64,2286.1966666666667,358,835,10,36,193,270,172,657,829,144,149,53,29,81,242,212,919,-681
2015-16,1626147,Justin Anderson,1610612742,DAL,22.0,55,28,27,646.8766666666667,71,175,22,83,44,55,18,114,132,29,24,19,25,11,45,34,208,7
2015-16,202712,Justin Harper,1610612751,BKN,26.0,5,4,1,35.083333333333336,4,10,4,9,1,2,0,1,1,0,2,1,0,0,3,1,13,-32
2015-16,203200,Justin Holiday,1610612741,CHI,27.0,53,28,25,772.5866666666667,88,228,36,105,27,37,12,78,90,56,39,32,19,20,61,47,239,-89
2015-16,1626159,Justise Winslow,1610612748,MIA,20.0,78,46,32,2232.135,195,462,32,116,80,117,81,322,403,118,95,68,26,43,184,92,502,111
2015-16,203994,Jusuf Nurkić,1610612743,DEN,21.0,32,14,18,547.075,101,242,0,3,61,99,65,110,175,40,55,24,44,26,91,93,263,-7
2015-16,203909,KJ McDaniels,1610612745,HOU,23.0,37,17,20,235.32333333333332,29,72,7,25,24,30,16,26,42,10,17,7,6,3,30,21,89,75
2015-16,1626157,Karl-Anthony Towns,1610612750,MIN,20.0,82,29,53,2626.485,625,1153,30,88,223,275,229,629,858,161,183,58,138,69,245,244,1503,-131
2015-16,202695,Kawhi Leonard,1610612759,SAS,25.0,72,60,12,2379.5633333333335,551,1090,129,291,292,334,95,398,493,186,105,128,71,29,133,281,1523,653
2015-16,203951,Keith Appling,1610612753,ORL,24.0,5,0,5,26.85,2,8,0,3,2,2,0,1,1,1,3,1,0,0,5,2,6,14
2015-16,203482,Kelly Olynyk,1610612738,BOS,25.0,69,40,29,1394.8466666666666,253,556,85,210,96,128,72,209,281,105,74,52,33,33,163,119,687,218
2015-16,1626162,Kelly Oubre Jr.,1610612764,WAS,20.0,63,31,32,671.3816666666667,90,211,25,79,31,49,25,108,133,13,34,22,7,20,100,51,236,-47
2015-16,202689,Kemba Walker,1610612766,CHA,26.0,81,47,34,2885.15,568,1331,182,490,371,438,56,301,357,421,171,126,39,103,111,346,1689,239
2015-16,203088,Kendall Marshall,1610612755,PHI,24.0,30,3,27,399.64666666666665,43,118,16,49,9,13,2,26,28,73,43,16,2,5,30,21,111,-114
2015-16,2570,Kendrick Perkins,1610612740,NOP,31.0,37,13,24,542.0416666666666,40,75,0,0,11,25,25,103,128,31,41,11,11,7,64,26,91,-77
2015-16,202702,Kenneth Faried,1610612743,DEN,26.0,67,26,41,1694.4516666666666,349,626,1,2,136,222,235,346,581,79,91,32,60,59,169,209,835,-109
2015-16,203145,Kent Bazemore,1610612737,ATL,26.0,75,44,31,2082.7966666666666,320,725,109,305,123,151,28,351,379,171,138,98,38,38,176,172,872,76
2015-16,203484,Kentavious Caldwell-Pope,1610612765,DET,23.0,76,41,35,2788.7316666666666,403,960,114,369,185,228,70,212,282,138,105,110,17,35,167,189,1105,173
2015-16,201142,Kevin Durant,1610612760,OKC,27.0,72,52,20,2577.62,698,1381,186,481,447,498,45,544,589,361,250,69,85,38,137,326,2029,646
2015-16,708,Kevin Garnett,1610612750,MIN,40.0,38,14,24,555.675,54,115,0,1,14,21,15,135,150,62,16,28,10,2,70,26,122,56
2015-16,201567,Kevin Love,1610612739,CLE,27.0,77,53,24,2424.395,409,977,158,439,258,314,149,613,762,185,142,58,41,53,159,281,1234,428
2015-16,2755,Kevin Martin,1610612759,SAS,33.0,55,24,31,1094.98,156,419,49,136,153,172,14,96,110,58,54,26,3,21,83,105,514,-123
2015-16,202338,Kevin Seraphin,1610612752,NYK,26.0,48,15,33,526.4883333333333,84,205,0,2,19,23,31,95,126,47,43,8,36,12,67,20,187,-86
2015-16,1626172,Kevon Looney,1610612744,GSW,20.0,5,4,1,20.598333333333333,4,7,1,2,0,0,4,6,10,0,1,0,0,1,2,0,9,-22
2015-16,203114,Khris Middleton,1610612749,MIL,24.0,79,33,46,2852.0,507,1142,143,361,277,312,44,258,302,331,180,131,19,42,204,249,1434,-33
2015-16,2550,Kirk Hinrich,1610612737,ATL,35.0,46,26,20,630.9983333333333,49,129,24,62,15,16,8,62,70,73,30,15,2,6,64,33,137,13
2015-16,202691,Klay Thompson,1610612744,GSW,26.0,80,71,9,2666.415,651,1386,276,650,193,221,35,271,306,166,138,60,49,42,152,167,1771,837
2015-16,977,Kobe Bryant,1610612747,LAL,37.0,66,13,53,1863.3233333333333,398,1113,133,467,232,281,41,206,247,184,129,62,13,36,115,174,1161,-569
2015-16,201585,Kosta Koufos,1610612758,SAC,27.0,78,32,46,1482.4,236,444,0,0,57,104,169,254,423,33,48,40,70,30,185,92,529,-229
2015-16,203123,Kostas Papanikolaou,1610612743,DEN,25.0,26,8,18,294.015,24,66,10,32,9,14,8,32,40,16,21,13,5,8,24,17,67,-9
2015-16,2743,Kris Humphries,1610612737,ATL,31.0,53,29,24,834.7133333333334,121,295,34,108,67,84,57,161,218,36,38,16,23,17,94,76,343,-103
2015-16,204001,Kristaps Porziņģis,1610612752,NYK,20.0,72,28,44,2046.4616666666666,373,886,81,243,201,240,132,394,526,94,121,53,134,26,205,224,1028,12
2015-16,203937,Kyle Anderson,1610612759,SAS,22.0,78,64,14,1245.0616666666667,138,295,12,37,62,83,25,219,244,123,59,60,29,16,97,80,350,202
2015-16,2594,Kyle Korver,1610612737,ATL,35.0,80,46,34,2400.665,268,617,158,397,45,54,14,246,260,164,98,60,35,12,161,66,739,428
2015-16,200768,Kyle Lowry,1610612761,TOR,30.0,77,54,23,2851.155,512,1198,212,547,398,491,55,310,365,494,225,158,34,74,211,433,1634,376
2015-16,203124,Kyle O'Quinn,1610612752,NYK,26.0,65,26,39,764.2883333333333,129,271,5,22,46,60,76,174,250,72,61,20,49,18,107,57,309,-59
2015-16,202713,Kyle Singler,1610612760,OKC,28.0,68,43,25,977.1183333333333,86,221,30,97,29,44,50,91,141,24,32,30,9,13,120,43,231,-22
2015-16,202681,Kyrie Irving,1610612739,CLE,24.0,53,37,16,1667.3733333333332,394,879,84,262,169,191,44,113,157,250,124,56,18,54,107,152,1041,206
2015-16,200746,LaMarcus Aldridge,1610612759,SAS,30.0,74,61,13,2260.86,536,1045,0,16,259,302,176,456,632,110,99,38,81,37,151,240,1331,508
2015-16,203934,Lamar Patterson,1610612737,ATL,24.0,35,23,12,394.9,28,80,12,49,16,22,4,46,50,39,23,9,2,5,45,23,84,33
2015-16,202362,Lance Stephenson,1610612763,MEM,25.0,69,36,33,1372.3066666666666,228,474,30,78,87,111,40,183,223,133,94,43,9,30,135,94,573,-64
2015-16,202498,Lance Thomas,1610612752,NYK,28.0,59,25,34,1313.39,169,382,44,109,102,119,34,97,131,53,57,22,7,24,109,108,484,-43
2015-16,204038,Langston Galloway,1610612752,NYK,24.0,82,32,50,2033.2983333333334,231,588,77,224,86,114,43,245,288,207,61,77,22,22,177,86,625,-104
2015-16,1626204,Larry Nance Jr.,1610612747,LAL,23.0,63,14,49,1265.715,158,300,1,10,32,47,101,211,312,44,41,54,23,19,124,58,349,-94
2015-16,202730,Lavoy Allen,1610612754,IND,27.0,79,43,36,1598.8066666666666,191,370,0,0,46,73,162,262,424,76,69,26,42,22,147,72,428,191
2015-16,2544,LeBron James,1610612739,CLE,31.0,76,56,20,2708.5783333333334,737,1416,87,282,359,491,111,454,565,514,249,104,49,69,143,413,1920,618
2015-16,2571,Leandro Barbosa,1610612744,GSW,33.0,68,60,8,1079.205,171,370,39,110,52,62,28,89,117,82,53,44,10,20,107,65,433,41
2015-16,203485,Lorenzo Brown,1610612765,DET,25.0,8,1,7,60.733333333333334,8,25,1,8,3,4,0,7,7,11,9,3,1,0,4,3,20,-30
2015-16,200811,Lou Amundson,1610612752,NYK,33.0,29,11,18,204.435,19,53,0,0,14,27,23,26,49,12,15,6,7,3,44,22,52,-47
2015-16,101150,Lou Williams,1610612747,LAL,29.0,67,14,53,1906.7116666666666,283,693,110,320,352,424,31,138,169,167,107,62,19,40,107,258,1028,-399
2015-16,201601,Luc Mbah a Moute,1610612746,LAC,29.0,75,49,26,1273.835,94,207,13,40,30,57,60,111,171,30,34,44,19,32,100,46,231,155
2015-16,203512,Lucas Nogueira,1610612761,TOR,23.0,29,17,12,224.73,28,44,1,3,8,15,18,28,46,7,11,12,12,3,29,11,65,24
2015-16,1626242,Luis Montero,1610612757,POR,23.0,12,6,6,42.03666666666667,5,19,1,9,3,4,0,4,4,1,4,0,0,2,1,3,14,-39
2015-16,2449,Luis Scola,1610612761,TOR,36.0,76,50,26,1636.195,269,598,65,161,61,84,84,276,360,66,68,46,27,35,178,107,664,-26
2015-16,202337,Luke Babbitt,1610612740,NOP,27.0,47,16,31,845.0833333333334,122,289,44,109,39,50,25,123,148,53,23,11,7,25,90,48,327,-26
2015-16,2736,Luol Deng,1610612748,MIA,31.0,74,45,29,2393.9183333333335,339,745,88,256,145,192,108,335,443,140,81,74,29,31,122,165,911,24
2015-16,1938,Manu Ginobili,1610612759,SAS,38.0,58,47,11,1134.1016666666667,197,435,70,179,91,112,26,120,146,177,99,66,11,22,99,138,555,329
2015-16,201188,Marc Gasol,1610612763,MEM,31.0,52,30,22,1791.045,328,707,2,3,203,245,58,304,362,196,118,50,70,25,141,230,861,11
2015-16,1626273,Marcelo Huertas,1610612747,LAL,33.0,53,8,45,868.8166666666667,97,230,16,61,27,29,18,72,90,182,80,26,7,14,76,34,237,19
2015-16,101162,Marcin Gortat,1610612764,WAS,32.0,75,35,40,2255.9166666666665,433,764,0,1,146,207,222,519,741,106,121,47,96,50,193,213,1012,63
2015-16,201158,Marco Belinelli,1610612758,SAC,30.0,68,27,41,1671.6816666666666,245,635,91,297,115,138,10,107,117,127,80,37,2,9,91,127,696,-186
2015-16,202694,Marcus Morris Sr.,1610612765,DET,26.0,80,42,38,2856.451666666667,410,945,108,298,203,271,91,313,404,201,140,67,23,29,170,261,1131,158
2015-16,203935,Marcus Smart,1610612738,BOS,22.0,61,36,25,1666.805,184,529,61,241,129,166,76,179,255,185,80,91,18,40,183,188,558,84
2015-16,201977,Marcus Thornton,1610612764,WAS,29.0,61,32,29,1108.0783333333334,216,542,91,270,67,79,38,112,150,84,51,47,4,21,90,57,590,43
2015-16,201596,Mario Chalmers,1610612748,MIA,30.0,61,38,23,1372.7666666666667,182,444,46,149,218,262,24,133,157,230,110,88,13,27,181,239,628,75
2015-16,1626209,Mario Hezonja,1610612753,ORL,21.0,79,33,46,1412.8533333333332,181,418,67,192,49,54,28,148,176,109,97,39,17,15,124,57,478,-2
2015-16,203900,Markel Brown,1610612751,BKN,24.0,62,12,50,982.3516666666667,127,322,38,121,71,94,23,99,122,91,54,38,15,10,94,87,363,-235
2015-16,202693,Markieff Morris,1610612764,WAS,26.0,64,22,42,1628.875,305,718,47,155,108,147,73,279,352,124,135,58,34,40,184,133,765,-89
2015-16,201578,Marreese Speights,1610612744,GSW,28.0,72,64,8,832.4166666666666,197,456,24,62,94,114,77,162,239,61,66,19,34,31,117,114,512,11
2015-16,101107,Marvin Williams,1610612766,CHA,30.0,81,47,34,2338.165,338,747,152,378,120,144,127,394,521,110,62,58,77,28,133,129,948,248
2015-16,203486,Mason Plumlee,1610612757,POR,26.0,82,44,38,2083.5133333333333,267,517,0,4,215,335,201,427,628,226,154,68,85,64,253,272,749,36
2015-16,2440,Matt Barnes,1610612763,MEM,36.0,76,38,38,2190.153333333333,264,693,119,370,111,138,84,336,420,163,121,78,57,35,234,103,758,-210
2015-16,2588,Matt Bonner,1610612759,SAS,36.0,30,25,5,205.91166666666666,29,57,15,34,3,4,3,24,27,9,3,6,1,2,16,5,76,63
2015-16,203521,Matthew Dellavedova,1610612739,CLE,25.0,76,54,22,1867.3333333333333,207,511,98,239,57,66,33,129,162,337,116,44,9,20,178,90,569,381
2015-16,203090,Maurice Harkless,1610612757,POR,23.0,78,40,38,1457.045,195,411,39,140,69,111,101,179,280,67,62,49,35,31,124,74,498,29
2015-16,1897,Metta World Peace,1610612747,LAL,36.0,35,6,29,589.8766666666667,55,177,26,84,40,57,19,70,89,27,15,22,11,15,67,42,176,-66
2015-16,203086,Meyers Leonard,1610612757,POR,24.0,61,33,28,1332.5933333333332,195,435,86,228,35,46,51,263,314,92,77,8,18,8,183,61,511,100
2015-16,201563,Michael Beasley,1610612745,HOU,27.0,20,10,10,362.58666666666664,107,205,3,9,38,49,29,69,98,16,24,11,9,13,39,32,255,-67
2015-16,203487,Michael Carter-Williams,1610612749,MIL,24.0,54,21,33,1649.3033333333333,251,555,15,55,106,162,48,228,276,281,153,80,41,43,162,175,623,-130
2015-16,203077,Michael Kidd-Gilchrist,1610612766,CHA,22.0,7,5,2,204.74166666666667,33,61,3,7,20,29,12,33,45,9,8,3,3,8,9,22,89,58
2015-16,201144,Mike Conley,1610612763,MEM,28.0,56,33,23,1760.5116666666668,294,696,78,215,191,229,26,138,164,342,84,67,16,33,100,184,857,66
2015-16,2399,Mike Dunleavy,1610612741,CHI,35.0,31,13,18,702.6366666666667,77,188,39,99,29,37,8,75,83,39,26,14,10,11,66,34,222,-66
2015-16,2034,Mike Miller,1610612743,DEN,36.0,47,21,26,372.96,22,62,19,52,0,0,6,47,53,40,17,13,4,3,53,6,63,-90
2015-16,203488,Mike Muscala,1610612737,ATL,24.0,60,34,26,564.8916666666667,76,152,12,39,31,39,38,79,117,34,27,13,27,2,72,35,195,-33
2015-16,203118,Mike Scott,1610612737,ATL,27.0,75,46,29,1146.2233333333334,176,376,62,158,50,63,53,153,206,78,42,25,17,12,102,58,464,114
2015-16,203101,Miles Plumlee,1610612749,MIL,27.0,61,23,38,869.8966666666666,140,233,0,0,34,59,94,138,232,16,40,21,50,14,73,54,314,-101
2015-16,203141,Mirza Teletovic,1610612756,PHX,30.0,79,23,56,1685.4766666666667,332,777,181,460,120,155,55,247,302,89,84,32,21,36,159,131,965,-170
2015-16,203956,Mitch McGary,1610612760,OKC,24.0,20,17,3,72.45,11,23,0,4,4,10,4,14,18,3,7,1,2,3,10,6,26,-48
2015-16,2590,Mo Williams,1610612739,CLE,33.0,41,27,14,747.7783333333333,132,302,36,102,38,42,6,66,72,98,57,14,5,14,60,39,338,-50
2015-16,101145,Monta Ellis,1610612754,IND,30.0,81,44,37,2733.9683333333332,436,1021,87,282,162,206,42,229,271,383,203,150,37,33,174,194,1121,108
2015-16,1626149,Montrezl Harrell,1610612745,HOU,22.0,39,17,22,378.6116666666667,58,90,0,1,24,46,25,40,65,17,17,11,11,8,48,32,140,38
2015-16,1626167,Myles Turner,1610612754,IND,20.0,60,32,28,1367.185,264,530,3,14,88,121,68,264,332,41,67,25,86,24,158,122,619,-69
2015-16,101126,Nate Robinson,1610612740,NOP,32.0,2,0,2,23.296666666666667,0,1,0,1,0,0,0,0,0,4,0,1,0,0,5,0,0,-20
2015-16,1737,Nazr Mohammed,1610612760,OKC,38.0,5,5,0,19.458333333333332,3,5,0,0,2,2,1,3,4,0,3,0,0,0,4,1,8,-3
2015-16,202357,Nemanja Bjelica,1610612750,MIN,28.0,60,20,40,1074.8033333333333,110,235,48,125,40,55,49,161,210,82,47,26,21,10,154,61,308,-127
2015-16,2403,Nene,1610612764,WAS,33.0,57,28,29,1093.91,209,384,0,3,107,185,52,207,259,97,76,54,26,22,156,165,525,31
2015-16,203457,Nerlens Noel,1610612755,PHI,22.0,67,10,57,1965.245,306,587,1,2,134,227,154,388,542,122,158,118,100,39,192,195,747,-460
2015-16,2555,Nick Collison,1610612760,OKC,35.0,59,39,20,699.2783333333333,50,109,0,2,23,33,68,103,171,52,50,15,16,10,107,42,123,23
2015-16,201156,Nick Young,1610612747,LAL,31.0,54,13,41,1033.41,126,372,77,237,63,76,14,83,97,34,30,23,7,10,50,45,392,-202
2015-16,201587,Nicolas Batum,1610612766,CHA,27.0,70,41,29,2447.56,372,873,139,399,163,192,55,373,428,403,205,65,43,27,114,151,1046,211
2015-16,203917,Nik Stauskas,1610612755,PHI,22.0,73,8,65,1809.05,210,545,106,325,91,118,23,160,183,138,94,44,20,34,115,98,617,-402
2015-16,203999,Nikola Jokić,1610612743,DEN,21.0,80,31,49,1732.5516666666667,307,600,28,84,154,190,181,379,560,189,104,79,50,57,208,198,796,93
2015-16,202703,Nikola Mirotic,1610612741,CHI,25.0,66,37,29,1646.11,248,609,135,346,146,181,58,304,362,100,102,58,46,24,151,137,777,41
2015-16,201593,Nikola Pekovic,1610612750,MIN,30.0,12,2,10,156.315,19,50,0,0,16,20,7,14,21,11,9,1,0,2,22,18,54,-63
2015-16,202696,Nikola Vučević,1610612753,ORL,25.0,65,28,37,2036.8216666666667,533,1046,2,9,113,150,174,402,576,179,123,53,70,56,173,159,1181,-46
2015-16,203943,Noah Vonleh,1610612757,POR,20.0,78,41,37,1173.4933333333333,117,278,11,46,38,51,91,214,305,30,50,27,26,24,152,48,283,-62
2015-16,1626181,Norman Powell,1610612761,TOR,23.0,49,32,17,725.2266666666667,97,229,36,89,43,53,16,95,111,47,32,29,10,24,59,43,273,66
2015-16,202708,Norris Cole,1610612740,NOP,27.0,45,20,25,1198.3133333333333,196,484,33,102,52,65,10,141,151,167,75,37,5,17,102,72,477,-104
2015-16,201564,O.J. Mayo,1610612749,MIL,28.0,41,17,24,1089.6766666666667,119,321,52,162,31,40,13,92,105,118,72,48,8,17,126,45,321,-56
2015-16,201600,Omer Asik,1610612740,NOP,29.0,68,29,39,1178.1733333333334,104,195,0,0,61,112,120,294,414,26,60,21,23,38,124,104,269,-205
2015-16,201956,Omri Casspi,1610612758,SAC,28.0,69,27,42,1880.405,299,622,112,274,103,159,58,352,410,95,94,56,17,29,154,136,813,9
2015-16,203111,Orlando Johnson,1610612740,NOP,27.0,7,1,6,101.71,9,34,2,10,6,8,4,11,15,2,4,3,3,3,9,6,26,-37
2015-16,203490,Otto Porter Jr.,1610612764,WAS,23.0,75,36,39,2275.8733333333334,339,717,98,267,95,126,97,294,391,120,70,105,32,27,163,115,871,45
2015-16,200782,P.J. Tucker,1610612756,PHX,31.0,82,23,59,2539.5983333333334,239,582,68,206,106,142,165,347,512,177,111,106,20,44,202,155,652,-356
2015-16,203798,PJ Hairston,1610612763,MEM,23.0,66,31,35,1313.12,145,408,70,241,50,64,25,149,174,38,41,32,11,16,137,65,410,-191
2015-16,203143,Pablo Prigioni,1610612746,LAC,39.0,59,37,22,822.6366666666667,55,147,28,95,7,8,38,76,114,130,49,53,1,5,82,32,145,-65
2015-16,1626192,Pat Connaughton,1610612757,POR,23.0,34,17,17,143.46666666666667,13,49,5,21,5,5,11,21,32,10,10,2,0,5,6,5,36,-13
2015-16,201976,Patrick Beverley,1610612745,HOU,27.0,71,35,36,2040.6483333333333,258,594,124,310,60,88,73,177,250,239,91,94,26,32,234,99,700,135
2015-16,202335,Patrick Patterson,1610612761,TOR,27.0,79,54,25,2019.5583333333334,204,493,106,293,29,34,77,265,342,94,65,53,32,10,128,54,543,403
2015-16,201988,Patty Mills,1610612759,SAS,27.0,81,66,15,1662.06,260,612,123,320,47,58,27,131,158,226,76,59,6,12,102,121,690,380
2015-16,2200,Pau Gasol,1610612741,CHI,35.0,72,36,36,2291.358333333333,467,995,24,69,229,289,155,638,793,294,164,42,146,59,148,261,1187,-3
2015-16,202331,Paul George,1610612754,IND,26.0,81,44,37,2818.9333333333334,605,1449,210,566,454,528,79,484,563,329,265,152,29,77,230,434,1874,180
2015-16,200794,Paul Millsap,1610612737,ATL,31.0,81,48,33,2646.9166666666665,501,1066,74,232,309,408,198,534,732,265,191,147,139,71,237,360,1385,216
2015-16,1718,Paul Pierce,1610612746,LAC,38.0,68,44,24,1230.6133333333332,144,397,75,242,54,66,12,174,186,71,58,33,17,17,129,61,417,56
2015-16,203515,Phil Pressey,1610612757,POR,25.0,23,3,20,283.4433333333333,30,78,4,18,13,25,3,28,31,75,33,18,4,9,28,21,77,-39
2015-16,203112,Quincy Acy,1610612758,SAC,25.0,59,21,38,875.8933333333333,119,214,19,49,50,68,65,123,188,27,27,29,24,6,103,75,307,-126
2015-16,1626154,RJ Hunter,1610612738,BOS,22.0,36,21,15,314.5683333333333,36,98,19,63,6,7,2,35,37,13,11,14,4,4,29,10,97,-28
2015-16,200765,Rajon Rondo,1610612758,SAC,30.0,72,29,43,2536.6883333333335,355,782,62,170,87,150,77,358,435,839,278,141,10,54,175,153,859,-154
2015-16,1626176,Rakeem Christmas,1610612754,IND,24.0,1,1,0,6.1,2,2,0,0,0,0,1,0,1,0,0,0,0,0,1,0,4,-10
2015-16,201196,Ramon Sessions,1610612764,WAS,30.0,82,41,41,1667.035,280,592,36,111,214,283,25,178,203,239,115,46,5,40,102,213,810,-54
2015-16,200751,Randy Foye,1610612760,OKC,32.0,81,37,44,1641.505,169,482,75,250,61,74,24,132,156,161,86,39,29,26,131,69,474,26
2015-16,1626173,Rashad Vaughn,1610612749,MIL,19.0,70,30,40,1000.6933333333334,81,266,43,147,12,15,11,77,88,39,28,29,16,25,73,18,217,-145
2015-16,2446,Rasual Butler,1610612759,SAS,37.0,46,41,5,431.51166666666666,49,104,15,49,11,16,3,53,56,24,8,13,23,4,11,15,124,80
2015-16,203526,Raul Neto,1610612762,UTA,24.0,81,40,41,1498.6016666666667,180,418,64,162,52,70,17,103,120,174,109,62,2,28,122,108,476,76
2015-16,203492,Ray McCallum,1610612759,SAS,25.0,41,30,11,474.38166666666666,55,146,15,42,12,15,8,39,47,60,24,12,7,13,29,18,137,21
2015-16,101109,Raymond Felton,1610612742,DAL,32.0,80,40,40,2191.995,277,682,60,213,149,176,36,222,258,284,121,68,15,32,141,154,763,-67
2015-16,203493,Reggie Bullock Jr.,1610612765,DET,25.0,37,22,15,428.845,43,98,22,53,14,15,14,54,68,27,8,10,2,5,29,15,122,-58
2015-16,202704,Reggie Jackson,1610612765,DET,26.0,79,43,36,2424.2116666666666,540,1244,118,334,291,337,58,195,253,492,223,59,11,69,187,266,1489,131
2015-16,2210,Richard Jefferson,1610612739,CLE,36.0,74,51,23,1325.625,143,312,66,173,58,87,15,113,128,59,43,33,14,11,129,79,410,-45
2015-16,1626158,Richaun Holmes,1610612755,PHI,22.0,51,7,44,702.0016666666667,114,222,8,44,51,74,62,73,135,33,32,19,40,19,92,65,287,-53
2015-16,201937,Ricky Rubio,1610612750,MIN,25.0,76,28,48,2322.62,219,586,62,190,266,314,40,286,326,658,193,162,10,32,201,262,766,18
2015-16,203496,Robert Covington,1610612755,PHI,25.0,67,10,57,1903.0533333333333,274,712,170,482,140,177,65,354,419,97,143,105,40,40,232,132,858,-280
2015-16,203135,Robert Sacre,1610612747,LAL,27.0,25,2,23,320.09,31,75,0,0,25,38,32,40,72,14,12,4,10,9,43,26,87,-33
2015-16,201577,Robin Lopez,1610612752,NYK,28.0,82,32,50,2218.94,357,662,0,1,128,161,268,334,602,114,133,16,129,27,182,141,842,-99
2015-16,203918,Rodney Hood,1610612762,UTA,23.0,79,39,40,2541.016666666667,408,972,161,449,172,200,38,229,267,213,125,73,16,39,202,162,1149,131
2015-16,201155,Rodney Stuckey,1610612754,IND,30.0,58,33,25,1275.4633333333334,183,443,20,83,131,158,19,137,156,142,76,43,8,30,77,136,517,11
2015-16,1626178,Rondae Hollis-Jefferson,1610612751,BKN,21.0,29,7,22,615.4566666666667,63,138,4,14,37,52,39,115,154,43,26,39,16,8,61,47,167,-61
2015-16,101179,Ronnie Price,1610612756,PHX,33.0,62,20,42,1211.1833333333334,116,302,68,196,31,41,25,74,99,147,70,74,13,12,161,72,331,-73
2015-16,201579,Roy Hibbert,1610612747,LAL,29.0,81,17,64,1877.87,182,411,0,2,117,145,132,266,398,95,76,32,110,30,252,150,481,-684
2015-16,200752,Rudy Gay,1610612758,SAC,29.0,70,29,41,2378.71,466,1007,74,215,198,254,103,353,456,120,139,100,51,60,184,212,1204,-82
2015-16,203497,Rudy Gobert,1610612762,UTA,24.0,61,33,28,1932.0733333333333,198,354,0,0,161,283,208,460,668,91,114,45,135,42,163,240,557,150
2015-16,203893,Russ Smith,1610612763,MEM,25.0,15,6,9,66.185,7,22,1,5,8,13,1,8,9,11,7,5,1,5,5,8,23,-41
2015-16,201566,Russell Westbrook,1610612760,OKC,27.0,80,55,25,2749.4683333333332,656,1444,101,341,465,573,145,481,626,834,342,163,20,84,200,434,1878,634
2015-16,201583,Ryan Anderson,1610612740,NOP,28.0,66,24,42,2008.13,397,929,131,358,199,228,131,265,396,73,90,38,25,41,109,194,1124,31
2015-16,200797,Ryan Hollins,1610612763,MEM,31.0,37,18,19,459.67333333333335,49,79,0,0,26,42,47,51,98,10,24,6,21,13,62,49,124,-148
2015-16,203527,Ryan Kelly,1610612747,LAL,25.0,36,3,33,469.8066666666667,55,149,5,37,37,54,21,100,121,20,18,13,10,13,39,44,152,0
2015-16,1626257,Salah Mejri,1610612742,DAL,30.0,34,16,18,397.23,49,78,0,1,27,46,41,82,123,10,23,8,36,15,54,44,125,43
2015-16,1626155,Sam Dekker,1610612745,HOU,22.0,3,1,2,6.148333333333333,0,0,0,0,0,0,0,1,1,0,0,1,0,0,0,0,0,-2
2015-16,201619,Sasha Kaun,1610612739,CLE,31.0,25,18,7,95.395,9,17,0,0,5,11,12,14,26,3,7,4,5,5,11,6,23,-3
2015-16,2756,Sasha Vujacic,1610612752,NYK,32.0,61,22,39,908.3916666666667,106,277,52,143,32,39,26,123,149,84,44,34,5,8,83,53,296,-42
2015-16,203930,Sean Kilpatrick,1610612751,BKN,26.0,31,7,24,616.175,123,270,39,114,60,67,12,44,56,29,31,12,2,14,37,52,345,-146
2015-16,201586,Serge Ibaka,1610612760,OKC,26.0,78,54,24,2500.2933333333335,416,869,60,184,91,121,141,392,533,66,108,38,148,27,211,102,983,532
2015-16,203508,Sergey Karasev,1610612751,BKN,22.0,40,9,31,399.42333333333335,30,74,11,37,26,28,8,50,58,35,22,6,2,3,27,33,97,-6
2015-16,203552,Seth Curry,1610612758,SAC,25.0,44,17,27,691.7433333333333,102,224,50,111,45,54,9,51,60,67,36,22,3,12,41,40,299,-36
2015-16,203498,Shabazz Muhammad,1610612750,MIN,23.0,82,29,53,1681.985,317,681,44,152,185,242,100,167,267,52,70,24,7,55,94,183,863,-267
2015-16,203894,Shabazz Napier,1610612753,ORL,24.0,55,23,32,599.865,68,201,34,104,33,45,9,46,55,97,46,23,1,7,38,47,203,-53
2015-16,203499,Shane Larkin,1610612751,BKN,23.0,78,20,58,1750.6516666666666,222,502,39,108,83,107,28,152,180,342,146,95,12,31,121,123,566,-344
2015-16,2733,Shaun Livingston,1610612744,GSW,30.0,78,69,9,1519.5333333333333,203,379,2,12,80,93,42,127,169,237,78,57,27,18,140,88,488,207
2015-16,203963,Shayne Whittington,1610612754,IND,25.0,7,4,3,40.71666666666667,5,11,0,2,1,2,5,7,12,3,5,1,1,0,7,2,11,-6
2015-16,202714,Shelvin Mack,1610612762,UTA,26.0,52,27,25,1057.9366666666667,182,415,39,125,45,61,13,115,128,187,95,34,3,23,72,69,448,97
2015-16,203524,Solomon Hill,1610612754,IND,25.0,59,31,28,866.1666666666666,93,208,24,74,36,42,39,127,166,57,33,37,11,13,68,37,246,46
2015-16,201603,Sonny Weems,1610612756,PHX,29.0,43,6,37,498.355,42,110,15,41,8,15,7,46,53,49,41,10,1,10,47,16,107,-97
2015-16,203915,Spencer Dinwiddie,1610612741,CHI,23.0,12,5,7,159.23,19,54,1,10,19,33,4,13,17,22,7,3,0,4,20,31,58,-56
2015-16,201150,Spencer Hawes,1610612766,CHA,28.0,57,30,27,1035.0033333333333,124,306,38,102,54,65,51,193,244,109,58,22,27,13,111,60,340,45
2015-16,1626169,Stanley Johnson,1610612765,DET,20.0,73,37,36,1687.0716666666667,225,600,63,205,80,102,58,248,306,118,114,55,12,35,178,83,593,-138
2015-16,201939,Stephen Curry,1610612744,GSW,28.0,79,71,8,2699.975,805,1598,402,886,363,400,68,362,430,527,262,169,15,52,161,356,2375,1022
2015-16,2581,Steve Blake,1610612765,DET,36.0,58,34,24,986.4,93,240,52,151,16,20,9,80,89,200,81,24,5,10,70,48,254,-56
2015-16,200779,Steve Novak,1610612749,MIL,33.0,10,8,2,44.288333333333334,8,18,7,15,1,1,0,5,5,0,1,0,0,0,3,2,24,7
2015-16,203500,Steven Adams,1610612760,OKC,22.0,80,54,26,2014.3883333333333,261,426,0,0,114,196,219,314,533,62,84,42,89,31,223,195,636,478
2015-16,204456,T.J. McConnell,1610612755,PHI,24.0,81,10,71,1605.9416666666666,218,464,31,89,26,41,43,207,250,367,140,95,10,24,114,74,493,-276
2015-16,203933,T.J. Warren,1610612756,PHX,22.0,47,14,33,1070.19,221,441,28,70,45,64,57,90,147,44,32,37,16,15,94,64,515,-113
2015-16,201959,Taj Gibson,1610612741,CHI,31.0,73,37,36,1935.5583333333334,263,500,0,3,101,146,206,298,504,106,78,47,77,54,180,161,627,-153
2015-16,204028,Tarik Black,1610612747,LAL,24.0,39,6,33,495.59,57,104,0,0,19,45,44,113,157,16,22,14,18,9,78,38,133,20
2015-16,2419,Tayshaun Prince,1610612750,MIN,36.0,77,27,50,1461.5616666666667,102,229,4,23,13,19,32,115,147,74,27,36,13,4,62,28,221,-129
2015-16,203093,Terrence Jones,1610612745,HOU,24.0,50,24,26,1044.235,166,367,25,79,77,116,62,149,211,41,49,23,39,39,86,82,434,-240
2015-16,203082,Terrence Ross,1610612761,TOR,25.0,73,53,20,1747.3766666666668,270,626,131,339,49,62,21,164,185,56,46,54,25,15,120,46,720,243
2015-16,1626179,Terry Rozier,1610612738,BOS,22.0,39,24,15,311.325,29,106,6,27,8,10,24,39,63,37,19,6,1,4,23,15,72,-46
2015-16,200757,Thabo Sefolosha,1610612737,ATL,32.0,75,42,33,1757.665,188,371,42,123,62,99,52,282,334,107,68,85,37,26,109,85,480,-24
2015-16,201152,Thaddeus Young,1610612751,BKN,28.0,73,21,52,2407.4183333333335,495,963,7,30,105,163,176,484,660,136,136,112,37,77,182,157,1102,-232
2015-16,203648,Thanasis Antetokounmpo,1610612752,NYK,23.0,2,1,1,6.25,3,4,0,1,0,0,0,1,1,0,0,0,0,0,2,0,6,-6
2015-16,203080,Thomas Robinson,1610612751,BKN,25.0,71,16,55,916.4483333333334,130,291,0,1,47,109,136,223,359,46,69,39,36,26,111,90,307,-278
2015-16,201168,Tiago Splitter,1610612737,ATL,31.0,36,21,15,579.4733333333334,81,155,0,2,39,48,45,75,120,30,24,20,12,19,71,46,201,102
2015-16,202353,Tibor Pleiss,1610612762,UTA,26.0,12,7,5,81.54,11,25,0,2,2,2,6,9,15,2,8,1,2,4,19,1,24,-16
2015-16,1495,Tim Duncan,1610612759,SAS,40.0,61,50,11,1536.4266666666667,215,441,0,2,92,131,115,332,447,163,90,47,78,38,125,112,522,426
2015-16,204025,Tim Frazier,1610612740,NOP,25.0,51,25,26,741.255,96,229,16,48,53,74,26,84,110,162,65,33,2,22,73,84,261,-31
2015-16,203501,Tim Hardaway Jr.,1610612737,ATL,24.0,51,29,22,864.11,114,265,48,143,50,56,7,79,86,51,23,21,7,15,48,47,326,101
2015-16,202389,Timofey Mozgov,1610612739,CLE,29.0,76,52,24,1325.5883333333334,203,359,1,7,68,95,110,227,337,33,71,22,57,30,159,116,475,2
2015-16,202699,Tobias Harris,1610612765,DET,23.0,76,37,39,2513.395,417,889,80,239,202,243,96,414,510,169,108,65,40,71,153,189,1116,18
2015-16,201962,Toney Douglas,1610612740,NOP,30.0,61,22,39,1262.2883333333334,183,445,81,203,84,99,25,118,143,157,64,70,5,29,131,96,531,-140
2015-16,2754,Tony Allen,1610612763,MEM,34.0,64,34,30,1619.8216666666667,215,469,15,42,90,138,104,192,296,70,78,110,18,59,175,105,535,-91
2015-16,2225,Tony Parker,1610612759,SAS,34.0,72,59,13,1980.4416666666666,350,710,27,65,130,171,17,159,176,379,131,54,11,39,114,147,857,412
2015-16,203503,Tony Snell,1610612741,CHI,24.0,64,33,31,1301.0133333333333,126,339,56,155,30,33,19,180,199,63,52,16,17,28,100,38,338,97
2015-16,203100,Tony Wroten,1610612752,NYK,23.0,8,0,8,144.3,22,65,3,17,20,37,2,19,21,20,29,3,0,11,11,24,67,-68
2015-16,2772,Trevor Ariza,1610612745,HOU,31.0,81,40,41,2859.1216666666664,357,859,185,499,126,161,67,299,366,188,113,160,26,38,177,114,1025,40
2015-16,202344,Trevor Booker,1610612762,UTA,28.0,79,39,40,1632.0333333333333,190,388,12,41,71,106,166,286,452,83,81,59,41,18,169,83,463,64
2015-16,203504,Trey Burke,1610612762,UTA,23.0,64,31,33,1365.7916666666667,262,634,88,256,67,82,18,94,112,148,80,35,6,33,86,77,679,0
2015-16,1626168,Trey Lyles,1610612762,UTA,20.0,80,38,42,1382.3933333333334,191,436,49,128,57,82,59,240,299,59,65,26,18,15,114,77,488,-45
2015-16,202684,Tristan Thompson,1610612739,CLE,25.0,82,57,25,2269.266666666667,247,420,0,0,149,242,268,470,738,62,61,38,51,38,202,224,643,357
2015-16,203584,Troy Daniels,1610612766,CHA,24.0,43,25,18,476.25666666666666,89,187,59,122,5,9,7,50,57,21,24,11,3,3,40,11,242,-43
2015-16,201951,Ty Lawson,1610612754,IND,28.0,66,31,35,1411.1916666666666,139,354,36,108,59,86,26,94,120,237,95,53,7,28,87,83,373,-159
2015-16,203898,Tyler Ennis,1610612749,MIL,21.0,46,17,29,654.4783333333334,84,187,13,39,25,34,13,62,75,95,46,25,1,18,64,36,206,-70
2015-16,201946,Tyler Hansbrough,1610612766,CHA,30.0,44,28,16,342.65833333333336,32,71,2,3,38,65,40,49,89,8,12,12,7,13,55,51,104,-34
2015-16,204020,Tyler Johnson,1610612748,MIA,24.0,36,19,17,862.5566666666666,118,243,27,71,51,64,28,81,109,79,47,24,14,20,66,64,314,9
2015-16,203092,Tyler Zeller,1610612738,BOS,26.0,60,38,22,709.9383333333334,138,290,0,0,88,108,62,116,178,29,46,10,22,20,97,93,364,-65
2015-16,201936,Tyreke Evans,1610612740,NOP,26.0,25,11,14,765.335,136,314,33,85,74,93,20,109,129,164,73,32,8,23,66,74,379,-14
2015-16,2199,Tyson Chandler,1610612756,PHX,33.0,66,18,48,1617.9133333333334,183,314,0,1,106,171,175,401,576,64,93,36,44,23,145,155,472,-393
2015-16,1626145,Tyus Jones,1610612750,MIN,20.0,37,13,24,572.72,56,156,16,53,28,39,7,40,47,108,33,31,3,12,33,35,156,-135
2015-16,2617,Udonis Haslem,1610612748,MIA,36.0,37,25,12,259.53833333333336,23,61,1,9,12,16,10,65,75,14,5,5,2,1,25,22,59,-16
2015-16,203506,Victor Oladipo,1610612753,ORL,24.0,72,32,40,2379.33,425,970,98,282,205,247,48,297,345,282,153,116,54,68,174,206,1153,-24
2015-16,1713,Vince Carter,1610612763,MEM,39.0,60,33,27,1005.3533333333334,133,343,59,169,70,84,31,115,146,56,35,38,16,14,101,76,395,-35
2015-16,201961,Wayne Ellington,1610612751,BKN,28.0,76,18,58,1614.9766666666667,218,561,96,268,54,63,20,154,174,83,45,48,5,24,82,47,586,-322
2015-16,202325,Wesley Johnson,1610612746,LAC,28.0,80,51,29,1665.8116666666667,208,515,103,309,30,46,37,211,248,49,54,89,56,8,173,41,549,121
2015-16,202083,Wesley Matthews,1610612742,DAL,29.0,78,40,38,2644.3016666666667,331,854,189,525,126,146,27,211,238,151,78,78,17,39,179,151,977,104
2015-16,203115,Will Barton,1610612743,DEN,25.0,82,33,49,2353.3716666666664,425,983,112,325,216,268,59,417,476,203,139,71,39,58,147,204,1178,-131
2015-16,1626161,Willie Cauley-Stein,1610612758,SAC,22.0,66,26,40,1411.545,191,339,0,2,81,125,134,218,352,37,46,47,66,22,146,89,463,-78
2015-16,203186,Willie Reed,1610612751,BKN,26.0,39,8,31,425.6333333333333,76,133,0,0,30,55,49,73,122,10,16,6,30,8,47,63,182,-80
2015-16,204098,Xavier Munford,1610612763,MEM,24.0,14,3,11,244.29333333333332,32,77,9,23,7,14,3,28,31,22,15,13,3,7,25,15,80,-25
2015-16,203897,Zach LaVine,1610612750,MIN,21.0,82,29,53,2293.483333333333,433,959,123,316,161,203,27,201,228,251,155,69,17,61,193,153,1150,-294
2015-16,2216,Zach Randolph,1610612763,MEM,34.0,68,37,31,2016.405,431,907,6,26,172,216,179,350,529,142,105,43,13,72,146,190,1040,-11
2015-16,2585,Zaza Pachulia,1610612742,DAL,32.0,76,40,36,2004.1066666666666,219,470,0,3,212,276,249,469,718,128,119,64,22,48,181,260,650,0
2016-17,1627773,AJ Hammons,1610612742,DAL,24.0,22,4,18,163.23166666666665,17,42,5,10,9,20,8,28,36,4,10,1,13,5,21,13,48,-5
2016-17,201166,Aaron Brooks,1610612754,IND,32.0,65,36,29,893.7316666666667,121,300,48,128,32,40,18,51,69,125,66,25,9,14,93,55,322,-32
2016-17,203932,Aaron Gordon,1610612753,ORL,21.0,80,29,51,2297.965,393,865,77,267,156,217,116,289,405,150,89,65,40,44,172,168,1019,-163
2016-17,1626151,Aaron Harrison,1610612766,CHA,22.0,5,2,3,16.566666666666666,0,4,0,2,1,2,0,3,3,3,0,0,0,0,2,1,1,-5
2016-17,203940,Adreian Payne,1610612750,MIN,26.0,18,5,13,135.27166666666668,23,54,3,15,14,19,9,24,33,7,8,8,7,1,32,13,63,8
2016-17,201143,Al Horford,1610612738,BOS,31.0,68,46,22,2193.2616666666668,379,801,86,242,108,135,95,370,465,337,115,52,86,25,138,124,952,215
2016-17,2744,Al Jefferson,1610612754,IND,32.0,66,33,33,930.635,235,471,0,1,65,85,75,203,278,57,33,19,16,32,125,74,535,-98
2016-17,202329,Al-Farouq Aminu,1610612757,POR,26.0,61,33,28,1772.9183333333333,183,466,70,212,96,136,77,374,451,99,94,60,44,24,102,115,532,22
2016-17,101187,Alan Anderson,1610612746,LAC,34.0,30,20,10,308.36833333333334,30,80,14,44,12,16,3,21,24,11,7,3,0,0,35,19,86,-77
2016-17,1626210,Alan Williams,1610612756,PHX,24.0,47,11,36,707.7133333333334,138,267,0,1,70,112,94,198,292,23,37,27,32,20,125,100,346,2
2016-17,202692,Alec Burks,1610612762,UTA,25.0,42,26,16,653.04,99,248,25,76,60,78,17,103,120,30,35,18,5,21,50,59,283,1
2016-17,203518,Alex Abrines,1610612760,OKC,23.0,68,37,31,1055.1966666666667,134,341,94,247,44,49,18,68,86,40,33,37,8,8,114,51,406,1
2016-17,203458,Alex Len,1610612756,PHX,24.0,77,21,56,1559.5966666666666,230,463,3,12,150,208,156,354,510,44,102,38,98,47,242,155,613,-397
2016-17,1627816,Alex Poythress,1610612755,PHI,23.0,6,0,6,156.83333333333334,25,54,6,19,8,10,11,18,29,5,3,3,2,4,14,8,64,-36
2016-17,201582,Alexis Ajinca,1610612740,NOP,29.0,39,15,24,584.335,89,178,0,4,29,40,46,131,177,12,31,20,22,13,77,45,207,-60
2016-17,203459,Allen Crabbe,1610612757,POR,25.0,79,39,40,2254.108333333333,303,647,134,302,105,124,19,207,226,94,62,54,20,16,171,96,845,-117
2016-17,202087,Alonzo Gee,1610612743,DEN,30.0,13,4,9,89.41666666666667,3,14,0,3,5,9,4,11,15,6,4,5,1,2,14,6,11,-18
2016-17,101161,Amir Johnson,1610612738,BOS,30.0,80,51,29,1607.985,213,370,27,66,67,100,118,248,366,140,77,51,62,28,211,113,520,208
2016-17,2760,Anderson Varejao,1610612744,GSW,34.0,14,12,2,91.86166666666666,5,14,0,0,8,11,12,15,27,10,8,3,3,0,16,10,18,-30
2016-17,203083,Andre Drummond,1610612765,DET,23.0,81,36,45,2409.4216666666666,483,911,2,7,137,355,345,770,1115,90,152,124,89,58,237,293,1105,-275
2016-17,2738,Andre Iguodala,1610612744,GSW,33.0,76,64,12,1997.5416666666667,219,415,64,177,72,102,51,253,304,261,58,76,39,10,97,100,574,527
2016-17,203460,Andre Roberson,1610612760,OKC,25.0,79,46,33,2375.8366666666666,215,463,45,184,47,111,98,305,403,79,51,94,79,36,204,95,522,145
2016-17,101106,Andrew Bogut,1610612739,CLE,32.0,27,8,19,583.1833333333333,38,81,0,1,3,11,56,162,218,49,43,13,25,2,86,28,79,-34
2016-17,1626150,Andrew Harrison,1610612763,MEM,22.0,72,38,34,1473.8733333333332,117,360,43,156,148,194,23,113,136,198,85,53,21,30,194,158,425,-26
2016-17,203094,Andrew Nicholson,1610612751,BKN,27.0,38,20,18,341.9916666666667,43,111,5,27,9,14,15,46,61,10,17,16,6,3,55,15,100,-129
2016-17,203952,Andrew Wiggins,1610612750,MIN,22.0,82,31,51,3048.3683333333333,709,1570,103,289,412,542,102,226,328,189,187,82,30,101,183,393,1933,-17
2016-17,203461,Anthony Bennett,1610612751,BKN,24.0,23,3,20,264.15,38,92,13,48,26,36,25,53,78,12,12,5,3,7,18,25,115,-68
2016-17,1626148,Anthony Brown,1610612753,ORL,24.0,11,3,8,159.025,18,50,7,27,0,0,8,25,33,8,6,5,1,1,15,1,43,4
2016-17,203076,Anthony Davis,1610612740,NOP,24.0,75,31,44,2707.661666666667,770,1526,40,134,519,647,172,712,884,157,181,94,167,56,168,521,2099,51
2016-17,201627,Anthony Morrow,1610612741,CHI,31.0,49,25,24,714.0733333333334,98,252,41,133,34,37,12,19,31,25,6,24,2,10,44,42,271,21
2016-17,201229,Anthony Tolliver,1610612758,SAC,32.0,65,26,39,1476.725,155,351,90,230,61,82,51,186,237,77,56,34,20,16,109,81,461,-99
2016-17,203462,Archie Goodwin,1610612751,BKN,22.0,15,8,7,214.14,36,66,5,15,33,42,7,21,28,24,14,4,5,8,8,32,110,-36
2016-17,202620,Arinze Onuaku,1610612753,ORL,29.0,8,3,5,28.333333333333332,2,4,0,0,0,0,2,4,6,2,2,0,1,0,3,1,4,-15
2016-17,203382,Aron Baynes,1610612765,DET,30.0,75,34,41,1162.545,143,279,0,0,79,94,111,222,333,32,50,17,39,21,166,124,365,137
2016-17,201167,Arron Afflalo,1610612758,SAC,31.0,61,23,38,1579.815,185,420,62,151,83,93,9,116,125,78,42,21,6,27,104,84,515,-247
2016-17,203085,Austin Rivers,1610612746,LAC,24.0,74,43,31,2053.6983333333333,323,731,111,299,132,191,20,141,161,204,115,48,10,47,187,165,889,-6
2016-17,202340,Avery Bradley,1610612738,BOS,26.0,55,34,21,1834.49,359,775,108,277,68,93,65,269,334,122,88,68,11,60,141,74,894,72
2016-17,1626253,Axel Toupane,1610612740,NOP,24.0,4,2,2,47.46333333333333,5,9,1,4,0,0,0,1,1,0,0,1,1,0,6,2,11,-11
2016-17,1627791,Ben Bentil,1610612742,DAL,22.0,3,2,1,9.866666666666667,0,3,0,1,0,0,0,2,2,0,1,0,0,0,1,1,0,-12
2016-17,203463,Ben McLemore,1610612758,SAC,24.0,61,27,34,1176.2383333333332,180,419,65,170,70,93,19,110,129,51,62,29,6,22,108,83,495,-135
2016-17,2757,Beno Udrih,1610612765,DET,34.0,39,18,21,560.18,92,197,11,32,32,34,6,51,57,131,36,13,0,15,29,35,227,86
2016-17,202687,Bismack Biyombo,1610612753,ORL,24.0,81,29,52,1793.415,179,339,0,0,125,234,157,410,567,74,95,25,91,44,202,205,483,-346
2016-17,201933,Blake Griffin,1610612746,LAC,28.0,61,40,21,2076.1766666666667,479,971,38,113,320,421,112,385,497,300,142,57,22,36,157,363,1316,442
2016-17,1626246,Boban Marjanovic,1610612765,DET,28.0,35,16,19,293.27,72,132,0,0,47,58,46,84,130,9,10,6,12,11,25,52,191,32
2016-17,201628,Bobby Brown,1610612745,HOU,32.0,25,18,7,123.03,23,60,14,35,2,2,0,6,6,14,5,1,0,1,5,2,62,-34
2016-17,1626171,Bobby Portis Jr.,1610612741,CHI,22.0,64,30,34,1000.4516666666667,183,375,32,96,39,59,75,221,296,35,37,16,11,23,94,44,437,-80
2016-17,202711,Bojan Bogdanovic,1610612764,WAS,28.0,81,23,58,2082.855,376,845,144,392,217,243,37,240,277,111,131,34,7,70,146,170,1113,-264
2016-17,2564,Boris Diaw,1610612762,UTA,35.0,73,45,28,1282.6933333333334,146,327,20,81,26,35,46,112,158,170,87,18,9,8,83,56,338,20
2016-17,203078,Bradley Beal,1610612764,WAS,24.0,77,48,29,2684.0133333333333,637,1322,223,552,282,342,53,187,240,267,156,83,21,60,169,283,1779,334
2016-17,201148,Brandan Wright,1610612763,MEM,29.0,28,14,14,446.875,83,135,0,1,23,35,31,47,78,15,10,11,20,11,42,36,189,35
2016-17,101138,Brandon Bass,1610612746,LAC,32.0,52,29,23,576.865,107,186,1,3,77,88,43,86,129,21,29,14,11,16,45,68,292,-145
2016-17,1627742,Brandon Ingram,1610612747,LAL,19.0,79,26,53,2279.2616666666668,276,686,55,187,133,214,60,256,316,166,116,50,36,50,158,192,740,-383
2016-17,201943,Brandon Jennings,1610612764,WAS,27.0,81,37,44,1801.48,192,535,79,252,114,152,29,167,196,395,128,70,4,17,116,140,577,-63
2016-17,202688,Brandon Knight,1610612756,PHX,25.0,54,16,38,1139.7883333333334,209,525,45,139,132,154,25,93,118,130,88,27,5,29,87,141,595,-326
2016-17,201575,Brandon Rush,1610612750,MIN,31.0,47,15,32,1029.905,70,187,44,114,13,18,16,83,99,45,28,22,23,9,42,19,197,-40
2016-17,203148,Brian Roberts,1610612766,CHA,31.0,41,16,25,416.27166666666665,46,122,17,44,33,39,5,34,39,52,26,9,1,10,18,34,142,-58
2016-17,1627362,Briante Weber,1610612766,CHA,24.0,20,12,8,204.97166666666666,25,60,1,10,11,16,8,18,26,21,8,12,1,2,16,14,62,-50
2016-17,1627744,Brice Johnson,1610612746,LAC,23.0,3,1,2,9.216666666666667,2,7,0,0,0,0,1,2,3,1,1,2,1,1,0,0,4,7
2016-17,201572,Brook Lopez,1610612751,BKN,29.0,75,20,55,2222.0316666666668,555,1172,134,387,295,364,121,282,403,176,184,38,124,50,192,297,1539,-156
2016-17,203998,Bruno Caboclo,1610612761,TOR,21.0,9,8,1,40.29833333333333,6,16,2,6,0,0,5,5,10,4,2,2,1,1,4,0,14,1
2016-17,1627854,Bryn Forbes,1610612759,SAS,23.0,36,24,12,284.895,36,99,17,53,5,6,2,21,23,23,11,1,0,3,20,4,94,-51
2016-17,1627741,Buddy Hield,1610612758,SAC,24.0,82,31,51,1888.1833333333334,327,767,148,379,64,76,35,234,269,121,101,38,9,44,115,62,866,-212
2016-17,201228,C.J. Watson,1610612753,ORL,33.0,62,20,42,1012.5,96,248,32,105,57,66,16,73,89,114,47,43,2,10,84,73,281,-186
2016-17,203912,C.J. Wilcox,1610612753,ORL,26.0,22,8,14,107.73,8,31,3,15,2,2,4,8,12,12,6,2,1,0,8,7,21,-17
2016-17,203468,CJ McCollum,1610612757,POR,25.0,80,40,40,2795.58,692,1441,185,439,268,294,60,229,289,285,172,72,42,76,202,232,1837,61
2016-17,101139,CJ Miles,1610612754,IND,30.0,76,39,37,1776.3516666666667,281,647,169,409,84,93,30,199,229,48,40,46,25,22,151,85,815,76
2016-17,1626166,Cameron Payne,1610612741,CHI,22.0,31,16,15,462.06,64,193,27,86,5,8,3,45,48,55,29,14,4,8,52,19,160,-69
2016-17,1627747,Caris LeVert,1610612751,BKN,22.0,57,15,42,1236.8666666666666,171,380,59,184,67,93,23,165,188,110,59,49,8,14,91,86,468,-92
2016-17,2546,Carmelo Anthony,1610612752,NYK,33.0,74,29,45,2538.08,602,1389,151,421,304,365,62,376,438,213,153,60,34,38,198,277,1659,-233
2016-17,202718,Chandler Parsons,1610612763,MEM,28.0,34,18,16,674.675,75,222,25,93,35,43,6,78,84,55,24,20,5,15,52,37,210,-47
2016-17,101112,Channing Frye,1610612739,CLE,34.0,74,44,30,1397.8316666666667,238,520,137,335,63,74,37,253,290,45,53,33,37,9,138,87,676,59
2016-17,1626184,Chasson Randle,1610612752,NYK,24.0,26,8,18,299.0416666666667,40,98,16,47,41,43,6,26,32,34,19,9,2,9,39,37,137,-10
2016-17,1627767,Cheick Diallo,1610612740,NOP,20.0,17,9,8,198.655,36,76,0,0,15,21,23,50,73,4,7,4,7,3,17,15,87,-53
2016-17,1627778,Chinanu Onuaku,1610612745,HOU,20.0,5,2,3,51.6,5,7,0,0,4,4,2,8,10,3,4,3,1,0,6,2,14,-45
2016-17,2365,Chris Andersen,1610612739,CLE,38.0,12,8,4,113.79333333333334,9,22,0,3,10,14,9,22,31,5,5,5,7,2,20,10,28,8
2016-17,1626191,Chris McCullough,1610612764,WAS,22.0,16,1,15,80.45333333333333,16,32,1,7,3,5,9,10,19,2,3,2,2,3,7,3,36,50
2016-17,101108,Chris Paul,1610612746,LAC,32.0,61,43,18,1920.8233333333333,374,785,124,302,232,260,40,264,304,563,147,119,8,14,146,225,1104,579
2016-17,1626174,Christian Wood,1610612766,CHA,21.0,13,5,8,106.98166666666667,12,23,0,5,11,15,14,15,29,2,7,3,6,2,11,17,35,19
2016-17,203991,Clint Capela,1610612745,HOU,23.0,65,44,21,1551.3016666666667,362,563,0,0,94,177,178,348,526,63,87,34,79,58,179,136,818,215
2016-17,203469,Cody Zeller,1610612766,CHA,24.0,62,33,29,1725.4716666666666,253,443,0,1,133,196,135,270,405,99,65,62,58,55,189,160,639,210
2016-17,202332,Cole Aldrich,1610612750,MIN,28.0,62,23,39,531.045,45,86,0,0,15,22,51,107,158,25,17,25,23,7,85,26,105,-30
2016-17,201147,Corey Brewer,1610612747,LAL,31.0,82,47,35,1281.2166666666667,147,348,27,118,50,68,32,134,166,97,55,61,20,28,133,70,371,71
2016-17,202709,Cory Joseph,1610612761,TOR,25.0,80,49,31,2002.7233333333334,299,661,48,135,94,122,51,184,235,265,108,66,13,41,140,157,740,43
2016-17,201584,Courtney Lee,1610612752,NYK,31.0,77,29,48,2459.4133333333334,321,704,108,269,85,98,53,206,259,179,69,81,24,22,141,75,835,-233
2016-17,1626245,Cristiano Felicio,1610612741,CHI,24.0,66,31,35,1040.0733333333333,128,221,0,0,60,93,124,187,311,40,33,25,17,18,110,72,316,-34
2016-17,1626156,D'Angelo Russell,1610612747,LAL,21.0,63,21,42,1810.5783333333334,351,867,135,384,147,188,31,190,221,303,176,87,16,38,130,146,984,-357
2016-17,201571,D.J. Augustin,1610612753,ORL,29.0,78,29,49,1538.255,195,517,95,274,131,161,15,102,117,209,90,31,1,35,101,142,616,-444
2016-17,2563,Dahntay Jones,1610612739,CLE,36.0,1,0,1,12.0,3,8,0,2,3,4,1,1,2,1,1,0,0,1,1,3,9,2
2016-17,1627745,Damian Jones,1610612744,GSW,22.0,10,7,3,85.08333333333333,8,16,0,0,3,10,9,14,23,0,6,1,4,1,15,6,19,-28
2016-17,203081,Damian Lillard,1610612757,POR,26.0,75,38,37,2693.075,661,1488,214,579,488,545,46,322,368,440,197,68,20,100,152,419,2024,80
2016-17,204014,Damjan Rudez,1610612753,ORL,31.0,45,12,33,313.56,31,88,20,64,0,0,5,20,25,20,9,12,1,1,31,5,82,-76
2016-17,1627849,Daniel Ochefu,1610612764,WAS,23.0,19,12,7,74.90333333333334,12,27,0,0,0,2,5,17,22,3,3,2,0,4,17,3,24,-30
2016-17,201568,Danilo Gallinari,1610612743,DEN,28.0,63,31,32,2134.0066666666667,335,750,126,324,349,387,39,286,325,135,82,40,15,27,93,288,1145,159
2016-17,201980,Danny Green,1610612759,SAS,30.0,68,51,17,1806.825,176,449,118,311,27,32,31,193,224,124,76,70,57,13,120,43,497,268
2016-17,201967,Dante Cunningham,1610612740,NOP,30.0,66,28,38,1648.5783333333334,174,359,71,181,16,27,56,221,277,37,28,39,28,19,100,29,435,-52
2016-17,203957,Dante Exum,1610612762,UTA,21.0,66,40,26,1227.7616666666668,155,363,44,149,58,73,30,102,132,111,80,21,12,29,146,94,412,-1
2016-17,1627863,Danuel House Jr.,1610612764,WAS,24.0,1,0,1,0.8266666666666667,0,0,0,0,0,0,0,1,1,0,0,0,0,0,0,0,0,0
2016-17,203967,Dario Saric,1610612755,PHI,23.0,81,28,53,2129.0233333333335,381,927,106,341,172,220,112,401,513,182,183,57,30,76,162,194,1040,-307
2016-17,201589,Darrell Arthur,1610612743,DEN,29.0,41,20,21,638.54,95,215,53,117,19,22,25,87,112,42,36,19,21,5,76,22,262,-23
2016-17,201954,Darren Collison,1610612758,SAC,29.0,68,26,42,2063.32,340,714,73,175,147,171,23,129,152,312,114,67,9,36,119,123,900,-132
2016-17,1626199,Darrun Hilliard,1610612765,DET,24.0,39,19,20,380.99666666666667,47,126,12,46,21,28,2,31,33,33,28,11,2,6,39,28,127,13
2016-17,101135,David Lee,1610612759,SAS,34.0,79,58,21,1476.9583333333333,248,420,0,0,80,113,149,292,441,124,82,31,40,41,125,89,576,315
2016-17,1628021,David Nwaba,1610612747,LAL,24.0,20,5,15,397.2416666666667,47,81,1,5,25,39,17,46,63,14,11,13,7,9,36,27,120,10
2016-17,2561,David West,1610612744,GSW,36.0,68,56,12,854.08,135,252,3,8,43,56,47,156,203,151,78,42,48,8,105,73,316,120
2016-17,202722,Davis Bertans,1610612759,SAS,24.0,67,51,16,807.5583333333333,103,234,69,173,28,34,22,76,98,46,32,20,28,6,75,38,303,116
2016-17,201599,DeAndre Jordan,1610612746,LAC,28.0,81,51,30,2570.305,412,577,0,2,205,425,298,816,1114,96,115,51,134,22,212,336,1029,455
2016-17,202732,DeAndre Liggins,1610612742,DAL,29.0,62,40,22,776.5633333333334,55,142,17,46,25,40,20,88,108,54,42,47,14,16,81,48,152,53
2016-17,1627761,DeAndre' Bembry,1610612737,ATL,22.0,38,20,18,370.74,47,98,1,18,6,16,14,45,59,28,16,8,5,17,21,21,101,-47
2016-17,201942,DeMar DeRozan,1610612761,TOR,27.0,74,47,27,2620.241666666667,721,1545,33,124,545,647,70,316,386,290,180,78,13,91,134,409,2020,147
2016-17,202326,DeMarcus Cousins,1610612740,NOP,26.0,72,30,42,2465.3633333333332,647,1432,131,363,517,670,152,642,794,332,269,100,93,105,278,589,1942,-25
2016-17,201960,DeMarre Carroll,1610612761,TOR,30.0,72,44,28,1881.3833333333334,220,550,109,320,89,117,63,212,275,74,54,81,27,28,143,99,638,114
2016-17,1627749,Dejounte Murray,1610612759,SAS,20.0,38,29,9,321.4816666666667,50,116,9,23,21,30,6,36,42,48,38,8,6,9,29,25,130,1
2016-17,1626153,Delon Wright,1610612761,TOR,25.0,27,19,8,446.44666666666666,49,116,10,30,42,55,16,32,48,57,25,27,11,13,31,46,150,90
2016-17,1627743,Demetrius Jackson,1610612738,BOS,22.0,5,1,4,17.013333333333332,3,4,1,1,3,6,2,2,4,3,0,0,0,0,0,4,10,1
2016-17,203471,Dennis Schröder,1610612737,ATL,23.0,79,42,37,2484.8233333333333,548,1214,100,294,218,255,42,206,248,499,258,74,16,112,149,226,1414,-76
2016-17,1627756,Denzel Valentine,1610612741,CHI,23.0,57,28,29,976.5283333333333,102,288,73,208,14,18,11,140,151,63,49,30,7,4,86,18,291,-18
2016-17,101114,Deron Williams,1610612739,CLE,33.0,64,25,39,1657.3266666666666,263,600,85,234,90,109,14,133,147,360,138,31,8,23,138,115,701,-93
2016-17,202324,Derrick Favors,1610612762,UTA,25.0,50,33,17,1185.6116666666667,203,417,3,10,67,109,92,213,305,56,60,45,40,31,103,91,476,57
2016-17,1627884,Derrick Jones Jr.,1610612756,PHX,20.0,32,7,25,545.4,68,121,3,11,29,41,39,40,79,12,13,14,13,6,63,32,168,33
2016-17,201565,Derrick Rose,1610612752,NYK,28.0,64,26,38,2081.825,460,977,13,60,221,253,66,180,246,283,147,44,17,85,84,187,1154,-165
2016-17,202682,Derrick Williams,1610612739,CLE,26.0,50,16,34,804.315,108,244,30,97,58,89,19,111,130,28,28,14,7,18,60,69,304,-59
2016-17,1626164,Devin Booker,1610612756,PHX,20.0,78,24,54,2730.5533333333333,606,1431,147,405,367,441,46,203,249,268,241,72,21,91,242,359,1726,-225
2016-17,2734,Devin Harris,1610612742,DAL,34.0,65,29,36,1087.16,136,341,58,177,107,129,11,116,127,136,57,43,7,18,101,135,437,39
2016-17,203473,Dewayne Dedmon,1610612759,SAS,27.0,76,55,21,1329.6883333333333,161,259,0,0,65,93,129,367,496,44,61,37,61,26,180,96,387,191
2016-17,1627738,Deyonta Davis,1610612763,MEM,20.0,36,23,13,238.05,24,47,0,0,10,18,20,40,60,2,8,3,17,1,40,17,58,-42
2016-17,1627754,Diamond Stone,1610612746,LAC,20.0,7,6,1,24.255,3,13,0,0,4,4,1,5,6,0,2,0,1,3,5,2,10,-27
2016-17,203079,Dion Waiters,1610612748,MIA,25.0,46,27,19,1384.225,281,663,85,215,82,127,18,135,153,200,103,42,20,40,95,114,729,83
2016-17,1717,Dirk Nowitzki,1610612742,DAL,39.0,54,23,31,1424.235,296,678,79,209,98,112,23,330,353,82,51,30,38,11,113,120,769,-13
2016-17,1627734,Domantas Sabonis,1610612760,OKC,21.0,81,46,35,1631.4883333333332,192,481,51,159,44,67,46,242,288,82,83,39,32,29,200,69,479,16
2016-17,202700,Donatas Motiejunas,1610612740,NOP,26.0,34,16,18,478.685,57,138,11,47,25,49,26,75,101,32,31,18,11,6,55,49,150,-120
2016-17,1627827,Dorian Finney-Smith,1610612742,DAL,24.0,81,33,48,1641.8416666666667,124,333,56,191,46,61,55,167,222,67,45,52,25,24,125,53,350,-120
2016-17,203926,Doug McDermott,1610612760,OKC,25.0,66,35,31,1507.7266666666667,222,497,77,208,71,84,20,159,179,58,38,13,5,26,79,61,592,-29
2016-17,1627733,Dragan Bender,1610612756,PHX,19.0,43,13,30,573.6433333333333,57,161,28,101,4,11,23,80,103,23,32,10,22,2,74,15,146,-25
2016-17,203110,Draymond Green,1610612744,GSW,27.0,76,62,14,2470.8866666666668,272,650,81,263,151,213,98,501,599,533,184,154,106,41,217,221,776,820
2016-17,2730,Dwight Howard,1610612737,ATL,31.0,74,37,37,2198.72,388,613,0,2,226,424,296,644,940,104,170,64,92,40,203,337,1002,-114
2016-17,203939,Dwight Powell,1610612742,DAL,25.0,77,30,47,1333.4533333333334,194,377,21,74,107,141,93,213,306,49,34,61,39,26,135,128,516,-168
2016-17,2548,Dwyane Wade,1610612741,CHI,35.0,60,29,31,1792.1966666666667,414,955,45,145,223,281,63,207,270,228,138,86,41,49,112,198,1096,-73
2016-17,202734,E'Twaun Moore,1610612740,NOP,28.0,73,32,41,1819.6833333333334,283,619,77,208,57,74,33,119,152,164,62,50,32,24,131,63,700,-111
2016-17,202334,Ed Davis,1610612757,POR,28.0,46,19,27,788.995,75,142,0,0,50,81,96,148,244,26,37,15,22,21,137,66,200,-129
2016-17,204002,Edy Tavares,1610612739,CLE,25.0,2,1,1,27.6,4,5,0,0,0,3,4,7,11,1,2,0,6,0,3,2,8,10
2016-17,203901,Elfrid Payton,1610612753,ORL,23.0,82,29,53,2412.1716666666666,430,912,40,146,146,211,89,298,387,529,178,88,40,100,177,191,1046,-147
2016-17,202407,Elijah Millsap,1610612756,PHX,29.0,2,1,1,23.133333333333333,1,7,0,2,1,2,3,3,6,1,2,0,0,0,2,2,3,-6
2016-17,1626144,Emmanuel Mudiay,1610612743,DEN,21.0,55,25,30,1405.5616666666667,208,551,56,178,131,167,29,149,178,217,123,41,13,46,95,119,603,-132
2016-17,202683,Enes Freedom,1610612760,OKC,25.0,72,43,29,1532.835,402,737,5,38,224,285,195,287,482,67,123,32,38,91,154,234,1033,54
2016-17,202339,Eric Bledsoe,1610612756,PHX,27.0,66,22,44,2176.2483333333334,449,1034,104,310,388,458,52,268,320,418,224,91,31,43,164,323,1390,-183
2016-17,201569,Eric Gordon,1610612745,HOU,28.0,75,50,25,2323.465,412,1016,246,661,147,175,29,172,201,188,121,48,41,48,150,152,1217,295
2016-17,101141,Ersan Ilyasova,1610612737,ATL,30.0,82,35,47,2142.3983333333335,384,890,142,402,161,207,115,366,481,141,116,58,23,47,211,227,1071,-31
2016-17,203095,Evan Fournier,1610612753,ORL,24.0,68,23,45,2233.661666666667,408,930,128,360,223,277,44,165,209,202,141,66,4,64,180,210,1167,-194
2016-17,202323,Evan Turner,1610612757,POR,28.0,65,34,31,1658.56,235,552,31,118,85,103,36,211,247,205,100,53,24,37,121,99,586,-178
2016-17,1626163,Frank Kaminsky,1610612766,CHA,24.0,75,31,44,1954.015,320,802,116,354,118,156,57,279,336,162,76,46,34,36,139,116,874,43
2016-17,1627832,Fred VanVleet,1610612761,TOR,23.0,37,25,12,293.81,39,111,11,29,18,22,4,38,42,35,15,16,3,15,36,18,107,65
2016-17,202066,Garrett Temple,1610612758,SAC,31.0,65,25,40,1728.3816666666667,183,432,82,220,58,74,32,152,184,168,78,84,28,19,141,91,506,-178
2016-17,203914,Gary Harris,1610612743,DEN,22.0,57,29,28,1782.2883333333334,320,637,107,255,104,134,48,130,178,164,76,71,8,35,92,95,851,81
2016-17,202390,Gary Neal,1610612737,ATL,32.0,2,1,1,18.333333333333332,0,7,0,2,4,4,0,1,1,1,0,0,0,0,1,2,4,-5
2016-17,1627780,Gary Payton II,1610612749,MIL,24.0,6,2,4,99.23333333333333,8,22,1,9,3,5,0,12,12,13,10,3,4,3,9,5,20,-58
2016-17,201588,George Hill,1610612762,UTA,31.0,49,33,16,1543.9916666666666,289,606,94,233,157,196,23,144,167,204,85,50,11,18,114,187,829,258
2016-17,1627777,Georges Niang,1610612754,IND,24.0,23,11,12,92.73166666666667,9,36,1,12,2,2,2,15,17,5,5,3,0,7,6,2,21,3
2016-17,1627834,Georgios Papagiannis,1610612758,SAC,19.0,22,7,15,355.01666666666665,56,102,0,2,12,14,24,62,86,20,24,3,17,2,44,19,124,-30
2016-17,101123,Gerald Green,1610612738,BOS,31.0,47,32,15,537.8833333333333,95,232,39,111,33,41,16,68,84,33,25,9,7,11,48,25,262,9
2016-17,201945,Gerald Henderson,1610612755,PHI,29.0,72,24,48,1667.1233333333332,234,553,61,173,133,165,34,151,185,112,62,40,15,28,129,139,662,-307
2016-17,203507,Giannis Antetokounmpo,1610612749,MIL,22.0,80,42,38,2845.036666666667,656,1259,49,180,471,612,142,558,700,434,234,131,151,70,246,474,1832,46
2016-17,203922,Glenn Robinson III,1610612754,IND,23.0,69,35,34,1426.7066666666667,158,338,49,125,54,76,57,189,246,47,37,41,20,18,63,71,419,-73
2016-17,201609,Goran Dragic,1610612748,MIA,31.0,73,40,33,2459.4383333333335,534,1124,117,289,298,377,62,217,279,423,212,89,13,67,199,268,1483,66
2016-17,202330,Gordon Hayward,1610612762,UTA,27.0,73,46,27,2515.535,545,1156,149,374,362,429,49,345,394,252,140,73,20,42,117,317,1601,347
2016-17,203476,Gorgui Dieng,1610612750,MIN,27.0,82,31,51,2653.215,332,661,16,43,136,167,188,459,647,158,107,88,95,48,254,168,816,33
2016-17,202328,Greg Monroe,1610612749,MIL,27.0,81,42,39,1822.6933333333334,387,726,0,4,177,239,167,365,532,187,140,92,38,66,168,225,951,137
2016-17,202349,Greivis Vasquez,1610612751,BKN,30.0,3,1,2,38.56666666666667,2,8,1,3,2,3,0,2,2,5,1,1,1,1,6,1,7,-13
2016-17,203084,Harrison Barnes,1610612742,DAL,25.0,79,32,47,2803.51,599,1280,78,222,242,281,93,301,394,116,102,65,15,49,128,271,1518,-135
2016-17,202355,Hassan Whiteside,1610612748,MIA,28.0,77,39,38,2513.3766666666666,542,973,0,0,225,358,293,795,1088,57,154,57,161,63,226,309,1309,97
2016-17,1627740,Henry Ellenson,1610612765,DET,20.0,19,8,11,146.24333333333334,23,64,10,35,4,8,8,33,41,7,14,1,1,2,6,7,60,-3
2016-17,203138,Hollis Thompson,1610612740,NOP,26.0,40,12,28,752.1833333333333,77,200,32,95,19,29,19,93,112,35,11,20,6,12,69,24,205,-71
2016-17,203546,Ian Clark,1610612744,GSW,26.0,77,63,14,1136.525,211,433,61,163,44,58,22,99,121,90,55,39,8,24,77,54,527,36
2016-17,101133,Ian Mahinmi,1610612764,WAS,30.0,31,19,12,554.8016666666666,65,111,0,0,43,75,47,103,150,19,34,33,24,10,90,60,173,31
2016-17,202697,Iman Shumpert,1610612739,CLE,27.0,76,48,28,1937.2416666666666,201,489,94,261,71,90,39,179,218,109,78,62,27,13,150,104,567,43
2016-17,203477,Isaiah Canaan,1610612741,CHI,26.0,39,19,20,592.1066666666667,63,173,25,94,30,33,6,44,50,37,21,22,1,7,35,30,181,-84
2016-17,1627819,Isaiah Taylor,1610612745,HOU,22.0,4,3,1,52.0,1,7,0,2,1,2,1,2,3,3,0,1,1,0,6,4,3,-19
2016-17,202738,Isaiah Thomas,1610612738,BOS,28.0,76,51,25,2569.451666666667,682,1473,245,646,590,649,42,162,204,448,210,70,13,114,167,481,2199,275
2016-17,1627785,Isaiah Whitehead,1610612751,BKN,22.0,73,17,56,1643.4716666666666,204,508,44,149,91,113,32,152,184,192,142,42,36,52,175,118,543,-116
2016-17,202397,Ish Smith,1610612765,DET,28.0,81,37,44,1955.215,329,749,28,105,72,102,21,214,235,418,112,61,33,36,127,111,758,48
2016-17,1627826,Ivica Zubac,1610612747,LAL,20.0,38,8,30,608.515,126,238,0,3,32,49,41,118,159,30,30,14,33,24,66,51,284,-134
2016-17,200826,J.J. Barea,1610612742,DAL,33.0,35,11,24,770.775,142,343,53,148,44,51,9,75,84,193,63,14,1,15,30,72,381,10
2016-17,200755,JJ Redick,1610612746,LAC,33.0,78,50,28,2198.1316666666667,396,890,201,468,180,202,11,160,171,110,98,54,13,19,125,163,1173,473
2016-17,2747,JR Smith,1610612739,CLE,31.0,41,25,16,1187.2216666666666,123,356,95,271,10,15,17,96,113,62,26,40,11,5,77,32,351,72
2016-17,203210,JaMychal Green,1610612763,MEM,27.0,77,40,37,2101.1033333333335,250,500,55,145,134,167,167,377,544,84,94,47,34,42,248,153,689,-28
2016-17,201580,JaVale McGee,1610612744,GSW,29.0,77,62,15,739.0983333333334,208,319,0,3,56,111,100,144,244,17,40,19,67,15,109,81,472,312
2016-17,203953,Jabari Parker,1610612749,MIL,22.0,51,22,29,1727.8816666666667,399,814,65,178,162,218,79,235,314,142,93,50,22,64,111,159,1025,-87
2016-17,203109,Jae Crowder,1610612738,BOS,26.0,72,48,24,2335.3783333333336,333,720,157,394,176,217,48,367,415,155,80,73,23,12,161,159,999,351
2016-17,1626143,Jahlil Okafor,1610612755,PHI,21.0,50,15,35,1133.9833333333333,242,471,0,0,106,158,81,159,240,58,91,20,49,45,122,141,590,-322
2016-17,1627774,Jake Layman,1610612757,POR,23.0,35,16,19,248.77666666666667,26,89,13,51,13,17,6,18,24,11,11,9,3,4,22,12,78,-1
2016-17,1627751,Jakob Poeltl,1610612761,TOR,21.0,54,38,16,626.43,67,115,0,0,31,57,78,87,165,12,29,17,20,11,113,47,165,-6
2016-17,2037,Jamal Crawford,1610612746,LAC,37.0,82,51,31,2157.068333333333,359,870,116,322,174,203,17,112,129,214,134,61,14,17,115,163,1008,23
2016-17,1627750,Jamal Murray,1610612743,DEN,20.0,82,40,42,1764.6433333333334,295,730,115,344,106,120,41,173,214,170,113,51,24,33,124,109,811,77
2016-17,2749,Jameer Nelson,1610612743,DEN,35.0,75,34,41,2044.8116666666667,268,604,106,273,45,63,28,164,192,385,128,54,8,22,197,78,687,128
2016-17,203516,James Ennis III,1610612763,MEM,26.0,64,32,32,1500.5583333333334,146,321,51,137,86,110,69,190,259,64,59,46,19,29,165,87,429,45
2016-17,201935,James Harden,1610612745,HOU,27.0,81,54,27,2946.72,674,1533,262,756,746,881,95,564,659,907,464,121,38,86,215,500,2356,424
2016-17,201949,James Johnson,1610612748,MIA,30.0,76,40,36,2084.9166666666665,368,769,87,256,152,215,66,310,376,276,171,76,86,41,197,163,975,140
2016-17,2592,James Jones,1610612739,CLE,36.0,48,28,20,380.605,44,92,31,66,13,20,3,34,37,14,10,6,10,1,37,18,132,-100
2016-17,203949,James Michael McAdoo,1610612744,GSW,24.0,52,43,9,457.445,62,117,2,8,21,42,34,57,91,18,19,18,29,10,47,33,147,-40
2016-17,203923,James Young,1610612738,BOS,21.0,29,16,13,220.10333333333332,25,58,12,35,6,9,6,20,26,4,4,10,2,1,15,8,68,-38
2016-17,201162,Jared Dudley,1610612756,PHX,31.0,64,17,47,1362.44,157,346,77,203,43,65,31,194,225,121,73,42,16,8,154,77,434,-46
2016-17,203096,Jared Sullinger,1610612761,TOR,25.0,11,2,9,117.73666666666666,15,47,3,18,4,8,10,17,27,3,4,4,1,4,17,9,37,-29
2016-17,204067,Jarell Eddie,1610612756,PHX,25.0,5,0,5,62.34166666666667,6,19,4,16,8,9,1,6,7,0,1,1,0,0,1,6,24,-5
2016-17,1626185,Jarell Martin,1610612763,MEM,23.0,42,23,19,558.4216666666666,58,151,9,25,40,50,42,120,162,8,28,17,9,22,91,37,165,-70
2016-17,203950,Jarnell Stokes,1610612743,DEN,23.0,2,0,2,6.543333333333333,1,1,0,0,1,2,1,1,2,2,0,1,0,0,3,1,3,0
2016-17,101127,Jarrett Jack,1610612740,NOP,33.0,2,1,1,33.083333333333336,2,3,0,1,2,2,0,0,0,5,3,2,0,0,4,2,6,-6
2016-17,1627784,Jarrod Uthoff,1610612742,DAL,24.0,9,2,7,114.74666666666667,16,38,3,9,5,7,8,14,22,9,3,2,4,2,8,5,40,-62
2016-17,201160,Jason Smith,1610612764,WAS,31.0,74,45,29,1067.7433333333333,174,329,37,78,35,51,64,194,258,37,58,21,54,15,168,58,420,-10
2016-17,1891,Jason Terry,1610612749,MIL,39.0,74,37,37,1365.0833333333333,105,243,73,171,24,29,15,91,106,98,36,46,20,8,95,30,307,107
2016-17,1627759,Jaylen Brown,1610612738,BOS,20.0,78,50,28,1341.3266666666666,192,422,46,134,85,124,45,175,220,64,68,35,18,34,142,105,515,-123
2016-17,201145,Jeff Green,1610612753,ORL,30.0,69,26,43,1533.745,220,558,53,193,145,168,39,175,214,81,75,37,13,20,103,142,638,-296
2016-17,201952,Jeff Teague,1610612754,IND,29.0,82,42,40,2657.025,402,909,90,252,360,415,33,297,330,639,216,100,32,92,165,341,1254,49
2016-17,203481,Jeff Withey,1610612762,UTA,27.0,51,33,18,432.34833333333336,55,103,0,1,36,48,52,69,121,7,14,16,32,15,52,37,146,-22
2016-17,203924,Jerami Grant,1610612760,OKC,23.0,80,43,37,1531.0016666666668,152,328,43,116,90,147,38,167,205,46,44,33,79,26,149,102,437,-187
2016-17,203087,Jeremy Lamb,1610612766,CHA,25.0,62,27,35,1142.545,226,491,41,146,110,129,30,234,264,75,40,27,23,17,98,111,603,-40
2016-17,202391,Jeremy Lin,1610612751,BKN,28.0,36,13,23,882.5883333333334,175,400,58,156,115,141,11,124,135,184,86,42,14,26,79,138,523,-83
2016-17,1626170,Jerian Grant,1610612741,CHI,24.0,63,29,34,1028.43,128,301,49,134,65,73,17,94,111,121,44,47,8,9,93,64,370,52
2016-17,201573,Jerryd Bayless,1610612755,PHI,28.0,3,1,2,71.49,11,32,2,5,9,10,3,9,12,13,9,0,0,4,4,7,33,-21
2016-17,202710,Jimmy Butler III,1610612741,CHI,27.0,76,40,36,2808.9566666666665,570,1252,91,248,585,676,129,341,470,417,159,143,32,58,112,493,1816,205
2016-17,201149,Joakim Noah,1610612752,NYK,32.0,46,17,29,1014.5816666666667,99,202,0,1,34,78,162,241,403,103,58,30,37,12,127,81,232,-143
2016-17,201975,Jodie Meeks,1610612753,ORL,29.0,36,14,22,737.6216666666667,103,256,56,137,65,74,5,72,77,45,36,34,4,12,41,58,327,-101
2016-17,203925,Joe Harris,1610612751,BKN,25.0,52,10,42,1138.375,154,362,85,221,35,49,16,131,147,54,55,30,8,24,121,46,428,-284
2016-17,204060,Joe Ingles,1610612762,UTA,29.0,82,51,31,1972.1583333333333,204,451,123,279,50,68,23,238,261,225,107,96,8,16,163,81,581,158
2016-17,2207,Joe Johnson,1610612762,UTA,36.0,78,47,31,1842.9283333333333,273,626,106,258,63,77,33,210,243,144,69,36,18,12,93,64,715,116
2016-17,1626202,Joe Young,1610612754,IND,25.0,33,18,15,135.16333333333333,26,72,5,23,11,15,1,16,17,15,5,4,0,5,5,12,68,-57
2016-17,201202,Joel Anthony,1610612759,SAS,34.0,19,15,4,121.965,10,16,0,0,5,8,8,23,31,3,4,2,6,1,11,6,25,-13
2016-17,1627762,Joel Bolomboy,1610612762,UTA,23.0,12,8,4,52.53333333333333,9,16,1,4,3,6,4,13,17,2,2,1,2,1,1,3,22,12
2016-17,203954,Joel Embiid,1610612755,PHI,23.0,31,13,18,786.06,200,429,36,98,191,244,61,182,243,66,117,27,76,36,112,219,627,67
2016-17,203530,Joffrey Lauvergne,1610612741,CHI,25.0,70,41,29,980.105,148,336,33,98,46,73,72,179,251,70,56,25,6,25,83,72,375,-89
2016-17,203089,John Henson,1610612749,MIL,26.0,58,26,32,1122.5266666666666,159,309,0,1,74,107,92,203,295,57,52,29,78,18,151,106,392,-49
2016-17,203098,John Jenkins,1610612756,PHX,26.0,4,0,4,12.933333333333334,2,5,1,2,2,2,0,1,1,1,0,0,0,0,0,1,7,9
2016-17,101249,John Lucas III,1610612750,MIN,34.0,5,3,2,10.68,1,4,0,1,0,0,0,0,0,1,0,2,0,0,0,0,2,12
2016-17,202322,John Wall,1610612764,WAS,26.0,78,48,30,2835.483333333333,647,1435,89,272,422,527,59,267,326,831,322,157,49,86,151,414,1805,248
2016-17,203948,Johnny O'Bryant III,1610612766,CHA,24.0,11,4,7,80.65166666666667,15,30,3,6,5,6,9,10,19,6,6,0,1,0,10,4,38,-26
2016-17,202720,Jon Leuer,1610612765,DET,28.0,75,34,41,1943.7383333333332,310,646,49,167,98,113,102,300,402,111,66,31,26,41,145,97,767,-76
2016-17,201973,Jonas Jerebko,1610612738,BOS,30.0,78,51,27,1231.7633333333333,114,262,45,130,26,37,59,213,272,71,39,25,17,17,122,43,299,36
2016-17,202685,Jonas Valanciunas,1610612761,TOR,25.0,80,50,30,2065.475,391,702,1,2,176,217,226,533,759,57,106,37,63,34,216,222,959,108
2016-17,1626780,Jonathan Gibson,1610612742,DAL,29.0,17,4,13,231.21,35,95,15,45,21,29,1,21,22,26,21,8,0,5,21,23,106,-83
2016-17,203613,Jonathon Simmons,1610612759,SAS,27.0,78,60,18,1392.4666666666667,177,421,30,102,99,132,20,140,160,126,76,47,25,39,146,113,483,210
2016-17,203903,Jordan Clarkson,1610612747,LAL,25.0,82,26,56,2396.555,477,1071,117,356,134,168,49,197,246,213,164,88,8,58,150,145,1205,-422
2016-17,202348,Jordan Crawford,1610612740,NOP,28.0,19,9,10,442.30333333333334,105,218,37,95,20,26,4,30,34,57,25,11,2,1,30,22,267,16
2016-17,200770,Jordan Farmar,1610612758,SAC,30.0,2,1,1,35.38,4,12,4,9,0,0,1,2,3,9,3,2,0,1,1,1,12,-1
2016-17,201941,Jordan Hill,1610612750,MIN,29.0,7,2,5,46.56666666666667,5,13,0,0,2,2,8,6,14,0,4,1,0,1,9,3,12,12
2016-17,203895,Jordan McRae,1610612739,CLE,26.0,37,26,11,383.50666666666666,58,150,18,51,27,34,6,35,41,19,14,8,6,17,31,27,161,-60
2016-17,1626175,Jordan Mickey,1610612738,BOS,22.0,25,9,16,141.03166666666667,15,34,0,1,8,14,13,21,34,7,9,3,6,6,12,10,38,-58
2016-17,101181,Jose Calderon,1610612737,ATL,35.0,41,15,26,538.7983333333333,55,134,20,64,11,12,15,59,74,88,41,11,1,3,36,15,141,-105
2016-17,203962,Josh Huestis,1610612760,OKC,25.0,2,0,2,30.883333333333333,6,11,2,4,0,1,4,5,9,3,0,0,3,0,0,1,14,3
2016-17,201177,Josh McRoberts,1610612748,MIA,30.0,22,6,16,381.2133333333333,44,118,13,31,6,9,23,51,74,50,23,10,4,13,31,10,107,-73
2016-17,1626196,Josh Richardson,1610612748,MIA,23.0,53,23,30,1614.355,202,513,75,227,60,77,35,133,168,140,65,60,39,17,132,92,539,7
2016-17,201950,Jrue Holiday,1610612740,NOP,27.0,67,32,35,2189.903333333333,405,893,100,281,119,168,46,218,264,488,194,100,44,38,133,144,1029,38
2016-17,1627823,Juancho Hernangomez,1610612743,DEN,21.0,62,30,32,841.9016666666666,101,224,46,113,57,76,43,144,187,29,31,30,12,12,62,65,305,-34
2016-17,203944,Julius Randle,1610612747,LAL,22.0,74,24,50,2132.1066666666666,377,773,17,63,204,282,150,486,636,264,173,49,37,74,248,194,975,-452
2016-17,1626147,Justin Anderson,1610612755,PHI,23.0,75,24,51,1227.2333333333333,186,439,58,194,102,129,69,176,245,66,66,41,23,18,109,94,532,-194
2016-17,203120,Justin Hamilton,1610612751,BKN,27.0,64,14,50,1176.5133333333333,174,379,55,180,39,52,71,191,262,55,43,29,43,19,91,56,442,-292
2016-17,202712,Justin Harper,1610612755,PHI,27.0,3,1,2,31.316666666666666,5,12,2,7,0,0,2,3,5,2,4,0,0,1,2,0,12,-11
2016-17,203200,Justin Holiday,1610612752,NYK,28.0,82,31,51,1639.1233333333332,233,538,97,273,66,80,27,198,225,102,66,65,31,19,109,69,629,-41
2016-17,1626159,Justise Winslow,1610612748,MIA,21.0,18,4,14,625.295,80,225,7,35,29,47,23,71,94,66,33,26,6,18,52,40,196,-6
2016-17,203994,Jusuf Nurkić,1610612757,POR,22.0,65,34,31,1390.98,271,534,0,1,120,210,154,313,467,123,143,50,74,43,161,185,662,-53
2016-17,203909,KJ McDaniels,1610612751,BKN,24.0,49,28,21,505.51,77,169,20,66,32,38,15,67,82,13,29,19,18,11,49,26,206,-45
2016-17,1626157,Karl-Anthony Towns,1610612750,MIN,21.0,82,31,51,3030.33,802,1480,101,275,356,428,296,711,1007,220,212,56,103,91,241,382,2061,-26
2016-17,202695,Kawhi Leonard,1610612759,SAS,26.0,74,54,20,2474.48,636,1312,147,387,469,533,80,350,430,260,154,133,55,33,122,399,1888,434
2016-17,1627770,Kay Felder,1610612739,CLE,22.0,42,25,17,385.75,62,158,7,22,35,49,3,38,41,58,30,18,7,11,38,35,166,-53
2016-17,203482,Kelly Olynyk,1610612738,BOS,26.0,75,49,26,1538.33,260,508,68,192,90,123,73,288,361,148,96,44,29,30,207,135,678,16
2016-17,1626162,Kelly Oubre Jr.,1610612764,WAS,21.0,79,47,32,1605.255,186,442,54,188,75,99,61,200,261,47,50,58,17,35,195,97,501,-42
2016-17,202689,Kemba Walker,1610612766,CHA,27.0,79,36,43,2739.3083333333334,643,1449,240,602,304,359,45,263,308,434,168,85,22,111,119,329,1830,189
2016-17,202702,Kenneth Faried,1610612743,DEN,27.0,61,29,32,1295.8766666666668,228,416,0,6,131,189,183,279,462,55,59,43,40,41,124,157,587,-60
2016-17,203145,Kent Bazemore,1610612737,ATL,27.0,73,39,34,1962.7816666666668,295,721,92,266,119,168,45,186,231,177,125,91,52,30,165,147,801,-106
2016-17,203484,Kentavious Caldwell-Pope,1610612765,DET,24.0,76,33,43,2528.4933333333333,370,928,153,437,154,185,55,193,248,193,86,89,12,29,118,138,1047,-148
2016-17,201142,Kevin Durant,1610612744,GSW,28.0,62,51,11,2070.36,551,1026,117,312,336,384,39,474,513,300,138,66,99,27,117,283,1555,711
2016-17,201567,Kevin Love,1610612739,CLE,28.0,60,40,20,1884.645,370,867,145,389,257,295,148,518,666,116,122,53,21,58,125,241,1142,337
2016-17,202338,Kevin Seraphin,1610612754,IND,27.0,49,23,26,559.315,109,198,0,2,14,22,41,101,142,23,29,7,20,7,66,20,232,-101
2016-17,1626172,Kevon Looney,1610612744,GSW,21.0,53,44,9,446.99666666666667,56,107,2,9,21,34,44,80,124,29,17,15,17,14,64,30,135,-17
2016-17,203114,Khris Middleton,1610612749,MIL,25.0,29,19,10,889.0466666666666,150,333,45,104,81,92,11,112,123,99,65,41,7,12,79,74,426,90
2016-17,202691,Klay Thompson,1610612744,GSW,27.0,78,66,12,2649.04,644,1376,268,647,186,218,49,236,285,160,128,66,40,43,139,159,1742,800
2016-17,201585,Kosta Koufos,1610612758,SAC,28.0,71,27,44,1419.3716666666667,216,392,0,1,38,62,118,285,403,47,61,36,48,28,172,66,470,-156
2016-17,1627739,Kris Dunn,1610612750,MIN,23.0,78,30,48,1333.0,118,313,21,73,36,59,24,142,166,188,89,78,36,18,178,66,293,-132
2016-17,2743,Kris Humphries,1610612737,ATL,32.0,56,31,25,688.6483333333333,87,214,19,54,64,82,60,146,206,29,28,15,21,12,69,76,257,-67
2016-17,204001,Kristaps Porziņģis,1610612752,NYK,21.0,66,26,40,2164.4133333333334,443,985,112,314,198,252,111,364,475,97,118,47,129,31,244,219,1196,-101
2016-17,203937,Kyle Anderson,1610612759,SAS,23.0,72,53,19,1020.0916666666667,93,209,15,40,45,57,33,175,208,91,39,51,26,15,63,56,246,179
2016-17,2594,Kyle Korver,1610612739,CLE,36.0,67,33,34,1753.0666666666666,239,515,162,359,38,42,7,179,186,110,69,34,21,8,107,55,678,-169
2016-17,200768,Kyle Lowry,1610612761,TOR,31.0,60,36,24,2244.025,426,918,193,468,299,365,48,238,286,417,173,88,19,57,170,298,1344,356
2016-17,203124,Kyle O'Quinn,1610612752,NYK,27.0,79,29,50,1229.1683333333333,215,413,2,17,64,83,157,282,439,117,76,36,104,27,174,98,496,-161
2016-17,202713,Kyle Singler,1610612760,OKC,29.0,32,15,17,385.24666666666667,34,83,7,37,13,17,8,40,48,9,11,7,5,5,29,13,88,8
2016-17,1627787,Kyle Wiltjer,1610612745,HOU,24.0,14,12,2,43.88333333333333,4,14,4,13,1,2,4,6,10,2,5,3,1,0,4,2,13,-38
2016-17,202681,Kyrie Irving,1610612739,CLE,25.0,72,47,25,2524.63,671,1420,177,441,297,328,52,178,230,418,180,83,24,75,157,244,1816,334
2016-17,200746,LaMarcus Aldridge,1610612759,SAS,31.0,72,52,20,2335.0116666666668,500,1049,23,56,220,271,172,351,523,139,98,46,88,32,158,238,1243,272
2016-17,203934,Lamar Patterson,1610612737,ATL,25.0,5,1,4,40.36666666666667,3,15,1,6,2,3,1,6,7,6,4,1,0,2,6,2,9,13
2016-17,202362,Lance Stephenson,1610612754,IND,26.0,18,8,10,361.6166666666667,54,120,6,20,8,13,4,48,52,59,26,5,3,1,32,22,122,11
2016-17,202498,Lance Thomas,1610612752,NYK,29.0,46,15,31,967.6483333333333,97,244,38,85,43,51,32,110,142,35,25,21,5,17,85,49,275,-203
2016-17,204038,Langston Galloway,1610612758,SAC,25.0,74,29,45,1494.3916666666667,207,545,120,308,51,64,27,129,156,93,46,46,6,19,96,53,585,-60
2016-17,1626204,Larry Nance Jr.,1610612747,LAL,24.0,63,21,42,1441.84,190,361,10,36,59,80,120,249,369,96,56,82,39,10,149,82,449,-133
2016-17,202336,Larry Sanders,1610612739,CLE,28.0,5,2,3,12.693333333333333,1,4,0,0,2,2,3,1,4,0,2,1,1,0,5,1,4,-1
2016-17,202730,Lavoy Allen,1610612754,IND,28.0,61,31,30,871.3216666666667,77,168,0,1,23,33,105,114,219,57,29,18,24,13,78,25,177,-124
2016-17,2544,LeBron James,1610612739,CLE,32.0,74,51,23,2794.575,736,1344,124,342,358,531,97,542,639,646,303,92,44,60,134,440,1954,483
2016-17,2571,Leandro Barbosa,1610612756,PHX,34.0,67,20,47,963.3983333333333,172,392,35,98,40,45,15,89,104,81,48,31,8,22,82,53,419,-66
2016-17,101150,Lou Williams,1610612745,HOU,30.0,81,34,47,1993.4133333333334,428,998,163,446,402,457,26,176,202,239,160,80,20,57,92,273,1421,48
2016-17,201601,Luc Mbah a Moute,1610612746,LAC,30.0,80,49,31,1787.185,191,378,43,110,59,87,44,126,170,39,46,81,35,31,122,82,484,261
2016-17,203512,Lucas Nogueira,1610612761,TOR,24.0,57,34,23,1088.25,103,156,3,12,44,67,82,162,244,42,46,52,89,9,137,57,253,178
2016-17,2449,Luis Scola,1610612751,BKN,37.0,36,7,29,460.90833333333336,71,151,17,50,25,37,51,88,139,37,34,14,4,8,63,33,184,-83
2016-17,202337,Luke Babbitt,1610612748,MIA,28.0,68,35,33,1064.9383333333333,113,281,87,210,11,15,12,129,141,36,25,20,11,6,118,29,324,-9
2016-17,2736,Luol Deng,1610612747,LAL,32.0,56,18,38,1485.8733333333332,164,424,51,165,46,63,63,232,295,74,43,48,20,24,61,68,425,-195
2016-17,1627781,Malachi Richardson,1610612758,SAC,21.0,22,9,13,198.11833333333334,28,68,8,28,15,19,3,20,23,11,8,5,1,0,23,20,79,-17
2016-17,1627763,Malcolm Brogdon,1610612749,MIL,24.0,75,38,37,1982.39,290,635,78,193,109,126,47,166,213,317,113,84,12,41,140,128,767,87
2016-17,1627098,Malcolm Delaney,1610612737,ATL,28.0,73,37,36,1247.55,145,388,26,110,75,93,10,113,123,193,95,39,1,20,112,115,391,32
2016-17,1627736,Malik Beasley,1610612743,DEN,20.0,22,12,10,164.895,33,73,9,28,8,10,5,12,17,11,8,7,0,6,10,9,83,58
2016-17,202412,Manny Harris,1610612742,DAL,27.0,4,1,3,24.75,3,15,0,2,2,4,3,6,9,2,2,0,0,3,1,2,8,-21
2016-17,1938,Manu Ginobili,1610612759,SAS,39.0,69,51,18,1291.45,171,439,89,227,86,107,28,129,157,183,96,82,16,19,119,126,517,258
2016-17,201188,Marc Gasol,1610612763,MEM,32.0,74,40,34,2531.0333333333333,532,1160,104,268,278,332,60,404,464,338,166,67,99,23,171,317,1446,64
2016-17,1626273,Marcelo Huertas,1610612747,LAL,34.0,23,5,18,236.56166666666667,25,68,4,19,9,17,2,22,24,52,19,10,2,5,16,14,63,-43
2016-17,101162,Marcin Gortat,1610612764,WAS,33.0,82,49,33,2555.4783333333335,390,674,0,2,103,159,238,611,849,121,119,40,61,51,213,180,883,202
2016-17,201158,Marco Belinelli,1610612766,CHA,31.0,74,34,40,1777.5633333333333,264,615,102,283,150,168,14,164,178,147,70,44,9,11,90,148,780,44
2016-17,1627875,Marcus Georges-Hunt,1610612753,ORL,23.0,5,2,3,47.516666666666666,2,7,1,2,9,10,1,8,9,3,2,1,0,0,5,5,14,-25
2016-17,202694,Marcus Morris Sr.,1610612765,DET,27.0,79,36,43,2565.09,421,1007,118,357,145,185,77,289,366,160,87,52,25,22,168,178,1105,-106
2016-17,203935,Marcus Smart,1610612738,BOS,23.0,79,51,28,2399.2883333333334,269,749,94,332,203,250,78,227,305,364,159,125,34,49,192,252,835,130
2016-17,201977,Marcus Thornton,1610612764,WAS,30.0,33,15,18,574.6716666666666,84,210,28,80,23,27,22,54,76,41,25,19,3,10,48,34,219,-147
2016-17,1626209,Mario Hezonja,1610612753,ORL,22.0,65,20,45,960.2833333333333,117,330,43,144,40,50,20,126,146,62,58,30,15,16,74,53,317,-287
2016-17,202693,Markieff Morris,1610612764,WAS,27.0,76,45,31,2374.3333333333335,406,889,71,196,180,215,107,386,493,126,129,82,42,46,254,186,1063,179
2016-17,1627737,Marquese Chriss,1610612756,PHX,19.0,82,24,58,1743.36,284,632,72,224,113,181,96,252,348,60,108,67,70,56,263,178,753,-382
2016-17,201578,Marreese Speights,1610612746,LAC,29.0,82,51,31,1285.8616666666667,244,548,103,277,120,137,88,285,373,65,69,23,41,24,229,148,711,-33
2016-17,1627850,Marshall Plumlee,1610612752,NYK,24.0,21,6,15,170.18,16,30,0,0,8,19,23,28,51,10,12,4,4,5,23,17,40,-3
2016-17,101107,Marvin Williams,1610612766,CHA,31.0,76,32,44,2294.5433333333335,297,704,124,354,131,150,89,411,500,106,60,58,53,35,134,128,849,-32
2016-17,203486,Mason Plumlee,1610612743,DEN,27.0,81,38,43,2147.58,334,623,0,6,174,300,170,435,605,284,134,69,92,51,226,252,842,-1
2016-17,2440,Matt Barnes,1610612744,GSW,37.0,74,38,36,1775.9133333333334,185,473,87,263,70,89,70,314,384,195,107,48,26,21,185,69,527,-65
2016-17,203521,Matthew Dellavedova,1610612749,MIL,26.0,76,39,37,1986.0016666666668,208,534,79,215,82,96,24,123,147,357,133,53,0,28,153,101,577,-72
2016-17,203090,Maurice Harkless,1610612757,POR,24.0,77,38,39,2223.0633333333335,314,624,68,194,77,124,125,216,341,88,86,85,70,49,214,108,773,48
2016-17,1626254,Maurice Ndour,1610612752,NYK,25.0,32,10,22,331.455,39,86,1,7,19,26,22,42,64,8,12,15,8,11,30,22,98,-2
2016-17,1897,Metta World Peace,1610612747,LAL,37.0,25,8,17,160.33,19,68,9,38,10,16,5,15,20,11,7,10,2,3,18,10,57,-59
2016-17,203086,Meyers Leonard,1610612757,POR,25.0,74,37,37,1221.9033333333334,146,378,74,213,35,40,27,210,237,71,35,13,28,8,172,71,401,-30
2016-17,201563,Michael Beasley,1610612749,MIL,28.0,56,23,33,934.5,216,406,18,43,78,105,40,153,193,53,66,27,27,19,92,79,528,-41
2016-17,203487,Michael Carter-Williams,1610612741,CHI,25.0,45,25,20,846.4516666666667,112,306,15,64,58,77,24,129,153,113,66,38,23,23,102,84,297,-28
2016-17,1627771,Michael Gbinije,1610612765,DET,25.0,9,7,2,31.55,1,10,0,4,2,2,2,1,3,2,0,0,0,0,2,1,4,-3
2016-17,203077,Michael Kidd-Gilchrist,1610612766,CHA,23.0,81,36,45,2349.4083333333333,295,618,1,9,152,194,156,409,565,114,56,81,77,70,187,177,743,-6
2016-17,201144,Mike Conley,1610612763,MEM,29.0,69,35,34,2291.8633333333332,464,1009,171,419,316,368,31,210,241,433,156,92,19,37,126,292,1415,188
2016-17,2399,Mike Dunleavy,1610612737,ATL,36.0,53,34,19,840.9383333333334,93,220,53,134,36,45,18,97,115,50,28,15,7,7,67,43,275,-36
2016-17,2034,Mike Miller,1610612743,DEN,37.0,20,9,11,150.54333333333332,9,23,8,20,2,2,2,36,38,22,13,2,0,0,9,1,28,-5
2016-17,203488,Mike Muscala,1610612737,ATL,25.0,70,36,34,1236.8616666666667,170,337,46,110,49,64,76,164,240,95,55,30,41,10,97,83,435,-76
2016-17,203118,Mike Scott,1610612737,ATL,28.0,18,7,11,194.95666666666668,17,59,4,27,7,8,10,27,37,17,8,4,3,4,12,10,45,-42
2016-17,1627861,Mike Tobey,1610612766,CHA,22.0,2,0,2,25.183333333333334,1,4,0,0,0,0,2,1,3,1,1,0,0,1,2,0,2,-17
2016-17,203101,Miles Plumlee,1610612766,CHA,28.0,45,19,26,484.61,44,92,0,0,25,39,38,57,95,21,30,18,13,12,73,40,113,-66
2016-17,1627851,Mindaugas Kuzminskas,1610612752,NYK,27.0,68,24,44,1016.3083333333333,158,369,54,168,55,68,47,79,126,69,51,29,11,35,79,69,425,-3
2016-17,203141,Mirza Teletovic,1610612749,MIL,31.0,70,36,34,1133.3583333333333,156,418,104,305,35,45,11,151,162,48,37,12,13,9,109,45,451,72
2016-17,101145,Monta Ellis,1610612754,IND,31.0,74,39,35,1997.7083333333333,247,557,43,135,93,128,19,185,204,236,135,78,27,31,149,129,630,-71
2016-17,1626149,Montrezl Harrell,1610612745,HOU,23.0,58,39,19,1063.5583333333334,225,345,1,7,76,121,81,138,219,64,44,20,42,39,126,114,527,107
2016-17,1626167,Myles Turner,1610612754,IND,21.0,81,42,39,2541.005,444,869,40,115,245,303,139,450,589,106,105,74,172,45,262,257,1173,143
2016-17,202357,Nemanja Bjelica,1610612750,MIN,29.0,65,28,37,1189.645,151,356,56,177,45,61,57,187,244,79,59,40,20,12,154,68,403,-13
2016-17,2403,Nene,1610612745,HOU,34.0,67,47,20,1197.73,245,397,3,9,116,197,95,187,282,65,73,56,39,36,163,152,609,194
2016-17,203457,Nerlens Noel,1610612742,DAL,23.0,51,24,27,1046.8233333333333,184,309,0,1,77,111,93,201,294,50,51,65,50,11,126,112,445,-83
2016-17,2555,Nick Collison,1610612760,OKC,36.0,20,10,10,127.77333333333333,14,23,0,1,5,8,9,22,31,12,4,2,2,0,17,9,33,-39
2016-17,201156,Nick Young,1610612747,LAL,32.0,60,19,41,1556.2666666666667,272,633,170,421,77,90,25,113,138,58,36,37,14,11,137,82,791,-210
2016-17,201587,Nicolas Batum,1610612766,CHA,28.0,77,35,42,2617.2483333333334,393,975,135,405,243,284,46,435,481,456,194,86,29,40,109,185,1164,69
2016-17,1627852,Nicolas Brussino,1610612742,DAL,24.0,54,18,36,521.3783333333333,52,141,29,95,17,22,26,69,95,47,26,17,8,5,43,25,150,-107
2016-17,1627879,Nicolas Laprovittola,1610612759,SAS,27.0,18,15,3,173.95333333333335,20,47,10,27,9,9,1,9,10,28,19,4,1,2,19,11,59,-44
2016-17,203917,Nik Stauskas,1610612755,PHI,23.0,80,27,53,2187.7116666666666,251,634,132,359,122,150,21,205,226,188,128,45,32,35,144,130,756,-188
2016-17,203999,Nikola Jokić,1610612743,DEN,22.0,73,37,36,2037.7283333333332,494,854,45,139,188,228,212,506,718,359,171,61,55,50,214,234,1221,299
2016-17,202703,Nikola Mirotic,1610612741,CHI,26.0,70,37,33,1678.9116666666666,258,625,129,377,99,128,61,323,384,75,80,53,55,31,128,117,744,198
2016-17,202696,Nikola Vučević,1610612753,ORL,26.0,75,27,48,2162.735,483,1031,23,75,107,160,176,603,779,208,117,76,74,34,180,151,1096,-140
2016-17,203943,Noah Vonleh,1610612757,POR,21.0,74,38,36,1265.375,130,270,7,20,60,94,131,256,387,31,64,30,27,29,154,80,327,-88
2016-17,1626181,Norman Powell,1610612761,TOR,24.0,76,47,29,1367.6516666666666,227,506,56,173,126,159,26,143,169,82,70,52,14,38,127,115,636,83
2016-17,202708,Norris Cole,1610612760,OKC,28.0,13,5,8,124.92666666666666,16,52,3,13,8,10,0,11,11,14,7,8,0,3,18,8,43,-16
2016-17,1627855,Okaro White,1610612748,MIA,24.0,35,26,9,471.175,33,87,12,34,20,22,25,57,82,21,18,10,10,9,52,36,98,68
2016-17,201600,Omer Asik,1610612740,NOP,30.0,31,12,19,482.12333333333333,31,65,0,0,23,39,48,115,163,15,14,5,10,13,51,37,85,-60
2016-17,201956,Omri Casspi,1610612750,MIN,29.0,36,12,24,642.155,77,164,15,43,17,29,27,85,112,37,29,23,3,12,50,36,186,-102
2016-17,203490,Otto Porter Jr.,1610612764,WAS,24.0,80,48,32,2605.0716666666667,414,803,148,341,99,119,118,396,514,121,44,116,42,12,193,127,1075,191
2016-17,200782,P.J. Tucker,1610612761,TOR,32.0,81,35,46,2235.895,199,482,70,196,72,93,117,354,471,99,66,116,19,34,196,107,540,-76
2016-17,1627783,Pascal Siakam,1610612761,TOR,23.0,55,35,20,859.0866666666667,103,205,1,7,22,32,64,121,185,17,33,26,45,18,109,26,229,-52
2016-17,1626192,Pat Connaughton,1610612757,POR,24.0,39,18,21,315.94666666666666,37,72,17,33,7,9,10,42,52,28,17,6,2,5,23,6,98,-17
2016-17,1627868,Patricio Garino,1610612753,ORL,24.0,5,2,3,43.11666666666667,0,7,0,5,0,0,1,6,7,0,3,0,0,0,4,0,0,-14
2016-17,201976,Patrick Beverley,1610612745,HOU,28.0,67,46,21,2057.963333333333,228,543,110,288,73,95,95,298,393,281,100,99,25,30,222,164,639,354
2016-17,1627775,Patrick McCaw,1610612744,GSW,21.0,71,57,14,1073.995,106,245,41,123,29,37,21,79,100,77,36,32,15,18,62,36,282,-43
2016-17,202335,Patrick Patterson,1610612761,TOR,28.0,65,42,23,1598.5316666666668,154,384,94,253,43,60,62,231,293,76,38,40,23,11,120,67,445,347
2016-17,201988,Patty Mills,1610612759,SAS,28.0,80,60,20,1754.4133333333334,273,621,147,355,66,80,24,117,141,280,101,65,3,15,109,102,759,410
2016-17,2200,Pau Gasol,1610612759,SAS,36.0,64,47,17,1626.735,303,604,56,104,130,184,107,394,501,150,81,24,70,37,110,161,792,227
2016-17,202331,Paul George,1610612754,IND,27.0,75,39,36,2689.346666666667,622,1348,195,496,336,374,58,434,492,251,220,119,27,53,206,314,1775,167
2016-17,200794,Paul Millsap,1610612737,ATL,32.0,69,40,29,2342.83,430,972,75,241,311,405,111,422,533,252,158,90,62,55,186,308,1246,135
2016-17,1718,Paul Pierce,1610612746,LAC,39.0,25,16,9,277.09833333333336,28,70,15,43,10,13,1,47,48,10,16,4,5,2,40,17,81,28
2016-17,1627835,Paul Zipser,1610612741,CHI,23.0,44,21,23,843.38,88,221,33,99,31,40,15,110,125,36,40,15,16,10,78,37,240,15
2016-17,203510,Pierre Jackson,1610612742,DAL,25.0,9,4,5,84.40166666666667,13,39,3,11,6,7,1,8,9,19,3,2,0,2,5,9,35,55
2016-17,203112,Quincy Acy,1610612751,BKN,26.0,38,11,27,557.7333333333333,70,170,37,90,45,60,20,95,115,18,21,14,15,7,67,58,222,-38
2016-17,1626188,Quinn Cook,1610612740,NOP,24.0,14,9,5,187.46,33,66,11,26,2,5,1,6,7,26,13,4,0,1,13,9,79,-41
2016-17,1626154,RJ Hunter,1610612741,CHI,23.0,3,2,1,9.15,0,1,0,1,0,0,0,1,1,0,0,0,0,0,0,0,0,-10
2016-17,200765,Rajon Rondo,1610612741,CHI,31.0,69,34,35,1842.7016666666666,229,561,50,133,30,50,73,282,355,461,169,99,11,33,144,74,538,-60
2016-17,1626176,Rakeem Christmas,1610612754,IND,25.0,29,14,15,219.38833333333332,19,43,0,0,21,29,26,30,56,4,8,3,6,6,37,28,59,-34
2016-17,201196,Ramon Sessions,1610612766,CHA,31.0,50,23,27,810.6766666666666,100,263,21,62,91,118,11,62,73,129,46,27,3,25,43,87,312,-80
2016-17,200751,Randy Foye,1610612751,BKN,33.0,69,17,52,1284.2783333333334,118,325,67,203,54,63,9,146,155,135,80,35,9,18,99,49,357,-205
2016-17,1626173,Rashad Vaughn,1610612749,MIL,20.0,41,18,23,458.5366666666667,57,156,26,81,2,5,4,45,49,23,14,19,10,4,32,5,142,-77
2016-17,203526,Raul Neto,1610612762,UTA,25.0,40,24,16,345.90166666666664,41,91,10,31,8,9,4,26,30,34,15,21,5,10,48,16,100,84
2016-17,101109,Raymond Felton,1610612746,LAC,33.0,80,50,30,1699.8283333333334,221,514,46,144,50,64,33,185,218,191,83,66,22,22,125,66,538,-164
2016-17,203493,Reggie Bullock Jr.,1610612765,DET,26.0,31,13,18,466.79333333333335,54,128,28,73,5,7,13,51,64,29,10,18,3,5,22,12,141,55
2016-17,202704,Reggie Jackson,1610612765,DET,27.0,52,23,29,1424.395,284,677,66,184,118,136,21,93,114,270,114,35,5,31,129,144,752,-224
2016-17,202130,Reggie Williams,1610612740,NOP,30.0,6,1,5,79.45333333333333,8,23,5,11,6,7,2,4,6,4,0,3,0,0,2,4,27,-24
2016-17,2210,Richard Jefferson,1610612739,CLE,37.0,79,50,29,1613.61,153,343,62,186,80,108,28,175,203,78,52,26,10,18,153,111,448,130
2016-17,1626158,Richaun Holmes,1610612755,PHI,23.0,57,16,41,1192.7,230,412,27,77,72,103,94,217,311,58,55,42,55,23,136,88,559,-228
2016-17,201937,Ricky Rubio,1610612750,MIN,26.0,75,28,47,2469.11,261,650,60,196,254,285,68,237,305,682,195,128,10,31,202,233,836,-8
2016-17,203496,Robert Covington,1610612755,PHI,26.0,67,27,40,2118.57,292,732,137,412,143,174,92,344,436,102,131,127,69,29,203,126,864,-152
2016-17,201577,Robin Lopez,1610612741,CHI,29.0,81,40,41,2270.7566666666667,382,775,0,2,75,104,244,276,520,80,91,18,117,39,151,120,839,74
2016-17,203918,Rodney Hood,1610612762,UTA,24.0,59,40,19,1593.2733333333333,272,666,114,307,90,115,16,186,202,96,65,38,11,18,132,105,748,108
2016-17,203585,Rodney McGruder,1610612748,MIA,25.0,78,40,38,1965.8866666666668,190,460,73,220,44,71,94,162,256,124,56,46,18,24,140,70,497,7
2016-17,201155,Rodney Stuckey,1610612754,IND,31.0,39,17,22,696.18,91,244,19,60,80,107,6,78,84,84,53,16,0,16,44,76,281,-33
2016-17,1627758,Ron Baker,1610612752,NYK,24.0,52,14,38,857.0333333333333,82,217,23,86,28,43,12,86,98,107,56,34,8,16,74,56,215,-56
2016-17,1626178,Rondae Hollis-Jefferson,1610612751,BKN,22.0,78,19,59,1761.4083333333333,235,542,15,67,190,253,96,356,452,154,116,82,44,46,177,187,675,-265
2016-17,101179,Ronnie Price,1610612756,PHX,34.0,14,4,10,134.195,4,24,3,17,3,4,3,8,11,18,3,11,1,2,14,6,14,-43
2016-17,201579,Roy Hibbert,1610612743,DEN,30.0,48,24,24,682.31,80,147,0,0,61,75,54,98,152,21,32,8,46,12,100,64,221,-22
2016-17,200752,Rudy Gay,1610612758,SAC,30.0,30,11,19,1012.8916666666667,201,442,42,113,118,138,35,155,190,83,74,44,26,23,79,110,562,66
2016-17,203497,Rudy Gobert,1610612762,UTA,25.0,81,51,30,2743.7466666666664,413,625,0,1,311,476,314,721,1035,97,147,49,214,56,246,420,1137,435
2016-17,201566,Russell Westbrook,1610612760,OKC,28.0,81,46,35,2801.7483333333334,824,1941,200,583,710,840,137,727,864,840,438,132,31,91,190,541,2558,249
2016-17,201583,Ryan Anderson,1610612745,HOU,29.0,72,50,22,2116.391666666667,323,773,204,506,129,150,112,218,330,68,55,31,14,25,142,134,979,408
2016-17,203527,Ryan Kelly,1610612737,ATL,26.0,16,6,10,110.13333333333334,8,28,4,10,5,6,1,17,18,8,4,4,5,2,5,6,25,4
2016-17,1626257,Salah Mejri,1610612742,DAL,31.0,73,29,44,905.0833333333334,88,137,1,3,36,61,97,211,308,14,40,32,61,9,152,87,213,-18
2016-17,1626155,Sam Dekker,1610612745,HOU,23.0,77,52,25,1419.065,203,429,60,187,38,68,94,190,284,76,41,38,21,18,83,53,504,76
2016-17,2756,Sasha Vujacic,1610612752,NYK,33.0,42,14,28,408.22833333333335,42,136,23,74,17,24,12,47,59,52,16,13,2,5,38,17,124,-9
2016-17,203930,Sean Kilpatrick,1610612751,BKN,27.0,70,14,56,1753.5566666666666,305,735,105,308,204,242,22,258,280,157,135,45,6,59,118,179,919,-226
2016-17,203902,Semaj Christon,1610612760,OKC,24.0,64,36,28,972.6416666666667,77,223,12,63,17,31,19,68,87,130,43,28,7,12,79,32,183,-140
2016-17,201586,Serge Ibaka,1610612761,TOR,27.0,79,37,42,2422.08,471,982,124,317,107,125,129,409,538,75,105,41,124,30,215,128,1173,-142
2016-17,200771,Sergio Rodriguez,1610612755,PHI,31.0,68,24,44,1517.4116666666666,210,536,92,252,18,27,21,136,157,344,128,49,4,20,95,45,530,-138
2016-17,203552,Seth Curry,1610612742,DAL,26.0,70,30,40,2029.03,338,703,137,322,85,100,25,154,179,189,92,79,7,27,126,113,898,-37
2016-17,203498,Shabazz Muhammad,1610612750,MIN,24.0,78,29,49,1515.5216666666668,288,598,49,145,147,190,84,136,220,35,56,22,6,49,86,140,772,-76
2016-17,203894,Shabazz Napier,1610612757,POR,25.0,53,26,27,512.2816666666666,73,183,34,92,38,49,8,53,61,67,41,32,2,9,38,50,218,16
2016-17,2733,Shaun Livingston,1610612744,GSW,31.0,76,63,13,1344.7466666666667,173,316,1,3,42,60,28,123,151,139,62,38,20,10,120,59,389,151
2016-17,1627848,Shawn Long,1610612755,PHI,24.0,18,5,13,233.615,61,109,7,19,19,35,41,44,85,13,13,9,9,9,49,27,148,20
2016-17,1627815,Sheldon Mac,1610612764,WAS,24.0,30,17,13,286.7633333333333,30,75,7,30,23,27,4,30,34,15,5,8,2,4,17,29,90,-55
2016-17,202714,Shelvin Mack,1610612762,UTA,27.0,55,34,21,1205.1266666666668,170,381,37,120,53,77,20,105,125,154,90,42,3,19,100,66,430,16
2016-17,1627746,Skal Labissiere,1610612758,SAC,21.0,33,9,24,611.6383333333333,117,218,3,8,52,74,51,111,162,27,37,16,13,16,64,64,289,-41
2016-17,203524,Solomon Hill,1610612740,NOP,26.0,80,34,46,2374.3016666666667,183,478,94,270,103,128,51,256,307,141,82,72,32,25,182,103,563,5
2016-17,203915,Spencer Dinwiddie,1610612751,BKN,24.0,59,13,46,1333.7416666666666,134,302,38,101,126,159,27,137,164,185,66,44,23,21,119,113,432,-134
2016-17,201150,Spencer Hawes,1610612749,MIL,29.0,54,27,27,797.1283333333333,134,277,25,81,44,52,38,153,191,81,49,15,30,16,77,55,337,-173
2016-17,1626169,Stanley Johnson,1610612765,DET,21.0,77,35,42,1370.625,129,365,45,154,36,53,36,153,189,105,71,56,24,16,121,50,339,3
2016-17,201939,Stephen Curry,1610612744,GSW,29.0,79,65,14,2638.555,675,1443,324,789,325,362,61,292,353,524,239,142,17,55,183,277,1999,1015
2016-17,1627757,Stephen Zimmerman,1610612753,ORL,20.0,19,8,11,107.76,10,31,0,0,3,5,11,24,35,4,3,2,5,7,17,2,23,-40
2016-17,200779,Steve Novak,1610612749,MIL,34.0,8,6,2,21.916666666666668,2,7,1,6,0,0,0,3,3,0,0,0,0,0,1,0,5,0
2016-17,203500,Steven Adams,1610612760,OKC,23.0,80,47,33,2389.365,374,655,0,1,157,257,281,332,613,86,146,89,78,44,195,266,905,195
2016-17,204456,T.J. McConnell,1610612755,PHI,25.0,81,27,54,2133.3966666666665,236,512,11,55,73,90,39,212,251,534,159,134,10,29,139,104,556,-316
2016-17,203933,T.J. Warren,1610612756,PHX,23.0,66,20,46,2048.03,403,814,26,98,119,154,125,214,339,75,57,76,39,42,175,118,951,-281
2016-17,201959,Taj Gibson,1610612760,OKC,32.0,78,41,37,1988.5583333333334,365,709,3,13,113,158,158,327,485,73,105,41,65,60,163,153,846,2
2016-17,204028,Tarik Black,1610612747,LAL,25.0,67,24,43,1090.8983333333333,150,294,1,2,82,109,144,199,343,39,58,29,44,30,173,101,383,-49
2016-17,1627752,Taurean Prince,1610612737,ATL,23.0,59,28,31,981.4416666666667,114,285,33,102,74,94,25,132,157,55,61,43,27,25,96,72,335,-29
2016-17,203093,Terrence Jones,1610612749,MIL,25.0,54,20,34,1270.8566666666666,231,492,19,75,103,170,65,241,306,59,48,40,54,40,67,133,584,-59
2016-17,203082,Terrence Ross,1610612753,ORL,26.0,78,39,39,1954.9666666666667,326,746,142,391,64,77,18,188,206,88,68,87,33,17,143,65,858,126
2016-17,1626179,Terry Rozier,1610612738,BOS,23.0,74,47,27,1263.0383333333334,151,411,57,179,51,66,40,187,227,131,47,45,11,22,69,82,410,-12
2016-17,200757,Thabo Sefolosha,1610612737,ATL,33.0,62,32,30,1595.565,174,395,41,120,55,75,54,216,270,107,58,96,31,25,97,63,444,-65
2016-17,201152,Thaddeus Young,1610612754,IND,29.0,74,40,34,2236.5916666666667,362,687,45,118,45,86,131,317,448,122,95,113,29,45,135,105,814,63
2016-17,203080,Thomas Robinson,1610612747,LAL,26.0,48,15,33,560.4083333333333,105,196,0,1,31,66,84,139,223,31,46,26,9,16,76,54,241,-83
2016-17,1627748,Thon Maker,1610612749,MIL,20.0,57,31,26,562.1883333333334,83,181,28,74,32,49,40,74,114,23,17,10,26,12,84,44,226,-27
2016-17,201168,Tiago Splitter,1610612755,PHI,32.0,8,1,7,75.96666666666667,14,31,2,6,9,11,8,14,22,4,6,1,1,5,8,7,39,-4
2016-17,204025,Tim Frazier,1610612740,NOP,26.0,65,26,39,1524.6516666666666,163,404,40,128,98,129,34,139,173,335,101,56,6,26,133,135,464,-86
2016-17,203501,Tim Hardaway Jr.,1610612737,ATL,25.0,79,42,37,2153.475,415,912,149,417,164,214,35,189,224,182,106,55,15,49,103,172,1143,156
2016-17,1627817,Tim Quarterman,1610612757,POR,22.0,16,6,10,80.04166666666667,13,29,5,13,0,3,4,10,14,11,11,2,3,3,6,5,31,1
2016-17,202389,Timofey Mozgov,1610612747,LAL,30.0,54,16,38,1103.86,169,328,0,1,63,78,104,160,264,43,72,16,31,26,133,93,401,-196
2016-17,1627789,Timothe Luwawu-Cabarrot,1610612755,PHI,22.0,69,23,46,1189.91,145,361,50,161,105,123,25,124,149,75,73,32,10,41,154,92,445,-57
2016-17,202699,Tobias Harris,1610612765,DET,24.0,82,37,45,2566.443333333333,511,1063,109,314,190,226,63,353,416,142,96,60,39,46,133,164,1321,1
2016-17,203107,Tomas Satoransky,1610612764,WAS,25.0,57,33,24,719.2083333333334,61,147,9,37,23,33,25,58,83,92,38,26,6,9,60,45,154,12
2016-17,201962,Toney Douglas,1610612763,MEM,31.0,24,15,9,393.80333333333334,43,117,7,42,24,29,13,48,61,56,21,18,5,9,50,32,117,11
2016-17,2754,Tony Allen,1610612763,MEM,35.0,71,36,35,1913.7383333333332,274,595,15,54,80,130,166,225,391,98,100,115,29,72,178,105,643,-9
2016-17,2225,Tony Parker,1610612759,SAS,35.0,63,46,17,1587.0266666666666,265,569,23,69,85,117,9,104,113,285,89,34,2,42,92,116,638,177
2016-17,203503,Tony Snell,1610612749,MIL,25.0,80,42,38,2335.655,246,541,144,355,47,58,22,226,248,96,55,55,14,10,125,56,683,-117
2016-17,1626203,Treveon Graham,1610612766,CHA,23.0,27,10,17,188.90333333333334,19,40,9,15,10,15,5,17,22,6,3,6,1,7,18,14,57,-39
2016-17,2772,Trevor Ariza,1610612745,HOU,32.0,80,53,27,2772.61,326,798,191,555,93,126,54,404,458,175,73,147,20,20,133,126,936,366
2016-17,202344,Trevor Booker,1610612751,BKN,29.0,71,18,53,1754.315,305,591,25,78,74,110,143,428,571,138,127,75,28,36,152,102,709,-335
2016-17,203504,Trey Burke,1610612764,WAS,24.0,57,35,22,702.79,116,255,31,70,22,29,7,40,47,100,48,11,5,9,54,31,285,-160
2016-17,1626168,Trey Lyles,1610612762,UTA,21.0,71,43,28,1158.35,159,439,65,204,57,79,48,187,235,69,64,26,20,16,97,59,440,26
2016-17,202684,Tristan Thompson,1610612739,CLE,26.0,78,50,28,2336.3816666666667,262,437,0,3,106,213,286,429,715,77,64,39,84,45,176,190,630,133
2016-17,203584,Troy Daniels,1610612763,MEM,25.0,67,33,34,1183.3016666666667,185,495,138,355,43,54,22,78,100,46,45,20,4,12,90,67,551,89
2016-17,1627786,Troy Williams,1610612745,HOU,22.0,30,19,11,556.5866666666667,73,167,18,62,21,32,15,54,69,25,32,27,10,10,60,24,185,-76
2016-17,201951,Ty Lawson,1610612758,SAC,29.0,69,25,44,1732.1233333333332,237,522,34,118,173,217,44,135,179,334,129,74,6,53,119,176,681,-156
2016-17,203898,Tyler Ennis,1610612747,LAL,22.0,53,28,25,588.1466666666666,90,208,27,70,21,25,9,36,45,86,45,25,2,16,58,29,228,-1
2016-17,204020,Tyler Johnson,1610612748,MIA,25.0,73,35,38,2177.483333333333,357,824,93,250,195,254,50,243,293,233,90,84,44,53,176,211,1002,35
2016-17,1627755,Tyler Ulis,1610612756,PHX,21.0,61,15,46,1122.73,184,437,21,79,55,71,20,75,95,226,77,48,5,28,73,68,444,-142
2016-17,203092,Tyler Zeller,1610612738,BOS,27.0,51,32,19,524.655,78,158,0,1,22,39,43,81,124,42,20,7,21,16,61,49,178,-2
2016-17,201936,Tyreke Evans,1610612758,SAC,27.0,40,17,23,788.065,150,370,42,118,69,92,13,124,137,124,61,35,9,26,60,74,411,-151
2016-17,2199,Tyson Chandler,1610612756,PHX,34.0,47,15,32,1297.61,153,228,0,0,91,124,153,386,539,30,65,33,24,11,126,102,397,-74
2016-17,1626145,Tyus Jones,1610612750,MIN,21.0,60,23,37,774.3883333333333,75,181,26,73,33,43,10,57,67,156,38,48,5,4,50,51,209,34
2016-17,2617,Udonis Haslem,1610612748,MIA,37.0,16,6,10,130.17666666666668,11,23,0,3,9,15,8,28,36,6,8,6,1,1,22,15,31,-68
2016-17,203506,Victor Oladipo,1610612760,OKC,25.0,67,39,28,2222.6383333333333,412,932,127,352,116,154,39,252,291,176,119,78,21,52,155,120,1067,175
2016-17,1713,Vince Carter,1610612763,MEM,40.0,73,36,37,1799.56,193,490,112,296,88,115,36,191,227,133,50,60,36,16,163,111,586,157
2016-17,1627735,Wade Baldwin IV,1610612763,MEM,21.0,33,18,15,404.955,36,115,3,22,31,37,11,35,46,61,39,18,7,10,40,32,106,-139
2016-17,201961,Wayne Ellington,1610612748,MIA,29.0,62,35,27,1499.7166666666667,231,555,149,394,37,43,18,114,132,70,30,35,4,9,70,44,648,86
2016-17,1627782,Wayne Selden,1610612763,MEM,22.0,14,6,8,236.00333333333333,25,58,7,28,14,22,1,15,16,13,12,6,1,3,18,14,71,-42
2016-17,202325,Wesley Johnson,1610612746,LAC,29.0,68,40,28,810.1183333333333,73,200,29,118,11,17,26,155,181,23,18,29,30,4,83,18,186,-56
2016-17,202083,Wesley Matthews,1610612742,DAL,30.0,73,29,44,2494.805,333,847,174,479,146,179,18,241,259,210,102,77,15,24,161,212,986,-193
2016-17,203115,Will Barton,1610612743,DEN,26.0,60,31,29,1705.0566666666666,295,666,87,235,143,190,58,201,259,206,97,48,28,45,110,138,820,-80
2016-17,1626161,Willie Cauley-Stein,1610612758,SAC,23.0,75,29,46,1420.79,255,481,0,2,101,151,85,254,339,80,69,53,44,34,147,109,611,-206
2016-17,203186,Willie Reed,1610612748,MIA,27.0,71,39,32,1030.7166666666667,162,285,1,4,49,88,129,203,332,26,31,18,47,23,137,89,374,36
2016-17,1626195,Willy Hernangomez,1610612752,NYK,23.0,72,27,45,1324.41,246,465,4,15,91,125,170,332,502,96,100,41,36,35,150,126,587,-54
2016-17,201163,Wilson Chandler,1610612743,DEN,30.0,71,35,36,2196.6833333333334,433,939,110,326,141,194,103,357,460,141,114,51,30,36,172,157,1117,-36
2016-17,1627812,Yogi Ferrell,1610612742,DAL,24.0,46,18,28,1197.0116666666668,160,394,68,176,74,89,20,91,111,172,70,42,9,22,90,104,462,-117
2016-17,203897,Zach LaVine,1610612750,MIN,22.0,47,16,31,1748.8033333333333,326,710,120,310,117,140,19,141,160,139,85,41,10,38,104,107,889,-117
2016-17,2216,Zach Randolph,1610612763,MEM,35.0,73,38,35,1786.235,433,964,21,94,141,193,182,416,598,122,99,38,10,69,136,197,1028,75
2016-17,2585,Zaza Pachulia,1610612744,GSW,33.0,70,58,12,1268.3333333333333,164,307,0,2,98,126,140,270,410,132,87,59,33,34,166,147,426,418
2017-18,201166,Aaron Brooks,1610612750,MIN,33.0,32,19,13,189.41333333333333,28,69,11,31,8,11,7,10,17,20,11,6,0,4,28,11,75,-75
2017-18,203932,Aaron Gordon,1610612753,ORL,22.0,58,19,39,1909.0783333333334,375,865,115,342,157,225,87,370,457,136,107,59,45,42,111,192,1022,-92
2017-18,1626151,Aaron Harrison,1610612742,DAL,23.0,9,2,7,233.25166666666667,19,69,9,43,13,17,4,20,24,11,3,9,2,0,27,13,60,-72
2017-18,1628935,Aaron Jackson,1610612745,HOU,32.0,1,0,1,34.5,3,9,1,4,1,2,2,1,3,1,1,0,0,1,4,3,8,-10
2017-18,1627846,Abdel Nader,1610612738,BOS,24.0,48,33,15,521.5266666666666,50,149,23,65,23,39,13,58,71,26,34,15,10,11,45,31,146,-109
2017-18,203940,Adreian Payne,1610612753,ORL,27.0,5,0,5,42.54833333333333,7,10,2,3,5,6,2,7,9,0,2,2,0,0,6,5,21,-13
2017-18,201143,Al Horford,1610612738,BOS,32.0,72,47,25,2277.025,368,753,97,226,94,120,103,428,531,339,132,43,78,26,138,134,927,345
2017-18,2744,Al Jefferson,1610612754,IND,33.0,36,17,19,483.56,111,208,0,3,30,36,30,113,143,30,21,16,23,19,66,33,252,-11
2017-18,202329,Al-Farouq Aminu,1610612757,POR,27.0,69,40,29,2072.1716666666666,230,582,125,339,59,80,97,428,525,84,79,79,40,16,136,86,644,220
2017-18,1626210,Alan Williams,1610612756,PHX,25.0,5,1,4,70.335,7,18,0,0,6,9,3,19,22,8,7,5,1,3,13,9,20,1
2017-18,202692,Alec Burks,1610612762,UTA,26.0,64,37,27,1058.66,170,414,47,142,107,124,19,173,192,67,60,37,8,24,75,98,494,-11
2017-18,1628409,Alec Peters,1610612756,PHX,23.0,20,2,18,224.855,28,74,18,58,8,10,8,29,37,12,4,2,2,0,13,10,82,35
2017-18,203518,Alex Abrines,1610612760,OKC,24.0,75,42,33,1134.1866666666667,115,291,84,221,39,46,26,88,114,28,25,38,8,9,124,53,353,42
2017-18,1627936,Alex Caruso,1610612747,LAL,24.0,37,16,21,561.91,50,116,13,43,21,30,15,50,65,75,42,23,10,8,52,38,134,-3
2017-18,203458,Alex Len,1610612756,PHX,25.0,69,20,49,1395.3466666666666,214,378,1,3,158,231,175,343,518,82,78,27,61,43,158,189,587,-257
2017-18,1627816,Alex Poythress,1610612754,IND,24.0,25,10,15,104.125,11,26,4,11,0,0,7,10,17,2,2,3,1,0,16,2,26,-21
2017-18,1628035,Alfonzo McKinnie,1610612761,TOR,25.0,14,13,1,53.43833333333333,8,15,3,9,2,3,1,6,7,1,3,1,1,0,8,3,21,-14
2017-18,203459,Allen Crabbe,1610612751,BKN,26.0,75,25,50,2197.2,337,827,201,532,115,135,28,296,324,117,78,47,35,26,168,101,990,-78
2017-18,101161,Amir Johnson,1610612755,PHI,31.0,74,47,27,1170.3016666666667,140,260,10,32,52,85,123,207,330,118,55,45,44,27,192,74,342,9
2017-18,203083,Andre Drummond,1610612765,DET,24.0,78,37,41,2624.8483333333334,466,881,0,11,239,395,399,848,1247,237,200,114,127,60,250,338,1171,-53
2017-18,2738,Andre Iguodala,1610612744,GSW,34.0,64,46,18,1622.4783333333332,148,320,33,117,55,87,50,196,246,210,67,54,38,12,99,98,384,276
2017-18,201281,Andre Ingram,1610612747,LAL,32.0,2,1,1,64.13333333333334,8,17,5,9,3,3,1,5,6,7,3,3,3,0,3,5,24,20
2017-18,203460,Andre Roberson,1610612760,OKC,26.0,39,24,15,1036.6783333333333,87,162,8,36,12,38,75,110,185,46,30,45,35,10,89,37,194,188
2017-18,101106,Andrew Bogut,1610612747,LAL,33.0,24,7,17,216.395,17,25,0,0,2,2,26,52,78,15,19,4,13,1,40,6,36,-29
2017-18,1626150,Andrew Harrison,1610612763,MEM,23.0,56,17,39,1326.2716666666668,181,429,47,142,124,159,23,108,131,177,81,38,26,29,138,167,533,-201
2017-18,1628510,Andrew White III,1610612737,ATL,25.0,15,1,14,209.10666666666665,25,73,18,49,1,4,4,30,34,6,8,3,1,2,12,6,69,-76
2017-18,203952,Andrew Wiggins,1610612750,MIN,23.0,82,47,35,2978.7033333333334,569,1300,112,338,202,314,82,276,358,160,138,91,51,62,163,240,1452,208
2017-18,1627790,Ante Zizic,1610612739,CLE,21.0,32,21,11,214.24,49,67,0,0,21,29,24,36,60,5,11,2,13,2,30,24,119,-39
2017-18,1626148,Anthony Brown,1610612750,MIN,25.0,1,0,1,3.7333333333333334,1,1,1,1,0,0,0,0,0,1,0,0,0,0,0,0,3,3
2017-18,203076,Anthony Davis,1610612740,NOP,25.0,75,45,30,2727.2366666666667,780,1462,55,162,495,598,187,644,831,174,162,115,193,45,159,558,2110,294
2017-18,201229,Anthony Tolliver,1610612765,DET,33.0,79,37,42,1757.055,219,472,159,365,106,133,50,191,241,90,58,32,21,13,144,118,703,24
2017-18,1628469,Antonio Blakeney,1610612741,CHI,21.0,19,3,16,313.9,53,143,15,52,30,39,4,29,33,20,11,7,1,9,19,25,151,-6
2017-18,1628499,Antonius Cleveland,1610612737,ATL,24.0,17,7,10,122.53,8,21,3,4,4,6,3,11,14,2,7,7,5,1,23,5,23,-45
2017-18,203382,Aron Baynes,1610612738,BOS,31.0,81,54,27,1484.4933333333333,210,446,3,21,59,78,130,304,434,93,80,22,51,33,200,109,482,185
2017-18,201167,Arron Afflalo,1610612753,ORL,32.0,53,16,37,681.575,65,162,27,70,22,26,4,62,66,30,21,4,9,8,56,25,179,-95
2017-18,203085,Austin Rivers,1610612746,LAC,25.0,61,30,31,2056.5916666666667,341,805,136,360,102,159,27,118,145,242,109,74,16,57,152,133,920,-64
2017-18,202340,Avery Bradley,1610612746,LAC,27.0,46,22,24,1433.07,259,625,75,203,63,82,22,94,116,94,101,51,8,53,92,88,656,-122
2017-18,1628389,Bam Adebayo,1610612748,MIA,20.0,69,34,35,1368.185,174,340,0,7,129,179,118,263,381,101,66,32,41,29,138,170,477,-31
2017-18,203463,Ben McLemore,1610612763,MEM,25.0,56,7,49,1090.62,157,373,55,159,53,64,34,105,139,51,61,38,15,17,139,66,422,-317
2017-18,1628500,Ben Moore,1610612754,IND,23.0,2,1,1,9.283333333333333,0,0,0,0,0,0,0,1,1,1,0,0,0,0,4,1,0,-15
2017-18,1627732,Ben Simmons,1610612755,PHI,21.0,81,51,30,2731.5533333333333,544,998,0,11,191,341,145,514,659,661,278,140,70,49,211,319,1279,388
2017-18,202687,Bismack Biyombo,1610612753,ORL,25.0,82,25,57,1494.89,183,352,0,1,102,157,144,324,468,66,84,21,95,40,158,155,468,-429
2017-18,201933,Blake Griffin,1610612765,DET,29.0,58,28,30,1969.8216666666667,436,996,111,322,259,330,73,355,428,334,165,40,18,46,139,321,1242,60
2017-18,1626246,Boban Marjanovic,1610612746,LAC,29.0,39,18,21,337.87,79,148,0,0,77,97,48,96,144,22,36,10,11,14,51,78,235,55
2017-18,201628,Bobby Brown,1610612745,HOU,33.0,20,17,3,114.93333333333334,19,58,11,40,1,2,0,7,7,11,9,4,0,2,6,1,50,-59
2017-18,1626171,Bobby Portis Jr.,1610612741,CHI,23.0,73,25,48,1642.52,382,811,80,223,120,156,159,339,498,123,103,50,23,56,130,148,964,-83
2017-18,203992,Bogdan Bogdanović,1610612758,SAC,25.0,78,26,52,2175.155,344,772,129,329,100,119,31,192,223,258,125,72,16,33,172,121,917,-362
2017-18,202711,Bojan Bogdanovic,1610612754,IND,29.0,80,47,33,2464.4616666666666,404,852,155,386,178,205,30,240,270,119,106,55,8,61,129,168,1141,89
2017-18,203078,Bradley Beal,1610612764,WAS,25.0,82,43,39,2976.701666666667,683,1484,199,530,292,369,61,302,363,373,214,96,36,62,160,298,1857,178
2017-18,201148,Brandan Wright,1610612745,HOU,30.0,28,11,17,380.875,59,102,0,0,21,33,33,62,95,13,8,13,26,7,32,26,139,42
2017-18,1627742,Brandon Ingram,1610612747,LAL,20.0,59,27,32,1974.5616666666667,358,761,41,105,192,282,57,257,314,230,149,45,43,59,163,237,949,-127
2017-18,201943,Brandon Jennings,1610612749,MIL,28.0,14,8,6,205.14333333333335,27,72,9,33,10,10,5,26,31,44,18,6,4,2,11,12,73,-63
2017-18,203464,Brandon Paul,1610612759,SAS,27.0,64,38,26,575.84,55,127,15,54,22,43,6,62,68,37,29,25,7,5,58,59,147,-9
2017-18,1627362,Briante Weber,1610612763,MEM,25.0,18,8,10,236.50333333333333,19,43,4,11,8,10,8,27,35,22,15,18,5,3,28,14,50,-106
2017-18,1627744,Brice Johnson,1610612763,MEM,24.0,18,2,16,97.96666666666667,20,42,0,1,3,5,9,22,31,2,5,9,6,3,13,3,43,-8
2017-18,201572,Brook Lopez,1610612747,LAL,30.0,74,34,40,1734.9466666666667,369,793,112,325,111,158,74,220,294,126,98,30,98,23,195,161,961,-78
2017-18,203998,Bruno Caboclo,1610612758,SAC,22.0,12,4,8,106.29833333333333,9,31,3,17,5,6,7,15,22,4,4,3,4,1,8,5,26,11
2017-18,1627854,Bryn Forbes,1610612759,SAS,24.0,80,46,34,1516.8916666666667,209,497,89,228,48,72,12,98,110,80,37,28,2,19,108,64,555,122
2017-18,1627741,Buddy Hield,1610612758,SAC,25.0,80,27,53,2024.2316666666666,416,933,176,408,71,81,55,252,307,155,124,85,22,54,148,75,1079,-154
2017-18,203710,C.J. Williams,1610612746,LAC,28.0,38,17,21,706.5016666666667,87,197,22,78,13,16,12,44,56,43,20,31,13,10,63,15,209,-33
2017-18,203468,CJ McCollum,1610612757,POR,26.0,81,48,33,2923.67,667,1505,189,476,209,250,53,268,321,272,151,77,35,100,168,209,1732,118
2017-18,101139,CJ Miles,1610612761,TOR,31.0,70,50,20,1336.5,227,599,164,454,81,97,18,134,152,55,39,37,21,19,134,76,699,270
2017-18,1628403,Caleb Swanigan,1610612757,POR,21.0,27,16,11,189.34666666666666,24,60,1,8,12,18,15,39,54,14,18,5,3,4,37,15,61,-11
2017-18,1626166,Cameron Payne,1610612741,CHI,23.0,25,7,18,581.5233333333333,87,215,35,91,12,16,18,51,69,113,36,26,9,21,44,26,221,-89
2017-18,1627747,Caris LeVert,1610612751,BKN,23.0,71,25,46,1863.6833333333334,320,735,85,245,133,187,53,207,260,299,153,82,22,49,159,183,858,-263
2017-18,2546,Carmelo Anthony,1610612760,OKC,34.0,78,46,32,2501.14,472,1168,169,474,148,193,67,386,453,103,99,47,49,54,197,155,1261,271
2017-18,1626224,Cedi Osman,1610612739,CLE,23.0,61,35,26,672.4933333333333,90,186,32,87,26,46,19,101,120,41,32,22,3,4,78,40,238,35
2017-18,202718,Chandler Parsons,1610612763,MEM,29.0,36,12,24,691.3833333333333,108,234,51,121,17,27,14,76,90,69,35,18,11,10,53,31,284,-85
2017-18,101112,Channing Frye,1610612747,LAL,35.0,53,28,25,694.8583333333333,104,212,39,115,17,19,12,123,135,38,21,18,13,4,69,38,264,114
2017-18,1628429,Charles Cooke,1610612740,NOP,23.0,13,8,5,38.105,2,14,1,8,1,2,0,2,2,1,1,1,0,1,0,2,6,-9
2017-18,1627767,Cheick Diallo,1610612740,NOP,21.0,52,29,23,580.95,102,176,0,0,50,66,47,164,211,19,28,11,21,15,82,49,254,-106
2017-18,1627778,Chinanu Onuaku,1610612745,HOU,21.0,1,0,1,21.566666666666666,2,5,0,0,0,0,1,3,4,1,3,0,0,0,4,2,4,-8
2017-18,1628449,Chris Boucher,1610612744,GSW,25.0,1,1,0,1.3166666666666667,0,1,0,1,0,0,0,1,1,0,0,0,0,0,0,0,0,-2
2017-18,1626191,Chris McCullough,1610612764,WAS,23.0,19,11,8,89.76666666666667,18,42,1,8,9,14,7,18,25,4,2,0,5,1,8,8,46,-16
2017-18,101108,Chris Paul,1610612745,HOU,33.0,58,50,8,1846.5566666666666,367,798,144,379,203,221,37,276,313,457,128,96,14,16,141,210,1081,499
2017-18,203991,Clint Capela,1610612745,HOU,24.0,74,62,12,2034.1083333333333,441,676,0,1,144,257,241,561,802,68,103,58,137,65,185,217,1026,379
2017-18,203469,Cody Zeller,1610612766,CHA,25.0,33,14,19,627.1833333333333,85,156,2,3,61,85,67,110,177,31,33,14,21,21,81,76,233,23
2017-18,202332,Cole Aldrich,1610612750,MIN,29.0,21,14,7,48.69833333333333,5,15,0,0,2,6,3,12,15,3,1,2,1,1,11,3,12,-2
2017-18,201147,Corey Brewer,1610612760,OKC,32.0,72,32,40,1208.5183333333334,142,316,31,110,65,90,43,111,154,65,49,79,14,25,139,90,380,-56
2017-18,202709,Cory Joseph,1610612754,IND,26.0,82,48,34,2209.9183333333335,256,604,67,190,70,94,39,224,263,260,87,80,18,28,141,130,649,-50
2017-18,201584,Courtney Lee,1610612752,NYK,32.0,76,27,49,2309.9783333333335,343,755,113,278,114,124,30,194,224,180,84,80,17,29,109,74,913,-255
2017-18,1626245,Cristiano Felicio,1610612741,CHI,25.0,55,13,42,977.45,127,215,0,2,54,81,83,150,233,55,54,16,11,19,104,66,308,-335
2017-18,1626156,D'Angelo Russell,1610612751,BKN,22.0,48,16,32,1233.715,278,672,90,278,97,131,30,159,189,249,147,36,17,23,93,137,743,-182
2017-18,201571,D.J. Augustin,1610612753,ORL,30.0,75,23,52,1760.0483333333334,244,540,114,272,164,189,30,130,160,287,123,54,0,43,94,184,766,-128
2017-18,1628391,D.J. Wilson,1610612749,MIL,22.0,22,12,10,71.09833333333333,9,16,2,5,1,2,2,8,10,3,4,3,1,0,7,1,21,-41
2017-18,1626177,Dakari Johnson,1610612760,OKC,22.0,31,21,10,161.37,22,39,0,0,11,20,16,18,34,8,3,6,8,4,27,16,55,33
2017-18,1627745,Damian Jones,1610612744,GSW,23.0,15,7,8,88.71166666666667,11,22,0,0,3,5,5,9,14,2,4,1,3,3,14,10,25,0
2017-18,203081,Damian Lillard,1610612757,POR,27.0,73,44,29,2669.89,621,1415,227,629,493,538,62,263,325,481,206,77,27,89,117,396,1962,345
2017-18,2863,Damien Wilkins,1610612754,IND,38.0,19,10,9,152.405,13,39,4,18,3,4,5,11,16,9,5,2,1,0,7,3,33,27
2017-18,1627814,Damion Lee,1610612737,ATL,25.0,15,4,11,404.4116666666667,62,152,15,60,22,29,11,60,71,29,14,19,1,13,25,29,161,-24
2017-18,1628422,Damyean Dotson,1610612752,NYK,24.0,44,11,33,474.06166666666667,72,161,22,68,16,23,9,75,84,31,17,12,2,4,34,22,182,-38
2017-18,1627772,Daniel Hamilton,1610612760,OKC,22.0,6,5,1,27.72833333333333,5,11,2,5,0,0,0,5,5,8,2,1,0,1,2,1,12,-12
2017-18,1628464,Daniel Theis,1610612738,BOS,26.0,63,44,19,935.63,126,233,18,58,61,81,90,184,274,56,56,30,48,15,157,87,331,1
2017-18,201568,Danilo Gallinari,1610612746,LAC,29.0,21,11,10,671.055,102,256,36,111,81,87,9,92,101,41,26,13,10,14,30,80,321,11
2017-18,201980,Danny Green,1610612759,SAS,31.0,70,40,30,1791.0866666666666,217,561,116,320,50,65,41,208,249,110,74,63,80,16,122,67,600,89
2017-18,201967,Dante Cunningham,1610612751,BKN,31.0,73,34,39,1561.885,164,364,58,168,31,52,78,220,298,48,33,39,30,24,111,52,417,-80
2017-18,203957,Dante Exum,1610612762,UTA,22.0,14,10,4,234.51833333333335,42,87,5,18,25,31,4,22,26,43,20,8,3,4,20,26,114,32
2017-18,1627863,Danuel House Jr.,1610612756,PHX,25.0,23,6,17,402.625,56,129,15,58,25,31,13,63,76,25,11,7,6,12,23,25,152,19
2017-18,203967,Dario Saric,1610612755,PHI,24.0,78,49,29,2310.07,403,890,157,399,178,207,154,366,520,202,148,51,20,55,160,175,1141,286
2017-18,203121,Darius Miller,1610612740,NOP,28.0,82,48,34,1944.44,216,487,147,358,58,67,18,146,164,111,58,28,17,7,160,45,637,-22
2017-18,201589,Darrell Arthur,1610612743,DEN,30.0,19,12,7,140.77166666666668,22,47,8,23,2,3,3,12,15,9,15,8,3,2,22,3,54,-33
2017-18,201954,Darren Collison,1610612754,IND,30.0,69,39,30,2018.36,316,638,96,205,127,144,37,141,178,368,86,92,15,32,122,120,855,128
2017-18,1626199,Darrun Hilliard,1610612759,SAS,25.0,14,8,6,95.195,5,19,0,6,6,7,0,7,7,11,4,2,0,2,7,5,16,12
2017-18,1628021,David Nwaba,1610612741,CHI,25.0,70,26,44,1645.9533333333334,202,423,18,52,133,203,89,237,326,104,77,59,29,48,158,150,555,-240
2017-18,204065,David Stockton,1610612762,UTA,27.0,3,3,0,9.333333333333334,2,3,2,3,4,4,0,0,0,0,1,0,0,0,3,2,10,-11
2017-18,2561,David West,1610612744,GSW,37.0,73,52,21,998.6966666666667,216,378,3,8,60,79,64,174,238,138,80,47,75,11,120,82,495,35
2017-18,202722,Davis Bertans,1610612759,SAS,25.0,77,43,34,1086.2083333333333,161,366,94,252,40,49,18,135,153,74,36,26,28,6,93,53,456,89
2017-18,1628432,Davon Reed,1610612756,PHX,23.0,21,2,19,242.15833333333333,22,76,11,38,8,12,2,37,39,13,10,10,2,7,17,10,63,-75
2017-18,1628368,De'Aaron Fox,1610612758,SAC,20.0,73,24,49,2025.53,328,797,47,153,141,195,33,171,204,320,173,70,20,64,163,196,844,-414
2017-18,201599,DeAndre Jordan,1610612746,LAC,29.0,77,39,38,2423.4366666666665,373,578,0,0,181,312,329,842,1171,117,137,39,70,33,203,291,927,-129
2017-18,202732,DeAndre Liggins,1610612740,NOP,30.0,58,34,24,723.5583333333333,40,106,19,53,2,5,7,68,75,48,20,37,14,6,81,30,101,-211
2017-18,1627761,DeAndre' Bembry,1610612737,ATL,23.0,26,8,18,455.21666666666664,53,128,11,30,19,33,8,64,72,49,47,21,12,11,38,33,136,-75
2017-18,201942,DeMar DeRozan,1610612761,TOR,28.0,80,57,23,2711.721666666667,645,1413,89,287,461,559,59,256,315,417,175,85,22,78,151,394,1840,442
2017-18,202326,DeMarcus Cousins,1610612740,NOP,27.0,48,27,21,1737.07,406,864,104,294,294,394,105,512,617,257,242,79,76,61,183,376,1210,78
2017-18,201960,DeMarre Carroll,1610612751,BKN,31.0,73,25,48,2179.7166666666667,325,785,145,391,188,246,105,374,479,147,103,59,30,56,165,180,983,-64
2017-18,1627749,Dejounte Murray,1610612759,SAS,21.0,81,47,34,1742.925,270,609,9,34,105,148,110,349,459,231,134,97,31,46,151,145,654,151
2017-18,1626153,Delon Wright,1610612761,TOR,26.0,69,49,20,1432.7233333333334,201,432,56,153,97,117,45,153,198,200,78,72,33,26,81,126,555,236
2017-18,1627743,Demetrius Jackson,1610612755,PHI,23.0,15,12,3,79.95,7,18,1,7,1,2,5,7,12,9,10,5,1,3,7,2,16,-38
2017-18,203471,Dennis Schröder,1610612737,ATL,24.0,67,21,46,2077.9216666666666,500,1146,76,262,225,265,44,164,208,417,183,72,6,113,147,270,1301,-277
2017-18,1628372,Dennis Smith Jr.,1610612742,DAL,20.0,69,22,47,2049.105,404,1024,106,339,134,193,50,210,260,358,194,71,18,101,152,178,1048,-325
2017-18,1627756,Denzel Valentine,1610612741,CHI,24.0,77,26,51,2095.141666666667,301,721,143,370,38,51,48,345,393,244,99,65,11,28,185,45,783,-269
2017-18,202324,Derrick Favors,1610612762,UTA,26.0,77,46,31,2153.4016666666666,395,702,14,63,140,215,198,354,552,102,88,54,82,41,164,176,944,143
2017-18,1627884,Derrick Jones Jr.,1610612748,MIA,21.0,20,9,11,245.17166666666665,21,53,3,18,16,24,21,17,38,9,7,4,13,4,24,19,61,-36
2017-18,201565,Derrick Rose,1610612750,MIN,29.0,25,15,10,419.24,81,186,7,30,40,46,13,22,35,37,35,7,4,16,16,31,209,-53
2017-18,1628476,Derrick Walton Jr.,1610612748,MIA,23.0,16,8,8,147.21333333333334,8,25,7,17,6,6,2,14,16,16,2,7,3,1,7,6,29,-30
2017-18,1628401,Derrick White,1610612759,SAS,23.0,17,7,10,138.72833333333332,16,33,8,13,14,20,5,21,26,9,6,4,3,2,8,14,54,31
2017-18,202682,Derrick Williams,1610612747,LAL,27.0,2,1,1,8.525,1,4,0,2,0,0,0,1,1,0,0,0,0,2,0,0,2,-5
2017-18,1626164,Devin Booker,1610612756,PHX,21.0,54,16,38,1865.2966666666666,455,1054,147,384,289,329,26,218,244,253,194,47,14,60,168,290,1346,-358
2017-18,2734,Devin Harris,1610612743,DEN,35.0,71,33,38,1339.5216666666668,187,454,79,227,142,170,12,115,127,152,76,47,12,22,158,173,595,104
2017-18,1628421,Devin Robinson,1610612764,WAS,23.0,1,0,1,13.213333333333333,1,3,0,0,0,0,2,3,5,0,0,1,0,1,2,2,2,10
2017-18,203473,Dewayne Dedmon,1610612737,ATL,28.0,62,18,44,1542.2733333333333,250,477,50,141,67,86,100,389,489,90,85,40,51,12,162,97,617,-158
2017-18,1627738,Deyonta Davis,1610612763,MEM,21.0,62,16,46,942.6733333333333,161,265,0,0,38,57,75,175,250,40,32,15,39,6,125,48,360,-160
2017-18,1628415,Dillon Brooks,1610612763,MEM,22.0,82,22,60,2349.8316666666665,340,772,94,264,124,166,49,208,257,135,124,73,17,48,233,177,898,-244
2017-18,203079,Dion Waiters,1610612748,MIA,26.0,30,16,14,917.53,163,410,52,170,51,69,8,69,77,113,70,23,9,19,61,74,429,-85
2017-18,1717,Dirk Nowitzki,1610612742,DAL,40.0,77,24,53,1900.3383333333334,346,758,138,337,97,108,22,416,438,120,51,43,45,5,146,119,927,-55
2017-18,1627734,Domantas Sabonis,1610612754,IND,22.0,74,45,29,1810.12,340,661,13,37,168,224,165,407,572,151,137,40,32,48,220,216,861,34
2017-18,1628378,Donovan Mitchell,1610612762,UTA,21.0,79,46,33,2638.11,595,1362,187,550,239,297,52,244,296,291,215,118,27,81,213,264,1616,359
2017-18,1627827,Dorian Finney-Smith,1610612742,DAL,25.0,21,4,17,448.34,46,121,20,67,11,15,22,53,75,26,21,10,4,8,43,13,123,-24
2017-18,203926,Doug McDermott,1610612742,DAL,26.0,81,30,51,1768.0016666666668,237,508,92,216,64,81,40,160,200,79,56,19,16,27,122,72,630,-36
2017-18,1627733,Dragan Bender,1610612756,PHX,20.0,82,21,61,2069.38,187,484,118,322,39,51,40,321,361,130,112,22,53,24,166,59,531,-471
2017-18,203110,Draymond Green,1610612744,GSW,28.0,70,48,22,2286.8533333333335,281,619,77,256,134,173,75,460,535,508,202,95,91,33,185,178,773,309
2017-18,1628407,Dwayne Bacon,1610612766,CHA,22.0,53,25,28,712.9983333333333,72,192,11,43,20,25,4,120,124,38,23,16,2,4,46,25,175,11
2017-18,202779,Dwight Buycks,1610612765,DET,29.0,29,10,19,427.2366666666667,82,198,15,45,36,41,12,29,41,59,39,19,2,25,39,43,215,4
2017-18,2730,Dwight Howard,1610612766,CHA,32.0,81,35,46,2463.3433333333332,506,911,1,7,334,582,255,757,1012,105,208,48,131,79,249,439,1347,89
2017-18,203939,Dwight Powell,1610612742,DAL,26.0,79,23,56,1671.745,255,430,28,84,133,185,135,309,444,91,59,67,32,25,186,217,671,6
2017-18,2548,Dwyane Wade,1610612748,MIA,36.0,67,37,30,1536.1133333333332,299,682,32,111,135,189,50,202,252,228,140,61,47,33,124,141,765,25
2017-18,202734,E'Twaun Moore,1610612740,NOP,29.0,82,48,34,2585.858333333333,423,832,128,301,48,68,57,181,238,187,102,79,12,35,182,75,1022,148
2017-18,202334,Ed Davis,1610612757,POR,29.0,78,48,30,1470.885,170,292,0,1,74,111,183,392,575,40,66,32,52,30,188,118,414,90
2017-18,1628410,Edmond Sumner,1610612754,IND,22.0,1,0,1,2.1666666666666665,1,1,0,0,0,0,0,1,1,0,0,0,0,0,1,1,2,-6
2017-18,202327,Ekpe Udoh,1610612762,UTA,31.0,63,36,27,809.6716666666666,60,120,0,1,42,56,68,82,150,53,20,43,74,11,105,60,162,63
2017-18,203901,Elfrid Payton,1610612756,PHX,24.0,63,13,50,1808.51,329,667,30,92,109,168,64,210,274,393,168,83,22,56,147,158,797,-459
2017-18,2731,Emeka Okafor,1610612740,NOP,35.0,26,16,10,353.235,48,95,0,0,18,22,47,73,120,8,13,8,25,11,30,21,114,0
2017-18,1626144,Emmanuel Mudiay,1610612752,NYK,22.0,64,29,35,1244.2233333333334,204,526,47,148,98,129,26,126,152,206,113,41,11,46,80,111,553,-267
2017-18,202683,Enes Freedom,1610612752,NYK,26.0,71,27,44,1829.7,422,713,0,2,156,184,273,507,780,105,122,36,37,68,187,177,1000,-185
2017-18,202339,Eric Bledsoe,1610612749,MIL,28.0,74,40,34,2321.6133333333332,468,989,125,360,252,317,51,233,284,370,216,149,42,44,185,300,1313,121
2017-18,201569,Eric Gordon,1610612745,HOU,29.0,69,55,14,2153.983333333333,415,970,218,608,195,241,25,145,170,154,130,44,27,51,116,188,1243,587
2017-18,203961,Eric Moreland,1610612765,DET,26.0,67,32,35,805.115,66,122,0,0,11,29,81,197,278,78,41,31,51,10,116,60,143,4
2017-18,1628571,Erik McCree,1610612762,UTA,24.0,4,4,0,7.5216666666666665,0,2,0,1,0,0,0,1,1,0,1,1,0,1,0,0,0,-9
2017-18,101141,Ersan Ilyasova,1610612755,PHI,31.0,69,36,33,1729.6483333333333,277,613,91,253,105,135,118,287,405,90,72,61,26,24,157,163,750,23
2017-18,203095,Evan Fournier,1610612753,ORL,25.0,57,20,37,1837.215,368,802,127,335,150,173,23,157,180,165,95,47,16,46,138,136,1013,-117
2017-18,202323,Evan Turner,1610612757,POR,29.0,79,48,31,2033.8283333333334,258,577,42,132,91,107,30,214,244,173,99,47,29,15,163,116,649,-51
2017-18,1626163,Frank Kaminsky,1610612766,CHA,25.0,79,35,44,1835.1883333333333,307,716,104,274,155,194,46,242,288,129,66,36,19,39,95,145,873,-57
2017-18,1628412,Frank Mason III,1610612758,SAC,24.0,52,17,35,983.9933333333333,144,380,31,86,94,115,30,100,130,147,65,34,10,24,72,100,413,-34
2017-18,1628373,Frank Ntilikina,1610612752,NYK,19.0,78,28,50,1705.6483333333333,182,500,50,157,49,68,37,140,177,250,131,65,18,21,181,72,463,-100
2017-18,1627832,Fred VanVleet,1610612761,TOR,24.0,76,55,21,1520.0883333333334,232,545,108,261,84,101,25,159,184,243,74,68,19,46,130,117,656,352
2017-18,1627788,Furkan Korkmaz,1610612755,PHI,20.0,14,11,3,79.73333333333333,8,28,5,17,2,4,2,9,11,4,2,2,1,1,12,4,23,-44
2017-18,202066,Garrett Temple,1610612758,SAC,32.0,65,23,42,1615.0766666666666,199,476,89,227,60,78,22,130,152,124,79,57,27,15,135,87,547,-263
2017-18,203914,Gary Harris,1610612743,DEN,23.0,67,37,30,2304.55,440,908,156,394,134,162,37,139,176,194,119,122,15,41,119,145,1170,175
2017-18,1627780,Gary Payton II,1610612747,LAL,25.0,23,10,13,220.86,30,74,6,25,3,9,13,31,44,21,7,7,3,4,30,5,69,12
2017-18,201588,George Hill,1610612739,CLE,32.0,67,28,39,1812.1266666666668,236,513,85,205,110,140,42,139,181,186,88,61,27,18,128,154,667,-123
2017-18,1627777,Georges Niang,1610612762,UTA,25.0,9,9,0,31.68,4,11,0,4,1,2,3,6,9,3,3,2,0,1,1,2,9,-13
2017-18,1627834,Georgios Papagiannis,1610612757,POR,20.0,17,3,14,121.61166666666666,18,42,0,0,0,0,13,24,37,9,8,4,6,2,12,3,36,-5
2017-18,101123,Gerald Green,1610612745,HOU,32.0,41,33,8,929.155,168,413,110,298,51,60,15,118,133,25,31,24,15,7,87,47,497,93
2017-18,1628492,Gian Clavell,1610612742,DAL,24.0,7,0,7,63.63333333333333,6,18,6,15,2,2,1,6,7,3,2,2,0,0,8,6,20,19
2017-18,203507,Giannis Antetokounmpo,1610612749,MIL,23.0,75,39,36,2756.2033333333334,742,1402,43,140,487,641,156,597,753,361,223,109,106,85,231,511,2014,148
2017-18,203922,Glenn Robinson III,1610612754,IND,24.0,23,14,9,337.77666666666664,36,85,14,34,9,11,11,26,37,17,5,13,1,5,14,15,95,-1
2017-18,201609,Goran Dragic,1610612748,MIA,32.0,75,39,36,2377.545,484,1075,111,300,217,271,54,252,306,359,166,63,12,52,180,254,1296,21
2017-18,202330,Gordon Hayward,1610612738,BOS,28.0,1,0,1,5.25,1,2,0,1,0,0,0,1,1,0,0,0,0,0,1,0,2,3
2017-18,203476,Gorgui Dieng,1610612750,MIN,28.0,79,45,34,1332.615,186,388,19,61,79,102,106,254,360,71,59,45,39,29,147,94,470,-202
2017-18,202328,Greg Monroe,1610612738,BOS,28.0,51,21,30,1040.8483333333334,218,386,0,0,88,119,109,241,350,114,94,44,23,27,95,105,524,-213
2017-18,1627824,Guerschon Yabusele,1610612738,BOS,22.0,33,24,9,235.05666666666667,26,61,12,37,15,22,17,35,52,16,12,4,5,1,23,14,79,-7
2017-18,203084,Harrison Barnes,1610612742,DAL,26.0,77,24,53,2634.47,537,1208,119,333,259,313,77,391,468,152,118,49,14,51,94,242,1452,-327
2017-18,202355,Hassan Whiteside,1610612748,MIA,29.0,54,30,24,1364.07,312,578,2,2,128,182,174,444,618,54,92,37,94,52,131,169,754,-79
2017-18,1627740,Henry Ellenson,1610612765,DET,21.0,38,21,17,328.92333333333335,53,146,20,60,25,29,10,71,81,20,18,5,0,2,22,21,151,-5
2017-18,203546,Ian Clark,1610612740,NOP,27.0,74,43,31,1454.34,222,495,62,195,45,59,10,117,127,110,57,33,10,28,120,55,551,26
2017-18,101133,Ian Mahinmi,1610612764,WAS,31.0,77,42,35,1145.3266666666666,138,248,0,2,90,128,135,177,312,53,100,38,42,26,230,116,366,14
2017-18,1628387,Ike Anigbogu,1610612754,IND,19.0,11,5,6,29.79,4,9,0,0,5,6,5,4,9,0,2,1,3,2,1,3,13,-14
2017-18,202697,Iman Shumpert,1610612758,SAC,28.0,14,9,5,276.195,22,58,7,26,11,15,7,34,41,17,16,9,4,3,22,14,62,28
2017-18,203477,Isaiah Canaan,1610612756,PHX,27.0,20,9,11,421.6933333333333,52,137,22,66,46,51,6,39,45,76,29,16,1,12,36,41,172,20
2017-18,1628439,Isaiah Hicks,1610612752,NYK,23.0,18,4,14,239.47,33,72,2,9,12,18,10,31,41,16,16,2,4,9,45,15,80,-45
2017-18,1627819,Isaiah Taylor,1610612737,ATL,23.0,67,18,49,1167.0116666666668,163,390,20,80,99,141,22,72,94,206,84,34,10,33,116,121,445,-36
2017-18,202738,Isaiah Thomas,1610612747,LAL,29.0,32,15,17,861.68,157,421,55,188,117,131,17,50,67,153,95,15,3,43,58,117,486,-119
2017-18,1627785,Isaiah Whitehead,1610612751,BKN,23.0,16,2,14,179.65833333333333,40,86,7,18,13,19,4,22,26,20,24,8,2,8,23,13,100,-8
2017-18,202397,Ish Smith,1610612765,DET,29.0,82,39,43,2042.635,389,801,35,101,81,116,27,197,224,360,108,64,20,46,140,133,894,44
2017-18,1628397,Ivan Rabb,1610612763,MEM,21.0,36,6,30,515.61,86,152,0,0,29,36,53,105,158,32,35,12,13,12,55,39,201,-96
2017-18,1627826,Ivica Zubac,1610612747,LAL,21.0,43,19,24,409.82166666666666,61,122,0,1,39,51,45,78,123,25,26,8,15,12,47,46,161,42
2017-18,200826,J.J. Barea,1610612742,DAL,34.0,69,23,46,1603.2616666666668,303,690,115,313,80,102,15,186,201,434,143,35,3,24,83,139,801,18
2017-18,200755,JJ Redick,1610612755,PHI,34.0,70,45,25,2115.8533333333335,404,879,193,460,197,218,9,169,178,210,103,35,6,30,123,168,1198,311
2017-18,2747,JR Smith,1610612739,CLE,32.0,80,49,31,2244.145,240,595,143,381,39,56,29,206,235,141,81,68,11,7,161,74,662,-116
2017-18,203960,JaKarr Sampson,1610612758,SAC,25.0,22,6,16,344.21666666666664,44,81,5,10,10,16,21,57,78,9,8,8,22,7,48,19,103,1
2017-18,203210,JaMychal Green,1610612763,MEM,28.0,55,11,44,1541.8133333333333,223,488,43,127,80,111,147,317,464,79,76,32,25,41,153,93,569,-250
2017-18,201580,JaVale McGee,1610612744,GSW,30.0,65,45,20,615.3866666666667,136,219,0,6,38,52,59,110,169,33,27,21,57,8,91,44,310,39
2017-18,1628444,Jabari Bird,1610612738,BOS,23.0,13,8,5,114.53,15,26,3,7,6,13,6,13,19,8,8,3,1,2,7,7,39,18
2017-18,203953,Jabari Parker,1610612749,MIL,23.0,31,16,15,742.7483333333333,160,332,31,81,40,54,42,109,151,59,45,25,10,17,50,36,391,-65
2017-18,204022,Jack Cooley,1610612758,SAC,27.0,7,4,3,87.27333333333333,13,27,0,0,14,19,14,16,30,6,3,1,0,4,13,19,40,-4
2017-18,1626643,Jacob Pullen,1610612755,PHI,28.0,3,2,1,6.083333333333333,1,2,0,1,0,0,0,0,0,0,1,0,0,0,0,0,2,0
2017-18,1628451,Jacob Wiley,1610612751,BKN,23.0,5,1,4,33.25666666666667,1,4,1,2,1,2,2,9,11,2,0,1,0,0,4,1,4,13
2017-18,203109,Jae Crowder,1610612762,UTA,27.0,80,52,28,2089.545,271,671,110,341,121,148,59,216,275,99,74,64,21,34,187,119,773,27
2017-18,1626143,Jahlil Okafor,1610612751,BKN,22.0,28,7,21,352.83166666666665,77,138,1,4,21,29,21,64,85,12,21,3,18,14,51,36,176,-163
2017-18,1627774,Jake Layman,1610612757,POR,24.0,35,22,13,160.32666666666665,14,47,4,20,2,3,4,12,16,11,5,6,4,1,13,2,34,-21
2017-18,1627751,Jakob Poeltl,1610612761,TOR,22.0,82,59,23,1523.545,253,384,1,2,60,101,165,228,393,57,85,39,100,35,212,115,567,249
2017-18,1627883,Jalen Jones,1610612742,DAL,25.0,16,3,13,181.37166666666667,26,68,10,26,12,19,13,25,38,4,7,5,1,9,22,18,74,-32
2017-18,2037,Jamal Crawford,1610612750,MIN,38.0,80,45,35,1653.2583333333334,308,742,104,314,102,113,21,78,99,185,95,40,9,17,85,117,822,-152
2017-18,1627750,Jamal Murray,1610612743,DEN,21.0,81,46,35,2564.7183333333332,479,1062,165,436,229,253,82,215,297,274,172,79,28,55,173,202,1352,226
2017-18,1627866,Jameel Warney,1610612742,DAL,24.0,3,1,2,26.85,7,12,0,0,3,5,4,5,9,0,1,0,0,2,2,5,17,-5
2017-18,2749,Jameer Nelson,1610612765,DET,36.0,50,25,25,1013.165,95,244,41,124,16,20,13,91,104,179,67,27,4,9,81,48,247,-107
2017-18,1628503,Jamel Artis,1610612753,ORL,25.0,15,4,11,279.0083333333333,31,79,8,29,7,12,4,34,38,18,8,2,3,3,11,11,77,-6
2017-18,203516,James Ennis III,1610612765,DET,27.0,72,25,47,1604.03,182,384,51,153,97,116,73,151,224,71,56,47,18,24,134,92,512,-182
2017-18,201935,James Harden,1610612745,HOU,28.0,72,59,13,2550.785,651,1449,265,722,624,727,41,348,389,630,315,126,50,98,169,505,2191,522
2017-18,201949,James Johnson,1610612748,MIA,31.0,73,37,36,1943.2866666666666,309,614,57,185,113,162,61,297,358,280,141,70,51,27,192,125,788,0
2017-18,203949,James Michael McAdoo,1610612755,PHI,25.0,3,1,2,17.95,2,7,2,7,2,2,0,2,2,0,1,0,1,0,1,1,8,1
2017-18,1627821,James Webb III,1610612751,BKN,24.0,10,1,9,119.93166666666667,6,24,4,19,0,0,8,16,24,4,4,1,0,0,10,1,16,-26
2017-18,203923,James Young,1610612755,PHI,22.0,6,4,2,61.108333333333334,5,14,3,10,4,6,0,2,2,2,1,0,0,0,4,3,17,-26
2017-18,203966,Jamil Wilson,1610612746,LAC,27.0,15,6,9,273.75666666666666,38,81,27,63,2,4,3,29,32,10,8,5,8,2,34,8,105,-1
2017-18,201162,Jared Dudley,1610612756,PHX,32.0,48,7,41,686.485,48,122,29,80,27,35,8,86,94,78,28,24,11,5,85,41,152,2
2017-18,204067,Jarell Eddie,1610612741,CHI,26.0,3,1,2,8.616666666666667,0,2,0,2,0,0,0,1,1,0,0,1,0,0,0,0,0,1
2017-18,1626185,Jarell Martin,1610612763,MEM,24.0,73,21,52,1660.6266666666668,221,496,34,98,89,116,97,221,318,73,86,39,49,39,211,96,565,-264
2017-18,1628386,Jarrett Allen,1610612751,BKN,20.0,72,25,47,1441.115,234,397,5,15,114,147,144,244,388,49,82,28,88,39,147,110,587,-142
2017-18,101127,Jarrett Jack,1610612752,NYK,34.0,62,26,36,1547.5683333333334,189,443,25,86,63,75,22,169,191,348,115,35,4,20,98,102,466,-16
2017-18,201160,Jason Smith,1610612764,WAS,32.0,33,15,18,284.74666666666667,45,115,4,32,19,21,18,35,53,14,16,3,13,8,44,26,113,-83
2017-18,1891,Jason Terry,1610612749,MIL,40.0,51,27,24,813.6466666666666,59,154,40,115,8,9,5,43,48,59,25,42,13,5,52,11,166,19
2017-18,1628393,Jawun Evans,1610612746,LAC,21.0,48,24,24,777.8583333333333,89,253,15,54,38,49,9,75,84,100,44,36,6,25,97,66,231,9
2017-18,1627759,Jaylen Brown,1610612738,BOS,21.0,70,47,23,2151.745,373,803,121,306,150,233,66,280,346,114,124,70,26,53,181,203,1017,341
2017-18,1628537,Jaylen Morris,1610612737,ATL,22.0,6,2,4,98.49,13,32,2,10,0,0,2,14,16,7,6,2,1,5,2,2,28,-42
2017-18,1628369,Jayson Tatum,1610612738,BOS,20.0,80,53,27,2442.911666666667,397,835,105,242,213,258,50,352,402,128,114,83,58,59,170,199,1112,343
2017-18,201145,Jeff Green,1610612739,CLE,31.0,78,47,31,1827.8,295,618,53,170,203,234,60,186,246,99,75,41,34,39,149,188,846,104
2017-18,201952,Jeff Teague,1610612750,MIN,30.0,70,41,29,2311.2616666666668,354,794,84,228,202,239,24,185,209,492,177,102,23,47,171,228,994,138
2017-18,203481,Jeff Withey,1610612742,DAL,28.0,10,2,8,39.3,6,16,2,10,1,2,1,9,10,0,2,0,3,1,3,4,15,21
2017-18,203924,Jerami Grant,1610612760,OKC,24.0,81,48,33,1647.1116666666667,244,456,32,110,162,240,86,233,319,57,54,31,77,45,155,218,682,17
2017-18,202379,Jeremy Evans,1610612737,ATL,30.0,1,0,1,5.35,1,1,0,0,0,0,1,0,1,0,1,0,0,0,1,0,2,-4
2017-18,203087,Jeremy Lamb,1610612766,CHA,26.0,80,36,44,1967.36,380,832,94,254,179,208,49,275,324,186,93,61,32,32,138,175,1033,77
2017-18,202391,Jeremy Lin,1610612751,BKN,29.0,1,0,1,25.183333333333334,5,12,1,2,7,7,0,0,0,4,3,0,0,1,3,4,18,-6
2017-18,1626170,Jerian Grant,1610612741,CHI,25.0,74,24,50,1686.33,209,503,61,187,140,188,31,140,171,342,89,63,8,17,132,175,619,-252
2017-18,201573,Jerryd Bayless,1610612755,PHI,29.0,39,21,18,924.6916666666667,109,262,54,146,35,44,15,65,80,54,46,23,6,18,91,43,307,-69
2017-18,202710,Jimmy Butler III,1610612750,MIN,28.0,59,37,22,2163.9966666666664,437,921,70,200,363,425,79,235,314,288,108,116,24,43,78,307,1307,374
2017-18,201149,Joakim Noah,1610612752,NYK,33.0,7,1,6,40.145,5,10,0,0,2,4,6,8,14,4,4,2,2,0,5,6,12,0
2017-18,201975,Jodie Meeks,1610612764,WAS,30.0,77,41,36,1118.7283333333332,157,393,72,210,101,117,15,111,126,70,37,29,4,20,55,78,487,-153
2017-18,203925,Joe Harris,1610612751,BKN,26.0,78,27,51,1974.5983333333334,305,621,150,358,86,104,51,209,260,128,91,35,20,46,153,93,846,-120
2017-18,204060,Joe Ingles,1610612762,UTA,30.0,82,48,34,2578.4983333333334,335,718,204,464,66,83,24,320,344,392,159,90,20,23,178,141,940,265
2017-18,2207,Joe Johnson,1610612745,HOU,37.0,55,35,20,1204.75,146,360,40,145,40,45,14,158,172,83,49,18,7,3,67,40,372,-80
2017-18,1626202,Joe Young,1610612754,IND,26.0,53,28,25,558.1166666666667,80,186,25,66,22,29,12,51,63,39,26,14,1,9,39,37,207,-53
2017-18,1627762,Joel Bolomboy,1610612749,MIL,24.0,6,3,3,37.66,3,6,0,1,3,6,6,4,10,0,2,2,0,1,3,3,9,-13
2017-18,203954,Joel Embiid,1610612755,PHI,24.0,63,41,22,1912.135,510,1056,66,214,359,467,143,547,690,199,234,40,111,74,209,410,1445,486
2017-18,203530,Joffrey Lauvergne,1610612759,SAS,26.0,55,30,25,533.9083333333333,98,190,0,5,30,47,63,108,171,41,33,9,3,20,45,38,226,-66
2017-18,1628381,John Collins,1610612737,ATL,20.0,74,21,53,1784.62,314,545,16,47,133,186,176,365,541,98,105,47,80,48,215,187,777,-220
2017-18,203089,John Henson,1610612749,MIL,27.0,76,39,37,1969.505,287,502,1,7,90,158,150,363,513,114,84,45,109,31,202,149,665,165
2017-18,204066,John Holland,1610612739,CLE,29.0,24,17,7,174.44166666666666,17,59,11,36,9,13,6,18,24,5,8,7,2,2,10,13,54,-29
2017-18,202322,John Wall,1610612764,WAS,27.0,41,23,18,1409.83,280,667,62,167,175,241,22,128,150,393,158,57,45,45,80,200,797,128
2017-18,1628405,Johnathan Motley,1610612742,DAL,23.0,11,1,10,175.765,40,75,1,6,15,28,14,35,49,7,9,3,2,7,18,23,96,-17
2017-18,203948,Johnny O'Bryant III,1610612766,CHA,25.0,36,15,21,379.06166666666667,68,171,14,43,21,25,29,64,93,14,15,9,6,7,45,26,171,-87
2017-18,202720,Jon Leuer,1610612765,DET,29.0,8,5,3,136.46666666666667,15,36,0,3,13,15,7,25,32,5,7,1,3,3,16,13,43,12
2017-18,201973,Jonas Jerebko,1610612762,UTA,31.0,74,45,29,1133.515,159,341,65,157,46,57,53,193,246,42,27,24,12,15,127,57,429,56
2017-18,202685,Jonas Valanciunas,1610612761,TOR,26.0,77,56,21,1727.24,390,687,30,74,170,211,183,477,660,81,115,29,69,47,192,181,980,227
2017-18,1626780,Jonathan Gibson,1610612738,BOS,30.0,4,2,2,39.935,14,23,6,12,0,0,0,3,3,4,3,0,0,0,5,3,34,-1
2017-18,1628371,Jonathan Isaac,1610612753,ORL,20.0,27,11,16,535.4116666666666,55,145,16,46,19,25,16,83,99,18,27,33,30,5,48,37,145,-100
2017-18,203613,Jonathon Simmons,1610612753,ORL,28.0,69,21,48,2029.2466666666667,354,761,69,204,185,241,61,178,239,171,146,58,16,54,175,199,962,-296
2017-18,1628395,Jordan Bell,1610612744,GSW,23.0,57,43,14,808.9133333333333,116,185,0,4,30,44,60,147,207,102,51,35,56,16,92,43,262,159
2017-18,203903,Jordan Clarkson,1610612739,CLE,26.0,81,40,41,1887.3983333333333,430,954,112,318,152,190,57,160,217,221,127,58,6,51,107,154,1124,-38
2017-18,202348,Jordan Crawford,1610612740,NOP,29.0,5,3,2,53.28333333333333,12,27,8,14,1,1,2,2,4,13,5,1,1,2,7,0,33,-19
2017-18,1626175,Jordan Mickey,1610612748,MIA,23.0,23,15,8,284.05833333333334,39,82,2,16,13,19,18,63,81,9,18,6,10,6,36,17,93,-30
2017-18,101181,Jose Calderon,1610612739,CLE,36.0,57,33,24,914.325,93,185,45,97,24,30,14,70,84,117,41,27,2,8,81,48,255,65
2017-18,1627982,Josh Gray,1610612756,PHX,24.0,5,0,5,86.43333333333334,11,41,3,13,7,11,2,8,10,12,7,8,2,6,8,8,32,-69
2017-18,1628404,Josh Hart,1610612747,LAL,23.0,63,27,36,1460.5216666666668,176,375,78,197,66,94,42,221,263,80,47,47,16,21,107,76,496,-72
2017-18,203962,Josh Huestis,1610612760,OKC,26.0,69,43,26,981.5483333333333,60,182,33,115,6,20,42,119,161,20,26,15,43,11,82,25,159,111
2017-18,1628367,Josh Jackson,1610612756,PHX,21.0,77,19,58,1959.2183333333332,389,932,57,217,177,279,95,256,351,119,146,80,35,82,218,224,1012,-530
2017-18,203705,Josh Magette,1610612737,ATL,28.0,18,3,15,216.165,15,46,8,22,8,8,2,17,19,57,9,8,1,2,16,18,46,-1
2017-18,201177,Josh McRoberts,1610612742,DAL,31.0,2,2,0,5.75,0,1,0,1,0,0,0,0,0,0,0,0,0,0,2,0,0,0
2017-18,1626196,Josh Richardson,1610612748,MIA,24.0,81,44,37,2689.475,399,885,127,336,120,142,69,216,285,231,140,121,75,38,199,192,1045,41
2017-18,2746,Josh Smith,1610612740,NOP,32.0,3,2,1,11.821666666666667,1,4,0,0,0,0,3,1,4,0,0,0,0,0,3,0,2,-10
2017-18,201950,Jrue Holiday,1610612740,NOP,28.0,81,47,34,2926.733333333333,615,1244,120,356,187,238,62,303,365,486,213,123,64,57,201,226,1537,319
2017-18,1627823,Juancho Hernangomez,1610612743,DEN,22.0,25,15,10,277.08,29,75,14,50,10,12,18,36,54,12,9,6,3,4,25,13,82,-24
2017-18,203944,Julius Randle,1610612747,LAL,23.0,82,35,47,2190.383333333333,504,904,10,45,305,425,181,473,654,210,213,43,45,105,274,340,1323,-81
2017-18,202933,Julyan Stone,1610612766,CHA,29.0,23,10,13,174.755,6,13,6,13,1,2,1,28,29,26,7,4,2,1,21,6,19,38
2017-18,1626147,Justin Anderson,1610612755,PHI,24.0,38,27,11,519.15,87,202,34,103,28,38,25,68,93,25,16,15,7,13,54,31,236,-82
2017-18,203200,Justin Holiday,1610612741,CHI,29.0,72,24,48,2264.925,290,782,161,449,135,164,31,260,291,153,93,80,31,30,134,122,876,-180
2017-18,1628382,Justin Jackson,1610612758,SAC,23.0,68,21,47,1506.2583333333334,185,419,57,185,26,36,27,160,187,74,40,28,13,12,81,49,453,-238
2017-18,1628383,Justin Patton,1610612750,MIN,21.0,1,0,1,3.7333333333333334,1,2,0,0,0,0,0,0,0,0,0,1,0,0,1,0,2,3
2017-18,1626159,Justise Winslow,1610612748,MIA,22.0,68,33,35,1680.4566666666667,207,488,49,129,66,104,64,306,370,148,77,54,33,43,140,97,529,25
2017-18,203994,Jusuf Nurkić,1610612757,POR,23.0,79,48,31,2088.11,480,951,0,7,172,273,189,519,708,143,183,64,111,67,247,277,1132,157
2017-18,1628443,Kadeem Allen,1610612738,BOS,25.0,18,9,9,107.18833333333333,6,22,0,11,7,9,4,7,11,12,9,3,2,1,15,7,19,-20
2017-18,1626157,Karl-Anthony Towns,1610612750,MIN,22.0,82,47,35,2918.1883333333335,639,1172,120,285,345,402,238,774,1012,199,159,64,115,64,285,380,1743,372
2017-18,202695,Kawhi Leonard,1610612759,SAS,27.0,9,5,4,209.86166666666668,52,111,11,35,31,38,6,36,42,21,16,18,9,5,9,27,146,17
2017-18,1627770,Kay Felder,1610612765,DET,23.0,16,6,10,139.54166666666666,21,70,4,19,11,12,3,15,18,20,16,3,1,4,11,16,57,-48
2017-18,203482,Kelly Olynyk,1610612748,MIA,27.0,76,42,34,1778.6816666666666,316,636,106,280,134,174,89,342,431,207,147,62,35,38,222,217,872,233
2017-18,1626162,Kelly Oubre Jr.,1610612764,WAS,22.0,81,43,38,2230.6566666666668,318,790,126,369,191,233,59,304,363,98,90,80,35,56,234,210,953,-113
2017-18,202689,Kemba Walker,1610612766,CHA,28.0,80,36,44,2735.8783333333336,588,1363,231,601,363,420,32,216,248,444,179,91,24,89,98,323,1770,204
2017-18,2570,Kendrick Perkins,1610612739,CLE,33.0,1,0,1,14.533333333333333,1,2,0,0,1,2,0,1,1,2,1,1,0,1,1,1,3,3
2017-18,202702,Kenneth Faried,1610612743,DEN,28.0,32,16,16,460.75333333333333,76,148,0,1,36,51,68,85,153,18,23,12,13,10,51,53,188,-42
2017-18,203145,Kent Bazemore,1610612737,ATL,28.0,65,19,46,1789.4416666666666,284,676,108,274,160,201,25,223,248,228,157,100,45,35,147,177,836,-162
2017-18,203484,Kentavious Caldwell-Pope,1610612747,LAL,25.0,74,31,43,2457.905,340,798,159,415,153,194,60,327,387,162,97,106,16,20,145,159,992,-51
2017-18,201142,Kevin Durant,1610612744,GSW,29.0,68,49,19,2325.095,630,1222,173,413,359,404,31,433,464,366,207,50,119,38,133,326,1792,351
2017-18,201567,Kevin Love,1610612739,CLE,29.0,59,37,22,1651.0083333333334,334,729,137,330,234,266,101,445,546,103,90,43,24,49,120,232,1039,77
2017-18,1626172,Kevon Looney,1610612744,GSW,22.0,66,45,21,910.07,112,193,1,5,42,77,83,132,215,42,31,34,56,22,106,64,267,122
2017-18,203920,Khem Birch,1610612753,ORL,25.0,42,14,28,578.4066666666666,68,126,0,0,42,61,70,110,180,34,21,15,21,8,56,54,178,11
2017-18,203114,Khris Middleton,1610612749,MIL,26.0,82,44,38,2981.965,593,1272,146,407,320,362,45,384,429,328,191,119,21,55,270,257,1652,97
2017-18,202691,Klay Thompson,1610612744,GSW,28.0,73,55,18,2504.2166666666667,575,1177,229,520,82,98,31,246,277,185,128,55,34,29,117,124,1461,397
2017-18,1628424,Kobi Simmons,1610612763,MEM,20.0,32,6,26,643.0933333333334,80,189,11,39,25,25,14,36,50,68,44,18,5,12,61,39,196,-213
2017-18,201585,Kosta Koufos,1610612758,SAC,29.0,71,22,49,1391.065,222,389,0,0,33,74,149,323,472,87,49,47,32,23,146,95,477,-223
2017-18,1627739,Kris Dunn,1610612741,CHI,24.0,52,19,33,1524.8333333333333,286,666,43,134,84,114,24,197,221,310,150,104,27,36,174,112,699,-276
2017-18,204001,Kristaps Porziņģis,1610612752,NYK,22.0,48,22,26,1553.1683333333333,390,889,90,228,218,275,62,254,316,57,93,36,115,43,141,285,1088,15
2017-18,203937,Kyle Anderson,1610612759,SAS,24.0,74,41,33,1978.39,231,438,19,57,104,146,84,312,396,202,94,115,60,31,114,119,585,138
2017-18,1627858,Kyle Collinsworth,1610612742,DAL,26.0,32,9,23,479.5566666666667,38,99,4,17,21,40,32,75,107,56,24,17,9,13,44,32,101,-29
2017-18,2594,Kyle Korver,1610612739,CLE,37.0,73,43,30,1573.8716666666667,222,484,164,376,64,72,9,156,165,88,55,31,27,17,130,70,672,274
2017-18,1628398,Kyle Kuzma,1610612747,LAL,22.0,77,34,43,2400.905,468,1039,159,434,147,208,88,395,483,141,140,49,34,54,160,160,1242,-123
2017-18,200768,Kyle Lowry,1610612761,TOR,32.0,78,57,21,2509.6066666666666,403,944,238,596,223,261,66,368,434,537,183,85,19,42,192,306,1267,399
2017-18,203124,Kyle O'Quinn,1610612752,NYK,28.0,77,28,49,1386.595,224,384,4,17,98,127,121,349,470,158,100,36,98,37,192,112,550,-37
2017-18,202713,Kyle Singler,1610612760,OKC,30.0,12,5,7,58.845,7,21,2,5,7,13,1,9,10,2,3,1,0,2,4,8,23,-1
2017-18,202681,Kyrie Irving,1610612738,BOS,26.0,60,41,19,1931.425,534,1087,166,407,232,261,33,194,227,306,139,65,17,46,122,204,1466,257
2017-18,200746,LaMarcus Aldridge,1610612759,SAS,32.0,75,45,30,2508.6183333333333,687,1347,27,92,334,399,246,389,635,152,111,43,90,44,161,342,1735,281
2017-18,202362,Lance Stephenson,1610612754,IND,27.0,82,48,34,1850.0283333333334,303,709,67,232,84,127,62,362,424,235,131,46,17,33,177,128,757,-107
2017-18,202498,Lance Thomas,1610612752,NYK,30.0,73,25,48,1353.0583333333334,102,267,50,124,44,53,44,131,175,44,41,30,14,16,134,65,298,-181
2017-18,204038,Langston Galloway,1610612765,DET,26.0,58,28,30,863.445,126,340,75,218,33,41,13,79,92,58,18,35,5,8,39,39,360,76
2017-18,203580,Larry Drew II,1610612740,NOP,28.0,10,6,4,70.04166666666667,7,24,3,9,0,0,3,0,3,10,3,0,0,0,6,2,17,-13
2017-18,1626204,Larry Nance Jr.,1610612739,CLE,25.0,66,32,34,1420.5183333333334,240,413,2,12,91,137,161,291,452,82,51,88,38,19,172,142,573,17
2017-18,1628374,Lauri Markkanen,1610612741,CHI,21.0,68,23,45,2020.02,374,862,145,401,140,166,79,429,508,79,83,39,40,49,103,188,1033,-387
2017-18,2544,LeBron James,1610612739,CLE,33.0,82,50,32,3025.588333333333,857,1580,149,406,388,531,97,612,709,747,347,116,71,68,136,439,2251,105
2017-18,1628506,London Perrantes,1610612739,CLE,23.0,14,8,6,65.52333333333333,2,13,0,3,3,5,1,3,4,5,1,2,1,1,6,2,7,-20
2017-18,1628366,Lonzo Ball,1610612747,LAL,20.0,52,24,28,1780.0566666666666,203,564,90,295,32,71,69,291,360,376,136,88,43,39,117,69,528,-19
2017-18,203485,Lorenzo Brown,1610612761,TOR,27.0,14,9,5,138.55,14,34,2,12,2,2,1,14,15,13,3,5,0,1,7,1,32,46
2017-18,101150,Lou Williams,1610612746,LAC,31.0,79,42,37,2589.09,582,1337,186,518,432,491,40,158,198,417,234,85,19,82,106,364,1782,120
2017-18,201601,Luc Mbah a Moute,1610612745,HOU,31.0,61,52,9,1564.3466666666666,166,345,63,173,65,95,22,164,186,55,68,72,25,26,100,70,460,303
2017-18,203512,Lucas Nogueira,1610612761,TOR,25.0,49,36,13,417.84,49,80,5,19,19,28,18,69,87,22,16,23,43,4,49,27,122,88
2017-18,1626242,Luis Montero,1610612765,DET,25.0,2,1,1,7.95,0,1,0,0,0,0,0,2,2,0,2,0,0,0,0,0,0,-5
2017-18,202337,Luke Babbitt,1610612748,MIA,29.0,50,15,35,714.7533333333333,91,215,60,156,17,22,7,89,96,31,19,8,7,8,54,18,259,-33
2017-18,1628379,Luke Kennard,1610612765,DET,22.0,73,34,39,1462.7733333333333,206,465,81,195,65,76,21,155,176,124,69,44,13,19,86,67,558,120
2017-18,1628436,Luke Kornet,1610612752,NYK,22.0,20,6,14,326.48833333333334,49,125,28,79,8,11,11,53,64,26,12,6,16,3,28,17,134,-71
2017-18,2736,Luol Deng,1610612747,LAL,33.0,1,0,1,13.133333333333333,1,2,0,0,0,0,0,0,0,1,1,1,0,0,0,0,2,-7
2017-18,1627781,Malachi Richardson,1610612761,TOR,22.0,26,8,18,323.315,30,90,12,40,17,22,5,29,34,13,10,10,1,7,27,18,89,-56
2017-18,1627763,Malcolm Brogdon,1610612749,MIL,25.0,48,25,23,1436.0166666666667,244,503,62,161,75,85,23,133,156,152,66,41,13,40,128,72,625,-62
2017-18,1627098,Malcolm Delaney,1610612737,ATL,29.0,54,16,38,1014.1666666666666,109,285,46,124,74,92,9,91,100,163,66,35,6,18,82,107,338,-104
2017-18,1626259,Malcolm Miller,1610612761,TOR,25.0,15,15,0,125.75,13,28,8,21,4,4,4,11,15,3,5,1,2,0,10,3,38,7
2017-18,1627736,Malik Beasley,1610612743,DEN,21.0,62,34,28,582.7316666666667,73,178,28,82,22,33,14,57,71,31,24,15,7,12,36,32,196,-27
2017-18,1628370,Malik Monk,1610612766,CHA,20.0,63,26,37,853.505,153,425,83,243,32,38,8,58,66,91,49,20,9,13,60,46,421,-191
2017-18,1628493,Mangok Mathiang,1610612766,CHA,25.0,4,3,1,19.8,4,7,0,0,0,1,3,7,10,0,0,1,0,0,5,1,8,1
2017-18,1938,Manu Ginobili,1610612759,SAS,40.0,65,39,26,1298.9183333333333,201,463,64,192,110,131,19,123,142,163,105,43,16,25,126,140,576,72
2017-18,202705,MarShon Brooks,1610612763,MEM,29.0,7,2,5,192.58333333333334,51,102,19,32,20,23,8,13,21,25,16,11,3,4,6,17,141,10
2017-18,201188,Marc Gasol,1610612763,MEM,33.0,73,21,52,2408.335,434,1033,109,320,281,337,78,514,592,305,194,54,101,45,185,346,1258,-313
2017-18,101162,Marcin Gortat,1610612764,WAS,34.0,82,43,39,2074.495,290,560,0,0,110,163,181,442,623,151,99,40,61,53,175,185,690,107
2017-18,201158,Marco Belinelli,1610612755,PHI,32.0,80,39,41,1946.7316666666666,337,764,149,395,148,163,20,131,151,148,94,66,12,21,91,150,971,-28
2017-18,1627875,Marcus Georges-Hunt,1610612750,MIN,24.0,42,24,18,224.36166666666668,21,48,4,15,13,21,7,9,16,7,3,6,0,2,32,17,59,-34
2017-18,202694,Marcus Morris Sr.,1610612738,BOS,28.0,54,34,20,1442.055,262,611,86,234,124,154,43,246,289,72,65,35,12,23,100,127,734,21
2017-18,1627779,Marcus Paige,1610612766,CHA,24.0,5,4,1,28.016666666666666,4,14,2,8,2,2,0,4,4,3,0,0,0,1,0,1,12,8
2017-18,203935,Marcus Smart,1610612738,BOS,24.0,54,38,16,1613.5883333333334,189,515,75,249,97,133,43,145,188,259,129,71,23,18,133,152,550,213
2017-18,201596,Mario Chalmers,1610612763,MEM,32.0,66,21,45,1421.3516666666667,168,443,53,191,118,138,13,144,157,197,117,79,14,32,179,169,507,-60
2017-18,1626209,Mario Hezonja,1610612753,ORL,23.0,75,21,54,1657.0433333333333,273,617,90,267,86,105,41,240,281,106,86,81,31,33,134,91,722,-203
2017-18,203900,Markel Brown,1610612745,HOU,26.0,4,4,0,31.483333333333334,2,7,1,5,0,0,1,4,5,2,2,0,0,0,6,1,5,-17
2017-18,1628365,Markelle Fultz,1610612755,PHI,20.0,14,11,3,252.98166666666665,45,111,0,1,10,21,11,32,43,53,17,12,4,18,22,20,100,20
2017-18,202693,Markieff Morris,1610612764,WAS,28.0,73,37,36,1967.7533333333333,330,687,76,207,105,128,75,334,409,142,127,56,38,32,216,121,841,27
2017-18,1627737,Marquese Chriss,1610612756,PHX,20.0,72,19,53,1526.9,202,477,56,190,96,158,76,319,395,83,107,51,70,42,205,131,556,-298
2017-18,203104,Marquis Teague,1610612763,MEM,25.0,3,0,3,73.78333333333333,4,16,1,4,2,5,1,5,6,13,3,4,0,0,5,5,11,-24
2017-18,201578,Marreese Speights,1610612753,ORL,30.0,52,15,37,675.0333333333333,138,349,86,233,40,55,21,112,133,40,40,8,22,9,106,76,402,25
2017-18,1627850,Marshall Plumlee,1610612749,MIL,25.0,8,5,3,51.75333333333333,1,3,0,0,12,16,4,13,17,2,3,0,1,2,10,10,14,-1
2017-18,101107,Marvin Williams,1610612766,CHA,32.0,78,33,45,2005.8516666666667,258,563,126,305,102,123,74,296,370,96,66,56,38,23,116,102,744,69
2017-18,203486,Mason Plumlee,1610612743,DEN,28.0,74,40,34,1439.45,221,368,0,1,82,179,132,268,400,142,102,49,81,27,184,159,524,-51
2017-18,1627856,Matt Costello,1610612759,SAS,24.0,4,2,2,32.2,2,4,0,0,0,0,1,8,9,2,1,2,2,0,7,1,4,15
2017-18,1628475,Matt Williams Jr.,1610612748,MIA,24.0,3,1,2,11.4,2,6,1,5,0,0,0,1,1,0,1,0,0,0,1,0,5,16
2017-18,203521,Matthew Dellavedova,1610612749,MIL,27.0,38,21,17,712.495,55,152,29,78,25,27,14,50,64,145,49,14,0,6,67,36,164,-79
2017-18,203090,Maurice Harkless,1610612757,POR,25.0,59,36,23,1263.77,147,297,49,118,42,59,46,116,162,53,40,48,43,17,103,51,385,7
2017-18,1628467,Maxi Kleber,1610612742,DAL,26.0,72,20,52,1206.1083333333333,151,309,40,128,44,59,71,163,234,51,30,26,47,15,114,64,386,-131
2017-18,203086,Meyers Leonard,1610612757,POR,26.0,33,17,16,253.63666666666666,46,78,11,26,9,11,12,58,70,17,10,7,0,0,36,17,112,-35
2017-18,201563,Michael Beasley,1610612752,NYK,29.0,74,24,50,1653.4416666666666,409,807,34,86,124,159,97,317,414,123,143,36,43,41,145,132,976,-138
2017-18,203487,Michael Carter-Williams,1610612766,CHA,26.0,52,23,29,834.7433333333333,76,229,14,59,73,89,37,101,138,116,52,44,23,10,99,106,239,-61
2017-18,203077,Michael Kidd-Gilchrist,1610612766,CHA,24.0,74,34,40,1850.2883333333334,282,560,0,2,117,171,84,218,302,71,53,51,32,52,143,141,681,51
2017-18,201144,Mike Conley,1610612763,MEM,30.0,12,7,5,373.23833333333334,64,168,24,77,53,66,0,27,27,49,18,12,3,8,24,58,205,-17
2017-18,1628455,Mike James,1610612740,NOP,27.0,36,11,25,686.4883333333333,123,321,26,98,64,84,13,77,90,126,49,28,7,22,48,66,336,-41
2017-18,203488,Mike Muscala,1610612737,ATL,26.0,53,14,39,1060.0866666666666,143,312,62,167,57,62,56,174,230,51,42,31,27,9,80,61,405,-77
2017-18,203118,Mike Scott,1610612764,WAS,29.0,76,39,37,1406.315,276,524,66,163,50,76,50,197,247,80,79,23,10,16,148,77,668,-82
2017-18,203101,Miles Plumlee,1610612737,ATL,29.0,55,19,36,917.6316666666667,105,180,0,0,27,60,77,151,228,45,63,17,30,13,79,48,237,-157
2017-18,1628462,Milos Teodosic,1610612746,LAC,31.0,45,29,16,1134.055,151,360,88,232,39,46,16,110,126,209,97,23,5,9,103,65,429,87
2017-18,1628495,Milton Doyle,1610612751,BKN,24.0,10,2,8,124.51666666666667,13,47,4,23,4,8,3,15,18,10,2,6,2,5,13,8,34,-12
2017-18,1627851,Mindaugas Kuzminskas,1610612752,NYK,28.0,1,0,1,1.85,0,2,0,0,0,0,0,0,0,0,0,0,0,1,0,0,0,0
2017-18,203141,Mirza Teletovic,1610612749,MIL,32.0,10,4,6,159.16333333333333,25,57,21,45,0,0,3,20,23,10,7,4,1,1,14,4,71,-33
2017-18,1628420,Monte Morris,1610612743,DEN,23.0,3,2,1,25.285,4,6,0,1,2,2,0,2,2,7,1,3,0,0,1,2,10,-7
2017-18,1626149,Montrezl Harrell,1610612746,LAC,24.0,76,39,37,1293.175,348,548,1,7,139,222,103,203,306,74,68,36,52,41,143,185,836,53
2017-18,1627988,Myke Henry,1610612763,MEM,25.0,20,3,17,378.07666666666665,41,109,19,58,6,10,10,28,38,22,19,31,6,7,28,9,107,-30
2017-18,1626167,Myles Turner,1610612754,IND,22.0,65,39,26,1836.155,306,639,56,157,160,206,93,324,417,87,96,38,118,26,186,188,828,114
2017-18,203489,Nate Wolters,1610612762,UTA,27.0,5,3,2,18.783333333333335,1,6,0,0,0,0,1,1,2,1,0,0,0,1,1,1,2,3
2017-18,1628513,Naz Mitrou-Long,1610612762,UTA,24.0,1,0,1,0.5166666666666667,1,1,1,1,0,0,0,0,0,0,0,0,0,0,0,0,3,5
2017-18,202357,Nemanja Bjelica,1610612750,MIN,30.0,67,38,29,1370.9583333333333,171,371,76,183,36,45,53,221,274,86,52,50,16,21,141,49,454,7
2017-18,2403,Nene,1610612745,HOU,35.0,52,42,10,758.4066666666666,136,239,0,2,68,107,54,122,176,45,38,28,14,23,123,81,340,264
2017-18,203457,Nerlens Noel,1610612742,DAL,24.0,30,6,24,471.64,55,105,0,1,21,28,48,120,168,20,26,31,22,9,59,41,131,-119
2017-18,2555,Nick Collison,1610612760,OKC,37.0,15,9,6,74.80666666666667,13,19,0,0,5,13,7,13,20,4,7,0,0,0,7,10,31,-5
2017-18,201156,Nick Young,1610612744,GSW,33.0,80,56,24,1393.1716666666666,201,488,123,326,56,65,20,105,125,36,39,38,7,9,100,70,581,42
2017-18,201587,Nicolas Batum,1610612766,CHA,29.0,64,27,37,1980.8233333333333,270,650,92,274,108,130,57,249,306,349,131,65,23,12,72,116,740,7
2017-18,1627852,Nicolas Brussino,1610612737,ATL,25.0,4,0,4,9.91,0,2,0,2,0,0,0,3,3,0,0,0,0,0,0,0,0,17
2017-18,1628502,Nigel Hayes-Davis,1610612758,SAC,23.0,9,6,3,122.17166666666667,11,33,4,16,1,3,4,18,22,6,2,2,3,0,8,3,27,9
2017-18,203917,Nik Stauskas,1610612751,BKN,24.0,41,14,27,523.3,60,154,40,100,21,29,4,60,64,39,26,9,4,5,24,25,181,-57
2017-18,203999,Nikola Jokić,1610612743,DEN,23.0,75,43,32,2442.505,504,1010,111,280,266,313,195,608,803,458,210,90,61,44,212,381,1385,352
2017-18,202703,Nikola Mirotic,1610612740,NOP,27.0,55,34,21,1493.98,306,684,135,358,112,137,59,346,405,80,62,44,39,23,108,135,859,149
2017-18,202696,Nikola Vučević,1610612753,ORL,27.0,57,17,40,1683.1283333333333,399,840,64,204,77,94,101,422,523,191,109,56,62,30,144,101,939,-34
2017-18,203943,Noah Vonleh,1610612741,CHI,22.0,54,24,30,875.6633333333333,104,234,20,66,36,58,70,241,311,34,31,19,17,17,68,59,264,-39
2017-18,1626181,Norman Powell,1610612761,TOR,25.0,70,51,19,1061.5366666666666,150,374,53,186,32,39,14,105,119,89,66,37,16,22,111,52,385,-18
2017-18,1628384,OG Anunoby,1610612761,TOR,20.0,74,51,23,1481.4616666666666,163,346,73,197,39,62,44,140,184,55,45,52,14,23,130,55,438,294
2017-18,1627855,Okaro White,1610612739,CLE,25.0,6,2,4,79.56333333333333,7,16,4,11,2,3,3,8,11,2,1,1,1,1,6,6,20,-1
2017-18,204179,Omari Johnson,1610612763,MEM,29.0,4,1,3,75.1,9,21,4,12,0,0,4,7,11,7,3,2,0,1,6,0,22,10
2017-18,201600,Omer Asik,1610612741,CHI,31.0,18,7,11,182.12666666666667,9,22,0,0,4,13,9,38,47,3,9,2,4,4,20,13,22,-32
2017-18,201956,Omri Casspi,1610612744,GSW,30.0,53,40,13,741.5933333333334,120,207,10,22,50,69,30,170,200,51,37,18,19,13,71,59,300,52
2017-18,203490,Otto Porter Jr.,1610612764,WAS,25.0,77,42,35,2431.536666666667,445,885,138,313,106,128,103,389,492,157,75,116,41,19,151,117,1134,286
2017-18,200782,P.J. Tucker,1610612745,HOU,33.0,82,65,17,2281.1866666666665,172,441,115,310,43,60,93,364,457,77,74,78,26,19,205,82,502,525
2017-18,1628408,PJ Dozier,1610612760,OKC,21.0,2,1,1,3.1883333333333335,1,2,0,0,0,0,0,1,1,0,1,0,0,0,1,0,2,-3
2017-18,1627783,Pascal Siakam,1610612761,TOR,24.0,81,59,22,1679.2266666666667,253,498,29,132,54,87,79,285,364,159,67,62,42,29,166,82,589,303
2017-18,1626192,Pat Connaughton,1610612757,POR,25.0,82,49,33,1487.8533333333332,165,390,74,210,37,44,36,125,161,91,43,23,22,23,120,43,441,141
2017-18,201976,Patrick Beverley,1610612746,LAC,29.0,11,5,6,333.54833333333335,48,119,24,60,14,17,16,29,45,32,25,19,5,4,34,30,134,25
2017-18,1627775,Patrick McCaw,1610612744,GSW,22.0,57,41,16,961.1333333333333,92,225,19,80,26,34,16,66,82,81,41,43,10,19,67,42,229,-85
2017-18,202335,Patrick Patterson,1610612760,OKC,29.0,82,48,34,1269.9183333333333,106,266,66,171,40,46,32,161,193,57,33,48,23,7,87,52,318,-75
2017-18,201988,Patty Mills,1610612759,SAS,29.0,82,47,35,2107.2516666666666,280,682,154,414,105,118,26,128,154,229,106,55,11,14,128,158,819,111
2017-18,2200,Pau Gasol,1610612759,SAS,37.0,77,45,32,1811.9216666666666,287,627,43,120,158,209,129,490,619,238,108,24,79,36,121,195,775,62
2017-18,202331,Paul George,1610612760,OKC,28.0,79,47,32,2890.7383333333332,576,1340,244,609,338,411,72,375,447,263,212,161,39,63,233,326,1734,226
2017-18,200794,Paul Millsap,1610612743,DEN,33.0,38,22,16,1143.4766666666667,202,435,39,113,112,161,65,180,245,105,73,39,44,23,99,139,555,101
2017-18,1627835,Paul Zipser,1610612741,CHI,24.0,54,17,37,824.0,81,234,37,110,19,25,13,118,131,46,43,20,15,14,86,35,218,-217
2017-18,203112,Quincy Acy,1610612751,BKN,27.0,70,26,44,1359.2216666666666,130,365,102,292,49,60,40,217,257,57,60,33,29,13,149,81,411,-57
2017-18,202347,Quincy Pondexter,1610612741,CHI,30.0,23,6,17,195.69166666666666,14,49,3,22,14,17,8,19,27,9,11,8,2,4,24,9,45,-90
2017-18,1626188,Quinn Cook,1610612744,GSW,25.0,33,21,12,740.5033333333333,122,252,46,104,22,25,10,72,82,89,32,12,1,16,59,26,312,-39
2017-18,1626154,RJ Hunter,1610612745,HOU,24.0,5,3,2,45.07833333333333,7,20,3,14,2,2,0,5,5,3,2,3,0,1,7,5,19,1
2017-18,200765,Rajon Rondo,1610612740,NOP,32.0,65,41,24,1704.965,231,494,50,150,25,46,31,232,263,533,151,70,10,28,119,74,537,18
2017-18,201196,Ramon Sessions,1610612764,WAS,32.0,28,10,18,392.45166666666665,42,117,8,26,44,57,6,32,38,77,30,14,2,8,29,46,136,-83
2017-18,1626173,Rashad Vaughn,1610612753,ORL,21.0,28,13,15,211.96833333333333,23,56,14,37,4,6,3,18,21,13,6,5,3,2,15,5,64,-12
2017-18,203526,Raul Neto,1610612762,UTA,26.0,41,28,13,498.1566666666667,69,151,19,47,26,35,7,42,49,75,36,13,4,14,38,44,183,119
2017-18,101109,Raymond Felton,1610612760,OKC,34.0,82,48,34,1364.7183333333332,224,552,81,230,36,44,25,131,156,203,76,49,16,24,91,60,565,-46
2017-18,203493,Reggie Bullock Jr.,1610612765,DET,27.0,62,32,30,1731.56,267,546,125,281,39,49,27,127,154,95,47,47,13,27,70,55,698,23
2017-18,203687,Reggie Hearn,1610612765,DET,26.0,3,3,0,6.626666666666667,1,2,1,2,0,0,0,0,0,0,0,0,0,0,0,0,3,-5
2017-18,202704,Reggie Jackson,1610612765,DET,28.0,45,27,18,1200.99,246,577,52,169,112,134,29,96,125,238,99,27,4,26,87,123,656,15
2017-18,2210,Richard Jefferson,1610612743,DEN,38.0,20,10,10,163.37166666666667,12,27,2,7,4,7,2,15,17,15,5,2,1,1,11,7,30,-42
2017-18,1626158,Richaun Holmes,1610612755,PHI,24.0,48,30,18,745.9216666666666,135,241,4,31,37,56,57,154,211,61,25,20,29,18,97,48,311,-38
2017-18,201937,Ricky Rubio,1610612762,UTA,27.0,77,44,33,2254.4416666666666,346,827,96,273,220,254,44,307,351,410,207,121,11,43,206,253,1008,209
2017-18,203496,Robert Covington,1610612755,PHI,27.0,80,51,29,2531.365,345,836,203,550,116,136,55,378,433,156,126,137,72,42,238,124,1009,525
2017-18,201577,Robin Lopez,1610612741,CHI,30.0,64,23,41,1689.7766666666666,342,645,4,14,68,90,134,156,290,124,107,14,53,25,109,98,756,-200
2017-18,203918,Rodney Hood,1610612739,CLE,25.0,60,29,31,1615.4716666666666,322,751,127,333,111,129,22,143,165,95,70,45,12,20,105,110,882,-69
2017-18,203585,Rodney McGruder,1610612748,MIA,26.0,18,11,7,299.24,36,73,15,35,4,8,11,22,33,17,4,8,3,2,21,12,91,33
2017-18,1628681,Rodney Purvis,1610612753,ORL,24.0,16,5,11,289.58666666666664,35,107,13,52,13,15,1,26,27,17,10,3,3,2,26,10,96,-58
2017-18,1627758,Ron Baker,1610612752,NYK,25.0,29,12,17,384.67333333333335,20,59,11,33,20,26,5,25,30,47,18,26,6,1,33,21,71,16
2017-18,1626178,Rondae Hollis-Jefferson,1610612751,BKN,23.0,68,26,42,1920.5633333333333,342,724,13,54,249,316,101,358,459,167,121,65,48,58,145,265,946,-185
2017-18,1626220,Royce O'Neale,1610612762,UTA,25.0,69,43,26,1149.5516666666667,120,284,42,118,61,76,25,211,236,95,55,36,16,22,105,78,343,194
2017-18,200752,Rudy Gay,1610612759,SAS,31.0,57,36,21,1231.1833333333334,253,537,37,118,112,145,76,215,291,73,78,46,38,25,98,118,655,81
2017-18,203497,Rudy Gobert,1610612762,UTA,26.0,56,37,19,1816.04,276,444,0,0,204,299,165,436,601,80,107,44,129,50,153,280,756,343
2017-18,201566,Russell Westbrook,1610612760,OKC,29.0,80,47,33,2913.6566666666668,757,1687,97,326,417,566,152,652,804,820,381,147,20,84,200,460,2028,384
2017-18,201583,Ryan Anderson,1610612745,HOU,30.0,66,52,14,1725.3666666666666,207,480,131,339,72,93,94,237,331,60,42,24,21,13,126,84,617,252
2017-18,1627853,Ryan Arcidiacono,1610612741,CHI,24.0,24,6,18,304.12166666666667,17,41,9,31,5,6,1,24,25,35,13,13,0,0,18,16,48,-24
2017-18,1626257,Salah Mejri,1610612742,DAL,32.0,61,21,40,728.7566666666667,88,137,0,3,38,66,85,161,246,35,39,22,67,15,121,80,214,20
2017-18,1626155,Sam Dekker,1610612746,LAC,24.0,73,36,37,882.7516666666667,128,259,10,60,37,56,44,130,174,38,33,24,9,18,71,44,303,61
2017-18,203816,Scotty Hopson,1610612742,DAL,28.0,1,0,1,8.378333333333334,0,1,0,0,1,2,0,0,0,1,1,0,0,0,0,1,1,-8
2017-18,203930,Sean Kilpatrick,1610612741,CHI,28.0,52,22,30,640.055,110,294,46,144,64,72,5,82,87,46,38,13,5,15,33,57,330,-112
2017-18,1628400,Semi Ojeleye,1610612738,BOS,23.0,73,50,23,1150.21,65,188,40,125,25,41,37,124,161,20,25,21,4,10,91,37,195,-182
2017-18,201586,Serge Ibaka,1610612761,TOR,28.0,76,53,23,2093.2,379,784,107,297,94,118,78,400,478,62,90,29,99,29,209,95,959,307
2017-18,203498,Shabazz Muhammad,1610612749,MIL,25.0,43,25,18,417.96666666666664,84,188,7,27,39,50,23,53,76,14,6,9,3,14,30,36,214,-116
2017-18,203894,Shabazz Napier,1610612757,POR,26.0,74,46,28,1535.465,223,531,82,218,116,138,26,144,170,150,90,81,14,30,84,148,644,84
2017-18,203499,Shane Larkin,1610612738,BOS,25.0,54,39,15,774.7116666666667,84,219,31,86,32,37,15,77,92,98,33,29,2,16,58,59,231,12
2017-18,1627885,Shaquille Harrison,1610612756,PHX,24.0,23,3,20,384.4766666666667,59,124,6,26,28,38,9,52,61,55,22,26,7,17,42,36,152,47
2017-18,2733,Shaun Livingston,1610612744,GSW,32.0,71,49,22,1129.3166666666666,172,343,0,5,50,61,32,99,131,140,58,35,21,15,117,49,394,112
2017-18,202714,Shelvin Mack,1610612753,ORL,28.0,69,21,48,1364.735,178,414,48,139,69,97,23,143,166,272,89,54,8,21,91,94,473,-79
2017-18,1628414,Sindarius Thornwell,1610612746,LAC,23.0,73,36,37,1155.88,100,233,23,61,59,88,33,107,140,68,53,48,25,35,125,74,282,-102
2017-18,1627746,Skal Labissiere,1610612758,SAC,22.0,60,19,41,1240.2516666666668,205,458,18,51,95,118,98,189,287,72,73,25,49,21,132,120,523,-118
2017-18,203524,Solomon Hill,1610612740,NOP,27.0,12,8,4,187.12333333333333,11,41,4,21,3,6,9,27,36,22,9,7,1,3,22,8,29,-26
2017-18,203915,Spencer Dinwiddie,1610612751,BKN,25.0,80,28,52,2306.025,324,838,141,433,218,268,40,219,259,524,128,68,23,52,186,220,1007,-94
2017-18,1626169,Stanley Johnson,1610612765,DET,22.0,69,33,36,1893.525,210,560,67,234,112,145,33,219,252,112,77,95,14,36,169,108,599,-47
2017-18,201939,Stephen Curry,1610612744,GSW,30.0,51,41,10,1630.7966666666666,428,864,212,501,278,302,36,225,261,310,153,80,8,21,114,207,1346,486
2017-18,1628425,Sterling Brown,1610612749,MIL,23.0,54,26,28,776.4466666666667,82,205,32,91,21,24,27,116,143,25,25,31,13,19,80,23,217,-49
2017-18,203500,Steven Adams,1610612760,OKC,24.0,76,43,33,2486.8516666666665,448,712,0,2,160,286,384,301,685,88,128,92,78,46,215,278,1056,321
2017-18,1628388,T.J. Leaf,1610612754,IND,21.0,53,31,22,459.24333333333334,64,136,18,42,10,16,29,53,82,9,10,5,4,5,45,18,156,-82
2017-18,204456,T.J. McConnell,1610612755,PHI,26.0,76,50,26,1706.6133333333332,210,421,27,62,31,39,37,189,226,303,112,92,13,30,122,49,478,-71
2017-18,203933,T.J. Warren,1610612756,PHX,24.0,65,18,47,2141.766666666667,529,1063,20,90,193,255,125,208,333,85,85,65,41,53,149,202,1271,-431
2017-18,201959,Taj Gibson,1610612750,MIN,33.0,82,47,35,2726.37,425,737,7,35,142,185,194,390,584,99,89,62,59,58,218,154,999,240
2017-18,204028,Tarik Black,1610612745,HOU,26.0,51,40,11,536.5,75,127,1,11,29,63,63,100,163,13,35,21,30,10,107,52,180,-74
2017-18,1627752,Taurean Prince,1610612737,ATL,24.0,82,24,58,2464.02,415,975,176,457,152,180,50,339,389,214,191,85,42,63,168,190,1158,-366
2017-18,1628390,Terrance Ferguson,1610612760,OKC,20.0,61,37,24,763.0966666666667,70,169,40,120,9,10,19,28,47,19,11,24,10,7,83,15,189,-84
2017-18,203082,Terrence Ross,1610612753,ORL,27.0,24,10,14,600.3833333333333,76,191,30,93,27,36,10,63,73,38,29,27,11,9,45,27,209,-47
2017-18,1626179,Terry Rozier,1610612738,BOS,24.0,80,54,26,2068.14,316,800,153,402,115,149,63,313,376,232,80,80,19,37,123,147,900,119
2017-18,200757,Thabo Sefolosha,1610612762,UTA,34.0,38,16,22,805.565,118,240,32,84,44,54,29,132,161,33,30,52,12,19,59,47,312,56
2017-18,201152,Thaddeus Young,1610612754,IND,30.0,81,48,33,2607.0316666666668,421,864,58,181,55,92,184,328,512,152,105,135,36,63,175,125,955,212
2017-18,1628418,Thomas Bryant,1610612747,LAL,20.0,15,7,8,72.285,8,21,1,10,5,9,3,14,17,6,2,1,2,0,6,9,22,-9
2017-18,1627748,Thon Maker,1610612749,MIL,21.0,74,40,34,1237.885,130,316,31,104,65,93,75,150,225,46,44,38,53,20,162,82,356,-162
2017-18,204025,Tim Frazier,1610612764,WAS,27.0,59,31,28,837.9083333333333,68,172,17,56,23,30,18,97,115,194,57,47,7,15,97,59,176,-86
2017-18,203501,Tim Hardaway Jr.,1610612752,NYK,26.0,57,19,38,1884.955,360,856,130,410,146,179,32,192,224,155,92,62,10,47,123,185,996,-74
2017-18,1627817,Tim Quarterman,1610612745,HOU,23.0,3,2,1,12.75,1,3,0,2,2,2,0,3,3,1,2,0,0,0,1,1,4,-10
2017-18,202389,Timofey Mozgov,1610612751,BKN,31.0,31,12,19,359.48333333333335,52,93,4,18,23,30,32,66,98,11,33,5,13,6,39,35,131,-89
2017-18,1627789,Timothe Luwawu-Cabarrot,1610612755,PHI,23.0,52,29,23,806.565,100,267,53,158,46,58,14,58,72,54,38,12,5,20,97,54,299,-5
2017-18,202699,Tobias Harris,1610612746,LAC,25.0,80,39,41,2667.983333333333,562,1221,183,445,179,216,58,379,437,192,105,71,35,67,164,156,1486,-113
2017-18,203107,Tomas Satoransky,1610612764,WAS,26.0,73,39,34,1642.6533333333334,201,384,47,101,75,96,72,161,233,286,83,52,15,22,131,110,524,81
2017-18,2754,Tony Allen,1610612740,NOP,36.0,22,12,10,272.54833333333335,44,91,4,12,11,21,20,27,47,9,19,11,3,11,49,17,103,-19
2017-18,1628396,Tony Bradley,1610612762,UTA,20.0,9,6,3,29.1,3,11,0,1,2,2,4,7,11,1,0,0,0,1,1,1,8,1
2017-18,2225,Tony Parker,1610612759,SAS,36.0,55,32,23,1070.8716666666667,178,388,10,37,55,78,7,88,95,195,68,28,1,22,52,74,421,-11
2017-18,203503,Tony Snell,1610612749,MIL,26.0,75,42,33,2053.2883333333334,185,425,108,268,38,48,9,132,141,98,36,47,28,18,115,40,516,-56
2017-18,1628470,Torrey Craig,1610612743,DEN,27.0,39,22,17,628.8816666666667,62,137,17,58,22,35,40,87,127,25,20,12,15,14,63,32,163,-61
2017-18,204037,Travis Wear,1610612747,LAL,27.0,17,7,10,227.79666666666665,25,72,17,47,8,8,0,38,38,7,6,4,5,1,30,8,75,11
2017-18,1626203,Treveon Graham,1610612766,CHA,24.0,63,28,35,1049.5383333333334,96,221,40,97,41,59,42,79,121,59,27,33,2,13,109,61,273,-96
2017-18,2772,Trevor Ariza,1610612745,HOU,33.0,67,51,16,2269.201666666667,268,651,170,462,76,89,33,261,294,105,52,98,13,21,132,89,782,373
2017-18,202344,Trevor Booker,1610612754,IND,30.0,68,36,32,1158.09,177,343,8,33,66,93,117,201,318,82,59,28,21,26,119,82,428,-23
2017-18,203504,Trey Burke,1610612752,NYK,25.0,36,10,26,784.655,193,384,38,105,37,57,13,58,71,170,43,24,4,8,43,58,461,-81
2017-18,1626168,Trey Lyles,1610612743,DEN,22.0,73,41,32,1390.6816666666666,270,550,83,218,101,143,55,292,347,91,61,30,34,25,111,125,724,7
2017-18,203590,Trey McKinney-Jones,1610612754,IND,27.0,1,1,0,1.2333333333333334,0,0,0,0,0,0,0,0,0,0,0,0,0,0,0,0,0,0
2017-18,202684,Tristan Thompson,1610612739,CLE,27.0,53,27,26,1072.245,132,235,0,0,43,79,126,226,352,33,36,16,17,20,102,93,307,-138
2017-18,203584,Troy Daniels,1610612756,PHX,26.0,79,20,59,1622.33,232,575,183,458,56,64,12,115,127,48,56,26,5,16,137,55,703,-408
2017-18,1627786,Troy Williams,1610612752,NYK,23.0,21,7,14,307.2033333333333,51,109,11,38,20,30,22,41,63,16,19,20,4,3,34,21,133,-31
2017-18,1628463,Tyler Cavanaugh,1610612737,ATL,24.0,39,11,28,518.48,67,152,32,89,17,21,45,82,127,27,13,9,4,9,61,23,183,-25
2017-18,1628416,Tyler Dorsey,1610612737,ATL,22.0,56,15,41,974.21,144,382,72,199,45,63,17,113,130,79,37,17,5,27,63,68,405,-149
2017-18,203898,Tyler Ennis,1610612747,LAL,23.0,54,22,32,683.3766666666667,94,224,14,56,22,29,19,76,95,105,38,30,10,20,75,41,224,-21
2017-18,204020,Tyler Johnson,1610612748,MIA,26.0,72,39,33,2052.241666666667,309,711,119,324,106,129,34,214,248,165,81,60,34,39,148,129,843,46
2017-18,1628399,Tyler Lydon,1610612743,DEN,22.0,1,1,0,2.1666666666666665,0,0,0,0,0,0,0,0,0,0,0,0,0,0,0,0,0,-6
2017-18,1627755,Tyler Ulis,1610612756,PHX,22.0,71,20,51,1658.4616666666666,214,551,42,146,84,101,24,104,128,311,127,70,7,42,120,101,554,-315
2017-18,203092,Tyler Zeller,1610612749,MIL,28.0,66,27,39,1108.16,187,334,10,28,57,79,110,195,305,47,47,15,35,34,126,94,441,26
2017-18,201936,Tyreke Evans,1610612763,MEM,28.0,52,19,33,1607.1616666666666,366,809,114,286,164,209,44,221,265,269,117,57,17,65,96,160,1010,27
2017-18,1627820,Tyrone Wallace,1610612746,LAC,24.0,30,17,13,851.185,110,247,10,40,61,78,21,84,105,71,46,27,13,36,83,52,291,-24
2017-18,2199,Tyson Chandler,1610612756,PHX,35.0,46,15,31,1150.6933333333334,121,187,0,0,58,93,134,284,418,53,59,16,27,6,106,105,300,-244
2017-18,1626145,Tyus Jones,1610612750,MIN,22.0,82,47,35,1466.81,150,328,45,129,71,81,16,116,132,232,59,95,6,18,110,86,416,179
2017-18,2617,Udonis Haslem,1610612748,MIA,38.0,14,9,5,71.66333333333333,3,15,1,8,1,2,3,7,10,5,2,0,2,0,3,4,8,-4
2017-18,203505,Vander Blue,1610612747,LAL,25.0,5,1,4,44.916666666666664,1,5,0,2,1,2,0,1,1,3,3,1,0,0,2,1,3,15
2017-18,203506,Victor Oladipo,1610612754,IND,26.0,75,48,27,2552.0383333333334,640,1342,161,434,294,368,47,343,390,323,219,177,57,90,175,312,1735,334
2017-18,1713,Vince Carter,1610612758,SAC,41.0,58,20,38,1025.99,114,283,57,165,28,37,18,130,148,69,36,42,26,4,96,59,313,-67
2017-18,1626205,Vincent Hunter,1610612763,MEM,23.0,4,0,4,7.406666666666666,3,5,0,0,0,0,2,1,3,0,1,0,1,0,0,0,6,6
2017-18,1627735,Wade Baldwin IV,1610612757,POR,22.0,7,4,3,80.48166666666667,14,21,4,5,6,10,1,7,8,5,4,2,1,1,12,7,38,5
2017-18,1627215,Walt Lemon Jr.,1610612740,NOP,25.0,5,4,1,35.10166666666667,7,16,1,1,2,3,0,2,2,5,4,0,1,4,5,4,17,-15
2017-18,201961,Wayne Ellington,1610612748,MIA,30.0,77,42,35,2041.2033333333334,285,700,227,579,67,78,23,195,218,79,52,53,8,14,94,59,864,127
2017-18,1627782,Wayne Selden,1610612763,MEM,23.0,35,10,25,691.33,116,269,49,122,44,59,16,40,56,66,54,18,5,19,59,48,325,-102
2017-18,1628411,Wes Iwundu,1610612753,ORL,23.0,62,18,44,1020.305,93,218,9,46,34,47,36,101,137,57,30,33,12,17,81,48,229,-105
2017-18,202325,Wesley Johnson,1610612746,LAC,30.0,74,38,36,1486.4116666666666,150,368,60,177,43,58,29,187,216,61,55,76,62,9,146,48,403,-62
2017-18,202083,Wesley Matthews,1610612742,DAL,31.0,63,20,43,2131.4333333333334,283,697,153,402,83,101,28,170,198,172,83,76,16,25,140,127,802,-324
2017-18,203115,Will Barton,1610612743,DEN,27.0,81,46,35,2682.9016666666666,465,1028,156,422,182,226,70,339,409,331,149,82,52,70,168,192,1268,123
2017-18,1626161,Willie Cauley-Stein,1610612758,SAC,24.0,73,23,50,2043.8233333333333,388,773,3,12,153,247,131,379,510,172,109,77,67,69,185,208,932,-323
2017-18,203186,Willie Reed,1610612765,DET,28.0,42,20,22,427.855,81,121,1,2,32,55,35,86,121,10,19,9,22,14,56,48,195,16
2017-18,1626195,Willy Hernangomez,1610612766,CHA,24.0,48,20,28,494.325,91,164,5,12,59,90,61,122,183,33,35,18,16,14,64,81,246,0
2017-18,201163,Wilson Chandler,1610612743,DEN,31.0,74,41,33,2346.2533333333336,281,631,88,246,88,114,102,296,398,159,92,43,39,24,156,103,738,56
2017-18,204098,Xavier Munford,1610612749,MIL,26.0,6,2,4,20.753333333333334,1,6,0,2,1,2,1,0,1,4,2,1,0,0,4,1,3,-12
2017-18,1628504,Xavier Rathan-Mayes,1610612763,MEM,24.0,5,0,5,117.79,12,42,1,14,4,9,0,5,5,18,11,6,3,3,18,13,29,-59
2017-18,202918,Xavier Silas,1610612738,BOS,30.0,2,1,1,7.498333333333333,0,3,0,2,0,0,1,1,2,0,0,1,0,0,1,0,0,1
2017-18,1627812,Yogi Ferrell,1610612742,DAL,25.0,82,24,58,2281.485,311,730,134,359,82,103,26,223,249,201,78,64,9,33,153,136,838,3
2017-18,1628380,Zach Collins,1610612757,POR,20.0,66,41,25,1045.45,115,289,35,113,27,42,45,176,221,52,58,17,31,17,133,49,292,16
2017-18,203897,Zach LaVine,1610612741,CHI,23.0,24,9,15,656.2866666666666,136,355,42,123,87,107,9,85,94,72,43,24,4,30,55,66,401,-172
2017-18,2216,Zach Randolph,1610612758,SAC,36.0,59,18,41,1507.6116666666667,361,763,51,147,84,107,97,300,397,127,116,42,10,40,119,138,857,-353
2017-18,2585,Zaza Pachulia,1610612744,GSW,34.0,69,47,22,971.7466666666667,149,264,0,1,75,93,89,232,321,109,72,38,17,35,122,94,373,196
2017-18,1627753,Zhou Qi,1610612745,HOU,22.0,18,14,4,123.96666666666667,6,32,2,19,8,12,6,16,22,2,10,2,14,3,14,8,22,-67
2018-19,203932,Aaron Gordon,1610612753,ORL,23.0,78,40,38,2632.5333333333333,470,1046,121,347,185,253,129,445,574,289,162,57,56,52,172,262,1246,107
2018-19,1628988,Aaron Holiday,1610612754,IND,22.0,50,31,19,645.83,105,262,43,127,41,50,5,62,67,87,40,21,13,12,71,58,294,102
2018-19,1627846,Abdel Nader,1610612760,OKC,25.0,61,38,23,693.6566666666666,91,215,32,100,27,36,14,102,116,20,26,20,12,8,68,35,241,-154
2018-19,201143,Al Horford,1610612738,BOS,33.0,68,41,27,1972.6833333333334,387,723,73,203,78,95,120,338,458,283,102,59,86,29,126,121,925,258
2018-19,202329,Al-Farouq Aminu,1610612757,POR,28.0,81,52,29,2291.6983333333333,257,593,96,280,150,173,112,498,610,104,72,68,33,29,143,148,760,384
2018-19,1626210,Alan Williams,1610612751,BKN,26.0,5,1,4,25.533333333333335,8,13,0,1,2,4,4,15,19,3,1,1,0,0,2,3,18,16
2018-19,202692,Alec Burks,1610612758,SAC,27.0,64,19,45,1374.9466666666667,192,474,61,168,116,141,30,205,235,128,65,39,21,37,91,122,561,-298
2018-19,203518,Alex Abrines,1610612760,OKC,25.0,31,21,10,588.2733333333333,56,157,41,127,12,13,5,43,48,20,14,17,6,6,53,31,165,29
2018-19,1627936,Alex Caruso,1610612747,LAL,25.0,25,8,17,531.1266666666667,77,173,24,50,51,64,20,47,67,77,42,24,9,18,54,58,229,46
2018-19,203458,Alex Len,1610612737,ATL,26.0,77,28,49,1544.075,320,648,74,204,140,216,158,266,424,86,97,27,69,45,200,157,854,-163
2018-19,1627816,Alex Poythress,1610612737,ATL,25.0,21,7,14,304.9,40,81,9,23,18,29,29,47,76,17,13,4,10,7,47,28,107,-75
2018-19,1628035,Alfonzo McKinnie,1610612744,GSW,26.0,72,53,19,1003.3583333333333,134,275,42,118,27,48,81,166,247,31,30,18,15,20,134,48,337,11
2018-19,1628993,Alize Johnson,1610612754,IND,23.0,14,9,5,64.43333333333334,4,16,1,2,4,8,4,15,19,1,0,1,3,1,7,4,13,1
2018-19,203459,Allen Crabbe,1610612751,BKN,27.0,43,19,24,1133.0883333333334,137,373,98,259,41,56,16,132,148,46,46,23,13,10,102,39,413,4
2018-19,1629019,Allonzo Trier,1610612752,NYK,23.0,64,13,51,1458.5633333333333,232,518,52,132,179,223,31,166,197,119,116,28,14,62,117,182,695,-205
2018-19,1628518,Amile Jefferson,1610612753,ORL,26.0,12,9,3,68.25,10,16,0,0,7,8,6,15,21,3,1,3,3,1,8,4,27,13
2018-19,101161,Amir Johnson,1610612755,PHI,32.0,51,32,19,529.1716666666666,79,157,12,40,31,41,47,100,147,60,45,16,13,6,99,45,201,-70
2018-19,203083,Andre Drummond,1610612765,DET,25.0,79,40,39,2646.89,561,1052,5,38,243,412,423,809,1232,112,175,136,138,90,272,325,1370,176
2018-19,2738,Andre Iguodala,1610612744,GSW,35.0,68,47,21,1577.88,151,302,48,144,39,67,48,204,252,216,52,61,51,4,95,82,389,315
2018-19,201281,Andre Ingram,1610612747,LAL,33.0,4,1,3,14.626666666666667,0,6,0,3,0,0,1,1,2,0,1,1,0,0,0,1,0,5
2018-19,101106,Andrew Bogut,1610612744,GSW,34.0,11,8,3,134.36333333333334,18,36,0,0,3,3,12,43,55,11,8,3,8,1,22,8,39,10
2018-19,1626150,Andrew Harrison,1610612740,NOP,24.0,17,6,11,185.785,16,53,5,25,17,18,6,14,20,24,12,4,2,2,34,18,54,-22
2018-19,203952,Andrew Wiggins,1610612750,MIN,24.0,73,31,42,2542.713333333333,498,1209,118,348,207,296,83,269,352,184,138,70,48,88,153,228,1321,-66
2018-19,1629014,Anfernee Simons,1610612757,POR,20.0,20,17,3,140.50833333333333,28,63,10,29,9,16,3,10,13,13,11,1,0,3,9,10,75,-52
2018-19,1629116,Angel Delgado,1610612746,LAC,24.0,2,0,2,14.766666666666667,1,5,0,0,1,2,2,2,4,0,0,1,0,2,2,1,3,3
2018-19,1627790,Ante Zizic,1610612739,CLE,22.0,59,13,46,1081.9683333333332,183,331,0,0,93,132,108,212,320,53,61,13,22,35,113,121,459,-80
2018-19,203076,Anthony Davis,1610612740,NOP,26.0,56,25,31,1849.8833333333334,530,1026,48,145,344,433,174,498,672,218,112,88,135,40,132,368,1452,133
2018-19,201229,Anthony Tolliver,1610612750,MIN,34.0,65,27,38,1079.3416666666667,99,259,81,215,47,60,15,162,177,46,36,17,21,7,91,54,326,-66
2018-19,1628469,Antonio Blakeney,1610612741,CHI,22.0,57,14,43,829.0366666666666,166,396,36,91,50,76,7,99,106,42,35,12,9,31,41,51,418,-148
2018-19,203382,Aron Baynes,1610612738,BOS,32.0,51,32,19,820.795,105,223,21,61,53,62,88,152,240,57,40,12,34,12,125,96,284,130
2018-19,203085,Austin Rivers,1610612745,HOU,26.0,76,45,31,2027.7266666666667,232,572,104,327,50,95,25,137,162,167,68,47,23,24,207,103,618,104
2018-19,202340,Avery Bradley,1610612763,MEM,28.0,63,31,32,1905.4483333333333,248,608,86,245,43,50,43,132,175,152,89,41,16,48,167,69,625,-82
2018-19,1629168,BJ Johnson,1610612758,SAC,23.0,7,2,5,49.35,9,18,3,7,2,2,2,6,8,0,2,2,0,2,4,2,23,-16
2018-19,1628389,Bam Adebayo,1610612748,MIA,21.0,82,39,43,1912.6,280,486,3,15,166,226,165,432,597,184,121,71,65,31,203,227,729,21
2018-19,203463,Ben McLemore,1610612758,SAC,26.0,19,7,12,157.62333333333333,25,64,17,41,8,12,3,14,17,4,5,6,3,3,22,7,75,-17
2018-19,1627732,Ben Simmons,1610612755,PHI,22.0,79,50,29,2700.2633333333333,540,960,0,6,257,428,172,525,697,610,274,112,61,57,209,373,1337,116
2018-19,1628656,Billy Garrett,1610612752,NYK,24.0,4,1,3,63.43333333333333,11,27,0,8,4,4,0,3,3,7,2,1,1,0,3,4,26,-16
2018-19,202687,Bismack Biyombo,1610612766,CHA,26.0,54,24,30,782.4416666666667,89,156,0,0,58,91,81,166,247,33,34,11,41,23,103,82,236,-133
2018-19,201933,Blake Griffin,1610612765,DET,30.0,75,39,36,2622.3333333333335,619,1341,189,522,414,550,100,465,565,402,253,52,28,72,199,573,1841,37
2018-19,1626246,Boban Marjanovic,1610612755,PHI,30.0,58,31,27,680.6583333333333,160,260,4,10,98,131,87,178,265,54,59,16,27,18,90,93,422,3
2018-19,1626171,Bobby Portis,1610612764,WAS,24.0,50,14,36,1298.1766666666667,279,628,75,191,77,97,109,294,403,72,74,35,20,30,145,92,710,-110
2018-19,203992,Bogdan Bogdanović,1610612758,SAC,26.0,70,32,38,1947.17,361,863,134,372,134,162,40,203,243,267,117,72,15,39,142,185,990,-39
2018-19,202711,Bojan Bogdanovic,1610612754,IND,30.0,81,47,34,2573.0583333333334,522,1051,164,386,246,305,33,300,333,161,134,69,1,88,138,234,1454,177
2018-19,1629045,Bonzie Colson,1610612749,MIL,23.0,8,6,2,98.47666666666667,13,39,5,21,8,9,8,22,30,3,3,5,1,3,3,6,39,-22
2018-19,202954,Brad Wanamaker,1610612738,BOS,29.0,36,27,9,342.60833333333335,50,105,16,39,24,28,3,38,41,56,19,12,2,2,34,23,140,72
2018-19,203078,Bradley Beal,1610612764,WAS,26.0,82,32,50,3027.6516666666666,764,1609,209,596,362,448,89,322,411,448,224,121,58,64,226,361,2099,-112
2018-19,1629164,Brandon Goodwin,1610612743,DEN,23.0,16,10,6,57.053333333333335,6,23,2,6,9,11,1,2,3,14,3,0,0,0,7,10,23,12
2018-19,1627742,Brandon Ingram,1610612747,LAL,21.0,52,25,27,1760.4933333333333,362,729,31,94,195,289,41,226,267,154,129,28,31,50,149,266,950,-59
2018-19,202688,Brandon Knight,1610612739,CLE,27.0,39,17,22,736.545,99,260,41,129,27,34,10,49,59,71,30,21,2,17,62,51,266,-190
2018-19,1629102,Brandon Sampson,1610612741,CHI,22.0,14,3,11,214.305,28,60,11,29,4,6,3,13,16,10,12,8,3,2,19,6,71,-28
2018-19,201572,Brook Lopez,1610612749,MIL,31.0,81,60,21,2321.595,355,786,187,512,112,133,33,363,396,98,82,51,179,15,189,127,1009,584
2018-19,1628971,Bruce Brown,1610612765,DET,22.0,74,35,39,1449.3166666666666,125,314,24,93,45,60,48,137,185,91,46,40,36,39,178,55,319,-4
2018-19,203998,Bruno Caboclo,1610612763,MEM,23.0,34,14,20,799.7016666666667,96,225,48,130,42,50,42,116,158,50,38,14,33,14,81,37,282,0
2018-19,1627854,Bryn Forbes,1610612759,SAS,25.0,82,48,34,2292.6,361,791,176,413,69,78,18,221,239,175,80,45,4,36,159,80,967,-8
2018-19,1627741,Buddy Hield,1610612758,SAC,26.0,82,39,43,2614.858333333333,623,1360,278,651,171,193,106,306,412,205,146,58,33,54,202,144,1695,0
2018-19,203710,C.J. Williams,1610612750,MIN,29.0,15,4,11,128.16666666666666,17,35,5,16,0,1,1,7,8,12,5,6,0,1,16,3,39,-49
2018-19,203468,CJ McCollum,1610612757,POR,27.0,70,43,27,2375.2566666666667,571,1243,167,445,159,192,62,220,282,207,106,55,28,64,172,166,1468,349
2018-19,101139,CJ Miles,1610612763,MEM,32.0,53,33,20,856.595,112,311,67,203,48,58,13,82,95,36,30,26,15,17,79,47,339,-16
2018-19,1628403,Caleb Swanigan,1610612758,SAC,22.0,21,10,11,178.03333333333333,18,53,1,7,6,9,17,47,64,11,18,6,1,6,28,15,43,-61
2018-19,1629244,Cam Reynolds,1610612750,MIN,24.0,19,6,13,259.4483333333333,33,78,21,51,8,9,4,27,31,13,5,6,2,3,26,8,95,-26
2018-19,1626166,Cameron Payne,1610612739,CLE,24.0,40,7,33,712.225,96,223,25,84,33,41,13,59,72,106,45,28,9,6,64,42,250,-224
2018-19,1627747,Caris LeVert,1610612751,BKN,24.0,40,19,21,1062.8866666666668,207,483,48,154,85,123,35,116,151,156,69,42,14,28,77,111,547,-12
2018-19,2546,Carmelo Anthony,1610612745,HOU,35.0,10,4,6,294.14166666666665,49,121,21,64,15,22,9,45,54,5,8,4,7,4,32,21,134,-63
2018-19,1626224,Cedi Osman,1610612739,CLE,24.0,76,17,59,2443.911666666667,360,844,130,374,141,181,45,312,357,195,114,60,11,49,195,170,991,-641
2018-19,1628990,Chandler Hutchison,1610612741,CHI,23.0,44,10,34,894.615,96,209,14,50,23,38,31,154,185,34,25,23,6,11,59,46,229,-115
2018-19,202718,Chandler Parsons,1610612763,MEM,30.0,25,11,14,495.77,68,182,29,94,22,25,4,66,70,43,32,19,5,7,45,27,187,-46
2018-19,101112,Channing Frye,1610612739,CLE,36.0,36,7,29,340.995,43,117,32,79,11,14,4,48,52,20,13,6,5,3,44,16,129,-146
2018-19,1626184,Chasson Randle,1610612764,WAS,26.0,49,19,30,742.91,91,217,46,115,43,62,10,46,56,97,43,25,3,16,91,56,271,-110
2018-19,1627767,Cheick Diallo,1610612740,NOP,22.0,64,27,37,895.645,168,271,1,4,50,67,75,257,332,33,49,29,33,20,113,62,387,-88
2018-19,1629002,Chimezie Metu,1610612759,SAS,22.0,29,14,15,145.44,19,58,0,2,13,17,9,27,36,13,15,6,2,3,14,11,51,-1
2018-19,1628449,Chris Boucher,1610612761,TOR,26.0,28,21,7,163.16166666666666,34,76,12,37,13,15,16,40,56,2,7,6,24,7,31,15,93,-13
2018-19,1629185,Chris Chiozza,1610612745,HOU,23.0,7,6,1,32.53333333333333,2,8,2,5,0,0,1,3,4,4,1,1,1,1,2,1,6,-12
2018-19,101108,Chris Paul,1610612745,HOU,34.0,58,39,19,1856.775,302,720,127,355,175,203,36,229,265,473,152,114,18,15,146,184,906,300
2018-19,1626174,Christian Wood,1610612740,NOP,23.0,21,13,8,250.305,61,117,9,26,41,56,17,66,83,8,17,7,10,5,17,36,172,-53
2018-19,203991,Clint Capela,1610612745,HOU,25.0,67,44,23,2248.7283333333335,474,732,0,0,166,261,298,550,848,96,94,44,102,62,168,224,1114,232
2018-19,203469,Cody Zeller,1610612766,CHA,26.0,49,22,27,1242.9633333333334,190,345,6,22,111,141,110,223,333,102,62,38,41,42,164,152,497,42
2018-19,1629012,Collin Sexton,1610612739,CLE,20.0,82,19,63,2605.0233333333335,519,1206,119,296,214,255,57,179,236,243,185,44,6,101,186,257,1371,-672
2018-19,201147,Corey Brewer,1610612758,SAC,33.0,31,13,18,491.5683333333333,53,123,14,44,31,43,26,50,76,39,19,32,7,10,63,33,151,1
2018-19,202709,Cory Joseph,1610612754,IND,27.0,82,48,34,2063.4816666666666,226,548,55,171,30,43,39,240,279,321,80,94,22,22,131,92,537,211
2018-19,201584,Courtney Lee,1610612742,DAL,33.0,34,6,28,428.23,53,129,16,55,14,21,9,45,54,37,14,21,3,5,32,21,136,-56
2018-19,1626245,Cristiano Felicio,1610612741,CHI,26.0,60,16,44,746.3966666666666,95,179,0,4,50,73,79,139,218,37,33,11,7,24,69,67,240,-130
2018-19,1626156,D'Angelo Russell,1610612751,BKN,23.0,81,42,39,2447.955,659,1517,234,635,160,205,53,262,315,563,253,100,20,44,141,188,1712,22
2018-19,201571,D.J. Augustin,1610612753,ORL,31.0,81,42,39,2268.9616666666666,318,677,131,311,181,209,41,162,203,426,128,52,4,42,115,203,948,169
2018-19,1628391,D.J. Wilson,1610612749,MIL,23.0,48,37,11,882.0383333333333,104,251,46,127,26,47,45,177,222,52,32,18,20,11,85,42,280,81
2018-19,203474,DJ Stephens,1610612763,MEM,28.0,1,0,1,6.733333333333333,1,2,0,0,0,0,0,0,0,0,1,1,0,1,0,0,2,-3
2018-19,1629541,Dairis Bertans,1610612740,NOP,29.0,12,3,9,167.04333333333332,12,47,10,34,0,0,2,7,9,10,2,1,0,2,7,7,34,-50
2018-19,1627745,Damian Jones,1610612744,GSW,24.0,24,15,9,409.61833333333334,53,74,0,0,24,37,31,44,75,28,16,12,25,11,63,36,130,16
2018-19,203081,Damian Lillard,1610612757,POR,28.0,80,51,29,2837.7566666666667,681,1533,237,643,468,513,68,303,371,551,212,88,34,90,148,394,2067,494
2018-19,1627814,Damion Lee,1610612744,GSW,26.0,32,18,14,375.18833333333333,56,127,27,68,19,22,8,56,64,13,11,13,0,8,28,26,158,-54
2018-19,1628422,Damyean Dotson,1610612752,NYK,25.0,73,12,61,2003.805,290,698,126,342,73,98,34,228,262,135,71,58,10,16,135,86,779,-327
2018-19,1627772,Daniel Hamilton,1610612737,ATL,23.0,19,7,12,204.17166666666665,23,60,8,23,3,6,10,37,47,22,16,6,1,5,19,11,57,-26
2018-19,1628464,Daniel Theis,1610612738,BOS,27.0,66,38,28,907.58,146,266,26,67,56,76,87,138,225,68,33,21,42,15,161,72,374,131
2018-19,201568,Danilo Gallinari,1610612746,LAC,30.0,68,40,28,2059.2116666666666,409,884,161,372,367,406,54,363,417,178,99,49,23,41,129,334,1346,105
2018-19,201980,Danny Green,1610612761,TOR,32.0,80,56,24,2215.465,293,630,198,435,37,44,60,257,317,126,75,73,53,17,171,66,821,638
2018-19,201967,Dante Cunningham,1610612759,SAS,32.0,64,36,28,928.46,75,158,30,65,14,18,48,140,188,50,22,27,13,8,71,17,194,-172
2018-19,203957,Dante Exum,1610612762,UTA,23.0,42,21,21,664.0483333333333,101,241,18,62,68,86,16,52,68,110,52,14,5,19,69,75,288,48
2018-19,1627863,Danuel House Jr.,1610612745,HOU,26.0,39,27,12,978.665,118,252,74,178,56,71,25,115,140,40,35,21,11,6,80,41,366,169
2018-19,203967,Dario Saric,1610612750,MIN,25.0,81,39,42,2022.4116666666666,304,696,118,323,132,150,126,331,457,127,97,45,9,40,182,157,858,-67
2018-19,203121,Darius Miller,1610612740,NOP,29.0,69,31,38,1757.505,189,484,133,364,56,71,14,114,128,146,59,40,23,15,165,60,567,17
2018-19,201954,Darren Collison,1610612754,IND,31.0,76,45,31,2143.1783333333333,308,659,79,194,158,190,36,196,232,459,125,110,9,33,138,156,853,118
2018-19,1629133,Daryl Macon,1610612742,DAL,23.0,8,4,4,89.84666666666666,10,27,5,11,4,7,2,10,12,7,6,1,0,4,8,4,29,-6
2018-19,1628021,David Nwaba,1610612739,CLE,26.0,51,14,37,984.23,126,262,24,75,58,85,41,122,163,54,29,36,17,28,106,69,334,-77
2018-19,202722,Davis Bertans,1610612759,SAS,26.0,76,44,32,1631.7083333333333,204,453,145,338,53,60,23,241,264,100,43,35,33,8,133,68,606,257
2018-19,1628432,Davon Reed,1610612754,IND,24.0,10,4,6,46.916666666666664,5,12,2,4,0,0,2,4,6,3,1,1,0,0,3,1,12,19
2018-19,1628368,De'Aaron Fox,1610612758,SAC,21.0,81,39,42,2545.8433333333332,505,1102,86,232,303,417,43,261,304,590,227,133,45,80,204,375,1399,68
2018-19,1629001,De'Anthony Melton,1610612756,PHX,21.0,50,13,37,983.89,100,256,29,95,21,28,25,109,134,159,75,68,23,11,113,49,250,-168
2018-19,201599,DeAndre Jordan,1610612752,NYK,30.0,69,25,44,2047.1833333333334,286,446,0,0,186,264,225,677,902,156,153,42,73,31,167,249,758,-214
2018-19,1627761,DeAndre' Bembry,1610612737,ATL,24.0,82,29,53,1931.28,275,616,50,173,87,136,54,304,358,202,142,105,41,45,190,133,687,-229
2018-19,201942,DeMar DeRozan,1610612759,SAS,29.0,77,44,33,2688.1566666666668,631,1313,7,45,366,441,54,408,462,475,199,86,36,98,177,380,1635,10
2018-19,202326,DeMarcus Cousins,1610612744,GSW,28.0,30,23,7,770.5783333333334,178,371,26,95,106,144,43,204,247,107,72,40,44,32,109,173,488,65
2018-19,201960,DeMarre Carroll,1610612751,BKN,32.0,67,36,31,1703.4583333333333,227,575,106,310,184,242,68,281,349,85,73,31,10,33,114,162,744,49
2018-19,1629152,DeVaughn Akoon-Purcell,1610612743,DEN,26.0,7,7,0,21.64666666666667,3,10,0,4,1,2,1,3,4,6,2,2,0,1,4,1,7,1
2018-19,1629028,Deandre Ayton,1610612756,PHX,20.0,71,17,54,2182.6883333333335,509,870,0,4,141,189,223,506,729,125,126,61,67,43,209,198,1159,-383
2018-19,1626153,Delon Wright,1610612763,MEM,27.0,75,45,30,1698.4366666666667,242,558,50,168,119,150,68,198,266,248,77,88,30,40,103,137,653,3
2018-19,1627743,Demetrius Jackson,1610612755,PHI,24.0,6,5,1,39.45166666666667,8,15,2,6,4,4,2,1,3,5,1,2,0,1,4,4,22,-11
2018-19,1629061,Deng Adel,1610612739,CLE,22.0,19,4,15,194.17,11,36,6,23,4,4,3,16,19,5,6,1,4,1,13,7,32,-31
2018-19,203471,Dennis Schröder,1610612760,OKC,25.0,79,47,32,2313.7516666666666,457,1104,124,364,186,227,38,246,284,323,172,65,12,78,189,219,1224,167
2018-19,1628372,Dennis Smith Jr.,1610612752,NYK,21.0,53,21,32,1508.475,278,650,67,208,99,156,32,123,155,252,154,67,20,53,129,118,722,-152
2018-19,1629126,Deonte Burton,1610612760,OKC,25.0,32,21,11,239.88166666666666,33,82,8,27,8,12,4,24,28,9,9,6,8,7,31,18,82,27
2018-19,202324,Derrick Favors,1610612762,UTA,27.0,76,46,30,1766.4716666666666,363,619,17,78,154,228,207,353,560,89,84,56,106,41,163,176,897,186
2018-19,1627884,Derrick Jones Jr.,1610612748,MIA,22.0,60,31,29,1153.5366666666666,160,324,28,91,74,122,96,144,240,37,43,46,42,26,123,101,422,-22
2018-19,201565,Derrick Rose,1610612750,MIN,30.0,51,24,27,1392.1616666666666,363,753,54,146,137,160,33,107,140,220,82,31,12,52,57,121,917,36
2018-19,1628401,Derrick White,1610612759,SAS,24.0,67,41,26,1727.9733333333334,260,543,48,142,95,123,35,212,247,263,97,67,47,33,145,138,663,152
2018-19,1626164,Devin Booker,1610612756,PHX,22.0,64,15,49,2242.1183333333333,586,1255,135,414,393,454,39,226,265,433,264,56,13,76,200,391,1700,-331
2018-19,2734,Devin Harris,1610612742,DAL,36.0,68,28,40,1070.59,132,347,62,200,102,134,12,100,112,122,56,35,16,19,133,126,428,-94
2018-19,1628421,Devin Robinson,1610612764,WAS,24.0,7,1,6,94.51666666666667,19,32,0,2,9,14,6,14,20,6,2,4,6,0,11,12,47,-9
2018-19,1628984,Devonte' Graham,1610612766,CHA,24.0,46,18,28,676.095,74,216,34,121,35,46,10,53,63,121,30,23,2,12,48,50,217,-100
2018-19,203473,Dewayne Dedmon,1610612737,ATL,29.0,64,24,40,1609.2066666666667,259,526,83,217,92,113,105,375,480,90,84,69,71,25,214,100,693,-173
2018-19,1627738,Deyonta Davis,1610612737,ATL,22.0,9,3,6,118.435,15,22,0,1,6,10,10,26,36,5,3,3,5,0,12,6,36,-22
2018-19,1628415,Dillon Brooks,1610612763,MEM,23.0,18,9,9,329.895,49,122,15,40,22,30,9,22,31,16,19,10,4,12,50,23,135,-16
2018-19,203079,Dion Waiters,1610612748,MIA,27.0,44,20,24,1137.9033333333334,198,478,109,289,22,44,7,109,116,121,64,29,9,22,72,46,527,-38
2018-19,1717,Dirk Nowitzki,1610612742,DAL,41.0,51,17,34,795.14,135,376,64,205,39,50,5,153,158,35,18,9,18,2,76,40,373,-65
2018-19,1627734,Domantas Sabonis,1610612754,IND,23.0,74,43,31,1838.4466666666667,413,700,9,17,208,291,186,504,690,212,160,48,30,33,239,287,1043,195
2018-19,202700,Donatas Motiejunas,1610612759,SAS,28.0,3,3,0,12.783333333333333,3,6,0,0,0,2,2,1,3,1,3,0,1,1,6,1,6,-16
2018-19,1628378,Donovan Mitchell,1610612762,UTA,22.0,77,49,28,2598.2716666666665,661,1530,188,519,319,396,59,257,316,322,218,106,31,96,208,295,1829,371
2018-19,1628978,Donte DiVincenzo,1610612749,MIL,22.0,27,20,7,411.2866666666667,50,124,22,83,9,12,16,49,65,31,19,13,6,3,38,24,131,107
2018-19,1629055,Donte Grantham,1610612760,OKC,24.0,3,2,1,2.4316666666666666,0,2,0,2,0,0,0,0,0,0,0,0,0,0,0,0,0,-2
2018-19,1627827,Dorian Finney-Smith,1610612742,DAL,26.0,81,33,48,1985.2833333333333,228,528,79,254,73,103,138,251,389,95,74,69,36,32,186,92,608,-88
2018-19,203926,Doug McDermott,1610612754,IND,27.0,77,43,34,1339.665,207,422,84,206,66,79,17,92,109,67,42,18,8,24,104,51,564,132
2018-19,1627733,Dragan Bender,1610612756,PHX,21.0,46,9,37,826.2083333333334,88,197,22,101,32,54,34,149,183,56,37,18,22,4,90,53,230,-159
2018-19,203110,Draymond Green,1610612744,GSW,29.0,66,48,18,2064.693333333333,188,422,47,165,63,91,60,421,481,454,169,95,70,17,197,125,486,462
2018-19,1629234,Drew Eubanks,1610612759,SAS,22.0,23,13,10,113.41,15,26,0,0,11,13,6,28,34,7,8,2,5,1,11,10,41,-21
2018-19,1629130,Duncan Robinson,1610612748,MIA,25.0,15,7,8,160.93666666666667,18,46,10,35,4,6,2,17,19,5,4,5,0,1,11,5,50,-33
2018-19,1628605,Dusty Hannahs,1610612763,MEM,25.0,2,0,2,25.916666666666668,3,12,0,5,2,2,0,1,1,5,1,1,0,1,1,1,8,-10
2018-19,1628407,Dwayne Bacon,1610612766,CHA,23.0,43,20,23,758.6683333333333,122,257,38,87,34,46,8,81,89,47,18,12,5,14,72,42,316,-22
2018-19,2730,Dwight Howard,1610612764,WAS,33.0,9,4,5,229.53666666666666,43,69,0,0,29,48,24,59,83,4,16,7,4,8,34,48,115,-50
2018-19,203939,Dwight Powell,1610612742,DAL,27.0,77,31,46,1662.535,290,486,39,127,196,254,140,271,411,112,67,44,50,27,201,256,815,15
2018-19,2548,Dwyane Wade,1610612748,MIA,37.0,72,35,37,1885.2266666666667,416,960,86,261,165,233,69,216,285,301,166,59,38,34,118,158,1083,-68
2018-19,1629058,Dzanan Musa,1610612751,BKN,20.0,9,4,5,39.288333333333334,9,22,1,10,0,2,1,4,5,2,4,2,0,1,1,1,19,10
2018-19,202734,E'Twaun Moore,1610612740,NOP,30.0,53,21,32,1463.0133333333333,256,532,76,176,45,59,35,92,127,102,59,40,8,27,112,51,633,9
2018-19,202334,Ed Davis,1610612751,BKN,30.0,81,42,39,1446.0116666666668,186,302,0,2,100,162,216,478,694,61,64,35,33,24,226,144,472,94
2018-19,1628410,Edmond Sumner,1610612754,IND,23.0,23,14,9,209.83833333333334,22,64,7,27,15,24,9,15,24,10,10,12,5,4,26,19,66,-33
2018-19,202327,Ekpe Udoh,1610612762,UTA,32.0,51,35,16,320.01166666666666,50,72,0,0,19,30,27,63,90,28,13,10,31,4,36,26,119,-51
2018-19,203901,Elfrid Payton,1610612740,NOP,25.0,42,18,24,1249.7733333333333,179,412,33,105,55,74,49,171,220,320,112,44,17,46,81,77,446,-69
2018-19,1629059,Elie Okobo,1610612756,PHX,21.0,53,7,46,958.19,114,290,39,132,37,47,12,86,98,127,69,32,7,13,109,44,304,-212
2018-19,1629150,Emanuel Terry,1610612748,MIA,22.0,3,0,3,22.731666666666666,4,7,0,0,2,4,3,4,7,2,2,3,0,1,4,3,10,4
2018-19,1626144,Emmanuel Mudiay,1610612752,NYK,23.0,59,13,46,1607.0616666666667,330,740,69,210,144,186,33,163,196,228,140,43,19,56,103,140,873,-357
2018-19,202683,Enes Freedom,1610612757,POR,27.0,67,28,39,1639.3783333333333,375,683,10,34,155,197,257,402,659,116,118,32,26,58,167,198,915,-188
2018-19,202339,Eric Bledsoe,1610612749,MIL,29.0,78,59,19,2271.705,470,971,124,377,177,236,82,280,362,430,165,116,29,50,156,223,1241,561
2018-19,201569,Eric Gordon,1610612745,HOU,30.0,68,44,24,2158.01,384,938,216,600,119,152,17,131,148,129,90,41,27,67,143,126,1103,348
2018-19,203961,Eric Moreland,1610612761,TOR,27.0,5,3,2,43.20666666666666,3,7,1,1,0,0,4,16,20,4,5,1,1,1,9,0,7,-17
2018-19,101141,Ersan Ilyasova,1610612749,MIL,32.0,67,49,18,1231.3133333333333,167,381,58,160,61,74,94,208,302,52,48,32,20,20,172,114,453,239
2018-19,203095,Evan Fournier,1610612753,ORL,26.0,81,42,39,2553.2816666666668,468,1069,153,450,137,170,38,220,258,295,154,71,12,47,225,168,1226,95
2018-19,202323,Evan Turner,1610612757,POR,30.0,73,47,26,1605.7133333333334,204,443,11,52,75,106,37,291,328,283,114,33,18,27,110,106,494,30
2018-19,1628402,Frank Jackson,1610612740,NOP,21.0,61,22,39,1168.8633333333332,194,447,53,169,54,73,25,109,134,69,48,25,2,23,92,65,495,-135
2018-19,1626163,Frank Kaminsky,1610612766,CHA,26.0,47,22,25,754.69,138,298,50,139,79,107,39,124,163,63,41,12,12,12,68,80,405,42
2018-19,1628412,Frank Mason III,1610612758,SAC,25.0,38,16,22,435.47833333333335,71,169,14,64,39,57,6,37,43,84,36,16,4,12,34,50,195,-146
2018-19,1628373,Frank Ntilikina,1610612752,NYK,20.0,43,9,34,903.6033333333334,95,282,33,115,23,30,12,75,87,121,56,30,14,10,104,39,246,-185
2018-19,1627832,Fred VanVleet,1610612761,TOR,25.0,64,46,18,1760.2533333333333,246,600,112,296,97,115,21,146,167,307,82,57,20,39,110,116,701,298
2018-19,1627788,Furkan Korkmaz,1610612755,PHI,21.0,48,30,18,679.2316666666667,98,245,47,144,36,44,16,91,107,52,25,29,2,9,62,42,279,61
2018-19,202066,Garrett Temple,1610612746,LAC,33.0,75,37,38,2040.5916666666667,208,493,90,264,80,107,28,188,216,106,70,76,30,23,204,109,586,-84
2018-19,1629109,Gary Clark,1610612745,HOU,24.0,51,33,18,640.6066666666667,50,151,41,138,7,7,24,92,116,18,7,20,26,3,47,18,148,26
2018-19,203914,Gary Harris,1610612743,DEN,24.0,57,38,19,1639.2433333333333,270,637,82,242,115,144,41,119,160,127,68,55,19,42,113,122,737,226
2018-19,1627780,Gary Payton II,1610612764,WAS,26.0,3,2,1,15.916666666666666,5,8,1,2,0,0,1,1,2,4,1,3,1,0,2,0,11,11
2018-19,1629018,Gary Trent Jr.,1610612757,POR,20.0,15,14,1,110.55,16,50,5,21,3,7,1,10,11,5,4,1,2,2,4,7,40,-8
2018-19,201588,George Hill,1610612749,MIL,33.0,60,39,21,1302.305,170,376,48,153,70,85,39,109,148,135,51,52,8,19,102,89,458,144
2018-19,1628994,George King,1610612756,PHX,25.0,1,0,1,5.9,0,0,0,0,0,0,0,1,1,0,0,0,0,0,0,0,0,-9
2018-19,1627777,Georges Niang,1610612762,UTA,26.0,59,41,18,516.3483333333334,86,181,43,105,20,24,11,76,87,35,23,10,6,11,57,19,235,-93
2018-19,101123,Gerald Green,1610612745,HOU,33.0,73,47,26,1472.9816666666666,231,578,156,441,57,68,30,152,182,40,55,33,27,13,126,49,675,131
2018-19,203507,Giannis Antetokounmpo,1610612749,MIL,24.0,72,56,16,2358.221666666667,721,1247,52,203,500,686,159,739,898,424,268,92,110,100,232,554,1994,652
2018-19,203922,Glenn Robinson III,1610612765,DET,25.0,47,24,23,610.1116666666667,74,176,18,62,32,40,17,54,71,21,18,14,8,14,45,34,198,-11
2018-19,201609,Goran Dragic,1610612748,MIA,33.0,36,16,20,990.5166666666667,179,433,57,164,79,101,20,91,111,174,71,30,5,25,81,76,494,42
2018-19,202330,Gordon Hayward,1610612738,BOS,29.0,72,44,28,1863.3383333333334,296,635,77,231,156,187,51,271,322,244,105,62,23,27,104,182,825,213
2018-19,203476,Gorgui Dieng,1610612750,MIN,29.0,76,33,43,1031.2216666666666,189,377,19,56,88,106,81,230,311,72,57,48,41,21,134,104,485,-117
2018-19,1628960,Grayson Allen,1610612762,UTA,23.0,38,22,16,416.29333333333335,67,178,32,99,45,60,3,20,23,25,33,6,6,6,47,47,211,-116
2018-19,202328,Greg Monroe,1610612755,PHI,29.0,43,28,15,479.9166666666667,92,189,1,5,45,72,67,105,172,24,32,14,8,19,66,52,230,-72
2018-19,1627824,Guerschon Yabusele,1610612738,BOS,23.0,41,27,14,250.80333333333334,35,77,9,28,15,22,23,30,53,15,15,8,7,4,32,17,94,-18
2018-19,1628977,Hamidou Diallo,1610612760,OKC,20.0,51,29,22,526.28,75,165,4,24,36,59,38,59,97,17,23,21,10,13,77,51,190,-76
2018-19,203084,Harrison Barnes,1610612758,SAC,27.0,77,34,43,2532.5933333333332,431,1027,174,441,229,278,57,304,361,115,98,50,13,49,122,200,1265,-54
2018-19,1628385,Harry Giles III,1610612758,SAC,21.0,58,26,32,819.99,175,348,0,6,58,91,66,156,222,85,73,31,22,12,150,99,408,-106
2018-19,202355,Hassan Whiteside,1610612748,MIA,30.0,72,33,39,1674.2266666666667,388,680,2,16,109,243,257,560,817,56,97,46,136,50,192,226,887,19
2018-19,1629312,Haywood Highsmith,1610612755,PHI,22.0,5,2,3,39.78333333333333,4,10,1,5,0,2,0,5,5,2,1,1,0,1,1,1,9,-23
2018-19,1627740,Henry Ellenson,1610612752,NYK,22.0,19,4,15,259.1066666666667,39,95,17,38,19,25,5,61,66,16,9,7,2,5,27,24,114,-10
2018-19,203546,Ian Clark,1610612740,NOP,28.0,60,24,36,972.5783333333334,151,383,66,202,33,37,13,76,89,94,58,22,8,21,95,39,401,-55
2018-19,101133,Ian Mahinmi,1610612764,WAS,32.0,34,12,22,497.76666666666665,47,104,3,16,42,61,48,80,128,25,21,25,16,9,84,58,139,-34
2018-19,1628387,Ike Anigbogu,1610612754,IND,20.0,3,2,1,6.15,0,3,0,0,0,0,1,2,3,1,1,0,1,0,0,0,0,-2
2018-19,202697,Iman Shumpert,1610612745,HOU,29.0,62,39,23,1480.8,167,446,95,273,36,45,27,156,183,112,50,59,24,13,127,78,465,-46
2018-19,1629067,Isaac Bonga,1610612747,LAL,19.0,22,7,15,120.025,5,33,0,8,9,15,9,16,25,15,6,9,4,5,9,10,19,13
2018-19,1629353,Isaac Humphries,1610612737,ATL,21.0,5,1,4,56.43333333333333,6,21,3,11,0,0,4,7,11,0,0,1,0,4,7,3,15,-22
2018-19,1628515,Isaiah Briscoe,1610612753,ORL,23.0,39,17,22,559.23,55,138,11,34,15,26,5,69,74,87,31,11,2,7,66,52,136,20
2018-19,203477,Isaiah Canaan,1610612749,MIL,28.0,30,10,20,627.9233333333333,64,164,34,96,19,24,6,52,58,84,35,14,2,11,52,30,181,-174
2018-19,1628392,Isaiah Hartenstein,1610612745,HOU,21.0,28,15,13,221.26,20,41,2,6,11,14,21,26,47,15,13,7,12,6,56,14,53,39
2018-19,1628439,Isaiah Hicks,1610612752,NYK,24.0,3,1,2,32.333333333333336,4,8,0,0,4,5,2,5,7,2,1,1,3,0,5,5,12,-2
2018-19,202738,Isaiah Thomas,1610612743,DEN,30.0,12,6,6,180.78,34,99,12,43,17,27,5,8,13,23,18,5,1,8,17,23,97,-22
2018-19,202397,Ish Smith,1610612765,DET,30.0,56,33,23,1250.99,205,489,44,135,47,62,23,122,145,203,61,28,11,21,109,68,501,83
2018-19,1628397,Ivan Rabb,1610612763,MEM,22.0,49,20,29,720.6816666666666,116,212,3,15,49,69,70,136,206,54,35,17,14,7,90,85,284,-94
2018-19,1627826,Ivica Zubac,1610612746,LAC,22.0,59,32,27,1039.2,212,379,0,0,101,126,115,247,362,63,70,14,51,47,137,112,525,41
2018-19,200826,J.J. Barea,1610612742,DAL,35.0,38,20,18,751.8083333333333,161,385,38,128,55,78,13,82,95,211,72,22,1,13,50,83,415,58
2018-19,1629122,J.P. Macura,1610612766,CHA,24.0,2,1,1,16.833333333333332,3,9,0,4,0,0,0,3,3,2,0,0,0,1,0,1,6,1
2018-19,200755,JJ Redick,1610612755,PHI,35.0,76,49,27,2379.116666666667,452,1027,240,605,228,255,20,166,186,206,101,32,17,20,129,189,1372,307
2018-19,2747,JR Smith,1610612739,CLE,33.0,11,1,10,222.335,27,79,12,39,8,10,0,18,18,21,11,11,3,0,19,10,74,-14
2018-19,203960,JaKarr Sampson,1610612741,CHI,26.0,4,1,3,127.26666666666667,29,54,5,14,17,21,5,27,32,4,4,4,3,5,8,11,80,-7
2018-19,203210,JaMychal Green,1610612746,LAC,29.0,65,31,34,1370.5833333333333,230,476,71,176,80,101,104,305,409,50,87,45,34,37,193,93,611,-214
2018-19,201580,JaVale McGee,1610612747,LAL,31.0,75,35,40,1670.6933333333334,400,641,1,12,96,152,195,371,566,52,108,47,148,21,208,158,897,-158
2018-19,203953,Jabari Parker,1610612764,WAS,24.0,64,18,46,1724.2716666666668,369,749,61,195,131,184,79,342,421,152,151,46,30,54,145,155,930,-204
2018-19,1628980,Jacob Evans,1610612744,GSW,22.0,30,21,9,203.59666666666666,18,53,4,15,0,1,6,19,25,23,11,5,3,3,28,5,40,-35
2018-19,203109,Jae Crowder,1610612762,UTA,28.0,80,48,32,2165.7316666666666,318,797,173,522,142,197,60,324,384,133,85,64,31,27,170,170,951,227
2018-19,1626143,Jahlil Okafor,1610612740,NOP,23.0,59,23,36,934.8483333333334,212,362,1,5,59,89,82,196,278,40,52,15,40,30,96,97,484,-118
2018-19,1627774,Jake Layman,1610612757,POR,25.0,71,46,25,1326.9366666666667,216,424,59,181,50,71,56,161,217,53,46,31,30,17,116,83,541,71
2018-19,1627751,Jakob Poeltl,1610612759,SAS,23.0,77,43,34,1272.655,187,290,0,0,49,92,178,232,410,93,48,29,68,19,124,89,423,88
2018-19,1628973,Jalen Brunson,1610612742,DAL,22.0,73,27,46,1591.2583333333334,264,565,63,181,87,120,25,144,169,230,88,37,4,43,127,158,678,-83
2018-19,1627883,Jalen Jones,1610612739,CLE,26.0,16,3,13,214.12333333333333,26,62,10,28,19,27,11,23,34,7,8,9,2,2,27,18,81,-25
2018-19,2037,Jamal Crawford,1610612756,PHX,39.0,64,13,51,1210.9116666666666,174,438,67,202,93,110,8,77,85,229,99,33,12,8,75,91,508,-377
2018-19,1627750,Jamal Murray,1610612743,DEN,22.0,75,49,26,2447.3116666666665,513,1173,152,414,189,223,65,252,317,363,158,67,27,51,153,204,1367,245
2018-19,203516,James Ennis III,1610612755,PHI,28.0,58,35,23,1229.6383333333333,138,294,55,156,58,81,60,122,182,41,34,41,23,13,150,68,389,-8
2018-19,201935,James Harden,1610612745,HOU,29.0,78,51,27,2866.725,843,1909,378,1028,754,858,66,452,518,586,387,158,58,112,244,564,2818,357
2018-19,201949,James Johnson,1610612748,MIA,32.0,55,27,28,1163.8383333333334,164,379,50,149,50,70,22,154,176,135,74,35,27,15,114,59,428,-105
2018-19,203263,James Nunnally,1610612745,HOU,28.0,15,8,7,101.49333333333334,12,34,8,25,4,4,0,5,5,7,1,1,0,1,10,3,36,-24
2018-19,201162,Jared Dudley,1610612751,BKN,33.0,59,28,31,1219.6483333333333,101,239,53,151,32,46,34,121,155,83,43,36,16,11,131,72,287,35
2018-19,1629123,Jared Terrell,1610612750,MIN,24.0,14,4,10,110.92166666666667,12,39,4,17,3,6,1,5,6,12,10,3,2,2,16,3,31,-27
2018-19,1626185,Jarell Martin,1610612753,ORL,25.0,42,20,22,327.88,43,104,20,57,9,11,11,62,73,18,11,3,8,6,51,17,115,31
2018-19,1628991,Jaren Jackson Jr.,1610612763,MEM,19.0,58,23,35,1514.6883333333333,298,589,51,142,151,197,73,199,272,64,98,52,82,41,220,205,798,-103
2018-19,1628417,Jaron Blossomgame,1610612739,CLE,25.0,27,4,23,439.16,47,106,10,39,10,13,26,72,98,13,11,7,8,7,20,17,114,-43
2018-19,1629020,Jarred Vanderbilt,1610612743,DEN,20.0,17,10,7,69.18666666666667,9,19,0,1,6,10,7,16,23,3,8,6,1,3,8,7,24,10
2018-19,1628386,Jarrett Allen,1610612751,BKN,21.0,80,42,38,2095.97,335,568,6,45,197,278,191,481,672,110,103,43,120,48,184,268,873,-119
2018-19,201160,Jason Smith,1610612740,NOP,33.0,20,10,10,190.51666666666668,21,59,9,26,14,16,16,36,52,14,13,3,7,2,30,13,65,-49
2018-19,1628393,Jawun Evans,1610612760,OKC,22.0,8,4,4,64.34833333333333,3,14,0,3,0,0,1,11,12,10,6,3,0,1,8,3,6,-51
2018-19,1629121,Jaylen Adams,1610612737,ATL,23.0,34,13,21,427.5883333333333,38,110,25,74,7,9,11,49,60,65,28,14,5,7,45,13,108,-57
2018-19,1627759,Jaylen Brown,1610612738,BOS,22.0,74,41,33,1913.3516666666667,368,792,95,276,133,202,65,248,313,100,99,69,32,43,186,171,964,66
2018-19,1628537,Jaylen Morris,1610612749,MIL,23.0,4,4,0,28.513333333333332,4,10,1,3,1,2,0,5,5,4,1,2,0,1,1,1,10,12
2018-19,1628369,Jayson Tatum,1610612738,BOS,21.0,79,48,31,2454.6966666666667,466,1036,116,311,195,228,70,407,477,168,122,84,57,49,168,204,1243,360
2018-19,201145,Jeff Green,1610612764,WAS,32.0,77,29,48,2096.6883333333335,326,687,111,320,183,206,57,252,309,137,101,43,39,25,160,173,946,-94
2018-19,201952,Jeff Teague,1610612750,MIN,31.0,42,23,19,1264.035,176,416,35,105,123,153,16,90,106,343,97,43,18,31,90,121,510,0
2018-19,1629203,Jemerrio Jones,1610612747,LAL,24.0,6,3,3,143.11666666666667,12,33,2,10,1,2,16,33,49,13,5,7,5,4,10,3,27,28
2018-19,203924,Jerami Grant,1610612760,OKC,25.0,80,48,32,2612.26,409,823,115,293,157,221,96,321,417,79,67,61,100,63,214,212,1090,300
2018-19,203087,Jeremy Lamb,1610612766,CHA,27.0,79,38,41,2250.09,431,979,115,330,231,260,65,369,434,172,80,88,32,45,140,210,1208,49
2018-19,202391,Jeremy Lin,1610612761,TOR,30.0,74,31,43,1436.3133333333333,238,541,55,187,176,210,22,157,179,231,124,47,13,35,144,228,707,-184
2018-19,1626170,Jerian Grant,1610612753,ORL,26.0,60,28,32,938.7733333333333,92,220,40,110,26,40,19,79,98,156,51,44,6,8,78,62,250,-148
2018-19,1629010,Jerome Robinson,1610612746,LAC,22.0,33,18,15,320.52,44,110,18,57,6,9,3,38,41,19,13,11,3,9,46,12,112,-23
2018-19,201573,Jerryd Bayless,1610612750,MIN,30.0,34,15,19,656.9966666666667,82,230,29,98,16,28,11,51,62,119,32,18,2,8,56,26,209,-161
2018-19,1628975,Jevon Carter,1610612763,MEM,23.0,39,9,30,576.5016666666667,56,185,34,102,26,32,14,52,66,69,33,26,11,6,55,28,172,-89
2018-19,202690,Jimmer Fredette,1610612756,PHX,30.0,6,1,5,64.76666666666667,8,29,0,13,6,6,1,6,7,8,5,3,0,1,5,3,22,-38
2018-19,202710,Jimmy Butler III,1610612755,PHI,29.0,65,38,27,2184.9766666666665,418,904,67,193,312,365,121,221,342,263,95,123,39,43,111,274,1215,160
2018-19,201149,Joakim Noah,1610612763,MEM,34.0,42,14,28,692.485,110,213,0,1,78,109,58,180,238,89,50,20,31,24,96,83,298,4
2018-19,201975,Jodie Meeks,1610612761,TOR,31.0,8,7,1,104.04,21,39,8,18,1,1,1,11,12,8,2,1,1,2,5,2,51,13
2018-19,1629147,Joe Chealey,1610612766,CHA,23.0,1,0,1,7.75,1,3,0,0,0,0,0,0,0,1,0,0,0,1,1,0,2,-3
2018-19,203925,Joe Harris,1610612751,BKN,27.0,76,41,35,2293.5216666666665,374,748,183,386,110,133,52,239,291,181,121,38,17,67,182,121,1041,-78
2018-19,204060,Joe Ingles,1610612762,UTA,31.0,82,50,32,2567.5666666666666,359,802,189,483,87,123,35,295,330,469,193,98,20,31,180,172,994,428
2018-19,203954,Joel Embiid,1610612755,PHI,25.0,64,43,21,2154.305,580,1199,79,263,522,649,160,711,871,234,226,46,122,76,211,493,1761,373
2018-19,1628381,John Collins,1610612737,ATL,21.0,61,24,37,1828.4016666666666,465,831,55,158,203,266,219,376,595,121,120,22,39,65,199,230,1188,-76
2018-19,203089,John Henson,1610612739,CLE,28.0,14,10,4,188.40833333333333,31,67,11,31,6,10,16,55,71,14,12,7,11,1,16,9,79,1
2018-19,204066,John Holland,1610612739,CLE,30.0,1,0,1,0.7366666666666667,0,0,0,0,0,0,0,0,0,0,0,0,0,0,0,0,0,1
2018-19,203098,John Jenkins,1610612752,NYK,28.0,26,8,18,333.105,42,105,22,58,15,18,6,31,37,22,9,0,2,4,10,16,121,-49
2018-19,202322,John Wall,1610612764,WAS,28.0,32,11,21,1103.78,245,552,51,169,122,175,15,101,116,279,121,49,29,36,71,131,663,-152
2018-19,1628405,Johnathan Motley,1610612746,LAC,24.0,22,12,10,156.01833333333335,39,73,0,3,24,40,18,33,51,11,16,5,3,4,27,24,102,-34
2018-19,1629140,Johnathan Williams,1610612747,LAL,24.0,24,10,14,371.7033333333333,65,110,0,2,27,48,48,51,99,13,16,8,7,11,62,45,157,55
2018-19,202720,Jon Leuer,1610612765,DET,30.0,41,16,25,402.36833333333334,66,113,1,11,23,31,27,70,97,14,23,12,4,7,60,34,156,-116
2018-19,1628413,Jonah Bolden,1610612755,PHI,23.0,44,24,20,638.6716666666666,80,162,34,96,13,27,47,118,165,40,36,17,39,6,99,21,207,-29
2018-19,201973,Jonas Jerebko,1610612744,GSW,32.0,73,52,21,1217.9633333333334,163,355,69,188,64,80,72,216,288,96,43,27,18,13,137,75,459,56
2018-19,202685,Jonas Valančiūnas,1610612763,MEM,27.0,49,31,18,1091.1733333333334,301,538,14,48,147,185,106,313,419,70,90,19,53,41,146,149,763,71
2018-19,1628371,Jonathan Isaac,1610612753,ORL,21.0,75,37,38,1996.1833333333334,262,611,86,266,110,135,99,312,411,80,75,59,98,28,143,132,720,8
2018-19,203613,Jonathon Simmons,1610612755,PHI,29.0,56,25,31,1064.265,133,350,28,104,72,97,27,99,126,128,68,29,15,37,89,104,366,-148
2018-19,1628395,Jordan Bell,1610612744,GSW,24.0,68,46,22,788.29,99,192,0,2,25,41,55,129,184,76,42,20,51,11,80,54,223,-100
2018-19,203903,Jordan Clarkson,1610612739,CLE,27.0,81,18,63,2214.48,529,1180,144,445,162,192,82,188,270,196,135,57,13,55,112,168,1364,-350
2018-19,1628070,Jordan Loyd,1610612761,TOR,25.0,12,11,1,54.833333333333336,8,18,4,8,9,11,1,8,9,6,2,0,0,1,5,8,29,-20
2018-19,203895,Jordan McRae,1610612764,WAS,28.0,27,9,18,332.8433333333333,61,130,10,35,28,35,6,34,40,30,15,13,7,7,26,33,160,-22
2018-19,1626296,Jordan Sibert,1610612737,ATL,26.0,1,1,0,4.233333333333333,1,1,1,1,0,0,0,0,0,0,0,0,0,0,0,0,3,-5
2018-19,101181,Jose Calderon,1610612765,DET,37.0,49,22,27,631.9633333333334,45,120,14,57,9,11,11,49,60,115,35,16,3,8,64,19,113,-172
2018-19,1628404,Josh Hart,1610612747,LAL,24.0,67,31,36,1714.815,189,464,92,274,55,80,35,213,248,93,58,64,40,31,147,87,525,0
2018-19,1628367,Josh Jackson,1610612756,PHX,22.0,79,19,60,1988.1266666666668,347,841,73,225,143,213,66,281,347,183,173,74,56,71,209,178,910,-430
2018-19,1629006,Josh Okogie,1610612750,MIN,20.0,74,32,42,1757.17,196,508,60,215,118,162,41,177,218,91,63,88,33,33,166,166,570,-51
2018-19,1626196,Josh Richardson,1610612748,MIA,25.0,73,35,38,2539.43,423,1026,164,460,199,231,54,209,263,298,113,79,34,63,200,252,1209,68
2018-19,201950,Jrue Holiday,1610612740,NOP,29.0,67,30,37,2401.9283333333333,547,1159,118,363,208,271,75,259,334,518,210,109,54,65,148,241,1420,231
2018-19,1627823,Juancho Hernangomez,1610612743,DEN,23.0,70,44,26,1358.1566666666668,138,314,66,181,66,86,64,201,265,55,37,27,24,15,94,74,408,36
2018-19,1627395,Julian Washburn,1610612763,MEM,27.0,18,7,11,253.88666666666666,16,48,5,24,3,4,8,33,41,14,7,13,2,1,16,5,40,-22
2018-19,203944,Julius Randle,1610612740,NOP,24.0,73,31,42,2231.635,571,1089,67,195,356,487,162,472,634,229,208,52,45,91,246,368,1565,-12
2018-19,1626147,Justin Anderson,1610612737,ATL,25.0,48,17,31,463.505,64,157,24,77,26,35,24,60,84,23,23,22,13,9,48,28,178,-79
2018-19,203200,Justin Holiday,1610612763,MEM,30.0,82,25,57,2606.6116666666667,300,777,162,465,95,106,46,277,323,146,104,121,36,32,164,115,857,-448
2018-19,1628382,Justin Jackson,1610612742,DAL,24.0,81,36,45,1613.25,217,485,87,245,62,79,44,168,212,96,29,32,14,5,99,75,583,-51
2018-19,1628383,Justin Patton,1610612755,PHI,22.0,3,2,1,20.6,2,7,0,2,1,2,2,4,6,3,0,2,0,0,5,1,5,-3
2018-19,1626159,Justise Winslow,1610612748,MIA,23.0,66,30,36,1959.505,324,749,96,256,86,137,63,292,355,282,142,72,19,43,177,128,830,119
2018-19,203994,Jusuf Nurkić,1610612757,POR,24.0,72,45,27,1973.5533333333333,420,826,3,29,282,365,243,505,748,233,168,71,103,66,250,307,1125,428
2018-19,1628443,Kadeem Allen,1610612752,NYK,26.0,19,3,16,415.54833333333335,65,141,17,36,42,54,8,43,51,76,26,16,4,6,46,46,189,-37
2018-19,203564,Kalin Lucas,1610612765,DET,30.0,1,0,1,5.583333333333333,0,1,0,1,2,2,0,3,3,1,0,0,0,0,1,1,2,-3
2018-19,1626157,Karl-Anthony Towns,1610612750,MIN,23.0,77,34,43,2544.66,681,1314,142,355,376,450,263,691,954,259,240,67,125,77,292,446,1880,56
2018-19,202695,Kawhi Leonard,1610612761,TOR,28.0,60,41,19,2040.1833333333334,560,1129,112,302,364,426,78,361,439,199,121,106,24,49,87,357,1596,356
2018-19,1628966,Keita Bates-Diop,1610612750,MIN,23.0,30,10,20,503.37666666666667,60,142,13,52,18,28,16,67,83,17,14,18,14,7,29,17,151,-53
2018-19,203482,Kelly Olynyk,1610612748,MIA,28.0,79,39,40,1812.2533333333333,261,564,113,319,152,185,72,303,375,140,114,53,37,23,183,200,787,106
2018-19,1626162,Kelly Oubre Jr.,1610612756,PHX,23.0,69,21,48,1934.7933333333333,375,842,108,338,189,244,71,254,325,84,103,84,59,72,181,223,1047,-274
2018-19,202689,Kemba Walker,1610612766,CHA,29.0,82,39,43,2862.605,731,1684,260,731,380,450,52,309,361,484,211,102,34,126,131,422,2102,36
2018-19,202702,Kenneth Faried,1610612745,HOU,29.0,37,21,16,728.1766666666666,156,265,8,25,64,99,97,153,250,20,33,17,23,20,82,77,384,62
2018-19,1629026,Kenrich Williams,1610612740,NOP,24.0,46,17,29,1079.22,107,279,52,156,13,19,55,164,219,83,36,45,19,17,95,46,279,-87
2018-19,203145,Kent Bazemore,1610612737,ATL,29.0,67,24,43,1643.4133333333334,278,691,96,300,127,175,37,224,261,152,121,89,42,34,170,149,779,-297
2018-19,203484,Kentavious Caldwell-Pope,1610612747,LAL,26.0,82,37,45,2035.135,325,756,151,435,137,158,48,190,238,110,65,73,13,18,137,147,938,-156
2018-19,201142,Kevin Durant,1610612744,GSW,30.0,78,54,24,2701.5316666666668,721,1383,137,388,448,506,33,464,497,457,225,58,84,38,155,381,2027,657
2018-19,1628989,Kevin Huerter,1610612737,ATL,20.0,75,27,48,2048.53,275,657,136,353,41,56,60,185,245,214,109,65,25,29,155,59,727,-119
2018-19,1628995,Kevin Knox II,1610612752,NYK,19.0,75,15,60,2157.8933333333334,338,914,125,364,162,226,61,274,335,82,114,43,24,60,175,174,963,-638
2018-19,201567,Kevin Love,1610612739,CLE,30.0,22,7,15,597.9116666666666,109,283,53,147,103,114,33,206,239,48,42,6,5,17,54,78,374,-56
2018-19,1626172,Kevon Looney,1610612744,GSW,23.0,80,56,24,1481.3233333333333,217,347,1,10,65,105,194,223,417,123,51,46,53,30,211,96,500,306
2018-19,203920,Khem Birch,1610612753,ORL,26.0,50,26,24,642.8616666666667,91,151,0,1,58,83,79,111,190,38,20,18,29,12,72,67,240,44
2018-19,203114,Khris Middleton,1610612749,MIL,27.0,77,56,21,2393.338333333333,506,1148,179,474,216,258,50,411,461,331,174,80,7,61,172,188,1407,552
2018-19,1629017,Khyri Thomas,1610612765,DET,23.0,26,13,13,195.46833333333333,22,69,10,35,7,11,4,16,20,8,4,7,5,4,22,6,61,-34
2018-19,202691,Klay Thompson,1610612744,GSW,29.0,78,55,23,2652.3333333333335,655,1402,241,599,129,158,37,262,299,186,115,84,47,40,157,168,1680,349
2018-19,1628424,Kobi Simmons,1610612739,CLE,21.0,1,0,1,1.8,0,0,0,0,0,0,0,0,0,0,0,0,0,0,0,0,0,3
2018-19,201585,Kosta Koufos,1610612758,SAC,30.0,42,21,21,501.56166666666667,73,153,0,0,10,24,52,125,177,36,27,15,18,8,68,27,156,-32
2018-19,1628961,Kostas Antetokounmpo,1610612742,DAL,21.0,2,1,1,10.566666666666666,0,3,0,0,2,4,0,1,1,0,1,2,0,1,0,2,2,3
2018-19,1627739,Kris Dunn,1610612741,CHI,25.0,46,14,32,1389.3533333333332,215,506,34,96,55,69,19,168,187,277,104,68,21,29,166,81,519,-223
2018-19,203937,Kyle Anderson,1610612763,MEM,25.0,43,19,24,1281.5266666666666,150,276,9,34,37,64,48,203,251,128,58,54,37,14,112,60,346,-59
2018-19,2594,Kyle Korver,1610612762,UTA,38.0,70,39,31,1333.89,201,483,138,348,60,73,9,153,162,81,59,25,12,18,106,64,600,130
2018-19,1628398,Kyle Kuzma,1610612747,LAL,23.0,70,33,37,2313.5816666666665,496,1087,128,422,188,250,60,322,382,178,133,41,26,68,170,197,1308,-58
2018-19,200768,Kyle Lowry,1610612761,TOR,33.0,65,47,18,2213.2933333333335,304,739,157,453,161,194,41,271,312,564,182,91,31,30,166,247,926,536
2018-19,203124,Kyle O'Quinn,1610612754,IND,29.0,45,27,18,370.71666666666664,69,136,1,12,17,21,29,90,119,56,31,9,25,6,68,21,156,5
2018-19,202681,Kyrie Irving,1610612738,BOS,27.0,67,37,30,2213.846666666667,604,1241,174,434,214,245,71,264,335,464,172,103,34,45,167,243,1596,332
2018-19,200746,LaMarcus Aldridge,1610612759,SAS,33.0,81,48,33,2686.65,684,1319,10,42,349,412,251,493,744,194,144,43,107,45,179,381,1727,90
2018-19,202362,Lance Stephenson,1610612747,LAL,28.0,68,33,35,1122.7683333333334,184,432,73,197,50,73,32,183,215,140,86,41,7,18,111,67,491,-110
2018-19,202498,Lance Thomas,1610612752,NYK,31.0,46,7,39,783.36,78,197,22,79,27,36,21,96,117,27,24,17,7,9,83,42,205,-189
2018-19,1629013,Landry Shamet,1610612746,LAC,22.0,79,51,28,1801.8933333333334,240,557,167,396,75,93,21,113,134,117,45,37,10,16,155,83,722,62
2018-19,204038,Langston Galloway,1610612765,DET,27.0,80,41,39,1745.1716666666666,228,587,135,380,81,96,49,122,171,85,24,37,8,26,135,79,672,37
2018-19,1626204,Larry Nance Jr.,1610612739,CLE,26.0,67,16,51,1795.4433333333334,249,479,33,98,96,134,168,384,552,214,97,100,40,24,192,159,627,-324
2018-19,1628374,Lauri Markkanen,1610612741,CHI,22.0,52,16,36,1682.1283333333333,342,795,120,332,170,195,74,396,470,75,85,37,33,38,122,164,974,-197
2018-19,2544,LeBron James,1610612747,LAL,34.0,55,28,27,1937.4016666666666,558,1095,111,327,278,418,57,408,465,454,197,72,33,52,94,320,1505,116
2018-19,1629022,Lonnie Walker IV,1610612759,SAS,20.0,17,12,5,117.79833333333333,16,46,5,13,8,10,0,17,17,9,4,7,3,3,7,9,45,-55
2018-19,1628366,Lonzo Ball,1610612747,LAL,21.0,47,25,22,1422.5383333333334,185,456,75,228,20,48,54,197,251,255,103,69,19,25,114,62,465,-16
2018-19,203485,Lorenzo Brown,1610612761,TOR,28.0,26,20,6,212.19166666666666,23,71,6,28,3,3,5,26,31,28,16,12,5,7,22,4,55,-34
2018-19,101150,Lou Williams,1610612746,LAC,32.0,75,47,28,1992.5883333333334,484,1138,105,291,425,485,40,182,222,402,181,57,11,73,80,351,1498,196
2018-19,201601,Luc Mbah a Moute,1610612746,LAC,32.0,4,2,2,61.0,8,18,2,6,2,5,2,5,7,2,2,1,1,2,8,3,20,11
2018-19,1629029,Luka Dončić,1610612742,DAL,20.0,72,28,44,2317.74,506,1186,168,514,346,485,86,477,563,429,247,77,25,52,137,404,1526,-118
2018-19,1628379,Luke Kennard,1610612765,DET,23.0,63,30,33,1436.63,228,520,106,269,51,61,12,171,183,114,57,26,10,17,92,60,613,52
2018-19,1628436,Luke Kornet,1610612752,NYK,23.0,46,9,37,784.0033333333333,107,283,70,193,38,46,28,107,135,54,25,27,42,6,41,51,322,-57
2018-19,2736,Luol Deng,1610612750,MIN,34.0,22,11,11,392.225,59,118,14,44,25,35,20,53,73,18,14,15,8,7,24,25,157,87
2018-19,1627781,Malachi Richardson,1610612761,TOR,23.0,22,16,6,103.42333333333333,9,29,8,25,4,5,2,11,13,0,8,1,0,2,13,5,30,-11
2018-19,1627763,Malcolm Brogdon,1610612749,MIL,26.0,64,49,15,1831.5916666666667,378,748,104,244,141,152,65,223,288,205,91,46,13,60,102,113,1001,425
2018-19,1626259,Malcolm Miller,1610612761,TOR,26.0,10,9,1,67.1,11,26,10,21,3,4,1,4,5,1,1,1,1,1,5,2,35,-8
2018-19,1627736,Malik Beasley,1610612743,DEN,22.0,81,53,28,1878.7233333333334,349,737,163,405,56,66,35,165,200,97,55,55,10,34,116,68,917,135
2018-19,1628370,Malik Monk,1610612766,CHA,21.0,73,34,39,1258.095,227,586,109,330,90,102,16,121,137,117,86,37,19,32,106,88,653,-44
2018-19,202705,MarShon Brooks,1610612763,MEM,30.0,29,15,14,386.75333333333333,76,169,15,54,23,33,12,33,45,25,21,9,4,8,33,29,190,-23
2018-19,201188,Marc Gasol,1610612761,TOR,34.0,79,39,40,2435.985,390,870,99,273,192,253,80,547,627,349,155,84,86,36,217,287,1071,160
2018-19,101162,Marcin Gortat,1610612746,LAC,35.0,47,25,22,750.4816666666667,99,186,0,0,35,48,67,194,261,65,50,6,24,16,92,65,233,-98
2018-19,201158,Marco Belinelli,1610612759,SAS,33.0,79,46,33,1815.3566666666666,285,690,147,395,112,124,16,182,198,132,72,35,8,18,121,109,829,33
2018-19,1629094,Marcus Derrickson,1610612744,GSW,23.0,11,9,2,67.32166666666667,16,33,10,20,4,5,8,5,13,1,3,0,1,1,9,3,46,-10
2018-19,202694,Marcus Morris Sr.,1610612738,BOS,29.0,75,44,31,2090.5066666666667,377,844,146,389,146,173,76,382,458,109,92,43,25,36,181,165,1046,74
2018-19,203935,Marcus Smart,1610612738,BOS,25.0,80,48,32,2199.7833333333333,239,567,126,346,104,129,57,177,234,321,123,143,28,13,201,153,708,163
2018-19,1626209,Mario Hezonja,1610612752,NYK,24.0,58,12,46,1206.27,191,464,42,152,87,114,28,211,239,88,88,57,8,29,110,102,511,-262
2018-19,1628365,Markelle Fultz,1610612753,ORL,21.0,19,12,7,426.85,65,155,4,14,21,37,26,44,70,59,25,17,5,17,52,29,155,-8
2018-19,202693,Markieff Morris,1610612760,OKC,29.0,58,24,34,1270.5266666666666,204,484,68,203,71,92,61,204,265,79,54,36,22,22,175,99,547,-161
2018-19,1627737,Marquese Chriss,1610612739,CLE,21.0,43,17,26,498.8016666666667,67,180,16,72,32,45,40,102,142,22,36,17,11,20,81,44,182,-170
2018-19,1628963,Marvin Bagley III,1610612758,SAC,20.0,62,30,32,1567.495,356,706,30,96,181,262,162,309,471,62,98,33,59,46,120,224,923,-103
2018-19,101107,Marvin Williams,1610612766,CHA,33.0,75,35,40,2133.2633333333333,275,652,140,382,66,86,76,331,407,92,47,71,61,21,156,89,756,-6
2018-19,203486,Mason Plumlee,1610612743,DEN,29.0,82,54,28,1730.92,262,442,2,10,111,198,165,359,524,243,126,66,76,34,252,201,637,72
2018-19,203521,Matthew Dellavedova,1610612739,CLE,28.0,48,20,28,812.1933333333334,98,242,44,130,42,52,6,71,77,181,68,14,2,5,75,58,282,-61
2018-19,203090,Maurice Harkless,1610612757,POR,26.0,60,37,23,1415.13,189,388,33,120,49,73,77,192,269,74,45,67,53,21,163,58,460,237
2018-19,1628467,Maxi Kleber,1610612742,DAL,27.0,71,30,41,1502.1616666666666,175,386,77,218,58,74,90,239,329,70,54,36,78,18,143,74,485,64
2018-19,1628982,Melvin Frazier Jr.,1610612753,ORL,22.0,10,8,2,44.43333333333333,7,21,0,6,1,4,3,2,5,1,1,1,0,0,6,4,15,-9
2018-19,203086,Meyers Leonard,1610612757,POR,27.0,61,35,26,877.6783333333333,132,242,50,111,43,51,49,184,233,75,43,13,9,6,105,54,357,-77
2018-19,201563,Michael Beasley,1610612747,LAL,30.0,26,11,15,277.48333333333335,75,153,3,17,28,39,13,47,60,25,27,9,10,9,42,29,181,-39
2018-19,203487,Michael Carter-Williams,1610612753,ORL,27.0,28,17,11,371.81666666666666,46,123,10,38,32,53,19,51,70,70,20,20,15,8,48,55,134,3
2018-19,203077,Michael Kidd-Gilchrist,1610612766,CHA,25.0,64,29,35,1179.1633333333334,158,332,16,47,95,123,88,158,246,61,43,32,39,38,156,108,427,-49
2018-19,1628969,Mikal Bridges,1610612756,PHX,22.0,82,19,63,2417.115,242,563,105,313,95,118,56,208,264,173,70,129,38,32,201,105,684,-388
2018-19,201144,Mike Conley,1610612763,MEM,31.0,70,30,40,2341.8,490,1120,155,426,343,406,40,199,239,449,130,94,22,44,123,369,1478,23
2018-19,203488,Mike Muscala,1610612747,LAL,27.0,64,35,29,1305.8816666666667,145,361,89,256,70,85,57,187,244,76,48,22,38,10,130,68,449,33
2018-19,203118,Mike Scott,1610612755,PHI,30.0,79,44,35,1395.7816666666668,168,420,101,252,22,33,43,233,276,66,44,26,13,21,156,34,459,42
2018-19,1628970,Miles Bridges,1610612766,CHA,21.0,80,38,42,1696.3333333333333,237,511,65,200,58,77,67,256,323,95,50,55,49,33,111,62,597,-127
2018-19,203101,Miles Plumlee,1610612737,ATL,30.0,18,1,17,172.92166666666665,32,48,0,0,16,30,16,23,39,17,10,6,4,3,14,23,80,-43
2018-19,1628462,Milos Teodosic,1610612746,LAC,32.0,15,8,7,150.00333333333333,17,40,10,27,4,7,3,13,16,32,21,3,1,2,27,10,48,26
2018-19,1628249,Mitchell Creek,1610612750,MIN,27.0,5,1,4,47.15,8,16,0,2,5,7,6,6,12,6,1,2,0,2,3,3,21,7
2018-19,1629011,Mitchell Robinson,1610612752,NYK,21.0,66,16,50,1359.5083333333334,202,291,0,0,81,135,177,246,423,37,35,52,161,23,217,114,485,-202
2018-19,1628964,Mo Bamba,1610612753,ORL,21.0,47,19,28,766.1933333333334,117,243,21,70,37,63,64,169,233,39,43,13,64,15,102,63,292,-240
2018-19,1628420,Monte Morris,1610612743,DEN,24.0,82,54,28,1970.2083333333333,346,702,94,227,65,81,35,159,194,297,52,73,4,39,102,101,851,179
2018-19,1626149,Montrezl Harrell,1610612746,LAC,25.0,82,48,34,2158.1483333333335,546,888,3,17,266,414,184,351,535,162,132,71,110,72,255,361,1361,59
2018-19,1629021,Moritz Wagner,1610612747,LAL,22.0,43,15,28,446.18,71,171,22,77,43,53,17,68,85,24,39,11,13,17,57,38,207,-97
2018-19,1626167,Myles Turner,1610612754,IND,23.0,74,43,31,2118.8166666666666,380,780,76,196,148,201,101,430,531,115,100,60,199,33,195,205,984,121
2018-19,1628513,Naz Mitrou-Long,1610612762,UTA,25.0,14,9,5,83.915,6,20,2,11,2,2,1,5,6,15,8,1,1,1,10,4,16,-39
2018-19,202357,Nemanja Bjelica,1610612758,SAC,31.0,77,38,39,1787.91,284,593,103,257,70,92,125,319,444,147,82,54,56,36,197,105,741,82
2018-19,2403,Nene,1610612745,HOU,36.0,42,29,13,545.7833333333333,60,116,0,3,31,47,34,89,123,26,11,18,15,9,87,52,151,101
2018-19,203457,Nerlens Noel,1610612760,OKC,25.0,77,48,29,1055.6166666666666,162,276,0,0,54,79,127,198,325,45,48,66,96,10,166,101,378,-75
2018-19,201156,Nick Young,1610612743,DEN,34.0,4,3,1,37.13333333333333,3,9,3,8,0,0,0,1,1,2,2,0,1,0,4,0,9,-5
2018-19,201587,Nicolas Batum,1610612766,CHA,30.0,75,35,40,2354.0183333333334,253,562,116,298,77,89,71,319,390,247,117,71,43,19,140,92,699,-21
2018-19,203917,Nik Stauskas,1610612739,CLE,25.0,68,33,35,1014.7966666666666,136,338,70,188,57,64,18,109,127,81,51,21,7,18,50,49,399,-255
2018-19,203999,Nikola Jokić,1610612743,DEN,24.0,80,53,27,2503.5866666666666,616,1206,83,270,289,352,228,637,865,580,248,108,55,67,228,418,1604,315
2018-19,202703,Nikola Mirotic,1610612749,MIL,28.0,46,24,22,1245.195,238,542,116,318,105,124,60,279,339,55,48,31,34,15,107,106,697,118
2018-19,202696,Nikola Vučević,1610612753,ORL,28.0,80,41,39,2510.1766666666667,701,1354,84,231,179,227,224,736,960,307,159,81,89,60,157,216,1665,218
2018-19,203943,Noah Vonleh,1610612752,NYK,23.0,68,13,55,1721.695,207,440,46,137,111,156,113,415,528,129,88,46,51,31,174,155,571,-293
2018-19,1626181,Norman Powell,1610612761,TOR,26.0,60,45,15,1126.465,193,400,68,170,62,75,16,123,139,91,65,39,13,21,96,71,516,15
2018-19,1628384,OG Anunoby,1610612761,TOR,21.0,67,46,21,1352.2666666666667,183,404,67,202,36,62,58,139,197,47,55,46,22,32,140,59,469,-49
2018-19,1627855,Okaro White,1610612764,WAS,26.0,3,2,1,6.276666666666666,0,2,0,2,0,0,1,1,2,0,0,0,0,0,0,0,0,-3
2018-19,1629016,Omari Spellman,1610612737,ATL,21.0,46,15,31,804.5416666666666,98,244,44,128,32,45,72,122,194,47,31,26,25,14,67,38,272,-202
2018-19,201956,Omri Casspi,1610612763,MEM,31.0,36,14,22,520.435,86,161,15,43,39,58,17,98,115,26,23,20,9,12,35,48,226,19
2018-19,203490,Otto Porter Jr.,1610612741,CHI,26.0,56,25,31,1683.7516666666668,299,643,104,256,78,96,54,260,314,120,65,82,31,13,108,111,780,-22
2018-19,200782,P.J. Tucker,1610612745,HOU,34.0,82,53,29,2802.1266666666666,207,523,146,387,41,59,121,358,479,96,63,132,39,16,252,111,601,242
2018-19,1628408,PJ Dozier,1610612738,BOS,22.0,6,5,1,50.843333333333334,8,21,2,8,1,2,6,11,17,5,0,2,0,0,2,3,19,25
2018-19,1627783,Pascal Siakam,1610612761,TOR,25.0,80,57,23,2547.6133333333332,519,945,79,214,237,302,124,425,549,248,154,73,52,42,241,239,1354,593
2018-19,1626192,Pat Connaughton,1610612749,MIL,26.0,61,43,18,1261.1733333333334,163,350,66,200,29,40,61,197,258,122,33,33,25,19,81,37,421,118
2018-19,201976,Patrick Beverley,1610612746,LAC,30.0,78,48,30,2137.221666666667,194,477,112,282,96,123,76,312,388,300,85,67,43,25,265,157,596,149
2018-19,1627775,Patrick McCaw,1610612761,TOR,23.0,29,17,12,397.295,26,63,9,28,13,15,7,41,48,29,17,23,2,3,38,15,74,-60
2018-19,202335,Patrick Patterson,1610612760,OKC,30.0,63,40,23,860.6716666666666,82,219,46,137,19,30,42,105,147,31,22,16,13,6,46,34,229,-110
2018-19,201988,Patty Mills,1610612759,SAS,30.0,82,48,34,1907.7083333333333,282,663,159,404,88,103,24,158,182,245,93,49,10,12,129,124,811,201
2018-19,2200,Pau Gasol,1610612749,MIL,38.0,30,17,13,360.545,42,94,6,13,28,40,22,115,137,52,16,5,15,6,29,33,118,-33
2018-19,202331,Paul George,1610612760,OKC,29.0,77,46,31,2841.306666666667,707,1614,292,757,453,540,105,523,628,318,205,170,34,77,214,420,2159,496
2018-19,200794,Paul Millsap,1610612743,DEN,34.0,70,49,21,1894.5183333333334,322,665,58,159,181,249,153,352,505,141,95,83,54,51,183,223,883,342
2018-19,203112,Quincy Acy,1610612756,PHX,28.0,10,2,8,122.93,4,18,2,15,7,10,3,22,25,8,4,1,4,0,24,14,17,4
2018-19,202347,Quincy Pondexter,1610612759,SAS,31.0,53,29,24,291.87833333333333,29,58,6,18,34,42,8,38,46,24,13,11,1,6,24,28,98,-14
2018-19,1626188,Quinn Cook,1610612744,GSW,26.0,74,49,25,1058.9016666666666,204,439,81,200,20,26,22,135,157,116,50,20,3,19,92,28,509,-133
2018-19,1626154,RJ Hunter,1610612738,BOS,25.0,1,1,0,25.683333333333334,6,13,4,10,1,2,1,2,3,3,0,1,0,1,3,1,17,28
2018-19,200765,Rajon Rondo,1610612747,LAL,33.0,46,19,27,1368.565,175,432,51,142,23,36,34,209,243,367,127,57,7,34,100,55,424,-245
2018-19,203526,Raul Neto,1610612762,UTA,27.0,37,26,11,473.5883333333333,74,161,20,60,28,33,6,56,62,93,35,14,4,9,49,42,196,175
2018-19,1628959,Rawle Alkins,1610612741,CHI,21.0,10,3,7,120.35333333333334,13,39,3,12,8,12,11,15,26,13,8,1,0,4,7,7,37,-13
2018-19,1629034,Ray Spalding,1610612756,PHX,22.0,14,3,11,147.62666666666667,25,47,0,3,4,12,15,33,48,5,9,9,8,3,23,8,54,-21
2018-19,101109,Raymond Felton,1610612760,OKC,35.0,33,19,14,379.37,55,135,20,61,12,13,4,30,34,52,14,10,6,3,29,14,142,15
2018-19,203493,Reggie Bullock Jr.,1610612747,LAL,28.0,63,27,36,1878.89,245,594,148,393,73,85,22,151,173,129,65,40,12,23,109,71,711,-48
2018-19,202704,Reggie Jackson,1610612765,DET,29.0,82,41,41,2288.8683333333333,441,1047,174,471,204,236,45,171,216,344,148,55,9,40,208,189,1260,44
2018-19,1626158,Richaun Holmes,1610612756,PHX,25.0,70,16,54,1183.6883333333333,222,365,0,0,128,175,115,216,331,60,52,42,79,29,194,151,572,-172
2018-19,201937,Ricky Rubio,1610612762,UTA,28.0,68,40,28,1898.95,295,730,79,254,195,228,33,210,243,416,180,91,10,29,180,193,864,250
2018-19,203496,Robert Covington,1610612750,MIN,28.0,35,20,15,1202.6016666666667,156,362,85,225,68,89,28,165,193,46,47,74,47,9,126,80,465,63
2018-19,1629057,Robert Williams III,1610612738,BOS,21.0,32,18,14,282.84,36,51,0,0,9,15,27,54,81,7,10,9,40,4,36,12,81,-50
2018-19,201577,Robin Lopez,1610612741,CHI,31.0,74,20,54,1605.6816666666666,304,535,7,31,89,123,140,146,286,89,96,11,78,19,124,147,704,-142
2018-19,1629066,Rodions Kurucs,1610612751,BKN,21.0,63,36,27,1293.75,202,449,58,184,72,92,56,190,246,52,77,41,25,42,146,70,534,-2
2018-19,203918,Rodney Hood,1610612757,POR,26.0,72,29,43,1892.5633333333333,292,671,84,236,137,155,25,132,157,126,55,59,12,19,146,118,805,-273
2018-19,203585,Rodney McGruder,1610612746,LAC,27.0,66,31,35,1549.715,186,461,79,225,52,72,60,178,238,112,64,36,12,29,115,67,503,-38
2018-19,1627758,Ron Baker,1610612764,WAS,26.0,15,4,11,151.985,4,20,1,13,5,6,1,10,11,15,5,6,1,1,18,8,14,-20
2018-19,1626178,Rondae Hollis-Jefferson,1610612751,BKN,24.0,59,27,32,1233.9633333333334,200,487,9,49,118,183,83,227,310,96,68,44,27,46,107,161,527,-10
2018-19,1626220,Royce O'Neale,1610612762,UTA,26.0,82,50,32,1671.105,163,343,68,176,32,42,22,263,285,124,70,54,24,19,172,51,426,172
2018-19,200752,Rudy Gay,1610612759,SAS,32.0,69,42,27,1842.2933333333333,376,746,74,184,120,147,63,407,470,182,114,54,34,35,159,135,946,161
2018-19,203497,Rudy Gobert,1610612762,UTA,27.0,81,50,31,2576.6866666666665,476,712,0,0,332,522,309,732,1041,161,130,66,187,56,231,468,1284,384
2018-19,201566,Russell Westbrook,1610612760,OKC,30.0,73,44,29,2629.4333333333334,630,1473,119,411,296,451,109,698,807,784,325,142,33,68,245,343,1675,294
2018-19,201583,Ryan Anderson,1610612748,MIA,31.0,25,7,18,321.2916666666667,21,69,9,40,12,16,18,36,54,19,14,4,1,7,25,21,63,-73
2018-19,1627853,Ryan Arcidiacono,1610612741,CHI,25.0,81,22,59,1961.3,187,418,81,217,89,102,27,192,219,269,63,65,4,17,171,119,544,-250
2018-19,1629151,Ryan Broekhoff,1610612742,DAL,28.0,42,15,27,453.58666666666664,57,126,38,93,15,19,8,55,63,22,16,6,4,5,35,18,167,70
2018-19,1626257,Salah Mejri,1610612742,DAL,33.0,36,13,23,399.12666666666667,55,112,11,34,20,32,36,95,131,35,21,10,26,8,55,37,141,-50
2018-19,1626155,Sam Dekker,1610612764,WAS,25.0,47,14,33,788.605,120,256,19,62,28,46,53,95,148,46,24,38,7,21,47,35,287,-89
2018-19,203159,Scott Machado,1610612747,LAL,29.0,4,3,1,19.166666666666668,4,6,1,1,1,1,0,0,0,3,0,1,0,0,2,1,10,0
2018-19,1628400,Semi Ojeleye,1610612738,BOS,24.0,56,39,17,594.4383333333334,67,158,28,89,24,39,24,62,86,23,19,10,4,10,43,31,186,70
2018-19,201586,Serge Ibaka,1610612761,TOR,29.0,74,53,21,2010.375,464,877,49,169,135,177,156,445,601,99,114,29,103,30,211,154,1112,257
2018-19,203552,Seth Curry,1610612757,POR,28.0,74,49,25,1399.3916666666667,212,465,113,251,44,52,27,93,120,66,61,36,12,15,97,78,581,132
2018-19,203894,Shabazz Napier,1610612751,BKN,27.0,56,26,30,982.8366666666667,169,435,76,228,115,138,18,82,100,143,66,41,16,27,67,112,529,14
2018-19,1628983,Shai Gilgeous-Alexander,1610612746,LAC,20.0,82,48,34,2173.9066666666668,341,716,51,139,156,195,57,175,232,270,141,96,45,67,175,180,889,-110
2018-19,1629003,Shake Milton,1610612755,PHI,22.0,20,10,10,268.225,34,87,14,44,5,7,9,26,35,18,6,8,8,4,29,7,87,-1
2018-19,1627885,Shaquille Harrison,1610612741,CHI,25.0,73,20,53,1429.97,184,426,24,89,82,123,33,189,222,139,60,89,30,41,124,116,474,-316
2018-19,2733,Shaun Livingston,1610612744,GSW,33.0,64,45,19,966.8916666666667,109,210,0,2,40,51,42,75,117,114,38,31,27,11,74,44,258,46
2018-19,202714,Shelvin Mack,1610612766,CHA,29.0,57,22,35,1246.645,163,403,46,130,58,84,18,86,104,183,66,47,4,38,84,65,430,-244
2018-19,1628414,Sindarius Thornwell,1610612746,LAC,24.0,64,37,27,313.45166666666665,17,49,3,15,25,34,5,39,44,18,20,14,7,2,41,19,62,-38
2018-19,1627746,Skal Labissiere,1610612757,POR,23.0,22,12,10,176.47,26,49,6,13,9,17,9,34,43,11,11,5,6,3,29,12,67,-30
2018-19,203524,Solomon Hill,1610612740,NOP,28.0,44,14,30,878.525,68,178,32,101,23,32,34,99,133,55,31,23,10,9,80,37,191,-127
2018-19,203915,Spencer Dinwiddie,1610612751,BKN,26.0,68,36,32,1914.0033333333333,366,828,124,370,287,356,26,140,166,311,152,40,17,36,187,284,1143,-84
2018-19,1626169,Stanley Johnson,1610612740,NOP,23.0,66,28,38,1207.37,171,440,62,215,50,64,34,183,217,88,81,60,14,38,114,63,454,-199
2018-19,201939,Stephen Curry,1610612744,GSW,31.0,69,52,17,2331.1666666666665,632,1340,354,810,263,287,45,324,369,361,192,92,25,36,166,249,1881,689
2018-19,1628425,Sterling Brown,1610612749,MIL,24.0,58,45,13,1034.3633333333332,145,312,53,147,29,42,29,155,184,84,46,25,8,20,88,30,372,-1
2018-19,203500,Steven Adams,1610612760,OKC,25.0,80,47,33,2669.258333333333,481,809,0,2,146,292,391,369,760,124,135,117,76,50,204,278,1108,389
2018-19,1629004,Svi Mykhailiuk,1610612765,DET,22.0,42,19,23,440.13,46,140,29,89,12,20,9,27,36,37,21,14,1,8,25,19,133,-7
2018-19,1628388,T.J. Leaf,1610612754,IND,22.0,58,35,23,521.5666666666667,99,183,8,31,19,31,43,82,125,24,12,9,19,9,35,25,225,44
2018-19,204456,T.J. McConnell,1610612755,PHI,27.0,76,46,30,1470.285,220,419,14,42,29,37,28,146,174,258,91,79,17,19,105,44,483,-9
2018-19,203933,T.J. Warren,1610612756,PHX,25.0,43,10,33,1359.9983333333332,297,611,77,180,101,124,31,143,174,64,52,51,29,32,119,93,772,-225
2018-19,1628769,Tahjere McCall,1610612751,BKN,24.0,1,0,1,7.966666666666667,2,3,0,1,0,1,0,1,1,0,0,0,0,0,2,3,4,15
2018-19,201959,Taj Gibson,1610612750,MIN,34.0,70,32,38,1686.35,304,537,11,34,134,177,172,286,458,84,73,53,39,54,186,156,753,-81
2018-19,1627752,Taurean Prince,1610612737,ATL,25.0,55,19,36,1552.2916666666667,262,594,123,315,95,116,22,177,199,118,100,53,19,15,141,114,742,-243
2018-19,1628390,Terrance Ferguson,1610612760,OKC,21.0,74,44,30,1931.0783333333334,185,431,106,290,37,51,33,108,141,72,47,40,16,13,231,60,513,141
2018-19,203093,Terrence Jones,1610612745,HOU,27.0,2,2,0,5.1,1,4,0,2,0,1,0,4,4,0,1,0,0,0,1,1,2,-12
2018-19,203082,Terrence Ross,1610612753,ORL,28.0,81,42,39,2150.0533333333333,440,1027,217,566,126,144,27,253,280,135,90,72,29,24,119,98,1223,5
2018-19,1626179,Terry Rozier,1610612738,BOS,25.0,79,47,32,1791.385,258,666,119,337,73,93,32,275,307,231,68,68,21,26,101,108,708,-39
2018-19,200757,Thabo Sefolosha,1610612762,UTA,35.0,50,28,22,608.6566666666666,71,149,34,78,14,22,8,115,123,27,25,43,5,4,41,17,190,123
2018-19,201152,Thaddeus Young,1610612754,IND,31.0,81,47,34,2488.838333333333,443,841,51,146,87,135,192,331,523,204,123,123,36,51,194,177,1024,134
2018-19,1629033,Theo Pinson,1610612751,BKN,23.0,18,7,11,211.37333333333333,25,73,12,46,19,22,4,32,36,21,18,6,0,4,15,15,81,-1
2018-19,1628418,Thomas Bryant,1610612764,WAS,21.0,72,29,43,1496.3433333333332,309,502,33,99,107,137,113,341,454,92,60,25,67,31,126,130,758,-107
2018-19,1629118,Thomas Welsh,1610612743,DEN,23.0,11,8,3,36.306666666666665,7,13,3,7,1,2,0,4,4,5,1,0,0,0,3,2,18,2
2018-19,1627748,Thon Maker,1610612765,DET,22.0,64,44,20,972.3016666666666,109,268,49,153,56,84,41,161,202,45,33,21,51,13,105,73,323,-4
2018-19,204025,Tim Frazier,1610612749,MIL,28.0,59,27,32,1119.6633333333334,116,261,37,101,41,54,41,127,168,248,76,30,5,12,112,74,310,-67
2018-19,203501,Tim Hardaway Jr.,1610612742,DAL,27.0,65,14,51,2056.6066666666666,390,993,162,477,232,276,33,189,222,159,105,54,8,54,141,244,1174,-401
2018-19,1627789,Timothe Luwawu-Cabarrot,1610612741,CHI,24.0,50,25,25,669.29,82,218,36,116,31,41,11,86,97,26,21,19,8,18,73,36,231,-209
2018-19,202699,Tobias Harris,1610612755,PHI,26.0,82,46,36,2847.82,611,1254,156,393,266,307,69,576,645,229,151,51,37,59,184,212,1644,17
2018-19,203107,Tomas Satoransky,1610612764,WAS,27.0,80,32,48,2163.5666666666666,257,530,64,162,131,160,82,197,279,399,120,82,13,24,172,154,709,-54
2018-19,1628396,Tony Bradley,1610612762,UTA,21.0,3,2,1,35.9,8,16,0,0,1,2,9,6,15,1,3,2,2,0,6,2,17,-18
2018-19,2225,Tony Parker,1610612766,CHA,37.0,56,30,26,1002.8016666666666,213,463,13,51,91,124,14,69,83,207,75,21,7,40,53,93,530,19
2018-19,203503,Tony Snell,1610612749,MIL,27.0,74,55,19,1303.915,163,361,81,204,37,42,29,128,157,68,23,26,18,9,90,32,444,172
2018-19,1628470,Torrey Craig,1610612743,DEN,28.0,75,50,25,1503.015,160,362,61,188,49,70,89,174,263,72,44,37,46,15,175,61,430,72
2018-19,1629027,Trae Young,1610612737,ATL,20.0,81,29,52,2503.2816666666668,525,1256,156,482,343,414,64,237,301,653,308,72,15,98,140,431,1549,-335
2018-19,1626203,Treveon Graham,1610612751,BKN,25.0,35,19,16,715.3616666666667,64,191,38,128,18,22,23,84,107,34,17,13,7,8,68,39,184,29
2018-19,1628979,Trevon Duval,1610612745,HOU,20.0,3,2,1,5.6033333333333335,2,3,1,1,0,0,0,1,1,2,0,0,0,0,0,0,5,2
2018-19,2772,Trevor Ariza,1610612764,WAS,33.0,69,22,47,2348.866666666667,294,736,145,434,130,164,50,321,371,252,106,91,21,33,130,149,863,-332
2018-19,203504,Trey Burke,1610612742,DAL,26.0,58,16,42,1124.595,236,548,56,159,103,124,28,71,99,159,49,33,7,39,58,96,631,-35
2018-19,1626168,Trey Lyles,1610612743,DEN,23.0,64,42,22,1119.695,207,495,51,200,81,116,44,202,246,87,68,30,23,24,93,97,546,4
2018-19,202684,Tristan Thompson,1610612739,CLE,28.0,43,8,35,1197.6883333333333,201,380,0,0,68,106,173,265,438,86,59,28,16,36,89,122,470,-302
2018-19,1628972,Troy Brown Jr.,1610612764,WAS,19.0,52,20,32,729.7366666666667,97,234,22,69,32,47,35,110,145,80,30,21,5,26,56,41,248,-1
2018-19,1628505,Troy Caupain,1610612753,ORL,23.0,4,3,1,15.633333333333333,4,8,2,3,0,0,1,2,3,4,0,1,0,0,0,0,10,8
2018-19,203584,Troy Daniels,1610612756,PHX,27.0,51,13,38,759.73,113,275,74,194,18,23,13,60,73,26,27,26,5,6,79,31,318,-113
2018-19,1627786,Troy Williams,1610612758,SAC,24.0,21,7,14,311.9716666666667,44,98,14,44,9,15,12,47,59,11,9,10,8,6,37,13,111,-67
2018-19,1628463,Tyler Cavanaugh,1610612762,UTA,25.0,11,7,4,39.498333333333335,3,10,1,5,2,2,3,5,8,1,1,0,0,0,3,1,9,-37
2018-19,1629093,Tyler Davis,1610612760,OKC,22.0,1,1,0,0.9116666666666666,0,1,0,0,0,0,1,0,1,0,0,0,0,0,0,0,0,0
2018-19,1628416,Tyler Dorsey,1610612763,MEM,23.0,48,11,37,697.8533333333334,107,264,44,132,38,61,27,86,113,56,27,14,2,19,53,50,296,-35
2018-19,204020,Tyler Johnson,1610612756,PHX,27.0,57,26,31,1529.075,217,526,90,260,95,127,34,139,173,166,77,54,27,29,97,113,619,-127
2018-19,1628399,Tyler Lydon,1610612743,DEN,23.0,25,20,5,93.53666666666666,9,18,4,10,1,3,7,11,18,6,4,2,0,3,10,3,23,-11
2018-19,1627755,Tyler Ulis,1610612741,CHI,23.0,1,0,1,0.8283333333333334,0,0,0,0,0,0,0,0,0,0,0,0,0,0,0,0,0,0
2018-19,203092,Tyler Zeller,1610612763,MEM,29.0,6,3,3,92.84666666666666,16,30,0,1,14,18,11,13,24,4,4,1,3,1,20,11,46,12
2018-19,201936,Tyreke Evans,1610612754,IND,29.0,69,41,28,1401.9833333333333,257,660,77,216,115,160,33,168,201,166,118,58,18,53,117,130,706,64
2018-19,1627820,Tyrone Wallace,1610612746,LAC,25.0,62,34,28,627.7183333333334,92,217,4,19,30,57,20,81,101,42,36,21,7,32,83,48,218,56
2018-19,2199,Tyson Chandler,1610612747,LAL,36.0,55,26,29,874.7566666666667,61,99,0,1,51,87,92,215,307,37,42,21,23,6,110,72,173,-36
2018-19,1626145,Tyus Jones,1610612750,MIN,23.0,68,29,39,1560.4233333333334,185,446,40,126,58,69,23,111,134,327,47,81,5,21,78,76,468,-2
2018-19,2617,Udonis Haslem,1610612748,MIA,39.0,10,8,2,74.5,11,33,0,12,3,4,3,24,27,2,3,0,0,1,9,7,25,-32
2018-19,203506,Victor Oladipo,1610612754,IND,27.0,36,25,11,1146.6733333333334,249,588,74,216,103,141,21,181,202,186,82,60,11,50,72,130,675,127
2018-19,1713,Vince Carter,1610612737,ATL,42.0,76,25,51,1330.3566666666666,196,468,123,316,47,66,31,163,194,87,48,44,27,9,141,83,562,-179
2018-19,1629053,Vincent Edwards,1610612745,HOU,23.0,2,1,1,15.716666666666667,1,4,1,4,0,0,1,1,2,0,0,0,0,0,0,1,3,-2
2018-19,1627735,Wade Baldwin IV,1610612757,POR,23.0,16,10,6,93.65333333333334,10,33,2,9,8,11,2,13,15,12,14,1,2,5,11,9,30,-66
2018-19,1627215,Walt Lemon Jr.,1610612741,CHI,26.0,6,1,5,167.15,38,87,2,5,8,11,4,23,27,30,10,11,1,12,14,11,86,-23
2018-19,201961,Wayne Ellington,1610612765,DET,31.0,53,26,27,1296.8483333333334,184,457,138,372,39,49,14,93,107,72,40,54,6,10,92,39,545,-13
2018-19,1627782,Wayne Selden,1610612741,CHI,24.0,75,27,48,1438.58,196,483,55,174,67,92,37,143,180,109,79,33,13,31,131,81,514,-291
2018-19,1628976,Wendell Carter Jr.,1610612741,CHI,20.0,44,10,34,1109.8,180,371,6,32,89,112,87,220,307,78,65,26,58,28,152,107,455,-292
2018-19,1628411,Wes Iwundu,1610612753,ORL,24.0,68,36,32,1233.2,113,274,29,79,84,103,37,147,184,73,44,28,22,25,123,76,339,34
2018-19,202325,Wesley Johnson,1610612764,WAS,31.0,38,17,21,533.9583333333334,45,128,25,76,13,19,12,60,72,23,18,14,12,0,63,15,128,-92
2018-19,202083,Wesley Matthews,1610612754,IND,32.0,69,27,42,2091.0233333333335,279,698,150,403,132,163,32,138,170,160,91,54,17,30,160,158,840,-90
2018-19,203115,Will Barton,1610612743,DEN,28.0,43,27,16,1188.9783333333332,185,460,67,196,57,74,32,167,199,124,65,18,22,20,82,60,494,7
2018-19,1626161,Willie Cauley-Stein,1610612758,SAC,25.0,81,39,42,2212.5466666666666,412,741,1,2,140,254,181,497,678,194,84,96,51,74,227,216,965,54
2018-19,1626195,Willy Hernangomez,1610612766,CHA,25.0,58,31,27,811.8533333333334,153,295,15,39,100,144,117,194,311,60,58,16,20,31,98,110,421,-94
2018-19,201163,Wilson Chandler,1610612746,LAC,32.0,51,35,16,1176.3283333333334,114,273,59,158,18,25,48,167,215,82,46,25,21,7,123,28,305,107
2018-19,1628999,Yante Maten,1610612748,MIA,22.0,2,1,1,13.033333333333333,1,4,0,1,0,0,1,2,3,0,0,1,0,0,0,1,2,4
2018-19,1627812,Yogi Ferrell,1610612758,SAC,26.0,71,33,38,1066.6483333333333,153,352,54,149,60,67,13,96,109,137,40,36,4,20,64,89,420,-55
2018-19,1629139,Yuta Watanabe,1610612763,MEM,24.0,15,5,10,174.35,15,51,2,16,7,10,4,27,31,8,6,4,1,1,11,6,39,20
2018-19,1628380,Zach Collins,1610612757,POR,21.0,77,51,26,1355.7366666666667,189,400,40,121,94,126,109,215,324,71,77,25,66,29,174,126,512,-11
2018-19,203897,Zach LaVine,1610612741,CHI,24.0,63,16,47,2170.855,530,1135,120,321,312,375,40,254,294,283,215,60,26,99,140,260,1492,-301
2018-19,1629155,Zach Lofton,1610612765,DET,26.0,1,1,0,3.75,0,1,0,1,0,0,0,0,0,0,1,1,0,0,0,0,0,0
2018-19,2585,Zaza Pachulia,1610612765,DET,35.0,68,35,33,878.165,85,193,0,4,97,124,99,166,265,91,57,31,17,17,151,138,267,-97
2018-19,1629015,Zhaire Smith,1610612755,PHI,20.0,6,2,4,110.61666666666666,14,34,6,16,6,8,3,10,13,10,6,2,2,3,8,4,40,14
2018-19,1627753,Zhou Qi,1610612745,HOU,23.0,1,0,1,0.955,1,1,0,0,0,0,0,0,0,0,0,0,0,0,0,0,2,-2
2019-20,203932,Aaron Gordon,1610612753,ORL,24.0,62,30,32,2017.1433333333334,335,767,73,237,151,224,107,368,475,228,100,51,39,42,125,205,894,-68
2019-20,1628988,Aaron Holiday,1610612754,IND,23.0,66,42,24,1617.3316666666667,233,563,87,221,74,87,22,134,156,225,88,55,16,27,120,115,627,113
2019-20,1627846,Abdel Nader,1610612760,OKC,26.0,55,37,18,866.9516666666667,123,263,48,128,51,66,14,86,100,38,43,23,20,10,78,49,345,-85
2019-20,1629690,Adam Mokoka,1610612741,CHI,21.0,11,3,8,111.66666666666667,12,28,6,15,2,4,7,3,10,4,2,4,0,4,17,4,32,50
2019-20,1629678,Admiral Schofield,1610612764,WAS,23.0,33,9,24,368.38166666666666,35,92,19,61,10,15,7,40,47,15,7,8,4,4,50,18,99,-57
2019-20,201143,Al Horford,1610612755,PHI,34.0,67,39,28,2025.5433333333333,319,709,99,283,61,80,103,353,456,270,80,52,61,24,142,92,798,127
2019-20,202329,Al-Farouq Aminu,1610612753,ORL,29.0,18,7,11,380.0783333333333,25,86,9,36,19,29,24,63,87,21,17,18,8,4,27,29,78,-35
2019-20,202692,Alec Burks,1610612755,PHI,28.0,66,21,45,1754.2516666666668,321,768,116,301,235,265,48,234,282,189,91,62,17,43,128,208,993,-224
2019-20,1629346,Alen Smailagic,1610612744,GSW,19.0,14,1,13,138.89333333333335,20,40,3,13,16,19,10,17,27,13,11,3,4,2,14,19,59,-8
2019-20,1627936,Alex Caruso,1610612747,LAL,26.0,64,48,16,1175.275,120,291,40,120,69,94,17,106,123,124,53,70,18,24,98,106,349,246
2019-20,203458,Alex Len,1610612758,SAC,27.0,55,18,37,970.5233333333333,177,319,16,59,68,105,100,221,321,50,55,23,48,21,127,88,438,-111
2019-20,1628035,Alfonzo McKinnie,1610612739,CLE,27.0,40,11,29,593.4583333333334,73,171,14,65,22,31,37,76,113,14,26,23,8,14,72,26,182,-93
2019-20,1628993,Alize Johnson,1610612754,IND,24.0,17,10,7,117.72666666666667,12,29,3,8,7,10,16,32,48,7,7,3,2,6,12,11,34,25
2019-20,203459,Allen Crabbe,1610612750,MIN,28.0,37,5,32,653.01,63,177,36,119,10,14,11,66,77,33,17,15,4,7,47,13,172,-221
2019-20,1629019,Allonzo Trier,1610612752,NYK,24.0,24,2,22,290.73833333333334,51,106,19,53,34,43,6,23,29,28,22,3,4,7,29,28,155,-71
2019-20,1628518,Amile Jefferson,1610612753,ORL,27.0,18,5,13,74.33,5,14,0,0,5,14,10,13,23,4,3,1,3,1,7,8,15,18
2019-20,1629599,Amir Coffey,1610612746,LAC,23.0,18,11,7,158.99,23,54,6,19,6,11,4,12,16,14,8,5,2,4,20,7,58,-5
2019-20,203083,Andre Drummond,1610612739,CLE,26.0,57,21,36,1878.2016666666666,418,784,5,35,169,294,250,614,864,152,203,109,93,93,201,253,1010,-191
2019-20,2738,Andre Iguodala,1610612748,MIA,36.0,21,10,11,418.1666666666667,38,88,14,47,6,15,17,61,78,51,26,14,21,1,35,18,96,-25
2019-20,203460,Andre Roberson,1610612760,OKC,28.0,7,3,4,86.965,8,29,3,14,1,2,7,20,27,4,2,1,3,2,13,3,20,-3
2019-20,203952,Andrew Wiggins,1610612744,GSW,25.0,54,15,39,1858.8816666666667,437,978,111,334,190,268,66,208,274,198,132,45,53,56,127,212,1175,-201
2019-20,1629014,Anfernee Simons,1610612757,POR,21.0,70,32,38,1448.8066666666666,214,536,75,226,76,92,25,127,152,97,61,26,10,38,135,81,579,-248
2019-20,1627790,Ante Zizic,1610612739,CLE,23.0,22,4,18,220.62166666666667,41,72,0,0,14,19,18,48,66,6,10,7,5,5,27,19,96,14
2019-20,203076,Anthony Davis,1610612747,LAL,27.0,62,46,16,2131.193333333333,551,1096,72,218,444,525,142,435,577,200,154,91,143,41,156,406,1618,240
2019-20,201229,Anthony Tolliver,1610612763,MEM,35.0,55,24,31,871.9233333333333,65,182,49,145,21,29,34,120,154,42,34,19,11,7,74,33,200,-104
2019-20,1628499,Antonius Cleveland,1610612742,DAL,26.0,11,6,5,45.73833333333334,4,14,0,3,3,5,2,5,7,1,2,1,3,2,8,3,11,-12
2019-20,1628394,Anžejs Pasečņiks,1610612764,WAS,24.0,27,9,18,436.89666666666665,61,116,0,3,34,58,42,65,107,18,24,9,12,3,75,65,156,-4
2019-20,203382,Aron Baynes,1610612756,PHX,33.0,42,19,23,934.4366666666666,183,381,59,168,56,75,71,166,237,67,50,10,23,16,141,98,481,-46
2019-20,203085,Austin Rivers,1610612745,HOU,27.0,68,43,25,1593.94,211,501,96,270,78,111,27,148,175,113,50,49,10,27,129,106,596,82
2019-20,202340,Avery Bradley,1610612747,LAL,29.0,49,36,13,1186.465,170,383,63,173,20,24,18,97,115,63,47,43,5,23,110,27,423,183
2019-20,1629168,BJ Johnson,1610612753,ORL,24.0,10,5,5,82.56666666666666,9,32,3,9,9,10,3,12,15,3,6,3,0,1,3,6,30,-9
2019-20,1628389,Bam Adebayo,1610612748,MIA,22.0,72,44,28,2416.9616666666666,440,790,2,14,264,382,176,559,735,368,204,82,93,60,182,327,1146,244
2019-20,203463,Ben McLemore,1610612745,HOU,27.0,71,44,27,1619.485,242,545,181,452,50,67,21,136,157,58,50,45,16,21,155,62,715,187
2019-20,1627732,Ben Simmons,1610612755,PHI,23.0,57,35,22,2016.8633333333332,375,647,2,7,185,298,113,331,444,455,200,119,33,32,186,285,937,62
2019-20,202687,Bismack Biyombo,1610612766,CHA,27.0,53,18,35,1029.0416666666667,151,278,0,0,91,151,120,188,308,50,48,10,49,33,116,130,393,-153
2019-20,201933,Blake Griffin,1610612765,DET,31.0,18,8,10,512.28,88,250,27,111,76,98,17,67,84,59,40,7,7,19,27,97,279,-26
2019-20,1626246,Boban Marjanovic,1610612742,DAL,31.0,44,21,23,421.89166666666665,121,211,4,17,43,57,66,131,197,20,30,8,10,15,56,51,289,49
2019-20,1626171,Bobby Portis,1610612752,NYK,25.0,66,21,45,1393.5066666666667,265,589,67,187,71,93,80,258,338,98,73,32,18,28,110,89,668,-191
2019-20,203992,Bogdan Bogdanović,1610612758,SAC,27.0,61,29,32,1765.8266666666666,337,766,164,441,86,116,26,181,207,207,102,64,15,30,133,128,924,-44
2019-20,202711,Bojan Bogdanovic,1610612762,UTA,31.0,63,41,22,2082.81,418,935,189,457,250,277,39,220,259,131,159,34,7,72,110,195,1275,267
2019-20,1629626,Bol Bol,1610612743,DEN,20.0,7,2,5,86.93833333333333,14,28,4,9,8,10,5,14,19,6,10,2,6,1,11,7,40,-21
2019-20,202954,Brad Wanamaker,1610612738,BOS,30.0,71,48,23,1369.1166666666666,162,362,37,102,126,136,22,122,144,179,76,61,14,26,133,99,487,133
2019-20,203078,Bradley Beal,1610612764,WAS,27.0,57,20,37,2053.096666666667,593,1303,170,481,385,457,52,190,242,347,194,71,23,52,126,350,1741,-201
2019-20,1629634,Brandon Clarke,1610612763,MEM,23.0,58,29,29,1300.02,296,479,23,64,85,112,92,253,345,81,55,32,48,20,100,82,700,-20
2019-20,1629164,Brandon Goodwin,1610612737,ATL,24.0,34,13,21,430.46666666666664,76,190,26,87,28,30,11,61,72,51,29,12,4,12,43,31,206,-128
2019-20,1627742,Brandon Ingram,1610612740,NOP,22.0,62,25,37,2103.44,507,1096,150,384,313,368,51,329,380,259,189,61,38,52,179,312,1477,-44
2019-20,202688,Brandon Knight,1610612765,DET,28.0,25,4,21,462.49833333333333,59,167,45,131,20,34,4,37,41,69,38,10,3,8,40,43,183,-70
2019-20,1628968,Brian Bowen II,1610612754,IND,21.0,6,5,1,31.066666666666666,3,10,0,2,0,0,1,6,7,0,1,0,1,1,3,1,6,13
2019-20,201572,Brook Lopez,1610612749,MIL,32.0,68,53,15,1816.9366666666667,292,671,102,325,127,152,58,254,312,99,70,46,163,22,163,134,813,526
2019-20,1628971,Bruce Brown,1610612765,DET,23.0,58,18,40,1634.0416666666667,198,447,33,96,88,119,61,213,274,230,100,63,29,43,162,105,517,-137
2019-20,203998,Bruno Caboclo,1610612745,HOU,24.0,30,11,19,244.22,38,89,6,33,8,9,23,37,60,12,13,15,17,5,31,10,90,-32
2019-20,1628981,Bruno Fernando,1610612737,ATL,21.0,56,18,38,712.5283333333333,103,199,5,37,29,51,67,131,198,49,42,18,17,20,107,54,240,-94
2019-20,1627854,Bryn Forbes,1610612759,SAS,26.0,63,27,36,1579.215,242,581,148,381,75,90,12,114,126,108,57,33,0,28,113,56,707,-216
2019-20,1627741,Buddy Hield,1610612758,SAC,27.0,72,31,41,2216.0616666666665,498,1162,271,688,115,136,57,271,328,213,168,66,17,44,165,99,1382,-106
2019-20,203468,CJ McCollum,1610612757,POR,28.0,70,34,36,2556.5916666666667,611,1356,194,512,140,185,46,251,297,310,127,54,42,59,183,139,1556,14
2019-20,101139,CJ Miles,1610612764,WAS,33.0,10,4,6,161.035,19,59,11,35,15,20,4,8,12,12,4,10,4,2,14,14,64,-8
2019-20,1628997,Caleb Martin,1610612766,CHA,24.0,18,6,12,316.75333333333333,37,84,20,37,17,21,10,28,38,23,15,12,7,3,32,25,111,6
2019-20,1628403,Caleb Swanigan,1610612757,POR,23.0,27,12,15,288.0566666666667,28,47,0,2,9,17,27,73,100,31,37,3,7,2,62,28,65,-44
2019-20,1629629,Cam Reddish,1610612737,ATL,20.0,58,17,41,1550.745,213,554,83,250,101,126,35,181,216,87,96,62,28,54,132,110,610,-244
2019-20,1629661,Cameron Johnson,1610612756,PHX,24.0,57,28,29,1255.405,176,405,106,272,46,57,49,138,187,69,32,36,20,15,88,56,504,11
2019-20,1626166,Cameron Payne,1610612756,PHX,25.0,8,8,0,183.15833333333333,33,68,15,29,6,7,4,27,31,24,11,8,2,3,20,9,87,89
2019-20,1627747,Caris LeVert,1610612751,BKN,25.0,45,21,24,1329.84,311,732,80,220,140,197,49,140,189,199,118,53,10,41,81,164,842,-4
2019-20,2546,Carmelo Anthony,1610612757,POR,36.0,58,28,30,1902.0466666666666,336,782,87,226,136,161,71,297,368,85,100,49,27,46,171,161,895,19
2019-20,1629035,Carsen Edwards,1610612738,BOS,22.0,37,25,12,350.53833333333336,42,128,24,76,13,19,6,41,47,24,15,12,4,7,34,19,121,-47
2019-20,1626224,Cedi Osman,1610612739,CLE,25.0,65,19,46,1910.3683333333333,266,609,123,321,63,94,39,192,231,154,91,54,16,36,160,116,718,-350
2019-20,1628990,Chandler Hutchison,1610612741,CHI,24.0,28,8,20,526.7916666666666,80,175,12,38,46,78,18,90,108,26,27,27,7,16,47,64,218,-144
2019-20,202718,Chandler Parsons,1610612737,ATL,31.0,5,0,5,54.22,5,18,4,14,0,0,1,6,7,3,3,4,1,0,3,1,14,-40
2019-20,1629718,Charlie Brown Jr.,1610612737,ATL,23.0,10,1,9,40.45666666666666,6,19,3,9,5,5,2,2,4,2,3,2,2,0,3,5,20,28
2019-20,1626184,Chasson Randle,1610612744,GSW,27.0,3,2,1,40.406666666666666,0,4,0,2,5,6,0,2,2,5,0,2,0,1,3,3,5,-4
2019-20,1627767,Cheick Diallo,1610612756,PHX,23.0,47,20,27,478.54,92,142,1,3,34,39,30,101,131,22,32,11,12,11,55,36,219,-47
2019-20,1629002,Chimezie Metu,1610612759,SAS,23.0,18,8,10,105.28,24,42,0,2,10,13,12,21,33,10,10,3,6,2,7,8,58,-9
2019-20,1628449,Chris Boucher,1610612761,TOR,27.0,62,45,17,818.605,141,299,38,118,91,116,107,170,277,26,28,22,61,19,114,92,411,99
2019-20,1629185,Chris Chiozza,1610612751,BKN,24.0,28,14,14,400.96166666666664,55,140,27,72,5,5,9,44,53,83,32,21,4,7,37,17,142,91
2019-20,1629598,Chris Clemons,1610612745,HOU,22.0,33,19,14,290.52166666666665,57,142,37,107,10,11,4,26,30,27,19,9,6,4,26,21,161,-62
2019-20,101108,Chris Paul,1610612760,OKC,35.0,70,44,26,2207.8533333333335,434,887,111,304,253,279,26,323,349,472,161,111,11,9,158,243,1232,330
2019-20,1629735,Chris Silva,1610612748,MIA,23.0,44,27,17,346.27166666666665,48,78,0,3,37,55,60,66,126,23,32,9,21,13,85,52,133,-54
2019-20,1626174,Christian Wood,1610612765,DET,24.0,62,20,42,1324.6433333333334,288,508,54,140,180,242,104,286,390,60,84,34,54,31,98,216,810,68
2019-20,203991,Clint Capela,1610612737,ATL,26.0,39,22,17,1279.3033333333333,244,388,0,0,55,104,168,369,537,48,63,33,72,40,102,107,543,60
2019-20,1629632,Coby White,1610612741,CHI,20.0,65,22,43,1674.0,312,792,133,376,102,129,28,202,230,175,109,49,6,61,117,117,859,-163
2019-20,1628998,Cody Martin,1610612766,CHA,24.0,48,16,32,902.695,89,207,18,77,42,65,38,120,158,95,44,39,9,10,78,78,238,-69
2019-20,203469,Cody Zeller,1610612766,CHA,27.0,58,18,40,1340.6083333333333,251,479,18,75,122,179,160,251,411,88,75,40,25,44,140,180,642,-221
2019-20,1629012,Collin Sexton,1610612739,CLE,21.0,65,19,46,2142.615,513,1086,97,255,226,267,61,143,204,192,158,65,7,120,142,252,1349,-397
2019-20,201147,Corey Brewer,1610612758,SAC,34.0,5,2,3,32.54833333333333,2,4,0,1,1,3,2,6,8,2,2,4,0,0,7,4,5,5
2019-20,202709,Cory Joseph,1610612758,SAC,28.0,72,31,41,1759.3966666666668,171,412,56,159,60,70,44,144,188,251,80,53,21,13,133,114,458,-45
2019-20,201584,Courtney Lee,1610612742,DAL,34.0,24,15,9,345.48833333333334,40,82,21,47,6,7,7,25,32,12,11,18,6,0,33,5,107,39
2019-20,1626245,Cristiano Felicio,1610612741,CHI,27.0,22,6,16,385.71666666666664,34,54,0,2,18,23,55,47,102,16,18,10,2,7,34,19,86,-57
2019-20,1626156,D'Angelo Russell,1610612750,MIN,24.0,45,11,34,1452.1283333333333,360,846,158,431,161,199,17,160,177,285,147,48,13,18,86,160,1039,-252
2019-20,201571,D.J. Augustin,1610612753,ORL,32.0,57,28,29,1420.415,184,461,70,201,161,181,22,100,122,262,86,34,1,31,72,138,599,76
2019-20,1628391,D.J. Wilson,1610612749,MIL,24.0,37,29,8,362.94,52,132,18,73,11,18,12,80,92,25,19,3,5,3,33,20,133,-47
2019-20,1629610,DaQuan Jeffries,1610612758,SAC,22.0,13,4,9,141.11333333333334,20,40,5,18,5,6,3,15,18,7,2,4,1,1,19,6,50,2
2019-20,1627745,Damian Jones,1610612737,ATL,25.0,55,15,40,886.9416666666667,121,178,2,9,62,84,74,132,206,35,28,26,40,25,149,79,306,-256
2019-20,203081,Damian Lillard,1610612757,POR,29.0,66,33,33,2473.655,624,1349,270,674,460,518,33,251,284,530,194,70,22,85,114,409,1978,85
2019-20,1627814,Damion Lee,1610612744,GSW,27.0,49,12,37,1422.5933333333332,213,511,85,239,110,126,32,207,239,133,67,50,6,21,116,126,621,-124
2019-20,1628422,Damyean Dotson,1610612752,NYK,26.0,48,14,34,836.0616666666666,120,290,59,163,22,33,10,81,91,57,21,23,4,7,44,28,321,-87
2019-20,1629655,Daniel Gafford,1610612741,CHI,21.0,43,15,28,609.0533333333333,94,134,0,0,32,60,52,54,106,21,29,13,56,8,98,57,220,-29
2019-20,1628464,Daniel Theis,1610612738,BOS,28.0,65,42,23,1566.135,241,426,32,96,87,114,140,286,426,111,54,37,84,29,219,140,601,203
2019-20,201568,Danilo Gallinari,1610612760,OKC,31.0,62,37,25,1833.9283333333333,358,817,178,439,266,298,34,288,322,119,76,42,5,31,75,235,1160,231
2019-20,201980,Danny Green,1610612747,LAL,33.0,68,51,17,1686.72,197,474,120,327,33,48,51,174,225,91,63,85,32,7,136,62,547,256
2019-20,203957,Dante Exum,1610612739,CLE,24.0,35,10,25,485.62,56,119,15,43,32,43,12,55,67,40,31,13,8,9,38,39,159,-109
2019-20,1627863,Danuel House Jr.,1610612745,HOU,27.0,63,40,23,1912.6516666666666,230,539,129,355,73,90,57,210,267,85,54,67,34,19,132,85,662,123
2019-20,203967,Dario Saric,1610612756,PHX,26.0,66,32,34,1631.7816666666668,256,538,84,235,108,128,100,306,406,123,88,37,16,42,156,140,704,-69
2019-20,1629647,Darius Bazley,1610612760,OKC,20.0,61,36,25,1129.46,125,317,49,141,43,62,30,216,246,41,45,23,41,28,55,50,342,-79
2019-20,1629636,Darius Garland,1610612739,CLE,20.0,59,17,42,1823.9683333333332,280,699,105,296,63,72,27,84,111,229,151,42,4,38,92,92,728,-295
2019-20,1629133,Daryl Macon,1610612748,MIA,24.0,4,4,0,14.1,1,3,1,2,0,0,0,0,0,1,2,0,0,0,1,0,3,0
2019-20,1628021,David Nwaba,1610612745,HOU,27.0,20,8,12,268.46,37,71,12,28,18,27,8,37,45,8,8,11,12,6,32,19,104,35
2019-20,202722,Davis Bertans,1610612764,WAS,27.0,54,20,34,1583.0116666666668,265,610,200,472,104,122,35,210,245,92,59,37,33,19,139,129,834,-14
2019-20,1628368,De'Aaron Fox,1610612758,SAC,22.0,51,20,31,1634.3966666666668,391,815,54,185,241,342,35,161,196,348,158,74,25,48,145,283,1077,-121
2019-20,1629631,De'Andre Hunter,1610612737,ATL,22.0,63,19,44,2017.935,280,683,108,304,110,144,44,242,286,112,103,44,18,54,182,132,778,-261
2019-20,1629001,De'Anthony Melton,1610612763,MEM,22.0,60,27,33,1167.3466666666666,161,401,40,140,93,121,43,177,220,175,84,77,20,24,109,109,455,118
2019-20,201599,DeAndre Jordan,1610612751,BKN,31.0,56,27,29,1234.1666666666667,191,287,0,0,83,122,141,420,561,105,74,18,52,19,114,129,465,-39
2019-20,1627761,DeAndre' Bembry,1610612737,ATL,25.0,43,10,33,915.36,104,228,15,65,26,48,34,118,152,81,60,55,19,18,84,47,249,-257
2019-20,201942,DeMar DeRozan,1610612759,SAS,30.0,68,31,37,2316.2833333333333,557,1049,9,35,381,451,44,331,375,380,164,70,20,64,180,334,1504,-118
2019-20,201960,DeMarre Carroll,1610612745,HOU,33.0,24,10,14,289.8666666666667,25,66,8,33,29,42,12,43,55,25,17,8,5,4,32,28,87,-3
2019-20,1629731,Dean Wade,1610612739,CLE,23.0,12,1,11,71.41666666666667,9,13,2,4,0,1,3,16,19,2,3,2,4,0,8,2,20,-9
2019-20,1629028,Deandre Ayton,1610612756,PHX,21.0,38,20,18,1236.335,310,568,3,13,67,89,147,289,436,72,80,26,58,37,117,92,690,98
2019-20,1627749,Dejounte Murray,1610612759,SAS,23.0,66,29,37,1686.7633333333333,294,637,41,111,91,114,69,314,383,271,125,111,17,37,143,106,720,-189
2019-20,1626153,Delon Wright,1610612742,DAL,28.0,73,42,31,1569.7166666666667,190,411,47,127,77,100,70,210,280,244,73,85,22,30,93,94,504,37
2019-20,203471,Dennis Schröder,1610612760,OKC,26.0,65,40,25,1998.8966666666668,453,965,125,325,198,236,19,217,236,262,166,45,14,55,146,204,1229,231
2019-20,1628372,Dennis Smith Jr.,1610612752,NYK,22.0,34,7,27,537.4,72,211,16,54,27,53,21,57,78,98,58,28,8,11,65,51,187,-195
2019-20,1627756,Denzel Valentine,1610612741,CHI,26.0,36,12,24,487.895,97,237,46,137,6,8,9,65,74,43,26,26,6,2,51,12,246,-41
2019-20,1629126,Deonte Burton,1610612760,OKC,26.0,39,22,17,356.52666666666664,43,125,10,53,8,14,7,50,57,17,19,7,10,7,34,16,104,-100
2019-20,202324,Derrick Favors,1610612740,NOP,28.0,51,24,27,1242.455,209,339,1,7,40,71,163,338,501,81,55,30,46,25,107,79,459,115
2019-20,1627884,Derrick Jones Jr.,1610612748,MIA,23.0,59,34,25,1375.0833333333333,184,349,37,132,95,123,66,167,233,62,30,58,38,14,130,108,500,-28
2019-20,201565,Derrick Rose,1610612765,DET,31.0,50,17,33,1297.66,369,753,45,147,121,139,27,94,121,278,126,40,16,56,49,115,904,-84
2019-20,1628476,Derrick Walton Jr.,1610612765,DET,25.0,26,15,11,248.30333333333334,18,39,10,24,7,9,2,14,16,27,5,7,0,1,21,9,53,-8
2019-20,1628401,Derrick White,1610612759,SAS,25.0,68,32,36,1676.735,253,552,79,216,180,211,35,188,223,241,89,44,59,27,152,215,765,42
2019-20,1626164,Devin Booker,1610612756,PHX,23.0,70,34,36,2511.66,627,1283,141,398,468,509,29,268,297,456,264,49,18,68,213,447,1863,130
2019-20,1628985,Devon Hall,1610612760,OKC,24.0,11,6,5,80.73833333333333,6,30,4,17,4,8,2,5,7,13,5,4,1,0,6,9,20,9
2019-20,1629719,Devontae Cacok,1610612747,LAL,23.0,1,0,1,8.866666666666667,3,6,0,0,0,0,2,3,5,1,0,0,0,0,0,0,6,5
2019-20,1628984,Devonte' Graham,1610612766,CHA,25.0,63,23,40,2211.2316666666666,368,963,218,585,191,233,42,170,212,471,181,62,15,31,115,253,1145,-184
2019-20,1629608,Dewan Hernandez,1610612761,TOR,23.0,6,6,0,28.235,5,14,1,2,3,5,5,9,14,3,3,1,0,5,6,3,14,11
2019-20,203473,Dewayne Dedmon,1610612737,ATL,30.0,44,17,27,773.655,102,255,22,107,30,36,60,189,249,22,57,25,41,13,133,53,256,-28
2019-20,1628415,Dillon Brooks,1610612763,MEM,24.0,73,34,39,2111.9883333333332,435,1068,147,411,164,203,68,175,243,150,124,63,27,38,278,177,1181,-42
2019-20,203079,Dion Waiters,1610612747,LAL,28.0,10,4,6,207.45,41,99,15,47,14,17,2,22,24,20,16,4,6,7,21,14,111,29
2019-20,1627734,Domantas Sabonis,1610612754,IND,24.0,62,37,25,2158.65,458,848,17,67,214,296,189,582,771,310,170,47,30,56,195,303,1147,163
2019-20,1628378,Donovan Mitchell,1610612762,UTA,23.0,69,43,26,2363.9666666666667,602,1342,173,473,278,322,53,251,304,294,184,70,14,48,172,264,1655,113
2019-20,1629743,Donta Hall,1610612751,BKN,22.0,9,4,5,133.14833333333334,15,22,0,0,9,18,14,24,38,4,5,3,6,1,23,15,39,-35
2019-20,1628978,Donte DiVincenzo,1610612749,MIL,23.0,66,53,13,1520.4066666666668,232,510,83,247,63,86,66,252,318,154,90,85,20,27,113,96,610,409
2019-20,1627827,Dorian Finney-Smith,1610612742,DAL,27.0,71,40,31,2119.5383333333334,243,522,114,303,78,108,145,260,405,114,69,45,39,32,178,90,678,276
2019-20,203926,Doug McDermott,1610612754,IND,28.0,69,43,26,1372.3916666666667,267,547,128,294,48,58,26,148,174,78,42,12,5,37,117,57,710,102
2019-20,1627733,Dragan Bender,1610612744,GSW,22.0,16,10,6,285.55,41,92,15,43,10,14,16,57,73,28,21,4,9,8,42,19,107,-5
2019-20,203110,Draymond Green,1610612744,GSW,30.0,43,10,33,1221.6566666666668,123,316,36,129,63,83,23,243,266,266,98,59,33,13,110,83,345,-193
2019-20,1629234,Drew Eubanks,1610612759,SAS,23.0,22,13,9,272.22,43,67,1,1,20,26,28,57,85,15,21,5,17,8,37,28,107,-71
2019-20,1629130,Duncan Robinson,1610612748,MIA,26.0,73,44,29,2165.63,323,687,270,606,67,72,10,222,232,102,70,35,19,9,193,85,983,351
2019-20,1628605,Dusty Hannahs,1610612763,MEM,26.0,2,0,2,13.433333333333334,4,9,2,3,2,2,0,1,1,0,0,0,0,0,1,1,12,5
2019-20,1628407,Dwayne Bacon,1610612766,CHA,24.0,39,10,29,687.3033333333333,85,244,19,67,35,53,15,85,100,52,37,23,2,20,52,42,224,-132
2019-20,2730,Dwight Howard,1610612747,LAL,34.0,69,52,17,1305.7133333333334,202,277,3,5,110,214,172,335,507,45,84,31,79,14,222,207,517,162
2019-20,203939,Dwight Powell,1610612742,DAL,28.0,40,25,15,1060.5383333333334,146,229,10,39,74,111,75,152,227,59,36,34,22,13,102,116,376,195
2019-20,1629058,Dzanan Musa,1610612751,BKN,21.0,40,20,20,487.215,64,172,19,78,45,60,21,65,86,43,36,15,1,14,30,53,192,-23
2019-20,202734,E'Twaun Moore,1610612740,NOP,31.0,56,27,29,1019.8866666666667,186,437,63,167,31,45,31,100,131,78,40,32,11,19,80,41,466,-46
2019-20,202334,Ed Davis,1610612762,UTA,31.0,28,16,12,303.4716666666667,22,46,0,0,7,14,35,70,105,12,13,11,9,6,61,24,51,-108
2019-20,1628410,Edmond Sumner,1610612754,IND,24.0,31,16,15,446.785,61,142,14,53,16,29,11,35,46,55,22,15,9,12,44,28,152,-28
2019-20,203901,Elfrid Payton,1610612752,NYK,26.0,45,17,28,1245.8833333333334,193,440,14,69,49,86,52,160,212,323,96,70,17,45,89,77,449,-85
2019-20,1629059,Elie Okobo,1610612756,PHX,22.0,55,23,32,718.7066666666667,72,181,25,71,50,71,16,74,90,115,38,24,4,6,54,60,219,-64
2019-20,1626144,Emmanuel Mudiay,1610612762,UTA,24.0,54,34,20,849.5966666666667,151,327,30,87,63,83,18,108,126,116,76,24,10,23,72,78,395,-44
2019-20,202683,Enes Freedom,1610612738,BOS,28.0,58,36,22,983.3383333333334,199,348,1,7,70,99,163,268,431,56,56,22,41,36,100,89,469,211
2019-20,202339,Eric Bledsoe,1610612749,MIL,30.0,61,48,13,1646.2833333333333,334,703,74,215,169,214,43,239,282,328,148,57,26,39,128,178,911,433
2019-20,201569,Eric Gordon,1610612745,HOU,31.0,36,21,15,1016.205,171,463,96,303,82,107,9,62,71,54,43,23,13,29,70,88,520,3
2019-20,1628450,Eric Mika,1610612758,SAC,25.0,1,0,1,19.041666666666668,2,3,0,0,2,2,2,5,7,0,0,0,0,0,5,1,6,8
2019-20,1629672,Eric Paschall,1610612744,GSW,23.0,60,14,46,1653.795,318,640,37,129,164,212,82,193,275,127,94,32,13,54,125,165,837,-375
2019-20,101141,Ersan Ilyasova,1610612749,MIL,33.0,63,48,15,986.3833333333333,146,313,50,137,72,87,62,240,302,49,34,24,17,13,95,80,414,81
2019-20,203095,Evan Fournier,1610612753,ORL,27.0,66,28,38,2075.64,434,929,173,434,180,220,18,153,171,209,125,71,15,30,161,176,1221,-82
2019-20,202323,Evan Turner,1610612750,MIN,31.0,19,3,16,251.46,25,67,0,5,12,14,8,30,38,38,26,9,8,4,20,13,62,-65
2019-20,1628402,Frank Jackson,1610612740,NOP,22.0,59,26,33,797.155,134,331,47,144,56,75,22,61,83,61,49,17,4,18,77,60,371,-59
2019-20,1626163,Frank Kaminsky,1610612756,PHX,27.0,39,19,20,777.4233333333333,138,307,41,124,61,90,35,141,176,75,37,14,10,19,75,73,378,-9
2019-20,1628412,Frank Mason III,1610612749,MIL,26.0,9,6,3,117.925,23,51,6,21,10,17,5,14,19,29,11,5,1,5,11,13,62,2
2019-20,1628373,Frank Ntilikina,1610612752,NYK,21.0,57,19,38,1186.6733333333334,131,333,44,137,51,59,23,98,121,172,71,54,16,14,142,70,357,-97
2019-20,1627832,Fred VanVleet,1610612761,TOR,26.0,54,40,14,1928.1533333333334,319,773,146,374,168,198,18,185,203,357,121,100,17,51,132,187,952,204
2019-20,1627788,Furkan Korkmaz,1610612755,PHI,22.0,72,42,30,1558.9133333333334,242,563,143,356,77,102,18,150,168,79,59,41,16,8,98,90,704,90
2019-20,1629216,Gabe Vincent,1610612748,MIA,24.0,9,5,4,82.81166666666667,8,37,6,27,0,0,0,5,5,6,1,5,0,3,6,3,22,-31
2019-20,202066,Garrett Temple,1610612751,BKN,34.0,62,30,32,1729.7716666666668,222,587,127,386,70,87,29,189,218,156,62,49,29,26,108,89,641,-42
2019-20,1629726,Garrison Mathews,1610612764,WAS,23.0,18,8,10,227.39666666666668,24,56,19,46,31,34,6,18,24,10,8,8,1,4,32,29,98,35
2019-20,1629109,Gary Clark,1610612753,ORL,25.0,42,23,19,566.3666666666667,54,133,39,111,9,10,37,73,110,17,10,6,22,1,46,16,156,-56
2019-20,203914,Gary Harris,1610612743,DEN,25.0,56,37,19,1780.2,218,519,70,210,75,92,26,137,163,118,60,76,14,27,116,83,581,122
2019-20,1627780,Gary Payton II,1610612764,WAS,27.0,29,13,16,431.78,48,116,13,46,4,8,26,54,80,48,20,33,7,7,54,11,113,-139
2019-20,1629018,Gary Trent Jr.,1610612757,POR,21.0,61,29,32,1331.9966666666667,196,441,112,268,37,45,25,75,100,61,21,48,16,11,90,53,541,-53
2019-20,201588,George Hill,1610612749,MIL,34.0,59,47,12,1271.2016666666666,194,376,81,176,85,101,50,127,177,180,57,47,5,20,84,96,554,300
2019-20,1627777,Georges Niang,1610612762,UTA,27.0,66,41,25,923.1916666666667,141,322,90,225,20,24,15,112,127,44,30,18,5,9,75,28,392,-40
2019-20,203507,Giannis Antetokounmpo,1610612749,MIL,25.0,63,51,12,1916.88,685,1238,89,293,398,629,140,716,856,354,230,61,66,69,195,516,1857,682
2019-20,203922,Glenn Robinson III,1610612755,PHI,26.0,62,17,45,1786.4316666666666,288,592,77,197,74,86,81,189,270,96,55,54,16,41,100,66,727,-297
2019-20,1629048,Goga Bitadze,1610612754,IND,20.0,54,32,22,471.2916666666667,70,150,8,42,24,33,25,81,106,23,28,10,37,3,65,26,172,-14
2019-20,201609,Goran Dragic,1610612748,MIA,34.0,59,37,22,1662.8666666666666,319,724,124,338,191,246,29,158,187,301,144,40,10,27,124,190,953,165
2019-20,202330,Gordon Hayward,1610612738,BOS,30.0,52,34,18,1739.9883333333332,350,700,85,222,124,145,55,293,348,212,96,38,22,39,96,131,909,333
2019-20,203476,Gorgui Dieng,1610612763,MEM,30.0,63,20,43,1096.4966666666667,166,364,54,152,78,101,91,263,354,73,60,51,59,23,124,110,464,-103
2019-20,1629684,Grant Williams,1610612738,BOS,21.0,69,47,22,1043.2233333333334,87,211,24,96,39,54,59,119,178,68,50,30,36,14,163,58,237,131
2019-20,1628960,Grayson Allen,1610612763,MEM,24.0,38,16,22,718.47,117,251,57,141,39,45,8,77,85,52,33,10,2,9,53,54,330,-96
2019-20,1628977,Hamidou Diallo,1610612760,OKC,21.0,46,25,21,895.5866666666667,132,296,16,57,38,63,44,123,167,36,51,37,9,21,101,65,318,13
2019-20,203084,Harrison Barnes,1610612758,SAC,28.0,72,31,41,2481.615,365,793,102,268,214,267,77,278,355,159,88,43,12,40,93,225,1046,-124
2019-20,1628385,Harry Giles III,1610612758,SAC,22.0,46,22,24,667.0033333333333,139,251,0,2,38,49,43,145,188,60,44,22,18,16,119,58,316,-129
2019-20,202355,Hassan Whiteside,1610612757,POR,31.0,67,34,33,2008.0833333333333,436,702,4,7,164,239,258,647,905,78,120,26,196,39,196,216,1040,114
2019-20,1627740,Henry Ellenson,1610612751,BKN,23.0,5,2,3,15.116666666666667,1,7,0,4,0,0,2,4,6,1,0,0,0,1,1,0,2,12
2019-20,101133,Ian Mahinmi,1610612764,WAS,33.0,38,15,23,807.825,104,210,5,26,70,113,78,140,218,49,45,31,44,21,114,102,283,-80
2019-20,1629649,Ignas Brazdeikis,1610612752,NYK,21.0,9,1,8,53.25,6,22,1,9,4,5,2,3,5,4,2,0,1,0,3,3,17,-12
2019-20,202697,Iman Shumpert,1610612751,BKN,30.0,13,9,4,240.64333333333335,21,64,8,33,4,7,9,25,34,12,10,12,2,1,21,10,54,-52
2019-20,1629067,Isaac Bonga,1610612764,WAS,20.0,66,22,44,1249.6516666666666,118,234,25,71,69,85,71,151,222,76,58,45,22,14,156,106,330,-32
2019-20,1628392,Isaiah Hartenstein,1610612745,HOU,22.0,23,16,7,266.02166666666665,44,67,0,5,19,28,29,61,90,18,16,9,12,2,41,26,107,40
2019-20,1629676,Isaiah Roby,1610612760,OKC,22.0,3,2,1,11.4,0,1,0,0,0,0,0,2,2,0,1,0,0,0,1,0,0,-4
2019-20,202738,Isaiah Thomas,1610612764,WAS,31.0,40,14,26,924.6766666666666,174,426,78,189,62,76,11,57,68,146,77,13,6,32,77,67,488,-201
2019-20,202397,Ish Smith,1610612764,WAS,31.0,68,23,45,1786.92,308,689,62,169,62,86,30,189,219,334,95,59,30,27,106,81,740,-140
2019-20,1627826,Ivica Zubac,1610612746,LAC,23.0,72,49,23,1326.0,236,385,0,2,124,166,197,346,543,82,61,16,66,28,168,126,596,231
2019-20,200826,J.J. Barea,1610612742,DAL,36.0,29,15,14,449.6816666666667,85,207,32,85,20,22,10,43,53,112,38,5,2,7,27,41,222,20
2019-20,1629122,J.P. Macura,1610612739,CLE,25.0,1,1,0,0.6233333333333333,0,0,0,0,0,0,0,0,0,0,0,0,0,0,0,0,0,3
2019-20,200755,JJ Redick,1610612740,NOP,36.0,60,26,34,1580.9666666666667,286,631,180,397,165,185,10,141,151,119,75,20,10,15,96,159,917,-21
2019-20,2747,JR Smith,1610612747,LAL,34.0,6,2,4,78.90333333333334,7,22,1,11,2,2,0,5,5,3,4,1,0,0,5,3,17,-35
2019-20,1629630,Ja Morant,1610612763,MEM,20.0,67,33,34,2074.3233333333333,447,937,60,179,239,308,51,208,259,488,220,58,18,92,110,274,1193,-17
2019-20,203960,JaKarr Sampson,1610612754,IND,27.0,34,21,13,470.645,68,115,2,13,18,27,20,68,88,21,15,16,12,5,64,32,156,20
2019-20,203210,JaMychal Green,1610612746,LAC,30.0,63,43,20,1307.0416666666667,151,352,92,238,36,48,77,311,388,49,54,29,24,20,174,44,430,149
2019-20,201580,JaVale McGee,1610612747,LAL,32.0,68,51,17,1130.0916666666667,195,306,3,6,53,82,125,265,390,37,55,36,94,19,159,87,446,131
2019-20,203953,Jabari Parker,1610612758,SAC,25.0,38,9,29,917.8116666666666,219,429,32,119,61,81,61,153,214,68,64,45,16,37,99,70,531,-94
2019-20,1628980,Jacob Evans,1610612750,MIN,23.0,29,8,21,418.12,45,134,13,39,25,29,9,32,41,31,25,11,12,11,41,27,128,-101
2019-20,203109,Jae Crowder,1610612748,MIA,29.0,65,29,36,1874.7316666666666,226,563,135,394,97,125,52,332,384,161,69,72,24,21,143,122,684,-132
2019-20,1626143,Jahlil Okafor,1610612740,NOP,24.0,30,9,21,466.94166666666666,101,162,1,3,40,62,48,79,127,37,38,7,22,15,67,61,243,-101
2019-20,1627774,Jake Layman,1610612750,MIN,26.0,23,11,12,505.1766666666667,81,179,24,72,24,32,17,40,57,15,24,17,10,4,47,29,210,22
2019-20,1627751,Jakob Poeltl,1610612759,SAS,24.0,66,30,36,1171.1166666666666,166,266,0,0,40,86,131,244,375,116,54,37,95,24,126,96,372,119
2019-20,1628973,Jalen Brunson,1610612742,DAL,23.0,57,34,23,1022.0733333333334,181,388,43,120,61,75,22,112,134,188,66,22,4,11,74,118,466,172
2019-20,1629665,Jalen Lecque,1610612756,PHX,20.0,5,2,3,31.60333333333333,4,10,0,4,2,2,0,2,2,2,2,0,0,0,3,3,10,-20
2019-20,1629667,Jalen McDaniels,1610612766,CHA,22.0,16,7,9,293.32166666666666,33,70,9,24,14,17,15,50,65,13,11,8,3,3,36,18,89,-23
2019-20,2037,Jamal Crawford,1610612751,BKN,40.0,1,1,0,5.966666666666667,2,4,1,2,0,0,0,0,0,3,0,0,0,0,1,1,5,4
2019-20,1627750,Jamal Murray,1610612743,DEN,23.0,59,38,21,1903.4816666666666,408,894,112,324,163,185,45,191,236,284,127,67,17,27,102,178,1091,242
2019-20,203516,James Ennis III,1610612753,ORL,29.0,69,42,27,1265.905,160,359,55,169,79,98,71,174,245,63,58,35,22,21,137,90,454,-3
2019-20,201935,James Harden,1610612745,HOU,30.0,68,43,25,2482.55,672,1514,299,843,692,800,70,376,446,512,308,125,60,92,227,524,2335,286
2019-20,201949,James Johnson,1610612750,MIN,33.0,32,14,18,619.5716666666667,103,215,33,91,31,48,25,93,118,74,48,25,32,13,80,33,270,-75
2019-20,201162,Jared Dudley,1610612747,LAL,34.0,45,30,15,363.56666666666666,24,60,18,42,2,2,6,46,52,28,8,15,3,2,41,8,68,18
2019-20,1629607,Jared Harper,1610612752,NYK,22.0,3,1,2,7.883333333333334,1,4,0,2,0,0,0,0,0,0,0,0,0,0,0,0,2,-11
2019-20,1628991,Jaren Jackson Jr.,1610612763,MEM,20.0,57,28,29,1621.9933333333333,353,753,145,368,139,186,55,207,262,78,99,40,92,64,232,187,990,-104
2019-20,1629020,Jarred Vanderbilt,1610612750,MIN,21.0,11,6,5,46.53666666666667,5,8,0,1,2,2,3,6,9,2,7,3,1,0,6,1,12,-28
2019-20,1629714,Jarrell Brantley,1610612762,UTA,24.0,9,3,6,96.03,10,28,3,13,1,2,2,18,20,11,7,3,5,1,7,3,24,-37
2019-20,1628386,Jarrett Allen,1610612751,BKN,22.0,70,33,37,1851.8633333333332,302,465,0,6,171,270,216,455,671,110,77,40,92,44,162,274,775,45
2019-20,1629633,Jarrett Culver,1610612750,MIN,21.0,63,19,44,1505.6066666666666,230,569,66,221,54,117,70,142,212,110,81,57,38,53,125,95,580,-103
2019-20,1627784,Jarrod Uthoff,1610612764,WAS,27.0,7,4,3,53.15,7,18,3,9,2,2,2,4,6,0,0,1,0,0,2,1,19,10
2019-20,1629750,Javonte Green,1610612738,BOS,26.0,48,33,15,467.84833333333336,63,126,9,33,28,42,24,69,93,26,23,24,8,5,43,29,163,-31
2019-20,1629637,Jaxson Hayes,1610612740,NOP,20.0,64,28,36,1079.715,174,259,1,4,123,190,97,162,259,56,53,26,55,14,161,145,472,-58
2019-20,1627759,Jaylen Brown,1610612738,BOS,23.0,57,38,19,1933.665,427,887,129,338,176,243,62,302,364,118,125,65,20,66,167,193,1159,229
2019-20,1629658,Jaylen Hoard,1610612757,POR,21.0,13,7,6,102.99833333333333,15,32,0,3,8,13,14,18,32,4,4,5,0,4,12,10,38,10
2019-20,1629669,Jaylen Nowell,1610612750,MIN,20.0,15,2,13,151.20166666666665,19,53,3,26,16,17,3,10,13,19,3,3,1,1,11,11,57,11
2019-20,1628369,Jayson Tatum,1610612738,BOS,22.0,66,46,20,2265.085,552,1226,189,469,254,313,64,396,460,200,155,93,57,62,136,239,1547,500
2019-20,201145,Jeff Green,1610612745,HOU,33.0,48,28,20,960.1016666666667,159,344,62,183,73,91,24,109,133,50,42,26,19,14,89,72,453,-85
2019-20,201952,Jeff Teague,1610612737,ATL,32.0,59,22,37,1464.2766666666666,213,489,43,117,172,197,27,115,142,308,116,44,19,38,106,152,641,-170
2019-20,203924,Jerami Grant,1610612743,DEN,26.0,71,45,26,1891.945,303,634,98,252,147,196,58,190,248,88,63,50,57,32,154,183,851,-86
2019-20,1629725,Jeremiah Martin,1610612751,BKN,24.0,9,6,3,99.10333333333334,24,53,5,18,11,14,1,9,10,18,4,7,2,4,7,16,64,-17
2019-20,203087,Jeremy Lamb,1610612754,IND,28.0,46,27,19,1291.1533333333334,216,479,53,158,92,110,24,176,200,96,50,55,22,16,104,100,577,1
2019-20,202951,Jeremy Pargo,1610612744,GSW,34.0,3,0,3,44.31,11,22,3,7,0,1,1,2,3,8,4,1,0,0,8,2,25,0
2019-20,1626170,Jerian Grant,1610612764,WAS,27.0,6,1,5,80.35166666666667,10,27,2,8,5,7,2,4,6,9,3,1,1,3,11,4,27,-3
2019-20,1629010,Jerome Robinson,1610612764,WAS,23.0,63,36,27,979.305,115,310,49,153,40,57,13,116,129,87,49,28,17,14,112,52,319,-34
2019-20,1628975,Jevon Carter,1610612756,PHX,24.0,58,29,29,945.1483333333333,101,243,62,146,23,27,30,88,118,84,32,47,17,11,86,33,287,-13
2019-20,202710,Jimmy Butler III,1610612748,MIA,30.0,58,38,20,1959.1033333333332,345,758,29,119,438,525,106,280,386,350,127,103,32,45,81,389,1157,257
2019-20,201149,Joakim Noah,1610612746,LAC,35.0,5,4,1,50.166666666666664,4,8,0,0,6,8,5,11,16,7,6,1,1,0,9,5,14,-19
2019-20,1629147,Joe Chealey,1610612766,CHA,24.0,4,1,3,33.44833333333333,0,7,0,4,2,2,0,0,0,1,2,4,0,1,2,1,2,-18
2019-20,203925,Joe Harris,1610612751,BKN,28.0,69,33,36,2123.015,381,784,172,406,64,89,64,234,298,144,104,41,17,56,159,85,998,86
2019-20,204060,Joe Ingles,1610612762,UTA,32.0,72,44,28,2136.576666666667,246,553,141,353,74,94,27,251,278,373,142,65,11,21,154,121,707,237
2019-20,203954,Joel Embiid,1610612755,PHI,26.0,51,32,19,1505.815,382,801,57,172,351,435,141,452,593,152,159,45,65,42,174,344,1172,163
2019-20,1628381,John Collins,1610612737,ATL,22.0,41,15,26,1363.1616666666666,353,605,59,147,120,150,116,300,416,60,75,31,66,54,138,145,885,-165
2019-20,203089,John Henson,1610612765,DET,29.0,40,8,32,600.2066666666667,95,171,8,36,23,46,46,116,162,54,36,24,42,11,78,53,221,-19
2019-20,1629723,John Konchar,1610612763,MEM,24.0,19,9,10,181.11333333333334,24,37,5,10,1,2,18,29,47,22,7,7,3,2,7,6,54,36
2019-20,1628405,Johnathan Motley,1610612746,LAC,25.0,13,8,5,41.14666666666667,11,15,1,1,5,7,3,7,10,8,5,3,0,1,6,5,28,3
2019-20,1629140,Johnathan Williams,1610612764,WAS,25.0,15,7,8,179.77666666666667,19,34,0,2,7,13,24,40,64,8,5,1,8,4,16,15,45,-39
2019-20,1628413,Jonah Bolden,1610612756,PHX,24.0,7,6,1,47.053333333333335,4,11,0,4,2,4,3,6,9,0,2,3,2,1,10,4,10,1
2019-20,202685,Jonas Valančiūnas,1610612763,MEM,28.0,70,32,38,1845.1033333333332,432,739,32,91,148,200,213,575,788,131,127,30,76,39,185,193,1044,5
2019-20,1628371,Jonathan Isaac,1610612753,ORL,22.0,34,15,19,979.895,156,332,32,94,60,77,58,173,231,48,49,53,78,10,83,81,404,18
2019-20,1628395,Jordan Bell,1610612739,CLE,25.0,29,8,21,256.38666666666666,35,67,4,12,19,31,30,51,81,16,21,3,10,4,19,23,93,-8
2019-20,1629648,Jordan Bone,1610612765,DET,22.0,10,3,7,53.03,5,20,2,10,0,0,0,4,4,8,2,1,0,1,6,0,12,0
2019-20,203903,Jordan Clarkson,1610612762,UTA,28.0,71,34,37,1704.7283333333332,394,867,152,413,138,165,50,137,187,136,97,46,16,52,108,129,1078,-5
2019-20,1629162,Jordan McLaughlin,1610612750,MIN,24.0,30,7,23,590.4466666666667,87,178,29,76,26,39,7,42,49,125,31,34,4,16,31,47,229,-70
2019-20,203895,Jordan McRae,1610612765,DET,29.0,37,12,25,784.5383333333333,149,366,45,126,83,109,18,106,124,93,43,21,16,23,73,87,426,-73
2019-20,1629673,Jordan Poole,1610612744,GSW,21.0,57,12,45,1273.89,167,502,74,265,95,119,9,109,118,134,74,35,10,32,94,109,503,-198
2019-20,1627982,Josh Gray,1610612740,NOP,26.0,2,1,1,22.716666666666665,1,2,0,0,0,0,1,1,2,2,5,0,0,0,1,1,2,-7
2019-20,1628404,Josh Hart,1610612740,NOP,25.0,65,26,39,1755.215,225,532,121,354,85,115,61,364,425,108,75,63,23,25,160,102,656,-114
2019-20,1628367,Josh Jackson,1610612763,MEM,23.0,22,10,12,381.455,70,159,23,72,35,50,11,55,66,35,28,18,9,11,40,43,198,24
2019-20,203705,Josh Magette,1610612753,ORL,30.0,8,3,5,37.89333333333333,5,15,1,4,1,2,1,5,6,5,5,3,1,0,4,3,12,1
2019-20,1629006,Josh Okogie,1610612750,MIN,21.0,62,19,43,1547.2933333333333,170,398,41,154,152,191,87,181,268,99,87,68,26,35,139,146,533,-160
2019-20,1629729,Josh Reaves,1610612742,DAL,23.0,4,2,2,28.31833333333333,3,9,0,2,2,2,1,2,3,3,0,0,0,0,5,1,8,5
2019-20,1626196,Josh Richardson,1610612755,PHI,26.0,55,33,22,1693.185,278,646,85,249,114,141,41,133,174,162,104,52,36,37,136,163,755,119
2019-20,201950,Jrue Holiday,1610612740,NOP,30.0,61,26,35,2116.8166666666666,458,1006,122,346,129,182,77,216,293,408,184,99,48,59,145,168,1167,35
2019-20,1629308,Juan Toscano-Anderson,1610612744,GSW,27.0,13,3,10,272.10333333333335,29,63,8,23,3,5,9,43,52,26,16,13,5,7,30,12,69,-79
2019-20,1627823,Juancho Hernangomez,1610612750,MIN,24.0,48,24,24,833.5116666666667,100,247,44,129,44,71,43,154,197,40,32,19,9,15,64,75,288,-55
2019-20,203944,Julius Randle,1610612752,NYK,25.0,64,21,43,2080.4,463,1006,64,231,258,352,151,471,622,198,193,51,22,65,178,278,1248,-244
2019-20,1626147,Justin Anderson,1610612751,BKN,26.0,10,6,4,107.33333333333333,10,38,6,29,2,4,1,20,21,8,4,0,6,2,13,6,28,3
2019-20,203200,Justin Holiday,1610612754,IND,31.0,73,45,28,1825.7016666666666,208,486,134,331,53,67,32,206,238,93,44,87,46,24,137,78,603,35
2019-20,1628382,Justin Jackson,1610612742,DAL,25.0,65,39,26,1044.6316666666667,135,341,48,163,42,50,27,127,154,52,14,15,10,15,69,45,360,5
2019-20,1629713,Justin James,1610612758,SAC,23.0,36,14,22,232.36666666666667,35,84,9,29,10,21,6,26,32,18,8,6,9,3,17,19,89,-26
2019-20,1628383,Justin Patton,1610612765,DET,23.0,5,2,3,24.241666666666667,4,10,1,4,0,0,1,4,5,2,2,0,0,0,4,0,9,-16
2019-20,1629620,Justin Robinson,1610612764,WAS,22.0,9,2,7,48.68666666666667,5,12,3,5,0,0,1,4,5,7,3,0,1,0,2,1,13,31
2019-20,1629625,Justin Wright-Foreman,1610612762,UTA,22.0,4,1,3,45.15,7,20,2,10,3,4,0,5,5,7,3,2,0,1,5,2,19,-30
2019-20,1626159,Justise Winslow,1610612763,MEM,24.0,11,7,4,352.25,50,129,6,27,18,27,16,57,73,44,24,7,5,4,38,21,124,52
2019-20,203994,Jusuf Nurkić,1610612757,POR,25.0,8,6,2,253.13833333333332,54,109,2,10,31,35,23,59,82,32,19,11,16,2,39,45,141,-4
2019-20,1629752,Juwan Morgan,1610612762,UTA,23.0,21,12,9,134.45666666666668,15,26,3,8,3,4,10,19,29,6,6,1,2,0,19,4,36,30
2019-20,1629644,KZ Okpala,1610612748,MIA,21.0,5,2,3,25.975,3,5,0,1,1,2,1,4,5,1,1,2,1,0,2,3,7,-15
2019-20,1628443,Kadeem Allen,1610612752,NYK,27.0,10,3,7,117.05,19,44,5,16,7,11,2,7,9,21,8,5,2,2,7,7,50,-21
2019-20,1626157,Karl-Anthony Towns,1610612750,MIN,24.0,35,10,25,1187.03,316,622,114,277,180,226,95,283,378,153,110,33,42,36,117,191,926,-15
2019-20,202695,Kawhi Leonard,1610612746,LAC,29.0,57,41,16,1848.1083333333333,532,1133,123,325,356,402,54,348,402,280,149,103,33,40,113,343,1543,478
2019-20,1628966,Keita Bates-Diop,1610612743,DEN,24.0,44,10,34,744.3233333333334,100,234,34,103,54,75,25,102,127,30,17,19,24,19,43,51,288,-172
2019-20,1629103,Kelan Martin,1610612750,MIN,24.0,31,12,19,494.89666666666665,71,181,25,96,30,31,12,84,96,23,20,7,9,3,51,25,197,-22
2019-20,1629640,Keldon Johnson,1610612759,SAS,20.0,17,8,9,300.5966666666667,53,89,13,22,35,44,10,47,57,15,13,14,2,5,28,27,154,67
2019-20,203482,Kelly Olynyk,1610612748,MIA,29.0,67,41,26,1300.305,184,398,95,234,86,100,44,261,305,116,71,45,23,14,173,105,549,60
2019-20,1626162,Kelly Oubre Jr.,1610612756,PHX,24.0,56,22,34,1933.3716666666667,373,826,108,307,192,246,67,294,361,85,83,71,40,75,192,200,1046,-27
2019-20,202689,Kemba Walker,1610612738,BOS,30.0,56,37,19,1742.405,378,889,180,473,209,242,36,181,217,268,117,48,28,64,91,216,1145,248
2019-20,1629134,Kendrick Nunn,1610612748,MIA,24.0,67,42,25,1962.4683333333332,401,914,137,391,85,100,21,159,180,220,114,56,15,58,152,88,1024,61
2019-20,1629026,Kenrich Williams,1610612740,NOP,25.0,39,12,27,831.8816666666667,51,147,25,97,9,26,51,135,186,57,22,27,21,5,88,35,136,-26
2019-20,203145,Kent Bazemore,1610612758,SAC,30.0,68,32,36,1687.7166666666667,200,534,84,244,113,147,27,267,294,93,91,74,40,37,196,152,597,10
2019-20,203484,Kentavious Caldwell-Pope,1610612747,LAL,27.0,69,51,18,1761.9616666666666,237,507,92,239,79,102,38,104,142,111,62,57,14,15,128,87,645,155
2019-20,1628987,Kevin Hervey,1610612760,OKC,23.0,10,3,7,52.12833333333333,7,27,3,20,0,0,1,11,12,5,0,1,1,0,4,1,17,-34
2019-20,1628989,Kevin Huerter,1610612737,ATL,21.0,56,19,37,1760.375,252,610,127,334,53,64,35,193,228,213,87,51,27,18,139,58,684,-242
2019-20,1628995,Kevin Knox II,1610612752,NYK,20.0,65,21,44,1166.1333333333334,144,401,65,199,66,101,28,156,184,61,45,23,28,21,106,81,419,-179
2019-20,201567,Kevin Love,1610612739,CLE,31.0,56,16,40,1779.87,327,727,146,390,187,219,54,493,547,178,140,33,19,29,90,163,987,-269
2019-20,1629645,Kevin Porter Jr.,1610612739,CLE,20.0,50,15,35,1161.72,186,421,53,158,73,101,22,140,162,109,93,46,14,32,135,86,498,-289
2019-20,1626172,Kevon Looney,1610612744,GSW,24.0,20,6,14,261.6016666666667,29,79,1,14,9,12,28,38,66,20,12,12,6,6,34,11,68,-99
2019-20,203920,Khem Birch,1610612753,ORL,27.0,48,19,29,922.0183333333333,73,143,0,1,66,101,91,129,220,50,31,20,23,10,91,81,212,-130
2019-20,203114,Khris Middleton,1610612749,MIL,28.0,62,46,16,1852.6716666666666,471,947,147,354,208,227,44,338,382,265,137,53,7,39,142,169,1297,501
2019-20,1629017,Khyri Thomas,1610612765,DET,24.0,8,2,6,61.20666666666666,5,17,5,14,2,4,1,0,1,3,3,3,0,0,9,3,17,-36
2019-20,1628961,Kostas Antetokounmpo,1610612747,LAL,22.0,5,3,2,20.105,3,3,0,0,1,2,2,1,3,2,1,0,0,0,2,2,7,7
2019-20,1627739,Kris Dunn,1610612741,CHI,26.0,51,19,32,1268.62,152,342,29,112,40,54,23,163,186,173,68,101,17,20,158,57,373,-29
2019-20,204001,Kristaps Porziņģis,1610612742,DAL,24.0,57,32,25,1813.7766666666666,398,932,142,403,226,283,100,440,540,102,92,41,115,33,185,222,1164,268
2019-20,1629065,Ky Bowman,1610612744,GSW,23.0,45,9,36,1015.1866666666666,134,321,33,107,34,41,24,97,121,131,70,44,10,17,102,51,335,-174
2019-20,1629734,Kyle Alexander,1610612748,MIA,23.0,2,0,2,13.366666666666667,1,2,0,0,0,0,2,1,3,0,1,0,0,0,1,0,2,-3
2019-20,203937,Kyle Anderson,1610612763,MEM,26.0,67,32,35,1329.8866666666668,157,331,24,85,52,78,58,227,285,162,66,54,37,17,111,73,390,-91
2019-20,1629657,Kyle Guy,1610612758,SAC,22.0,3,2,1,9.583333333333334,2,5,0,3,0,0,0,1,1,1,0,0,0,0,1,0,4,-11
2019-20,2594,Kyle Korver,1610612749,MIL,39.0,58,43,15,959.98,126,293,99,237,35,41,15,107,122,68,48,26,12,5,78,36,386,126
2019-20,1628398,Kyle Kuzma,1610612747,LAL,24.0,61,46,15,1526.185,291,668,86,272,114,155,52,221,273,80,91,28,26,22,126,108,782,181
2019-20,200768,Kyle Lowry,1610612761,TOR,34.0,58,41,17,2098.3216666666667,334,803,164,466,294,343,32,260,292,433,178,82,26,46,190,322,1126,275
2019-20,203124,Kyle O'Quinn,1610612755,PHI,30.0,29,18,11,312.6333333333333,42,85,7,27,11,20,34,82,116,51,20,7,24,2,37,22,102,-33
2019-20,202681,Kyrie Irving,1610612751,BKN,28.0,20,8,12,657.9666666666667,199,416,56,142,94,102,22,81,103,128,52,27,10,16,53,96,548,-7
2019-20,200746,LaMarcus Aldridge,1610612759,SAS,34.0,53,23,30,1753.9383333333333,391,793,61,157,158,191,103,289,392,129,74,36,87,20,128,163,1001,-129
2019-20,202498,Lance Thomas,1610612751,BKN,32.0,7,4,3,97.75833333333334,8,23,4,13,4,4,2,11,13,6,6,0,0,0,11,6,24,-55
2019-20,1629013,Landry Shamet,1610612746,LAC,23.0,53,34,19,1451.93,158,391,111,296,65,76,6,94,100,99,42,20,10,14,142,65,492,123
2019-20,204038,Langston Galloway,1610612765,DET,28.0,66,20,46,1702.225,236,542,132,331,73,85,33,116,149,101,40,48,11,14,96,76,677,-143
2019-20,1626204,Larry Nance Jr.,1610612739,CLE,27.0,56,16,40,1472.1133333333332,229,431,56,159,50,74,106,303,409,123,60,56,22,15,91,101,564,-156
2019-20,1628374,Lauri Markkanen,1610612741,CHI,23.0,50,18,32,1491.5783333333334,251,591,109,317,126,153,60,253,313,74,81,42,23,39,96,122,737,-68
2019-20,2544,LeBron James,1610612747,LAL,35.0,67,50,17,2316.266666666667,643,1303,148,425,264,381,66,459,525,684,261,78,36,59,118,339,1698,442
2019-20,1629022,Lonnie Walker IV,1610612759,SAS,21.0,61,29,32,988.2983333333333,152,357,41,101,44,61,23,116,139,68,44,32,14,21,78,51,389,-5
2019-20,1628366,Lonzo Ball,1610612740,NOP,22.0,63,26,37,2025.215,277,687,148,395,43,76,71,312,383,438,193,88,38,34,128,80,745,-26
2019-20,101150,Lou Williams,1610612746,LAC,33.0,65,44,21,1863.7083333333333,391,936,111,315,292,339,31,170,201,365,182,43,12,50,80,269,1185,203
2019-20,1629663,Louis King,1610612765,DET,21.0,10,3,7,62.2,8,21,4,11,0,3,1,9,10,5,2,2,0,1,10,2,20,19
2019-20,201601,Luc Mbah a Moute,1610612745,HOU,33.0,3,1,2,24.6,2,5,0,2,1,2,1,1,2,0,1,2,0,0,0,1,5,-7
2019-20,1629652,Luguentz Dort,1610612760,OKC,21.0,36,26,10,820.33,86,218,30,101,42,53,24,57,81,27,22,31,4,12,97,65,244,55
2019-20,1629029,Luka Dončić,1610612742,DAL,21.0,61,36,25,2047.245,581,1255,171,541,426,562,78,495,573,538,260,62,14,67,153,456,1759,253
2019-20,1629677,Luka Samanic,1610612759,SAS,20.0,3,1,2,48.416666666666664,5,16,3,8,3,4,1,9,10,6,2,0,2,2,6,4,16,5
2019-20,1628379,Luke Kennard,1610612765,DET,24.0,28,11,17,921.9233333333333,151,342,73,183,67,75,9,89,98,115,43,12,6,13,65,54,442,-22
2019-20,1628436,Luke Kornet,1610612741,CHI,24.0,36,11,25,558.5433333333333,82,187,31,108,20,28,22,62,84,32,14,11,26,6,54,29,215,-42
2019-20,1627763,Malcolm Brogdon,1610612754,IND,27.0,54,34,20,1666.2683333333334,326,744,75,230,166,186,46,216,262,381,131,35,10,53,98,145,893,89
2019-20,1626259,Malcolm Miller,1610612761,TOR,27.0,28,24,4,161.91833333333332,12,29,8,22,3,8,2,14,16,11,4,5,2,2,18,5,35,60
2019-20,1627736,Malik Beasley,1610612750,MIN,23.0,55,30,25,1208.7116666666666,227,534,107,276,54,66,18,130,148,75,57,40,8,29,77,56,615,-50
2019-20,1628370,Malik Monk,1610612766,CHA,22.0,55,18,37,1169.1033333333332,212,488,58,204,82,100,27,130,157,114,77,25,16,29,74,80,564,-231
2019-20,1629005,Malik Newman,1610612739,CLE,23.0,1,0,1,3.683333333333333,0,2,0,1,2,2,0,0,0,0,1,0,0,0,0,1,2,-3
2019-20,201188,Marc Gasol,1610612761,TOR,35.0,44,35,9,1161.1566666666668,119,279,57,148,36,49,31,244,275,147,59,34,38,7,124,84,331,267
2019-20,201158,Marco Belinelli,1610612759,SAS,34.0,57,27,30,883.4016666666666,123,314,67,178,48,58,7,92,99,69,19,12,1,9,45,51,361,19
2019-20,202694,Marcus Morris Sr.,1610612746,LAC,30.0,62,26,36,1936.2733333333333,355,810,142,348,181,220,59,252,311,86,97,47,30,24,180,165,1033,44
2019-20,203935,Marcus Smart,1610612738,BOS,26.0,60,39,21,1919.27,256,682,137,395,127,152,42,183,225,291,103,101,29,19,162,153,776,281
2019-20,1629621,Marial Shayok,1610612755,PHI,24.0,4,2,2,27.865,3,12,2,6,3,4,1,6,7,1,3,0,1,1,4,3,11,-13
2019-20,1626209,Mario Hezonja,1610612757,POR,25.0,53,24,29,871.405,92,218,24,78,48,59,30,154,184,50,42,36,9,18,107,56,256,-177
2019-20,1628365,Markelle Fultz,1610612753,ORL,22.0,72,33,39,1995.945,359,772,36,135,116,159,41,197,238,369,147,90,11,49,142,143,870,-59
2019-20,202693,Markieff Morris,1610612747,LAL,30.0,58,22,36,1187.5333333333333,203,458,88,228,66,85,40,178,218,77,76,31,17,15,133,77,560,-126
2019-20,1629741,Marko Guduric,1610612763,MEM,25.0,44,19,25,483.615,62,157,25,83,24,26,14,59,73,45,36,12,8,11,34,31,173,-28
2019-20,1629716,Marques Bolden,1610612739,CLE,22.0,1,0,1,2.816666666666667,0,0,0,0,0,0,0,2,2,0,0,1,0,0,1,0,0,4
2019-20,1627737,Marquese Chriss,1610612744,GSW,22.0,59,15,44,1196.1283333333333,210,385,8,39,120,156,114,251,365,114,78,39,62,23,122,136,548,-227
2019-20,1628963,Marvin Bagley III,1610612758,SAC,21.0,13,2,11,333.9266666666667,78,167,4,22,25,31,29,68,97,10,18,6,12,16,43,37,185,-89
2019-20,101107,Marvin Williams,1610612749,MIL,34.0,58,21,37,1128.9166666666667,119,267,56,156,49,57,30,153,183,60,33,36,30,8,103,56,343,-80
2019-20,203486,Mason Plumlee,1610612743,DEN,30.0,61,38,23,1057.2983333333334,177,288,0,5,83,155,98,219,317,154,82,33,38,22,143,144,437,-55
2019-20,1629680,Matisse Thybulle,1610612755,PHI,23.0,65,40,25,1287.4316666666666,112,265,56,157,25,41,44,63,107,79,51,93,47,8,141,44,305,36
2019-20,1629760,Matt Mooney,1610612739,CLE,25.0,4,0,4,18.75,1,4,0,2,0,0,0,3,3,1,0,2,1,0,1,1,2,7
2019-20,1629744,Matt Thomas,1610612761,TOR,25.0,41,31,10,440.02,73,150,47,99,9,12,9,52,61,22,16,10,1,13,38,12,202,65
2019-20,203521,Matthew Dellavedova,1610612739,CLE,29.0,57,17,40,820.7733333333333,62,175,21,91,32,37,18,57,75,180,59,20,2,7,78,50,177,-12
2019-20,203090,Maurice Harkless,1610612752,NYK,27.0,62,39,23,1426.775,142,283,34,98,39,66,55,185,240,68,53,58,33,13,148,52,357,21
2019-20,1629622,Max Strus,1610612741,CHI,24.0,2,0,2,6.233333333333333,2,3,0,1,1,1,1,0,1,0,0,0,0,0,1,0,5,15
2019-20,1628467,Maxi Kleber,1610612742,DAL,28.0,74,42,32,1889.7033333333334,237,514,119,319,79,93,112,276,388,88,58,25,83,14,176,96,672,104
2019-20,1628982,Melvin Frazier Jr.,1610612753,ORL,23.0,19,6,13,125.93,15,34,8,16,2,4,2,8,10,3,5,9,2,1,11,4,40,-39
2019-20,203086,Meyers Leonard,1610612748,MIA,28.0,51,34,17,1033.9316666666666,119,234,53,128,18,28,30,230,260,55,39,14,15,10,107,52,309,77
2019-20,1629662,Mfiondu Kabengele,1610612746,LAC,22.0,12,9,3,64.41666666666667,14,32,9,20,5,5,1,10,11,2,2,2,2,4,9,4,42,-1
2019-20,203487,Michael Carter-Williams,1610612753,ORL,28.0,45,21,24,833.1433333333333,111,260,22,75,79,95,46,101,147,109,52,49,22,20,87,116,323,23
2019-20,1626187,Michael Frazier II,1610612745,HOU,26.0,13,7,6,144.57,7,29,4,23,9,14,1,9,10,2,5,2,0,3,22,8,27,-58
2019-20,203077,Michael Kidd-Gilchrist,1610612742,DAL,26.0,25,12,13,280.6933333333333,22,66,5,20,11,14,14,53,67,14,16,2,6,5,37,13,60,11
2019-20,1629008,Michael Porter Jr.,1610612743,DEN,22.0,55,36,19,903.2866666666666,195,383,62,147,60,72,66,193,259,46,49,27,25,27,100,59,512,21
2019-20,1628969,Mikal Bridges,1610612756,PHX,23.0,73,34,39,2042.1283333333333,247,484,70,194,103,122,66,226,292,129,73,102,46,33,163,137,667,117
2019-20,201144,Mike Conley,1610612762,UTA,32.0,47,26,21,1363.2733333333333,232,567,96,256,115,139,33,118,151,208,92,36,5,15,104,144,675,73
2019-20,203488,Mike Muscala,1610612760,OKC,28.0,47,26,21,571.7666666666667,77,189,54,143,18,22,16,92,108,40,17,9,12,7,58,40,226,-17
2019-20,203118,Mike Scott,1610612755,PHI,31.0,68,39,29,1207.0116666666668,149,350,80,217,30,37,65,183,248,56,26,22,5,8,96,33,408,141
2019-20,1628970,Miles Bridges,1610612766,CHA,22.0,65,23,42,1995.5766666666666,319,753,99,300,106,131,88,274,362,114,95,40,48,44,132,105,843,-397
2019-20,1629011,Mitchell Robinson,1610612752,NYK,22.0,61,20,41,1412.325,253,341,0,0,84,148,186,242,428,36,37,52,119,20,194,132,590,-107
2019-20,1629671,Miye Oni,1610612762,UTA,22.0,10,5,5,109.075,12,32,7,19,4,5,5,12,17,4,4,4,2,2,9,6,35,-16
2019-20,1628964,Mo Bamba,1610612753,ORL,22.0,62,30,32,878.3683333333333,132,286,37,107,31,46,100,202,302,42,42,23,86,25,116,45,332,20
2019-20,1628420,Monte Morris,1610612743,DEN,25.0,73,46,27,1636.5516666666667,260,566,65,172,75,89,24,113,137,255,53,55,17,28,73,86,660,54
2019-20,1626149,Montrezl Harrell,1610612746,LAC,26.0,63,44,19,1749.1266666666668,471,812,0,18,231,351,163,282,445,107,108,39,72,71,146,301,1173,251
2019-20,1629021,Moritz Wagner,1610612764,WAS,23.0,45,15,30,835.3316666666667,145,266,25,80,78,95,56,163,219,56,66,28,19,23,152,119,393,-89
2019-20,1629650,Moses Brown,1610612757,POR,20.0,9,4,5,32.843333333333334,4,10,0,0,3,8,3,11,14,1,3,1,1,0,7,5,11,-33
2019-20,1628539,Mychal Mulder,1610612744,GSW,26.0,7,3,4,203.68666666666667,26,67,16,52,9,12,3,20,23,8,5,2,1,0,20,8,77,23
2019-20,1626167,Myles Turner,1610612754,IND,24.0,62,37,25,1825.8016666666667,268,587,86,250,127,169,86,321,407,72,85,46,132,22,166,156,749,-7
2019-20,1629642,Nassir Little,1610612757,POR,20.0,48,22,26,572.485,65,151,14,59,28,44,31,77,108,22,15,13,14,12,72,35,172,-54
2019-20,1628513,Naz Mitrou-Long,1610612754,IND,26.0,5,3,2,46.85,6,17,2,12,0,0,0,7,7,8,3,1,1,0,2,3,14,20
2019-20,1629675,Naz Reid,1610612750,MIN,20.0,30,8,22,495.4633333333333,100,243,32,97,37,53,34,90,124,35,22,19,22,16,83,49,269,6
2019-20,202357,Nemanja Bjelica,1610612758,SAC,32.0,72,31,41,2011.1883333333333,314,653,134,320,69,84,111,347,458,203,99,62,40,27,216,95,831,4
2019-20,203457,Nerlens Noel,1610612760,OKC,26.0,61,38,23,1126.9333333333334,184,269,1,3,80,106,91,209,300,57,66,59,91,9,166,105,449,27
2019-20,1629651,Nic Claxton,1610612751,BKN,21.0,15,5,10,186.85,27,48,1,7,11,21,19,25,44,16,9,1,8,5,14,19,66,-67
2019-20,1629638,Nickeil Alexander-Walker,1610612740,NOP,21.0,47,19,28,590.8033333333333,98,266,46,133,25,37,9,75,84,89,54,17,8,20,57,46,267,-56
2019-20,201587,Nicolas Batum,1610612766,CHA,31.0,22,6,16,504.9816666666667,28,81,14,49,9,10,25,75,100,66,22,17,8,4,41,25,79,-48
2019-20,1629740,Nicolo Melli,1610612740,NOP,29.0,60,26,34,1042.1233333333332,136,323,69,206,54,73,38,142,180,82,46,34,23,7,124,95,395,-88
2019-20,1628430,Nigel Williams-Goss,1610612762,UTA,25.0,10,6,4,49.805,5,16,2,7,2,2,2,4,6,6,3,3,1,1,6,2,14,3
2019-20,203999,Nikola Jokić,1610612743,DEN,25.0,73,46,27,2335.405,565,1071,80,255,246,301,166,545,711,512,226,85,44,32,222,365,1456,255
2019-20,202696,Nikola Vučević,1610612753,ORL,29.0,62,28,34,1998.1783333333333,493,1033,98,289,131,167,140,533,673,222,88,54,47,50,135,158,1215,52
2019-20,203943,Noah Vonleh,1610612743,DEN,24.0,36,13,23,377.73833333333334,52,92,3,15,25,32,37,87,124,28,21,11,6,10,40,33,132,-54
2019-20,1626181,Norman Powell,1610612761,TOR,27.0,52,40,12,1478.825,296,598,109,273,129,153,26,164,190,91,77,60,21,34,108,116,830,148
2019-20,203658,Norvel Pelle,1610612755,PHI,27.0,24,12,12,231.73833333333334,25,48,0,1,7,14,20,52,72,8,18,3,31,5,55,12,57,-74
2019-20,1628384,OG Anunoby,1610612761,TOR,22.0,69,50,19,2065.6766666666667,286,566,89,228,72,102,80,284,364,108,79,96,45,60,167,90,733,273
2019-20,1629016,Omari Spellman,1610612750,MIN,22.0,49,11,38,885.985,127,295,43,110,73,92,77,142,219,47,54,33,24,17,63,67,370,-144
2019-20,1629052,Oshae Brissett,1610612761,TOR,22.0,19,15,4,135.07333333333332,13,36,3,15,8,10,9,17,26,7,7,4,1,5,18,7,37,34
2019-20,203490,Otto Porter Jr.,1610612741,CHI,27.0,14,5,9,330.78,62,140,24,62,19,27,13,35,48,25,11,15,6,5,31,24,167,26
2019-20,200782,P.J. Tucker,1610612745,HOU,35.0,72,44,28,2467.233333333333,177,426,107,299,39,48,112,364,476,115,72,77,36,13,229,107,500,155
2019-20,1629023,P.J. Washington,1610612766,CHA,21.0,58,22,36,1758.9916666666666,268,589,86,230,88,136,58,258,316,123,93,51,44,40,158,135,710,-221
2019-20,1628408,PJ Dozier,1610612743,DEN,23.0,29,18,11,411.56166666666667,65,157,17,49,21,29,10,45,55,63,27,14,6,9,45,31,168,-66
2019-20,1627783,Pascal Siakam,1610612761,TOR,26.0,60,46,14,2110.161666666667,500,1104,131,365,240,303,64,375,439,207,148,61,53,60,170,232,1371,398
2019-20,1626192,Pat Connaughton,1610612749,MIL,27.0,67,53,14,1243.1333333333334,137,301,55,166,31,40,60,224,284,107,52,25,31,18,70,41,360,81
2019-20,201976,Patrick Beverley,1610612746,LAC,31.0,51,38,13,1341.7016666666666,147,341,80,206,31,47,57,209,266,183,66,54,25,8,156,85,405,285
2019-20,1627775,Patrick McCaw,1610612761,TOR,24.0,37,27,10,908.1416666666667,67,162,23,71,13,18,19,67,86,79,29,39,4,8,60,15,170,2
2019-20,202335,Patrick Patterson,1610612746,LAC,31.0,59,39,20,776.1866666666666,95,233,67,172,35,43,35,116,151,41,21,7,3,5,54,41,292,47
2019-20,201988,Patty Mills,1610612759,SAS,31.0,66,28,38,1484.7483333333332,258,598,154,403,97,112,22,86,108,118,54,53,6,18,105,118,767,135
2019-20,202331,Paul George,1610612746,LAC,30.0,48,34,14,1418.8783333333333,343,782,157,381,190,217,24,248,272,185,125,68,20,38,113,182,1033,258
2019-20,200794,Paul Millsap,1610612743,DEN,35.0,51,30,21,1239.95,211,438,54,124,115,141,98,195,293,83,70,44,30,35,150,123,591,223
2019-20,1628778,Paul Watson,1610612761,TOR,25.0,10,7,3,87.21166666666667,10,26,4,12,7,9,2,15,17,8,3,4,1,4,5,8,31,33
2019-20,1626188,Quinn Cook,1610612747,LAL,27.0,44,31,13,507.95166666666665,91,214,31,85,11,14,11,40,51,49,33,12,2,12,27,16,224,56
2019-20,1629683,Quinndary Weatherspoon,1610612759,SAS,23.0,11,5,6,77.73833333333333,5,17,1,5,1,2,1,6,7,11,5,3,1,2,8,3,12,-23
2019-20,1629628,RJ Barrett,1610612752,NYK,20.0,56,17,39,1704.4216666666666,292,727,63,197,156,254,50,229,279,143,124,55,17,60,122,195,803,-326
2019-20,200765,Rajon Rondo,1610612747,LAL,34.0,48,37,11,984.24,137,328,41,125,27,41,23,119,142,240,91,40,2,15,58,50,342,45
2019-20,203526,Raul Neto,1610612755,PHI,28.0,54,29,25,667.6,101,222,34,88,39,47,11,50,61,95,47,24,6,13,50,66,275,36
2019-20,1629730,Rayjon Tucker,1610612762,UTA,22.0,20,12,8,161.44833333333332,20,43,3,17,19,23,3,17,20,5,8,1,1,3,10,26,62,-23
2019-20,203493,Reggie Bullock Jr.,1610612752,NYK,29.0,29,9,20,684.325,90,224,37,111,17,21,13,55,68,42,19,25,3,9,56,24,234,-78
2019-20,202704,Reggie Jackson,1610612746,LAC,30.0,31,16,15,742.66,134,326,57,145,45,54,17,75,92,126,51,13,5,17,59,51,370,108
2019-20,1626158,Richaun Holmes,1610612758,SAC,26.0,44,16,28,1241.615,223,344,0,0,93,118,127,231,358,42,52,41,56,15,169,104,539,16
2019-20,201937,Ricky Rubio,1610612756,PHX,29.0,65,32,33,2016.3616666666667,287,692,78,216,195,226,46,258,304,570,173,94,11,43,167,223,847,147
2019-20,203496,Robert Covington,1610612745,HOU,29.0,70,27,43,2136.8083333333334,305,723,161,480,99,124,63,400,463,88,103,115,93,23,220,127,870,34
2019-20,1629057,Robert Williams III,1610612738,BOS,22.0,29,19,10,387.7733333333333,64,88,0,0,22,34,40,88,128,27,21,22,35,1,51,32,150,36
2019-20,201577,Robin Lopez,1610612749,MIL,32.0,66,51,15,958.1083333333333,147,299,35,105,28,53,56,105,161,45,63,10,45,9,96,61,357,8
2019-20,1629066,Rodions Kurucs,1610612751,BKN,22.0,47,18,29,683.525,79,177,33,90,24,38,25,112,137,51,46,25,5,14,90,34,215,-27
2019-20,203918,Rodney Hood,1610612757,POR,27.0,21,8,13,618.6716666666666,87,172,35,71,21,27,10,62,72,32,19,17,4,4,46,35,230,5
2019-20,203585,Rodney McGruder,1610612746,LAC,28.0,56,38,18,871.0133333333333,72,181,24,89,19,34,29,122,151,36,24,26,8,17,74,38,187,-4
2019-20,1629641,Romeo Langford,1610612738,BOS,20.0,32,22,10,369.84833333333336,28,80,5,27,18,25,15,26,41,13,11,8,8,11,33,24,79,67
2019-20,1626178,Rondae Hollis-Jefferson,1610612761,TOR,25.0,60,43,17,1121.895,155,329,3,23,105,143,110,173,283,106,59,46,23,27,115,130,418,79
2019-20,1626220,Royce O'Neale,1610612762,UTA,27.0,71,44,27,2049.4683333333332,158,365,92,244,42,55,27,362,389,180,61,59,32,11,202,72,450,216
2019-20,200752,Rudy Gay,1610612759,SAS,33.0,67,30,37,1460.5833333333333,266,596,74,220,120,136,61,301,362,114,88,35,33,22,103,107,726,12
2019-20,203497,Rudy Gobert,1610612762,UTA,28.0,68,42,26,2332.7066666666665,386,557,0,0,254,403,230,686,916,101,130,51,135,51,215,380,1026,293
2019-20,1629060,Rui Hachimura,1610612764,WAS,22.0,48,15,33,1444.0316666666668,254,545,25,87,116,140,78,216,294,87,53,37,8,53,105,118,649,-253
2019-20,201566,Russell Westbrook,1610612745,HOU,31.0,57,36,21,2049.1683333333335,604,1281,55,213,290,380,100,351,451,401,255,93,20,81,200,270,1553,123
2019-20,201583,Ryan Anderson,1610612745,HOU,32.0,2,1,1,13.966666666666667,2,7,1,5,0,0,0,7,7,2,1,1,0,0,1,0,5,7
2019-20,1627853,Ryan Arcidiacono,1610612741,CHI,26.0,58,21,37,929.9733333333334,90,220,54,138,27,38,20,90,110,96,37,27,3,10,96,74,261,-82
2019-20,1629151,Ryan Broekhoff,1610612755,PHI,29.0,17,10,7,180.11833333333334,22,59,20,51,7,8,5,38,43,11,6,5,4,3,15,4,71,8
2019-20,1629635,Sekou Doumbouya,1610612765,DET,19.0,38,10,28,753.7266666666667,92,236,28,98,31,46,20,98,118,19,35,20,8,27,80,42,243,-176
2019-20,1628400,Semi Ojeleye,1610612738,BOS,25.0,69,46,23,1010.595,80,196,48,127,28,32,26,119,145,37,19,21,5,11,80,46,236,-31
2019-20,201586,Serge Ibaka,1610612761,TOR,30.0,55,40,15,1484.6266666666668,343,670,70,182,89,124,114,338,452,77,109,28,46,22,153,102,845,95
2019-20,203552,Seth Curry,1610612742,DAL,29.0,64,38,26,1575.7133333333334,284,574,145,321,80,97,27,118,145,124,62,38,9,14,113,75,793,161
2019-20,203894,Shabazz Napier,1610612764,WAS,28.0,56,16,40,1344.4933333333333,188,456,76,240,126,153,26,132,158,262,128,69,11,15,101,142,578,-96
2019-20,1628983,Shai Gilgeous-Alexander,1610612760,OKC,21.0,70,43,27,2428.335,478,1015,87,251,288,357,47,365,412,232,134,79,47,62,117,309,1331,151
2019-20,1629003,Shake Milton,1610612755,PHI,23.0,40,23,17,805.365,134,277,58,135,51,65,15,73,88,104,47,20,7,14,92,50,377,-5
2019-20,1629044,Shamorie Ponds,1610612761,TOR,22.0,4,4,0,10.583333333333334,3,5,1,2,2,2,0,1,1,2,0,0,1,0,2,1,9,0
2019-20,1627885,Shaquille Harrison,1610612741,CHI,26.0,43,14,29,484.3516666666667,77,165,16,42,39,50,22,64,86,49,19,34,19,13,55,42,209,62
2019-20,1628414,Sindarius Thornwell,1610612740,NOP,25.0,2,0,2,35.483333333333334,6,11,2,4,2,4,0,4,4,4,2,1,1,1,2,2,16,-3
2019-20,1627746,Skal Labissiere,1610612737,ATL,24.0,33,14,19,566.79,81,147,3,13,25,33,65,104,169,42,30,7,31,7,89,34,190,12
2019-20,203524,Solomon Hill,1610612748,MIA,29.0,59,29,30,1088.3383333333334,110,278,63,171,40,54,29,136,165,104,51,43,12,9,85,52,323,-77
2019-20,203915,Spencer Dinwiddie,1610612751,BKN,27.0,64,30,34,1994.15,424,1021,123,400,347,446,32,189,221,432,174,40,21,53,180,292,1318,52
2019-20,1626169,Stanley Johnson,1610612761,TOR,24.0,25,19,6,149.72666666666666,22,59,7,24,9,16,7,30,37,20,15,6,4,5,16,10,60,12
2019-20,1629742,Stanton Kidd,1610612762,UTA,28.0,4,3,1,15.283333333333333,0,3,0,1,0,0,0,3,3,1,2,0,0,2,3,0,0,-1
2019-20,201939,Stephen Curry,1610612744,GSW,32.0,5,1,4,139.31666666666666,33,82,12,49,26,26,4,22,26,33,16,5,2,4,11,19,104,-45
2019-20,1628425,Sterling Brown,1610612749,MIL,25.0,52,39,13,766.68,95,256,44,136,32,40,31,152,183,51,42,29,7,30,54,36,266,65
2019-20,203500,Steven Adams,1610612760,OKC,26.0,63,40,23,1680.51,283,478,1,3,117,201,207,376,583,146,94,51,67,32,122,209,684,149
2019-20,1629004,Svi Mykhailiuk,1610612765,DET,23.0,56,17,39,1265.0133333333333,166,405,115,285,57,70,17,87,104,106,61,41,4,24,87,55,504,-5
2019-20,1628388,T.J. Leaf,1610612754,IND,23.0,28,16,12,221.8,36,86,5,18,7,16,23,48,71,9,8,10,4,7,22,15,84,8
2019-20,204456,T.J. McConnell,1610612754,IND,28.0,71,44,27,1326.045,212,411,5,17,35,42,38,151,189,355,100,56,11,23,73,65,464,53
2019-20,203933,T.J. Warren,1610612754,IND,26.0,67,42,25,2202.3516666666665,534,997,91,226,167,204,68,212,280,99,84,78,34,33,187,176,1326,127
2019-20,1629605,Tacko Fall,1610612738,BOS,24.0,7,5,2,32.53666666666667,11,14,0,0,1,3,1,14,15,1,3,1,4,1,7,4,23,7
2019-20,201959,Taj Gibson,1610612752,NYK,35.0,62,21,41,1025.1666666666667,167,286,4,14,41,56,111,156,267,52,47,27,30,17,122,61,379,-260
2019-20,1629659,Talen Horton-Tucker,1610612747,LAL,19.0,6,2,4,81.15,14,30,4,13,2,4,2,5,7,6,6,8,1,1,10,3,34,-18
2019-20,1629745,Tariq Owens,1610612756,PHX,25.0,3,0,3,15.4,1,5,0,2,2,2,2,1,3,0,0,1,0,0,1,1,4,-16
2019-20,1627752,Taurean Prince,1610612751,BKN,26.0,64,30,34,1857.435,278,739,146,431,71,89,50,331,381,116,127,57,25,27,159,95,773,71
2019-20,1629611,Terance Mann,1610612746,LAC,23.0,41,27,14,362.12,37,79,7,20,18,27,10,45,55,53,18,11,5,7,46,24,99,-5
2019-20,1629056,Terence Davis,1610612761,TOR,23.0,72,53,19,1209.1633333333334,199,436,94,242,51,59,50,187,237,115,76,39,14,28,124,51,543,200
2019-20,1628390,Terrance Ferguson,1610612760,OKC,22.0,56,33,23,1257.4483333333333,78,220,49,168,15,20,23,51,74,51,31,27,17,5,155,38,220,-143
2019-20,203082,Terrence Ross,1610612753,ORL,29.0,69,31,38,1889.0833333333333,341,846,177,504,157,184,13,209,222,82,70,77,24,41,109,114,1016,-72
2019-20,1626179,Terry Rozier,1610612766,CHA,26.0,63,21,42,2164.46,398,941,172,423,166,190,50,226,276,259,141,61,10,46,126,161,1134,-397
2019-20,200757,Thabo Sefolosha,1610612745,HOU,36.0,41,27,14,435.8433333333333,37,91,15,54,3,8,21,72,93,25,15,24,12,5,43,8,92,36
2019-20,201152,Thaddeus Young,1610612741,CHI,32.0,64,22,42,1590.6616666666666,269,601,79,222,42,72,94,221,315,117,102,92,23,44,134,97,659,-209
2019-20,203648,Thanasis Antetokounmpo,1610612749,MIL,27.0,20,16,4,128.63,24,48,0,10,7,17,12,12,24,15,12,7,2,3,18,15,55,-16
2019-20,1629033,Theo Pinson,1610612752,NYK,24.0,33,15,18,365.4116666666667,45,155,15,80,15,16,10,44,54,56,33,17,4,15,35,24,120,-40
2019-20,1628418,Thomas Bryant,1610612764,WAS,22.0,46,15,31,1146.7916666666667,243,418,37,91,86,116,98,233,331,83,53,25,49,14,103,101,609,-161
2019-20,1627748,Thon Maker,1610612765,DET,23.0,60,20,40,776.095,93,193,22,64,73,110,54,113,167,43,45,25,39,13,102,89,281,-143
2019-20,204025,Tim Frazier,1610612765,DET,29.0,27,9,18,354.82666666666665,34,94,10,30,19,24,9,24,33,93,36,14,4,3,42,32,97,-54
2019-20,203501,Tim Hardaway Jr.,1610612742,DAL,28.0,71,41,30,2091.3533333333335,384,884,204,513,149,182,25,207,232,137,69,41,5,45,125,162,1121,290
2019-20,1627789,Timothe Luwawu-Cabarrot,1610612751,BKN,25.0,47,20,27,852.6666666666666,117,269,62,160,69,81,29,98,127,29,37,18,7,24,106,55,365,-52
2019-20,202699,Tobias Harris,1610612755,PHI,27.0,72,43,29,2469.1783333333333,553,1173,131,357,174,216,69,426,495,227,104,53,40,60,165,170,1411,160
2019-20,203107,Tomas Satoransky,1610612741,CHI,28.0,65,22,43,1877.9383333333333,237,551,64,199,106,121,76,178,254,354,130,80,7,31,135,141,644,-69
2019-20,1628396,Tony Bradley,1610612762,UTA,22.0,58,36,22,663.1633333333333,126,189,3,3,30,46,111,156,267,23,30,14,33,20,115,40,285,-11
2019-20,203503,Tony Snell,1610612765,DET,28.0,59,18,41,1641.0766666666666,170,382,102,254,32,32,9,102,111,127,31,32,15,9,101,46,474,-173
2019-20,1628470,Torrey Craig,1610612743,DEN,29.0,58,38,20,1071.9316666666666,124,269,45,138,22,36,63,126,189,47,25,23,36,10,135,41,315,-174
2019-20,1629027,Trae Young,1610612737,ATL,21.0,60,18,42,2120.2083333333335,546,1249,205,568,481,559,32,223,255,560,289,65,8,80,104,464,1778,-228
2019-20,1629682,Tremont Waters,1610612738,BOS,22.0,11,8,3,118.64166666666667,14,49,4,24,8,8,0,12,12,16,15,10,2,2,13,6,40,20
2019-20,1626203,Treveon Graham,1610612737,ATL,26.0,55,21,34,929.3316666666667,87,242,33,120,36,56,51,99,150,45,29,24,6,23,102,61,243,-151
2019-20,2772,Trevor Ariza,1610612757,POR,35.0,53,22,31,1492.275,142,324,77,207,62,74,34,212,246,91,56,69,15,11,111,81,423,-10
2019-20,203504,Trey Burke,1610612742,DAL,27.0,33,16,17,520.0333333333333,94,209,32,75,23,29,16,34,50,83,21,16,2,15,33,29,243,25
2019-20,1626168,Trey Lyles,1610612759,SAS,24.0,63,27,36,1270.8233333333333,153,343,65,168,33,45,71,290,361,69,39,28,28,17,98,46,404,-56
2019-20,202684,Tristan Thompson,1610612739,CLE,29.0,57,19,38,1721.525,288,562,9,23,99,161,226,351,577,120,103,33,50,65,124,168,684,-378
2019-20,1628972,Troy Brown Jr.,1610612764,WAS,20.0,69,24,45,1782.0183333333334,273,622,61,179,109,139,76,307,383,178,79,85,7,46,132,113,716,-225
2019-20,203584,Troy Daniels,1610612743,DEN,28.0,47,34,13,531.9716666666667,72,186,46,132,10,16,12,40,52,17,12,11,3,4,37,15,200,4
2019-20,1629660,Ty Jerome,1610612756,PHX,22.0,31,16,15,327.59,38,113,14,50,12,16,7,39,46,44,18,15,3,9,29,13,102,-102
2019-20,1629076,Tyler Cook,1610612743,DEN,22.0,13,3,10,54.071666666666665,8,12,0,0,7,8,6,8,14,1,3,3,0,0,5,5,23,-17
2019-20,1629639,Tyler Herro,1610612748,MIA,20.0,55,34,21,1508.08,270,631,116,298,87,100,16,208,224,121,87,34,9,23,76,85,743,-20
2019-20,204020,Tyler Johnson,1610612751,BKN,28.0,39,16,23,709.3016666666666,97,250,38,119,42,50,18,58,76,74,29,16,9,16,58,43,274,-103
2019-20,203092,Tyler Zeller,1610612759,SAS,30.0,2,1,1,3.875,1,4,0,0,0,0,3,1,4,0,0,0,0,0,0,0,2,3
2019-20,1627820,Tyrone Wallace,1610612737,ATL,26.0,14,3,11,160.37833333333333,14,44,1,15,11,17,3,19,22,13,10,7,1,5,19,14,40,-32
2019-20,2199,Tyson Chandler,1610612745,HOU,37.0,26,15,11,219.20666666666668,14,18,0,0,6,13,25,41,66,6,8,6,8,1,32,17,34,30
2019-20,1626145,Tyus Jones,1610612763,MEM,24.0,65,32,33,1231.9766666666667,197,429,47,124,43,58,9,94,103,285,55,59,6,25,44,48,484,-49
2019-20,2617,Udonis Haslem,1610612748,MIA,40.0,4,3,1,44.13,4,11,1,3,3,4,1,15,16,1,1,0,0,0,6,6,12,-19
2019-20,1629724,Vic Law,1610612753,ORL,24.0,8,2,6,61.888333333333335,6,18,1,7,2,6,2,9,11,3,2,2,0,1,6,5,15,-7
2019-20,203506,Victor Oladipo,1610612754,IND,28.0,19,11,8,528.14,97,246,33,104,48,59,9,66,75,56,47,17,4,10,36,62,275,-5
2019-20,1713,Vince Carter,1610612737,ATL,43.0,60,19,41,875.5666666666667,107,304,61,202,23,29,18,106,124,48,33,23,25,6,90,32,298,-127
2019-20,1629738,Vincent Poirier,1610612738,BOS,26.0,22,18,4,129.99166666666667,17,36,1,2,6,7,13,30,43,8,8,2,9,3,25,9,41,-20
2019-20,1628427,Vlatko Čančar,1610612743,DEN,23.0,14,7,7,45.42,6,15,1,6,4,4,5,5,10,3,3,1,1,1,7,2,17,-8
2019-20,201961,Wayne Ellington,1610612752,NYK,32.0,36,9,27,558.385,61,174,50,143,11,13,4,61,65,44,18,13,4,5,41,22,183,-18
2019-20,1628976,Wendell Carter Jr.,1610612741,CHI,21.0,43,15,28,1255.7866666666666,183,343,6,29,112,152,139,266,405,51,72,33,36,32,162,144,484,-29
2019-20,1629117,Wenyen Gabriel,1610612757,POR,23.0,30,10,20,234.91833333333332,21,48,6,20,15,22,21,31,52,8,16,11,7,2,39,17,63,-44
2019-20,1628411,Wes Iwundu,1610612753,ORL,25.0,52,23,29,953.2933333333333,97,233,28,82,78,97,24,107,131,60,26,25,13,16,80,59,300,11
2019-20,202083,Wesley Matthews,1610612749,MIL,33.0,67,52,15,1634.865,167,422,108,297,52,68,22,144,166,92,43,38,9,19,103,80,494,454
2019-20,203115,Will Barton,1610612743,DEN,29.0,58,38,20,1915.8383333333334,332,738,108,288,102,133,76,289,365,212,88,61,29,45,121,111,874,244
2019-20,1629739,William Howard,1610612745,HOU,26.0,2,1,1,13.266666666666667,0,4,0,4,0,0,0,2,2,1,1,0,0,0,1,0,0,-16
2019-20,1626161,Willie Cauley-Stein,1610612742,DAL,26.0,54,16,38,1097.4466666666667,175,302,0,1,40,66,84,231,315,70,40,49,61,18,121,70,390,-128
2019-20,1626195,Willy Hernangomez,1610612766,CHA,26.0,31,7,24,375.2183333333333,74,139,5,22,37,59,43,91,134,29,30,10,7,9,32,48,190,-18
2019-20,201163,Wilson Chandler,1610612751,BKN,33.0,35,16,19,734.11,74,183,37,121,20,23,11,134,145,39,34,16,12,4,79,17,205,-120
2019-20,1627812,Yogi Ferrell,1610612758,SAC,27.0,50,20,30,529.76,79,188,24,79,36,42,6,43,49,69,28,18,4,10,38,46,218,-14
2019-20,1629139,Yuta Watanabe,1610612763,MEM,25.0,18,9,9,104.76833333333333,15,34,3,8,3,8,7,13,20,5,2,5,1,2,9,6,36,10
2019-20,1628380,Zach Collins,1610612757,POR,22.0,11,8,3,289.9066666666667,32,68,7,19,6,8,25,44,69,16,14,5,5,6,36,18,77,36
2019-20,203897,Zach LaVine,1610612741,CHI,25.0,60,20,40,2085.41,539,1199,184,484,268,334,41,248,289,254,206,88,28,86,131,243,1530,-191
2019-20,1629668,Zach Norvell Jr.,1610612744,GSW,22.0,5,2,3,40.80166666666667,3,12,3,8,1,1,0,6,6,3,3,2,0,0,4,1,10,-27
2019-20,1629015,Zhaire Smith,1610612755,PHI,21.0,7,3,4,32.33166666666666,3,11,0,3,2,4,0,2,2,2,2,3,0,1,4,2,8,-10
2019-20,1629627,Zion Williamson,1610612740,NOP,19.0,24,11,13,668.1416666666667,210,360,6,14,114,178,64,86,150,50,59,16,9,39,42,133,540,62
2019-20,1629597,Zylan Cheatham,1610612740,NOP,24.0,4,2,2,51.04333333333334,6,9,0,1,0,0,3,6,9,3,4,1,1,0,10,0,12,-28
2020-21,203932,Aaron Gordon,1610612743,DEN,25.0,50,29,21,1383.78,231,499,59,176,97,149,77,207,284,161,97,33,34,29,89,137,618,60
2020-21,1628988,Aaron Holiday,1610612754,IND,24.0,66,30,36,1176.0866666666666,170,436,67,182,68,83,15,74,89,123,66,46,13,32,94,74,475,3
2020-21,1630174,Aaron Nesmith,1610612738,BOS,21.0,46,22,24,668.7316666666667,78,178,40,108,22,28,28,99,127,23,23,15,9,12,87,29,218,-7
2020-21,1627846,Abdel Nader,1610612756,PHX,27.0,24,16,8,355.25,57,116,18,43,28,37,7,55,62,19,19,10,9,7,34,35,160,28
2020-21,1629690,Adam Mokoka,1610612741,CHI,22.0,14,3,11,56.178333333333335,7,19,1,10,0,1,1,4,5,5,5,2,1,1,5,1,15,-8
2020-21,201143,Al Horford,1610612738,BOS,35.0,28,11,17,781.755,162,360,56,152,18,22,29,159,188,94,29,25,26,10,48,33,398,-101
2020-21,202329,Al-Farouq Aminu,1610612741,CHI,30.0,23,5,18,434.14,38,99,8,37,18,22,22,88,110,31,28,19,9,5,29,26,102,-54
2020-21,202692,Alec Burks,1610612752,NYK,29.0,49,27,22,1254.56,210,500,102,246,101,118,21,206,227,107,49,31,14,31,102,94,623,125
2020-21,1630197,Aleksej Pokusevski,1610612760,OKC,19.0,45,13,32,1089.915,139,408,58,207,31,42,30,182,212,97,99,20,42,10,58,35,367,-393
2020-21,1629346,Alen Smailagic,1610612744,GSW,20.0,15,10,5,83.855,11,27,4,10,2,6,6,10,16,4,5,3,5,2,11,4,28,-32
2020-21,1627936,Alex Caruso,1610612747,LAL,27.0,58,32,26,1216.1233333333332,133,305,55,137,49,76,31,139,170,160,76,64,15,23,108,104,370,120
2020-21,203458,Alex Len,1610612764,WAS,28.0,64,30,34,978.7383333333333,171,278,8,25,73,116,78,182,260,49,55,20,64,20,127,75,423,-97
2020-21,1628035,Alfonzo McKinnie,1610612747,LAL,28.0,39,22,17,258.0083333333333,48,93,16,39,10,18,22,32,54,6,5,7,0,7,26,15,122,7
2020-21,1628993,Alize Johnson,1610612751,BKN,25.0,18,10,8,188.69333333333333,40,68,1,6,13,13,27,63,90,14,9,5,5,8,16,13,94,-18
2020-21,1628578,Amida Brimah,1610612754,IND,27.0,5,2,3,29.278333333333332,5,8,0,0,3,3,2,6,8,1,4,0,5,0,4,3,13,22
2020-21,1629599,Amir Coffey,1610612746,LAC,24.0,44,32,12,394.565,45,103,23,56,27,38,10,34,44,22,15,10,0,7,30,24,140,-26
2020-21,2760,Anderson Varejao,1610612739,CLE,38.0,5,1,4,35.93333333333333,4,16,0,1,5,9,7,13,20,3,1,0,2,3,3,5,13,-33
2020-21,203083,Andre Drummond,1610612747,LAL,27.0,46,19,27,1241.5883333333334,282,572,0,8,123,205,166,385,551,94,124,63,49,68,149,177,687,-105
2020-21,2738,Andre Iguodala,1610612748,MIA,37.0,63,37,26,1338.8633333333332,95,248,60,182,25,38,38,183,221,142,67,57,35,2,90,54,275,-82
2020-21,203460,Andre Roberson,1610612751,BKN,29.0,5,4,1,62.92666666666667,2,14,1,8,1,2,7,8,15,4,2,3,1,2,4,2,6,-19
2020-21,203952,Andrew Wiggins,1610612744,GSW,26.0,71,38,33,2364.27,505,1058,140,368,170,238,82,265,347,167,126,67,70,44,159,210,1320,0
2020-21,1629014,Anfernee Simons,1610612757,POR,22.0,64,37,27,1104.4566666666667,168,401,120,282,46,57,14,126,140,89,43,18,8,17,96,40,502,42
2020-21,203076,Anthony Davis,1610612747,LAL,28.0,36,23,13,1161.735,301,613,26,100,158,214,62,224,286,110,74,45,59,24,60,176,786,115
2020-21,1630162,Anthony Edwards,1610612750,MIN,19.0,72,23,49,2314.1666666666665,505,1211,171,520,211,272,59,277,336,211,160,82,36,68,129,186,1392,-228
2020-21,1630264,Anthony Gill,1610612764,WAS,28.0,26,11,15,218.015,30,60,7,24,13,16,16,35,51,11,8,10,4,5,27,16,80,-17
2020-21,1630237,Anthony Lamb,1610612745,HOU,23.0,24,3,21,415.21,46,118,23,71,18,21,27,43,70,23,19,6,5,7,34,25,133,-89
2020-21,201229,Anthony Tolliver,1610612755,PHI,36.0,11,7,4,98.97333333333333,4,17,4,14,5,6,3,7,10,2,3,3,2,0,7,4,17,30
2020-21,1628394,Anžejs Pasečņiks,1610612764,WAS,25.0,1,1,0,6.316666666666666,0,1,0,1,0,0,1,0,1,1,5,0,0,0,2,0,0,-13
2020-21,1629717,Armoni Brooks,1610612745,HOU,23.0,20,3,17,520.36,78,192,60,157,7,12,10,58,68,30,22,12,5,6,34,10,223,-135
2020-21,203382,Aron Baynes,1610612761,TOR,34.0,53,20,33,980.2766666666666,134,304,27,103,29,41,87,186,273,47,46,17,22,15,119,52,324,-81
2020-21,1630204,Ashton Hagans,1610612750,MIN,21.0,2,0,2,4.066666666666666,0,0,0,0,0,0,0,0,0,0,1,0,0,0,0,0,0,-3
2020-21,203085,Austin Rivers,1610612743,DEN,28.0,36,20,16,844.9683333333334,104,245,55,149,22,31,8,74,82,81,36,30,2,14,64,34,285,10
2020-21,202340,Avery Bradley,1610612745,HOU,30.0,27,6,21,601.925,64,171,33,101,12,15,8,49,57,46,28,21,3,9,55,18,173,-131
2020-21,1626253,Axel Toupane,1610612749,MIL,28.0,8,2,6,61.21666666666667,4,11,1,2,5,7,0,6,6,4,0,2,3,2,6,4,14,-3
2020-21,1628389,Bam Adebayo,1610612748,MIA,23.0,64,34,30,2142.616666666667,456,800,2,8,283,354,142,431,573,346,169,75,66,39,145,339,1197,24
2020-21,203463,Ben McLemore,1610612747,LAL,28.0,53,20,33,904.81,135,365,97,280,39,53,15,85,100,39,42,23,9,16,88,37,406,-99
2020-21,1627732,Ben Simmons,1610612755,PHI,24.0,58,42,16,1877.2883333333334,325,583,3,10,176,287,93,324,417,401,173,93,35,45,171,262,829,329
2020-21,202687,Bismack Biyombo,1610612766,CHA,28.0,66,28,38,1348.7816666666668,142,242,0,1,47,105,137,210,347,81,71,17,74,30,141,100,331,-276
2020-21,201933,Blake Griffin,1610612751,BKN,32.0,46,24,22,1186.62,174,411,70,205,87,117,35,190,225,140,62,32,15,14,111,148,505,58
2020-21,1626246,Boban Marjanovic,1610612742,DAL,32.0,33,14,19,271.3183333333333,62,122,1,8,31,38,47,81,128,10,12,2,6,15,29,29,156,23
2020-21,1626171,Bobby Portis Jr.,1610612749,MIL,26.0,66,44,22,1372.1766666666667,313,598,74,157,54,73,124,342,466,71,56,52,26,42,115,67,754,136
2020-21,203992,Bogdan Bogdanović,1610612737,ATL,28.0,44,30,14,1305.4016666666666,267,565,146,333,40,44,20,140,160,147,54,49,13,19,99,63,720,110
2020-21,202711,Bojan Bogdanovic,1610612762,UTA,32.0,72,52,20,2215.565,406,925,180,461,233,265,40,241,281,136,128,45,4,61,115,187,1225,419
2020-21,1629626,Bol Bol,1610612743,DEN,21.0,32,21,11,159.65666666666667,25,58,9,24,10,15,0,24,24,7,13,3,10,0,14,10,69,-80
2020-21,202954,Brad Wanamaker,1610612766,CHA,31.0,61,29,32,1053.3283333333334,115,299,16,85,90,101,18,87,105,174,71,43,11,35,94,92,336,-131
2020-21,203078,Bradley Beal,1610612764,WAS,28.0,60,32,28,2146.9983333333334,670,1382,130,373,408,459,72,211,283,265,187,69,22,60,140,326,1878,-3
2020-21,1629634,Brandon Clarke,1610612763,MEM,24.0,59,32,27,1414.765,256,495,20,77,78,113,97,231,328,95,33,60,51,31,84,103,610,-17
2020-21,1629164,Brandon Goodwin,1610612737,ATL,25.0,47,25,22,619.5916666666667,84,223,32,103,28,43,8,61,69,95,36,17,0,19,41,43,228,-61
2020-21,1627742,Brandon Ingram,1610612740,NOP,23.0,61,29,32,2092.41,513,1101,143,375,281,320,34,265,299,296,154,42,36,53,124,255,1450,43
2020-21,1628968,Brian Bowen II,1610612754,IND,22.0,6,1,5,14.865,1,4,0,1,1,1,0,3,3,0,0,0,0,0,1,1,3,3
2020-21,1630271,Brodric Thomas,1610612739,CLE,24.0,32,6,26,399.27,39,108,16,59,31,46,8,45,53,30,22,15,10,7,40,32,125,-48
2020-21,201572,Brook Lopez,1610612749,MIL,33.0,70,46,24,1901.7883333333334,322,640,95,281,120,142,104,243,347,50,64,40,103,18,149,123,859,312
2020-21,1628971,Bruce Brown,1610612751,BKN,24.0,65,45,20,1451.1583333333333,235,423,17,59,86,117,111,238,349,104,54,58,28,39,145,84,573,73
2020-21,203998,Bruno Caboclo,1610612745,HOU,25.0,6,1,5,36.43333333333333,8,17,0,5,1,2,3,11,14,1,4,0,2,1,6,2,17,0
2020-21,1628981,Bruno Fernando,1610612737,ATL,22.0,33,20,13,225.93333333333334,18,44,0,2,15,22,16,62,78,10,21,4,3,8,23,19,51,-22
2020-21,1627854,Bryn Forbes,1610612749,MIL,27.0,70,45,25,1354.36,250,529,154,341,47,61,11,101,112,45,44,24,1,22,77,36,701,101
2020-21,1627741,Buddy Hield,1610612758,SAC,28.0,71,31,40,2432.858333333333,403,992,282,721,88,104,29,305,334,257,130,63,30,33,175,72,1176,-56
2020-21,1629604,CJ Elleby,1610612757,POR,21.0,30,19,11,192.38333333333333,25,66,7,34,11,15,11,21,32,10,5,6,3,2,27,13,68,-15
2020-21,203468,CJ McCollum,1610612757,POR,29.0,47,28,19,1599.7583333333334,405,884,169,420,108,133,30,155,185,223,65,44,21,30,87,117,1087,207
2020-21,1628997,Caleb Martin,1610612766,CHA,25.0,53,23,30,818.4866666666667,96,256,31,125,41,64,31,110,141,67,33,37,12,15,62,61,264,-100
2020-21,1629629,Cam Reddish,1610612737,ATL,21.0,26,10,16,750.3383333333334,96,263,33,126,67,82,22,82,104,35,34,33,9,22,68,59,292,-49
2020-21,1629244,Cam Reynolds,1610612745,HOU,26.0,5,3,2,40.483333333333334,6,18,3,12,0,0,2,3,5,2,0,0,0,0,2,0,15,-26
2020-21,1629661,Cameron Johnson,1610612756,PHX,25.0,60,43,17,1437.4433333333334,203,483,117,335,50,59,33,166,199,86,40,37,16,17,85,69,573,171
2020-21,1628419,Cameron Oliver,1610612745,HOU,24.0,4,1,3,87.38333333333334,19,33,4,13,1,4,5,16,21,5,3,2,4,2,11,3,43,-11
2020-21,1626166,Cameron Payne,1610612756,PHX,26.0,60,42,18,1079.435,191,395,73,166,50,56,16,128,144,217,60,36,16,15,97,65,505,177
2020-21,1627747,Caris LeVert,1610612754,IND,26.0,47,24,23,1485.34,359,814,84,258,146,180,33,181,214,245,102,66,30,37,105,146,948,-5
2020-21,2546,Carmelo Anthony,1610612757,POR,37.0,69,39,30,1690.1433333333334,327,777,133,325,137,154,32,182,214,104,61,46,38,19,144,129,924,-24
2020-21,1629035,Carsen Edwards,1610612738,BOS,23.0,31,14,17,275.5833333333333,47,111,18,63,11,13,3,23,26,14,7,7,1,5,25,12,123,-25
2020-21,1630199,Cassius Stanley,1610612754,IND,21.0,24,10,14,93.31833333333333,13,43,3,13,7,9,8,12,20,1,1,1,2,9,14,6,36,18
2020-21,1630216,Cassius Winston,1610612764,WAS,23.0,22,10,12,98.195,14,33,8,17,5,6,0,9,9,12,5,2,1,1,8,5,41,-49
2020-21,1626224,Cedi Osman,1610612739,CLE,26.0,59,17,42,1510.5083333333334,219,586,99,324,76,95,38,163,201,174,80,53,9,33,119,97,613,-323
2020-21,1628990,Chandler Hutchison,1610612764,WAS,25.0,25,11,14,345.80333333333334,39,103,8,22,21,25,6,72,78,17,20,12,5,7,33,27,107,-58
2020-21,1629718,Charlie Brown Jr.,1610612760,OKC,24.0,9,1,8,151.82666666666665,13,43,5,21,9,10,3,14,17,9,6,4,2,2,19,8,40,-43
2020-21,1626184,Chasson Randle,1610612753,ORL,28.0,41,10,31,837.0483333333333,92,237,44,130,38,48,7,75,82,74,46,22,5,13,64,36,266,-265
2020-21,1629002,Chimezie Metu,1610612758,SAC,24.0,36,14,22,488.0566666666667,91,179,13,37,31,43,31,81,112,28,29,14,18,11,59,33,226,-58
2020-21,1628449,Chris Boucher,1610612761,TOR,28.0,60,25,35,1452.6783333333333,288,560,90,235,152,193,117,287,404,63,46,35,111,41,166,142,818,97
2020-21,1629185,Chris Chiozza,1610612751,BKN,25.0,22,12,10,232.345,31,88,13,42,13,17,3,21,24,65,16,7,6,8,19,15,88,19
2020-21,101108,Chris Paul,1610612756,PHX,36.0,70,49,21,2199.5333333333333,439,879,102,258,169,181,25,287,312,622,156,99,19,10,166,191,1149,310
2020-21,1629735,Chris Silva,1610612758,SAC,24.0,15,8,7,92.35833333333333,10,16,1,1,11,15,7,20,27,6,10,1,6,3,24,13,32,-2
2020-21,1626174,Christian Wood,1610612745,HOU,25.0,41,12,29,1325.8983333333333,329,640,77,206,125,198,76,319,395,71,80,34,48,28,88,185,860,-99
2020-21,1629643,Chuma Okeke,1610612753,ORL,22.0,45,15,30,1132.5533333333333,135,324,49,141,30,40,42,139,181,101,38,48,22,15,48,38,349,-182
2020-21,203991,Clint Capela,1610612737,ATL,27.0,63,34,29,1898.3766666666668,413,695,0,0,130,227,297,606,903,49,73,44,129,50,145,162,956,251
2020-21,1629632,Coby White,1610612741,CHI,21.0,69,30,39,2155.82,375,902,163,454,128,142,28,256,284,328,156,38,15,59,179,154,1041,-107
2020-21,1628998,Cody Martin,1610612766,CHA,25.0,52,26,26,849.1916666666667,83,188,16,58,25,43,52,109,161,86,40,37,12,16,52,48,207,-4
2020-21,203469,Cody Zeller,1610612766,CHA,28.0,48,21,27,1005.3433333333334,181,324,4,28,85,119,119,209,328,86,51,27,17,30,121,114,451,41
2020-21,1630175,Cole Anthony,1610612753,ORL,21.0,47,13,34,1272.8433333333332,219,552,58,172,109,131,38,183,221,192,106,30,18,49,98,132,605,-322
2020-21,1629012,Collin Sexton,1610612739,CLE,22.0,60,18,42,2115.1683333333335,525,1105,98,264,312,383,58,129,187,262,167,62,10,97,157,333,1460,-377
2020-21,202709,Cory Joseph,1610612765,DET,29.0,63,25,38,1446.1283333333333,200,426,45,132,72,88,35,124,159,213,79,61,18,24,139,114,517,-194
2020-21,1626245,Cristiano Felicio,1610612741,CHI,28.0,18,6,12,83.55,7,13,0,2,9,16,10,16,26,9,4,4,0,1,10,12,23,22
2020-21,1626156,D'Angelo Russell,1610612750,MIN,25.0,42,16,26,1196.2566666666667,281,652,120,310,114,149,16,95,111,244,112,45,18,18,68,138,796,-195
2020-21,201571,D.J. Augustin,1610612745,HOU,33.0,57,28,29,1128.8133333333333,135,343,83,217,85,94,20,74,94,188,65,28,1,27,56,78,438,-38
2020-21,1628391,D.J. Wilson,1610612745,HOU,25.0,35,13,22,432.63,68,168,30,87,17,25,20,92,112,23,22,11,16,10,44,22,183,-106
2020-21,1629610,DaQuan Jeffries,1610612759,SAS,23.0,31,6,25,492.7733333333333,50,120,20,67,7,8,19,52,71,22,14,15,10,8,48,19,127,-56
2020-21,1629751,Dakota Mathias,1610612755,PHI,25.0,8,4,4,123.46,19,48,8,26,2,6,1,6,7,13,1,1,3,0,7,5,48,-31
2020-21,1627745,Damian Jones,1610612758,SAC,26.0,39,24,15,545.7266666666667,70,103,1,5,42,58,36,85,121,29,26,11,29,8,77,53,183,-67
2020-21,203081,Damian Lillard,1610612757,POR,30.0,67,39,28,2397.7966666666666,602,1334,275,704,449,484,32,251,283,505,203,62,17,67,102,423,1928,198
2020-21,1627814,Damion Lee,1610612744,GSW,28.0,57,28,29,1079.0,128,274,77,194,40,44,22,158,180,73,30,38,8,3,89,61,373,41
2020-21,1628422,Damyean Dotson,1610612739,CLE,27.0,46,14,32,907.2183333333334,119,293,46,159,24,36,5,88,93,91,42,16,4,14,42,36,308,-216
2020-21,1629655,Daniel Gafford,1610612764,WAS,22.0,54,31,23,791.3866666666667,154,225,0,0,72,108,94,137,231,29,41,26,75,12,98,93,380,50
2020-21,1630187,Daniel Oturu,1610612746,LAC,21.0,30,21,9,160.90333333333334,22,52,1,5,9,12,21,27,48,10,9,4,7,13,24,8,54,10
2020-21,1628464,Daniel Theis,1610612741,CHI,29.0,65,28,37,1600.6766666666667,252,466,49,152,74,110,93,263,356,108,66,41,57,26,167,114,627,-30
2020-21,201568,Danilo Gallinari,1610612737,ATL,32.0,51,29,22,1221.8916666666667,206,475,103,254,161,174,17,194,211,76,43,30,10,21,105,125,676,92
2020-21,201980,Danny Green,1610612755,PHI,34.0,69,46,23,1934.3583333333333,224,544,175,432,31,40,55,205,260,118,67,92,56,12,125,43,654,311
2020-21,203957,Dante Exum,1610612745,HOU,25.0,6,3,3,116.14833333333333,10,26,2,11,1,2,2,15,17,13,7,4,2,0,9,7,23,6
2020-21,1627863,Danuel House Jr.,1610612745,HOU,28.0,36,8,28,932.3383333333334,110,272,54,156,41,63,18,114,132,69,36,20,16,11,67,59,315,-222
2020-21,203967,Dario Saric,1610612756,PHX,27.0,50,37,13,870.4833333333333,153,342,47,135,84,99,46,144,190,65,57,30,4,30,95,88,437,219
2020-21,1629647,Darius Bazley,1610612760,OKC,21.0,55,16,39,1714.205,273,690,83,286,125,178,51,345,396,99,122,29,25,53,60,127,754,-477
2020-21,1629636,Darius Garland,1610612739,CLE,21.0,54,18,36,1789.9433333333334,362,802,105,266,112,132,23,106,129,329,164,66,6,36,110,148,941,-237
2020-21,203121,Darius Miller,1610612760,OKC,31.0,18,5,13,196.795,22,48,17,42,12,12,2,22,24,21,8,13,5,0,13,7,73,37
2020-21,1628021,David Nwaba,1610612745,HOU,28.0,30,8,22,678.5633333333334,106,218,17,63,47,68,40,78,118,31,17,30,21,26,60,60,276,-28
2020-21,202722,Davis Bertans,1610612764,WAS,28.0,57,29,28,1463.675,193,478,169,428,100,115,18,150,168,49,33,33,13,6,136,76,655,111
2020-21,1628368,De'Aaron Fox,1610612758,SAC,23.0,58,24,34,2036.1416666666667,529,1110,103,320,300,417,33,170,203,417,174,87,27,64,170,318,1461,-195
2020-21,1629631,De'Andre Hunter,1610612737,ATL,23.0,23,12,11,677.7966666666666,120,248,31,95,73,85,17,93,110,44,29,19,12,8,59,73,344,84
2020-21,1629001,De'Anthony Melton,1610612763,MEM,23.0,52,27,25,1045.2133333333334,172,393,87,211,41,51,30,131,161,132,66,60,31,23,85,64,472,119
2020-21,201599,DeAndre Jordan,1610612751,BKN,32.0,57,37,20,1246.0183333333334,190,249,0,1,46,92,117,310,427,93,85,17,65,6,116,84,426,-42
2020-21,1627761,DeAndre' Bembry,1610612761,TOR,26.0,51,23,28,971.875,117,228,14,53,45,66,33,113,146,107,71,53,18,21,87,54,293,7
2020-21,201942,DeMar DeRozan,1610612759,SAS,31.0,61,27,34,2056.46,455,920,19,74,387,440,40,219,259,422,119,56,15,60,128,328,1316,-105
2020-21,202326,DeMarcus Cousins,1610612746,LAC,30.0,41,22,19,712.8716666666667,130,305,47,135,59,81,53,210,263,76,64,34,24,22,107,90,366,-60
2020-21,1629731,Dean Wade,1610612739,CLE,24.0,63,19,44,1212.1083333333333,134,311,78,213,30,39,38,177,215,74,30,35,21,9,78,35,376,-222
2020-21,1629028,Deandre Ayton,1610612756,PHX,22.0,69,48,21,2114.59,430,687,4,20,133,173,228,499,727,99,103,41,81,46,196,163,997,274
2020-21,1629686,Deividas Sirvydis,1610612765,DET,21.0,20,8,12,133.11333333333334,14,40,10,28,3,6,0,29,29,5,5,2,0,2,9,5,41,-23
2020-21,1627749,Dejounte Murray,1610612759,SAS,24.0,67,32,35,2139.415,441,974,63,199,106,134,58,415,473,363,117,101,7,56,135,132,1051,88
2020-21,1626153,Delon Wright,1610612758,SAC,29.0,63,21,42,1747.9483333333333,240,518,64,172,101,126,65,204,269,278,83,101,30,37,75,134,645,-108
2020-21,1630166,Deni Avdija,1610612764,WAS,20.0,54,25,29,1256.8766666666668,130,312,53,168,29,45,22,240,262,63,33,32,15,16,140,44,342,-81
2020-21,203471,Dennis Schröder,1610612747,LAL,27.0,61,38,23,1956.2766666666666,332,760,71,212,206,243,30,181,211,351,163,70,13,74,159,226,941,84
2020-21,1628372,Dennis Smith Jr.,1610612765,DET,23.0,23,7,16,420.0183333333333,58,145,19,58,19,26,12,43,55,77,26,23,14,12,37,30,154,-19
2020-21,1627756,Denzel Valentine,1610612741,CHI,27.0,62,26,36,1035.775,155,416,80,242,16,17,24,173,197,105,42,30,7,14,70,29,406,45
2020-21,202324,Derrick Favors,1610612762,UTA,29.0,68,49,19,1039.205,155,243,0,2,59,80,138,238,376,44,36,32,68,16,143,63,369,37
2020-21,1627884,Derrick Jones Jr.,1610612757,POR,24.0,58,32,26,1317.9283333333333,147,304,43,136,59,91,77,128,205,47,32,37,54,16,127,72,396,-64
2020-21,201565,Derrick Rose,1610612752,NYK,32.0,50,28,22,1278.8583333333333,287,611,50,129,110,127,20,110,130,209,78,49,19,31,56,99,734,133
2020-21,1628401,Derrick White,1610612759,SAS,26.0,36,18,18,1063.5383333333334,186,453,84,243,97,114,13,94,107,127,45,26,36,29,91,115,553,95
2020-21,1630217,Desmond Bane,1610612763,MEM,23.0,68,36,32,1518.965,234,499,117,271,40,49,31,179,210,118,59,41,16,35,125,44,625,12
2020-21,1626164,Devin Booker,1610612756,PHX,24.0,67,48,19,2270.0533333333333,623,1287,126,371,340,392,34,247,281,289,207,53,16,46,181,346,1712,331
2020-21,1629962,Devin Cannady,1610612753,ORL,25.0,8,0,8,74.35,11,28,6,16,6,7,0,5,5,1,2,5,1,0,9,4,34,-23
2020-21,1630170,Devin Vassell,1610612759,SAS,20.0,62,30,32,1055.9633333333334,123,303,52,150,43,51,24,150,174,56,22,43,18,7,88,42,341,-65
2020-21,1629653,Devon Dotson,1610612741,CHI,21.0,11,4,7,50.21333333333333,11,21,1,7,0,0,2,3,5,7,0,4,0,2,3,2,23,32
2020-21,1629719,Devontae Cacok,1610612747,LAL,24.0,20,8,12,97.63333333333334,17,29,0,0,5,11,12,20,32,1,5,5,4,4,8,13,39,42
2020-21,1628984,Devonte' Graham,1610612766,CHA,26.0,55,23,32,1658.6033333333332,252,669,179,477,133,158,22,126,148,295,84,48,6,23,77,133,816,98
2020-21,203473,Dewayne Dedmon,1610612748,MIA,31.0,16,11,5,210.47166666666666,46,65,1,5,20,27,28,58,86,12,13,9,6,3,36,22,113,68
2020-21,1629712,Didi Louzada,1610612740,NOP,21.0,3,0,3,56.336666666666666,3,13,2,8,0,0,1,2,3,3,3,2,0,1,5,0,8,-11
2020-21,1628415,Dillon Brooks,1610612763,MEM,25.0,67,36,31,1996.6566666666668,432,1031,128,372,159,195,53,143,196,157,119,78,26,40,237,166,1151,153
2020-21,1627734,Domantas Sabonis,1610612754,IND,25.0,62,29,33,2231.4466666666667,484,904,52,162,240,328,150,592,742,415,213,76,33,54,203,297,1260,-91
2020-21,1628378,Donovan Mitchell,1610612762,UTA,24.0,53,39,14,1771.4366666666667,478,1091,178,461,267,316,50,185,235,277,147,52,15,47,117,249,1401,287
2020-21,1629743,Donta Hall,1610612753,ORL,23.0,13,3,10,179.24833333333333,25,35,0,0,23,34,24,38,62,11,8,5,10,2,18,25,73,-19
2020-21,1628978,Donte DiVincenzo,1610612749,MIL,24.0,66,44,22,1814.6633333333334,253,603,131,346,51,71,81,299,380,203,91,72,15,31,112,86,688,304
2020-21,1627827,Dorian Finney-Smith,1610612742,DAL,28.0,60,36,24,1920.5383333333334,220,466,119,302,31,41,98,228,326,102,48,52,25,23,138,56,590,199
2020-21,203926,Doug McDermott,1610612754,IND,29.0,66,32,34,1619.1316666666667,354,665,111,286,80,98,60,161,221,85,53,20,6,49,117,75,899,-48
2020-21,203110,Draymond Green,1610612744,GSW,31.0,63,35,28,1981.7616666666668,170,380,34,126,70,88,55,393,448,558,188,105,52,15,194,119,444,239
2020-21,1629234,Drew Eubanks,1610612759,SAS,24.0,54,21,33,755.2783333333333,116,205,2,2,77,106,74,167,241,42,45,18,49,19,88,96,311,-96
2020-21,1629130,Duncan Robinson,1610612748,MIA,27.0,72,40,32,2261.725,315,717,250,613,62,75,7,243,250,127,81,43,20,19,181,98,942,118
2020-21,1628407,Dwayne Bacon,1610612753,ORL,25.0,72,21,51,1852.7833333333333,292,726,59,207,145,176,31,193,224,93,46,45,5,39,103,128,788,-443
2020-21,2730,Dwight Howard,1610612755,PHI,35.0,69,46,23,1195.535,178,303,5,20,121,210,190,390,580,61,112,30,62,25,200,194,482,-66
2020-21,203939,Dwight Powell,1610612742,DAL,29.0,58,36,22,965.5783333333334,120,194,5,21,97,124,80,154,234,63,40,36,30,16,135,133,342,75
2020-21,1629685,Dylan Windler,1610612739,CLE,24.0,31,11,20,512.6516666666666,57,130,26,77,21,27,20,87,107,33,32,19,12,7,37,23,161,-62
2020-21,202734,E'Twaun Moore,1610612756,PHX,32.0,27,20,7,388.74666666666667,55,121,11,35,12,14,14,31,45,40,23,15,5,11,32,15,133,7
2020-21,202334,Ed Davis,1610612750,MIN,32.0,23,5,18,298.93333333333334,19,44,0,0,10,12,46,69,115,21,7,13,13,8,56,12,48,-47
2020-21,1628410,Edmond Sumner,1610612754,IND,25.0,53,23,30,861.2033333333334,148,282,35,88,68,83,18,76,94,49,51,33,10,16,88,62,399,-33
2020-21,203901,Elfrid Payton,1610612752,NYK,27.0,63,36,27,1484.41,269,622,28,98,73,107,64,152,216,203,103,47,9,78,116,107,639,-98
2020-21,1629091,Elijah Bryant,1610612749,MIL,26.0,1,0,1,31.57,6,13,1,5,3,3,2,4,6,3,4,0,1,0,4,3,16,11
2020-21,1630190,Elijah Hughes,1610612762,UTA,23.0,18,14,4,63.715,10,30,8,23,3,4,1,8,9,6,6,1,1,1,1,4,31,-37
2020-21,202683,Enes Freedom,1610612757,POR,29.0,72,42,30,1757.2366666666667,339,561,1,4,127,164,284,511,795,84,78,33,48,68,168,144,806,155
2020-21,202339,Eric Bledsoe,1610612740,NOP,31.0,71,31,40,2111.516666666667,307,730,121,355,134,195,29,215,244,268,114,55,24,26,112,189,869,-66
2020-21,201569,Eric Gordon,1610612745,HOU,32.0,27,10,17,788.7133333333334,159,367,69,210,94,114,8,50,58,71,51,14,13,19,44,83,481,-68
2020-21,1629672,Eric Paschall,1610612744,GSW,24.0,40,20,20,695.0166666666667,148,298,18,54,67,94,28,100,128,51,43,12,7,25,68,79,381,-113
2020-21,101141,Ersan Ilyasova,1610612762,UTA,34.0,17,14,3,147.53833333333333,21,54,18,41,5,5,7,22,29,4,8,10,3,4,29,9,65,15
2020-21,203095,Evan Fournier,1610612738,BOS,28.0,42,18,24,1259.0033333333333,247,541,117,283,108,137,10,118,128,144,73,47,19,28,96,107,719,-35
2020-21,1630267,Facundo Campazzo,1610612743,DEN,30.0,65,43,22,1424.9316666666666,120,315,76,216,80,91,22,112,134,232,73,79,14,8,132,129,396,78
2020-21,1628402,Frank Jackson,1610612765,DET,23.0,40,13,27,738.2416666666667,134,293,61,150,61,75,15,71,86,36,34,15,1,16,53,67,390,-13
2020-21,1626163,Frank Kaminsky,1610612756,PHX,28.0,47,33,14,714.8066666666666,121,257,31,85,37,60,36,152,188,79,22,14,17,21,70,48,310,56
2020-21,1628412,Frank Mason III,1610612753,ORL,27.0,4,1,3,79.28333333333333,9,24,2,5,5,7,3,9,12,12,5,0,0,5,7,4,25,-19
2020-21,1628373,Frank Ntilikina,1610612752,NYK,22.0,33,23,10,322.005,29,79,23,48,8,18,6,25,31,19,11,18,4,3,45,16,89,-34
2020-21,1627832,Fred VanVleet,1610612761,TOR,27.0,52,22,30,1898.5566666666666,338,870,174,476,169,191,32,188,220,328,95,87,37,57,119,178,1019,141
2020-21,1630273,Freddie Gillespie,1610612761,TOR,24.0,20,7,13,391.9033333333333,44,84,0,0,23,33,42,55,97,9,12,13,20,8,43,37,111,-78
2020-21,1627788,Furkan Korkmaz,1610612755,PHI,23.0,55,39,16,1061.575,170,424,101,269,60,82,17,96,113,82,46,49,9,11,64,70,501,143
2020-21,1629216,Gabe Vincent,1610612748,MIA,25.0,50,27,23,654.8616666666667,88,233,46,149,20,23,10,46,56,67,34,21,2,14,79,49,242,-76
2020-21,1630466,Gabriel Deck,1610612760,OKC,26.0,10,1,9,211.60666666666665,32,67,2,15,18,22,16,24,40,24,6,8,0,2,9,16,84,-51
2020-21,202066,Garrett Temple,1610612741,CHI,35.0,56,25,31,1528.24,158,381,67,200,40,50,29,131,160,124,58,43,30,12,126,57,423,48
2020-21,1629726,Garrison Mathews,1610612764,WAS,24.0,64,32,32,1037.9516666666666,97,237,76,198,84,95,16,71,87,26,10,29,7,9,106,97,354,-135
2020-21,1629109,Gary Clark,1610612755,PHI,26.0,39,12,27,653.7633333333333,40,132,31,108,8,10,33,82,115,31,17,13,7,5,35,17,119,-110
2020-21,203914,Gary Harris,1610612753,ORL,26.0,39,15,24,1080.2066666666667,138,345,48,141,64,78,21,58,79,78,37,28,11,25,71,62,388,-83
2020-21,1627780,Gary Payton II,1610612744,GSW,28.0,10,7,3,40.41166666666667,10,13,2,4,3,4,2,9,11,1,1,6,1,0,8,4,25,1
2020-21,1629018,Gary Trent Jr.,1610612761,TOR,22.0,58,29,29,1801.985,320,785,165,429,83,106,27,125,152,80,43,56,10,22,92,89,888,-57
2020-21,201588,George Hill,1610612755,PHI,35.0,30,16,14,671.595,95,197,31,80,40,50,16,45,61,73,31,23,5,12,31,59,261,-9
2020-21,1627777,Georges Niang,1610612762,UTA,28.0,72,52,20,1154.4366666666667,177,405,124,292,22,23,28,148,176,59,51,25,8,10,116,25,500,353
2020-21,203507,Giannis Antetokounmpo,1610612749,MIL,26.0,61,40,21,2012.7333333333333,626,1100,67,221,398,581,97,574,671,357,207,72,73,56,168,470,1717,409
2020-21,203922,Glenn Robinson III,1610612758,SAC,27.0,23,9,14,369.335,42,99,16,44,21,23,11,34,45,20,11,4,3,8,23,20,121,-131
2020-21,1629048,Goga Bitadze,1610612754,IND,21.0,45,19,26,561.2766666666666,83,194,20,79,45,61,60,90,150,37,17,9,60,15,94,53,231,-19
2020-21,201609,Goran Dragic,1610612748,MIA,35.0,50,30,20,1336.4916666666666,240,555,91,244,101,122,25,144,169,219,118,33,8,23,113,109,672,40
2020-21,202330,Gordon Hayward,1610612766,CHA,31.0,44,24,20,1496.1833333333334,311,658,85,205,156,185,37,221,258,181,91,52,14,28,74,151,863,19
2020-21,203476,Gorgui Dieng,1610612759,SAS,31.0,38,14,24,552.7366666666667,85,163,30,70,58,67,40,100,140,48,32,26,16,7,56,52,258,-68
2020-21,1630203,Grant Riller,1610612766,CHA,24.0,7,2,5,27.233333333333334,8,12,2,4,0,0,0,1,1,3,1,1,0,0,0,1,18,-4
2020-21,1629684,Grant Williams,1610612738,BOS,22.0,63,30,33,1137.9066666666668,108,247,48,129,30,51,48,130,178,64,56,32,24,15,161,64,294,-48
2020-21,1628960,Grayson Allen,1610612763,MEM,25.0,50,26,24,1259.485,173,414,107,274,79,91,19,141,160,108,48,46,8,18,71,70,532,8
2020-21,204222,Greg Whittington,1610612743,DEN,28.0,4,3,1,12.016666666666667,0,3,0,2,0,0,0,0,0,0,0,0,0,0,0,0,0,9
2020-21,1628977,Hamidou Diallo,1610612765,DET,22.0,52,18,34,1226.0866666666666,224,470,28,82,128,200,59,213,272,101,76,41,24,33,134,145,604,-193
2020-21,203084,Harrison Barnes,1610612758,SAC,29.0,58,25,33,2102.3933333333334,319,642,100,256,195,235,64,321,385,201,93,43,11,24,75,196,933,-57
2020-21,1628385,Harry Giles III,1610612757,POR,23.0,38,23,15,347.9216666666667,42,97,8,23,16,27,31,102,133,29,20,8,13,8,54,23,108,-78
2020-21,202355,Hassan Whiteside,1610612758,SAC,32.0,36,16,20,545.8566666666667,126,224,0,1,41,79,61,154,215,20,40,9,46,17,73,74,293,-105
2020-21,1627740,Henry Ellenson,1610612761,TOR,24.0,2,0,2,38.36666666666667,5,14,2,9,3,4,3,9,12,5,0,0,0,1,7,3,15,7
2020-21,1629649,Ignas Brazdeikis,1610612753,ORL,22.0,13,3,10,248.81166666666667,35,83,11,28,10,14,11,34,45,17,12,4,3,9,22,10,91,-27
2020-21,202697,Iman Shumpert,1610612751,BKN,31.0,2,1,1,10.983333333333333,1,4,0,3,0,0,1,0,1,0,1,1,0,0,0,0,2,-1
2020-21,1630193,Immanuel Quickley,1610612752,NYK,22.0,64,37,27,1243.485,229,580,118,303,155,174,25,112,137,127,58,30,12,25,114,129,731,182
2020-21,1629067,Isaac Bonga,1610612764,WAS,21.0,40,16,24,431.98833333333334,30,81,13,47,5,8,18,48,66,23,22,11,9,1,63,15,78,-36
2020-21,1630171,Isaac Okoro,1610612739,CLE,20.0,67,20,47,2173.235,235,559,62,214,114,157,68,138,206,128,86,62,24,53,185,126,646,-408
2020-21,1628392,Isaiah Hartenstein,1610612739,CLE,23.0,46,20,26,558.8983333333333,94,171,2,6,46,71,65,116,181,55,44,19,39,14,104,65,236,-1
2020-21,1630198,Isaiah Joe,1610612755,PHI,21.0,41,22,19,382.8233333333333,48,133,39,106,18,24,6,30,36,20,11,12,4,2,34,32,153,2
2020-21,1629676,Isaiah Roby,1610612760,OKC,23.0,61,19,42,1425.2766666666666,207,429,32,109,87,117,89,252,341,107,113,52,37,38,162,102,533,-437
2020-21,1630191,Isaiah Stewart,1610612765,DET,20.0,68,20,48,1454.8283333333334,226,409,21,63,64,92,159,294,453,59,67,39,86,28,184,116,537,-60
2020-21,202738,Isaiah Thomas,1610612740,NOP,32.0,3,1,2,48.266666666666666,9,27,3,12,2,2,1,3,4,5,6,1,0,1,3,6,23,8
2020-21,202397,Ish Smith,1610612764,WAS,32.0,44,23,21,923.62,129,297,18,49,19,33,22,128,150,172,41,32,13,10,62,48,295,51
2020-21,1627826,Ivica Zubac,1610612746,LAC,24.0,72,47,25,1608.47,257,394,1,4,135,171,189,330,519,90,81,24,62,47,187,164,650,183
2020-21,200755,JJ Redick,1610612742,DAL,37.0,44,22,22,723.3633333333333,106,267,66,178,49,52,4,60,64,51,36,11,3,8,50,58,327,2
2020-21,1629630,Ja Morant,1610612763,MEM,21.0,63,33,30,2052.8683333333333,430,957,73,241,271,372,59,193,252,465,203,57,13,68,87,308,1204,108
2020-21,203960,JaKarr Sampson,1610612754,IND,28.0,29,14,15,316.27166666666665,56,113,3,15,19,29,27,50,77,4,15,2,14,7,52,24,134,4
2020-21,203210,JaMychal Green,1610612743,DEN,31.0,58,38,20,1119.8333333333333,173,374,79,198,46,57,85,192,277,53,53,26,22,27,144,46,471,99
2020-21,201580,JaVale McGee,1610612743,DEN,33.0,46,21,25,678.4033333333333,144,282,5,24,44,67,77,162,239,39,60,19,54,13,121,66,337,-89
2020-21,203953,Jabari Parker,1610612738,BOS,26.0,13,4,9,165.45833333333334,30,55,2,11,10,13,10,32,42,11,10,1,5,0,13,12,72,-14
2020-21,1630183,Jaden McDaniels,1610612750,MIN,20.0,63,18,45,1510.7833333333333,164,367,72,198,27,45,52,180,232,71,47,35,60,13,172,42,427,-103
2020-21,203109,Jae Crowder,1610612756,PHX,30.0,60,42,18,1648.3816666666667,199,492,148,380,57,75,32,250,282,127,55,48,27,14,125,81,603,218
2020-21,1630256,Jae'Sean Tate,1610612745,HOU,25.0,70,17,53,2042.7166666666667,316,625,60,195,102,147,132,242,374,178,98,85,36,46,222,163,794,-189
2020-21,1626143,Jahlil Okafor,1610612765,DET,25.0,27,5,22,347.2366666666667,63,102,2,9,17,24,23,43,66,13,21,6,5,14,39,24,145,-83
2020-21,1630186,Jahmi'us Ramsey,1610612758,SAC,20.0,13,5,8,94.475,15,38,5,19,5,5,2,8,10,6,3,4,1,1,8,5,40,2
2020-21,1627774,Jake Layman,1610612750,MIN,27.0,45,12,33,627.245,91,184,23,78,26,37,13,54,67,28,26,29,19,16,44,33,231,-81
2020-21,1627751,Jakob Poeltl,1610612759,SAS,25.0,69,32,37,1845.1333333333334,265,430,0,0,63,124,219,328,547,134,83,47,123,29,172,115,593,109
2020-21,1628973,Jalen Brunson,1610612742,DAL,24.0,68,40,28,1697.2083333333333,328,627,81,200,120,151,27,204,231,239,80,35,1,17,109,176,857,161
2020-21,1630223,Jalen Harris,1610612761,TOR,22.0,13,3,10,172.105,36,72,17,36,7,9,3,15,18,17,14,8,0,7,15,9,96,-1
2020-21,1629665,Jalen Lecque,1610612754,IND,21.0,4,2,2,12.133333333333333,1,9,0,1,3,3,2,3,5,2,0,0,0,1,0,2,5,-4
2020-21,1629667,Jalen McDaniels,1610612766,CHA,23.0,47,18,29,903.58,133,284,35,105,45,64,45,124,169,53,45,28,19,23,95,60,346,-180
2020-21,1630188,Jalen Smith,1610612756,PHX,21.0,27,19,8,155.725,22,50,4,17,5,7,7,30,37,4,7,1,4,1,16,8,53,-16
2020-21,1627750,Jamal Murray,1610612743,DEN,24.0,48,31,17,1703.6416666666667,378,792,129,316,133,153,37,157,194,231,108,64,13,26,95,160,1018,301
2020-21,203516,James Ennis III,1610612753,ORL,30.0,41,12,29,986.3,115,243,45,104,70,87,43,123,166,62,36,32,7,19,84,71,345,-73
2020-21,201935,James Harden,1610612751,BKN,31.0,44,31,13,1608.8366666666666,342,734,121,334,278,323,35,313,348,475,177,53,33,47,99,224,1083,102
2020-21,201949,James Johnson,1610612740,NOP,34.0,51,21,30,1042.965,146,327,31,120,45,76,32,145,177,98,55,42,42,15,120,55,368,-128
2020-21,203263,James Nunnally,1610612740,NOP,30.0,9,3,6,47.785,5,13,4,12,1,2,2,7,9,3,2,0,0,0,1,2,15,-4
2020-21,1630164,James Wiseman,1610612744,GSW,20.0,39,18,21,835.88,191,368,12,38,54,86,55,171,226,26,60,11,36,21,121,73,448,-183
2020-21,201162,Jared Dudley,1610612747,LAL,35.0,12,7,5,80.65,2,9,2,6,0,0,4,17,21,5,2,1,1,1,7,0,6,2
2020-21,1629607,Jared Harper,1610612752,NYK,23.0,8,5,3,16.25,0,4,0,1,3,4,0,2,2,1,3,0,0,0,1,2,3,-5
2020-21,1628991,Jaren Jackson Jr.,1610612763,MEM,21.0,11,4,7,258.435,53,125,17,60,35,42,17,45,62,12,15,12,18,7,42,35,158,-64
2020-21,1629020,Jarred Vanderbilt,1610612750,MIN,22.0,64,18,46,1139.305,143,236,1,5,57,102,118,250,368,76,53,64,46,35,123,98,344,-53
2020-21,1629714,Jarrell Brantley,1610612762,UTA,25.0,28,23,5,138.31333333333333,25,52,12,28,2,2,9,18,27,15,8,7,2,4,17,1,64,-24
2020-21,1628386,Jarrett Allen,1610612739,CLE,23.0,63,20,43,1863.5433333333333,298,482,6,19,204,290,196,435,631,106,100,32,90,37,96,263,806,-203
2020-21,1629633,Jarrett Culver,1610612750,MIN,22.0,34,7,27,499.09166666666664,69,168,13,53,29,48,34,70,104,24,28,17,9,16,58,41,180,-131
2020-21,1629750,Javonte Green,1610612741,CHI,27.0,41,19,22,473.725,53,102,10,30,30,40,26,45,71,17,19,28,6,5,45,34,146,18
2020-21,1629637,Jaxson Hayes,1610612740,NOP,21.0,60,24,36,963.7066666666667,175,280,6,14,93,120,92,165,257,35,39,25,38,20,101,96,449,-21
2020-21,1630206,Jay Scrubb,1610612746,LAC,20.0,4,2,2,84.18333333333334,14,36,2,9,5,5,2,12,14,1,7,4,0,4,5,6,35,2
2020-21,1629121,Jaylen Adams,1610612749,MIL,25.0,7,5,2,18.12,1,8,0,2,0,0,0,3,3,2,0,0,0,0,1,0,2,-12
2020-21,1627759,Jaylen Brown,1610612738,BOS,24.0,58,30,28,1998.6316666666667,538,1111,163,411,191,250,71,276,347,195,158,72,32,62,168,237,1430,69
2020-21,1629658,Jaylen Hoard,1610612760,OKC,22.0,19,1,18,319.63,44,88,0,11,28,41,21,44,65,24,17,13,5,14,19,26,116,-62
2020-21,1629669,Jaylen Nowell,1610612750,MIN,21.0,42,10,32,759.045,142,335,50,150,45,55,19,76,95,62,28,22,12,16,72,43,379,-99
2020-21,1628369,Jayson Tatum,1610612738,BOS,23.0,64,34,30,2289.7033333333334,605,1318,187,485,295,340,50,422,472,276,171,75,31,62,122,269,1692,161
2020-21,201145,Jeff Green,1610612751,BKN,34.0,68,44,24,1835.165,261,530,103,250,125,161,34,229,263,108,54,36,27,23,122,126,750,113
2020-21,201952,Jeff Teague,1610612749,MIL,33.0,55,27,28,950.1216666666667,123,284,36,82,89,105,15,73,88,132,64,34,12,17,56,76,371,56
2020-21,203924,Jerami Grant,1610612765,DET,27.0,54,15,39,1829.2633333333333,400,932,115,329,290,343,35,215,250,152,109,35,58,58,125,255,1205,-117
2020-21,1629725,Jeremiah Martin,1610612739,CLE,25.0,9,0,9,75.15,9,33,3,12,1,5,2,5,7,4,6,5,2,5,1,4,22,-26
2020-21,203087,Jeremy Lamb,1610612754,IND,29.0,36,16,20,765.3416666666667,120,276,52,128,71,75,25,106,131,53,22,34,23,11,72,74,363,-14
2020-21,1629010,Jerome Robinson,1610612764,WAS,24.0,17,5,12,304.95166666666665,28,95,11,42,16,20,4,34,38,25,19,12,6,5,31,21,83,-100
2020-21,1628975,Jevon Carter,1610612756,PHX,25.0,60,42,18,716.68,94,223,56,151,4,7,16,76,92,71,16,29,9,7,56,16,248,32
2020-21,202710,Jimmy Butler III,1610612748,MIA,31.0,52,33,19,1744.615,366,736,25,102,359,416,94,265,359,369,109,108,18,42,71,310,1116,196
2020-21,203925,Joe Harris,1610612751,BKN,29.0,69,45,24,2141.54,357,707,211,444,49,63,43,205,248,130,62,46,14,29,141,75,974,352
2020-21,204060,Joe Ingles,1610612762,UTA,33.0,67,47,20,1866.555,275,562,183,406,76,90,27,217,244,318,117,45,12,14,120,110,809,454
2020-21,203954,Joel Embiid,1610612755,PHI,27.0,51,39,12,1585.105,461,899,58,154,471,548,113,426,539,145,159,50,69,45,123,375,1451,405
2020-21,1628381,John Collins,1610612737,ATL,23.0,63,34,29,1848.1083333333333,429,771,83,208,170,204,118,349,467,78,84,34,63,53,193,197,1111,182
2020-21,1629723,John Konchar,1610612763,MEM,25.0,43,23,20,574.9633333333334,69,138,21,56,25,30,35,93,128,47,18,30,9,12,40,27,184,16
2020-21,202322,John Wall,1610612745,HOU,30.0,40,12,28,1288.0716666666667,293,726,79,249,158,211,17,112,129,275,141,42,31,42,46,172,823,-166
2020-21,202685,Jonas Valanciunas,1610612763,MEM,29.0,62,32,30,1755.3283333333334,440,743,21,57,157,203,253,523,776,112,100,35,57,56,179,190,1058,134
2020-21,1629007,Jontay Porter,1610612763,MEM,21.0,11,7,4,53.99166666666667,8,15,3,8,3,5,4,10,14,1,7,3,1,0,12,2,22,1
2020-21,1628395,Jordan Bell,1610612744,GSW,26.0,6,3,3,81.88666666666667,7,22,0,2,1,2,7,17,24,7,4,3,5,3,7,4,15,-32
2020-21,1629648,Jordan Bone,1610612753,ORL,23.0,14,2,12,195.85666666666665,23,54,10,32,0,0,4,20,24,18,3,2,0,0,11,3,56,-59
2020-21,203903,Jordan Clarkson,1610612762,UTA,29.0,68,49,19,1817.6166666666666,457,1075,208,599,129,144,47,227,274,168,115,61,10,39,110,126,1251,301
2020-21,1629162,Jordan McLaughlin,1610612750,MIN,25.0,51,15,36,938.0866666666667,100,242,33,92,23,30,21,87,108,193,51,51,6,24,44,50,256,-133
2020-21,1629670,Jordan Nwora,1610612749,MIL,22.0,30,19,11,273.58666666666664,62,135,28,62,19,25,9,51,60,7,24,17,8,14,22,17,171,-3
2020-21,1629673,Jordan Poole,1610612744,GSW,22.0,51,28,23,987.835,205,474,97,276,105,119,15,77,92,99,51,26,9,17,86,101,612,30
2020-21,1630182,Josh Green,1610612742,DAL,20.0,39,20,19,444.63166666666666,42,93,4,25,13,23,28,50,78,28,17,16,3,8,35,25,101,17
2020-21,1630221,Josh Hall,1610612760,OKC,20.0,21,2,19,336.0,30,99,4,37,22,44,6,53,59,28,25,4,1,10,37,28,86,-100
2020-21,1628404,Josh Hart,1610612740,NOP,26.0,47,21,26,1349.53,151,344,63,193,69,89,53,324,377,109,49,38,12,25,111,67,434,0
2020-21,1628367,Josh Jackson,1610612765,DET,24.0,62,16,46,1559.6,296,707,77,257,159,218,57,197,254,143,142,53,47,70,178,168,828,-121
2020-21,1629006,Josh Okogie,1610612750,MIN,22.0,59,21,38,1196.7383333333332,102,254,29,108,83,108,63,93,156,63,43,54,28,22,123,100,316,-192
2020-21,1626196,Josh Richardson,1610612742,DAL,27.0,59,35,24,1789.6383333333333,264,618,88,267,99,108,51,144,195,153,79,61,24,22,130,109,715,-46
2020-21,201950,Jrue Holiday,1610612749,MIL,31.0,59,41,18,1906.8066666666666,414,823,111,283,107,136,73,195,268,357,127,96,37,40,98,119,1046,379
2020-21,1629308,Juan Toscano-Anderson,1610612744,GSW,28.0,53,28,25,1107.485,121,209,37,92,22,31,29,206,235,150,61,41,26,13,111,48,301,97
2020-21,1627823,Juancho Hernangomez,1610612750,MIN,25.0,52,19,33,900.04,130,299,55,168,60,97,45,160,205,35,27,19,7,19,52,72,375,-71
2020-21,203944,Julius Randle,1610612752,NYK,26.0,71,40,31,2666.7366666666667,602,1321,160,389,348,429,84,640,724,427,241,64,18,70,225,352,1712,153
2020-21,203200,Justin Holiday,1610612754,IND,32.0,72,34,38,2183.33,258,625,173,453,67,85,32,224,256,119,54,74,41,15,135,74,756,-45
2020-21,1628382,Justin Jackson,1610612749,MIL,26.0,34,12,22,576.8916666666667,89,221,36,117,31,37,16,61,77,52,32,15,2,6,32,38,245,-42
2020-21,1629713,Justin James,1610612758,SAC,24.0,36,15,21,310.43666666666667,52,111,14,38,21,36,9,21,30,22,15,8,3,9,23,25,139,-56
2020-21,1628383,Justin Patton,1610612745,HOU,24.0,13,1,12,246.75833333333333,29,70,9,34,3,4,14,35,49,14,4,12,14,4,34,9,70,-81
2020-21,1629620,Justin Robinson,1610612760,OKC,23.0,9,0,9,87.74166666666666,7,21,4,14,3,5,1,6,7,9,2,3,0,0,10,9,21,-45
2020-21,1626159,Justise Winslow,1610612763,MEM,25.0,26,13,13,507.0566666666667,74,210,10,54,20,35,18,100,118,50,37,15,12,6,47,30,178,-77
2020-21,203994,Jusuf Nurkić,1610612757,POR,26.0,37,22,15,880.0983333333334,171,333,12,30,70,113,86,246,332,125,73,38,39,30,103,119,424,124
2020-21,1629752,Juwan Morgan,1610612762,UTA,24.0,29,24,5,147.10166666666666,14,30,4,13,3,7,9,19,28,9,4,4,1,2,21,6,35,-107
2020-21,1630231,KJ Martin,1610612745,HOU,20.0,45,10,35,1067.6483333333333,162,318,35,96,60,84,73,169,242,48,38,30,41,25,89,58,419,-283
2020-21,1629644,KZ Okpala,1610612748,MIA,22.0,37,22,15,446.95166666666665,36,96,12,50,8,15,21,47,68,19,15,10,11,9,59,17,92,-67
2020-21,1630211,Karim Mane,1610612753,ORL,21.0,10,2,8,88.31666666666666,3,13,1,2,4,5,1,13,14,4,3,0,2,7,10,3,11,-22
2020-21,1626157,Karl-Anthony Towns,1610612750,MIN,25.0,50,19,31,1688.9183333333333,425,875,122,315,267,311,133,396,529,225,160,39,57,51,186,282,1239,11
2020-21,202695,Kawhi Leonard,1610612746,LAC,30.0,52,36,16,1772.43,465,908,101,254,261,295,55,282,337,269,105,81,21,28,82,235,1292,446
2020-21,1628966,Keita Bates-Diop,1610612759,SAS,25.0,30,13,17,244.67833333333334,30,67,5,17,14,21,9,40,49,12,7,11,5,8,11,18,79,-37
2020-21,1629103,Kelan Martin,1610612754,IND,25.0,35,16,19,322.56666666666666,62,138,24,60,9,10,18,60,78,17,16,10,10,8,35,13,157,94
2020-21,1629640,Keldon Johnson,1610612759,SAS,21.0,69,32,37,1967.7866666666666,338,705,60,181,145,196,93,319,412,121,78,40,24,66,142,147,881,-172
2020-21,1629833,Keljin Blevins,1610612757,POR,25.0,17,11,6,74.91333333333333,5,20,2,8,0,0,3,7,10,4,5,2,0,4,8,0,12,-37
2020-21,203482,Kelly Olynyk,1610612745,HOU,30.0,70,26,44,1996.8916666666667,337,697,126,368,145,175,87,402,489,203,126,79,42,31,207,184,945,-100
2020-21,1626162,Kelly Oubre Jr.,1610612744,GSW,25.0,55,27,28,1687.55,318,724,90,285,123,177,82,247,329,73,70,57,42,53,121,156,849,-190
2020-21,202689,Kemba Walker,1610612760,OKC,31.0,43,22,21,1369.3533333333332,284,676,127,353,134,149,16,154,170,212,88,48,12,49,61,162,829,93
2020-21,1629134,Kendrick Nunn,1610612748,MIA,25.0,56,31,25,1650.1933333333334,319,658,122,320,56,60,21,158,179,148,80,52,14,35,108,56,816,-7
2020-21,1629026,Kenrich Williams,1610612760,OKC,26.0,66,21,45,1426.0616666666667,219,411,52,117,36,63,84,189,273,152,76,55,17,25,143,82,526,-180
2020-21,203145,Kent Bazemore,1610612744,GSW,31.0,67,35,32,1333.5366666666666,176,392,75,184,54,78,26,203,229,108,82,69,33,14,158,100,481,166
2020-21,203484,Kentavious Caldwell-Pope,1610612747,LAL,28.0,67,39,28,1901.9866666666667,218,506,120,293,97,112,27,152,179,127,66,62,26,22,114,100,653,138
2020-21,201142,Kevin Durant,1610612751,BKN,32.0,35,23,12,1156.7716666666668,324,603,85,189,210,238,13,234,247,195,120,25,45,25,70,187,943,279
2020-21,1628989,Kevin Huerter,1610612737,ATL,22.0,69,40,29,2125.995,316,731,140,386,50,64,38,193,231,241,79,82,18,28,165,52,822,71
2020-21,1628995,Kevin Knox II,1610612752,NYK,21.0,42,26,16,464.4,56,143,35,89,16,20,10,51,61,19,17,12,6,6,37,18,163,-33
2020-21,201567,Kevin Love,1610612739,CLE,32.0,25,7,18,622.15,103,252,57,156,42,51,17,169,186,63,38,16,2,12,26,34,305,-72
2020-21,1629645,Kevin Porter Jr.,1610612745,HOU,21.0,26,4,22,835.4883333333333,156,367,50,161,69,94,20,79,99,164,91,19,8,26,61,77,431,-224
2020-21,1626172,Kevon Looney,1610612744,GSW,25.0,61,34,27,1160.6933333333334,108,197,4,17,31,48,117,205,322,119,37,21,22,14,136,49,251,130
2020-21,203920,Khem Birch,1610612761,TOR,28.0,67,23,44,1529.23,189,380,13,52,91,129,174,213,387,89,44,48,50,30,113,100,482,-127
2020-21,203114,Khris Middleton,1610612749,MIL,29.0,68,45,23,2268.616666666667,511,1074,151,365,212,236,54,352,406,370,178,74,9,52,160,186,1385,289
2020-21,1629017,Khyri Thomas,1610612745,HOU,25.0,5,1,4,152.93333333333334,32,66,9,27,9,9,7,11,18,25,6,9,6,1,8,7,82,14
2020-21,1630165,Killian Hayes,1610612765,DET,19.0,26,6,20,670.2116666666667,71,201,20,72,14,17,6,63,69,138,83,27,10,12,57,30,176,-130
2020-21,1629681,Killian Tillie,1610612763,MEM,23.0,18,11,7,181.77,19,57,10,33,9,11,6,18,24,8,2,5,8,3,20,8,57,40
2020-21,1630184,Kira Lewis Jr.,1610612740,NOP,20.0,54,23,31,904.4433333333334,130,337,40,120,43,51,12,59,71,124,34,38,10,26,88,49,343,23
2020-21,1628961,Kostas Antetokounmpo,1610612747,LAL,23.0,15,6,9,55.81666666666667,3,10,0,0,6,13,4,15,19,1,11,2,4,4,8,9,12,27
2020-21,1627739,Kris Dunn,1610612737,ATL,27.0,4,1,3,45.41,1,12,0,2,3,4,0,6,6,2,3,2,2,2,10,4,5,-31
2020-21,204001,Kristaps Porziņģis,1610612742,DAL,25.0,43,26,17,1326.5633333333333,325,683,97,258,118,138,82,299,381,68,51,20,58,32,115,151,865,8
2020-21,203937,Kyle Anderson,1610612763,MEM,27.0,69,36,33,1887.335,308,658,94,261,144,184,52,344,396,250,86,84,57,32,120,132,854,51
2020-21,1629657,Kyle Guy,1610612758,SAC,23.0,31,11,20,235.175,29,88,13,46,16,20,5,30,35,32,11,6,0,5,20,24,87,-15
2020-21,1628398,Kyle Kuzma,1610612747,LAL,25.0,68,40,28,1954.2333333333333,335,757,137,380,67,97,108,309,417,127,113,35,41,24,121,93,874,-3
2020-21,200768,Kyle Lowry,1610612761,TOR,35.0,46,15,31,1601.5,260,596,131,331,140,160,35,212,247,338,126,45,14,25,143,196,791,-6
2020-21,202681,Kyrie Irving,1610612751,BKN,29.0,54,36,18,1886.2016666666666,549,1086,152,378,201,218,52,205,257,324,130,76,37,55,140,186,1451,229
2020-21,200746,LaMarcus Aldridge,1610612751,BKN,35.0,26,15,11,674.3966666666666,140,296,31,80,41,47,19,99,118,49,27,11,29,9,47,39,352,-34
2020-21,1630163,LaMelo Ball,1610612766,CHA,19.0,51,23,28,1468.5733333333333,293,672,92,261,125,165,63,239,302,313,145,81,18,33,136,158,803,-84
2020-21,1630205,Lamar Stevens,1610612739,CLE,23.0,40,13,27,498.765,62,136,4,25,37,51,24,72,96,25,23,17,13,12,53,35,165,-115
2020-21,1629013,Landry Shamet,1610612751,BKN,24.0,61,39,22,1402.6666666666667,186,456,129,333,66,78,11,101,112,99,48,31,10,23,93,65,567,57
2020-21,204038,Langston Galloway,1610612756,PHX,29.0,40,29,11,437.6716666666667,66,147,36,85,22,23,7,35,42,26,13,8,0,1,25,21,190,34
2020-21,1626204,Larry Nance Jr.,1610612739,CLE,28.0,35,13,22,1091.4733333333334,128,272,41,114,30,49,54,181,235,107,55,61,17,12,72,58,327,-136
2020-21,1628374,Lauri Markkanen,1610612741,CHI,24.0,51,20,31,1317.4466666666667,250,521,119,296,76,92,35,233,268,45,52,26,15,26,75,95,695,-48
2020-21,2544,LeBron James,1610612747,LAL,36.0,45,30,15,1503.7016666666666,422,823,104,285,178,255,29,317,346,350,168,48,25,27,70,206,1126,287
2020-21,1629022,Lonnie Walker IV,1610612759,SAS,22.0,60,28,32,1521.8433333333332,256,609,100,282,57,70,14,141,155,101,65,29,15,27,101,60,669,-209
2020-21,1628366,Lonzo Ball,1610612740,NOP,23.0,55,23,32,1747.2383333333332,290,700,172,455,50,64,33,230,263,316,123,82,31,16,103,62,802,49
2020-21,101150,Lou Williams,1610612737,ATL,34.0,66,44,22,1422.9083333333333,265,646,69,173,150,173,21,117,138,225,108,47,6,37,62,139,749,77
2020-21,1629663,Louis King,1610612758,SAC,22.0,6,3,3,85.30333333333333,17,34,4,11,6,6,5,13,18,9,4,7,3,0,9,5,44,-3
2020-21,1629652,Luguentz Dort,1610612760,OKC,22.0,52,18,34,1543.205,247,639,113,329,122,164,38,151,189,88,79,45,19,48,134,175,729,-252
2020-21,1629029,Luka Dončić,1610612742,DAL,22.0,66,40,26,2262.3966666666665,647,1351,192,548,344,471,54,473,527,567,281,64,36,51,152,364,1830,164
2020-21,1629677,Luka Samanic,1610612759,SAS,21.0,33,14,19,308.1766666666667,47,105,12,43,16,29,16,52,68,15,20,8,8,8,43,22,122,-20
2020-21,1628379,Luke Kennard,1610612746,LAC,25.0,63,44,19,1232.2483333333332,197,414,100,224,26,31,15,146,161,104,48,23,9,12,91,36,520,-25
2020-21,1628436,Luke Kornet,1610612738,BOS,25.0,31,13,18,347.435,44,101,15,59,3,6,14,53,67,24,7,4,32,2,20,10,106,53
2020-21,1630201,Malachi Flynn,1610612761,TOR,23.0,47,21,26,927.545,127,340,54,168,45,56,10,106,116,137,43,38,7,13,68,51,353,-98
2020-21,1627763,Malcolm Brogdon,1610612754,IND,28.0,56,27,29,1929.5433333333333,444,980,145,374,153,177,58,236,294,329,115,49,15,66,110,150,1186,-32
2020-21,1627736,Malik Beasley,1610612750,MIN,24.0,37,8,29,1214.065,264,600,128,321,68,80,28,134,162,88,60,30,7,29,62,61,724,-197
2020-21,1630238,Malik Fitts,1610612746,LAC,23.0,3,3,0,10.816666666666666,1,3,1,2,0,0,0,3,3,0,0,0,0,1,3,0,3,-6
2020-21,1628370,Malik Monk,1610612766,CHA,23.0,42,19,23,878.405,173,399,85,212,59,72,14,87,101,87,55,19,4,19,47,58,490,33
2020-21,1629603,Mamadi Diakite,1610612749,MIL,24.0,14,7,7,141.05,16,40,1,8,11,14,8,26,34,8,3,6,5,4,16,13,44,8
2020-21,201188,Marc Gasol,1610612747,LAL,36.0,52,32,20,993.075,88,194,50,122,36,50,38,177,215,109,53,26,58,5,115,54,262,89
2020-21,202694,Marcus Morris Sr.,1610612746,LAC,31.0,57,38,19,1501.8883333333333,276,584,140,296,73,89,35,199,234,58,57,34,15,11,117,78,765,133
2020-21,203935,Marcus Smart,1610612738,BOS,27.0,48,24,24,1581.2516666666668,203,510,93,282,128,162,36,131,167,273,96,72,23,10,126,145,627,93
2020-21,1628365,Markelle Fultz,1610612753,ORL,23.0,8,6,2,215.2,41,104,4,16,17,19,5,20,25,43,18,8,2,7,18,23,103,-29
2020-21,202693,Markieff Morris,1610612747,LAL,31.0,61,32,29,1200.1233333333332,153,378,65,209,36,50,48,218,266,73,54,22,19,7,105,51,407,21
2020-21,1630210,Markus Howard,1610612743,DEN,22.0,37,24,13,204.94833333333332,40,106,18,65,7,9,1,20,21,18,18,4,1,8,23,6,105,-70
2020-21,1629716,Marques Bolden,1610612739,CLE,23.0,6,2,4,28.633333333333333,1,3,0,0,5,8,3,3,6,0,2,2,2,0,0,3,7,5
2020-21,1627737,Marquese Chriss,1610612744,GSW,23.0,2,0,2,26.716666666666665,5,14,1,5,2,4,3,10,13,2,2,0,2,1,3,2,13,-25
2020-21,1628963,Marvin Bagley III,1610612758,SAC,22.0,43,20,23,1111.8283333333334,247,490,37,108,77,134,106,212,318,43,59,21,21,42,100,116,608,-87
2020-21,1630222,Mason Jones,1610612755,PHI,22.0,32,10,22,334.4866666666667,52,123,24,66,40,64,7,48,55,42,29,7,1,5,24,39,168,-90
2020-21,203486,Mason Plumlee,1610612765,DET,31.0,56,14,42,1498.605,234,381,0,7,113,169,145,374,519,202,105,43,50,35,186,151,581,-150
2020-21,1629680,Matisse Thybulle,1610612755,PHI,24.0,65,46,19,1298.005,102,243,43,143,8,18,30,94,124,63,32,105,71,3,127,27,255,97
2020-21,1629744,Matt Thomas,1610612762,UTA,26.0,45,27,18,326.63,50,127,27,80,12,14,7,37,44,19,14,4,0,5,18,6,139,-67
2020-21,203521,Matthew Dellavedova,1610612739,CLE,30.0,13,4,9,224.1,14,56,4,25,4,4,6,18,24,58,6,4,1,5,21,4,36,-18
2020-21,203090,Maurice Harkless,1610612758,SAC,28.0,37,16,21,771.8766666666667,69,165,23,84,33,43,13,76,89,44,22,30,20,9,86,33,194,-44
2020-21,1629622,Max Strus,1610612748,MIA,25.0,39,14,25,506.53333333333336,85,187,50,148,16,24,5,36,41,24,8,11,2,1,43,27,236,-40
2020-21,1628467,Maxi Kleber,1610612742,DAL,29.0,50,31,19,1340.7966666666666,116,275,87,212,34,37,47,213,260,68,30,24,35,5,105,44,353,136
2020-21,203086,Meyers Leonard,1610612748,MIA,29.0,3,2,1,29.386666666666667,3,7,3,7,1,2,0,7,7,2,2,0,0,0,5,3,10,-4
2020-21,1629662,Mfiondu Kabengele,1610612739,CLE,23.0,39,20,19,280.0183333333333,33,89,13,50,16,20,12,48,60,17,15,8,13,3,36,18,95,-92
2020-21,203487,Michael Carter-Williams,1610612753,ORL,29.0,31,12,19,799.6316666666667,105,270,15,61,49,80,39,100,139,129,69,25,17,21,81,114,274,-49
2020-21,1629008,Michael Porter Jr.,1610612743,DEN,23.0,61,40,21,1912.25,443,817,170,382,106,134,91,354,445,70,77,40,54,24,126,100,1162,360
2020-21,1628969,Mikal Bridges,1610612756,PHX,24.0,72,51,21,2347.7283333333335,363,669,134,315,110,131,76,233,309,152,57,76,63,24,116,115,970,337
2020-21,201144,Mike Conley,1610612762,UTA,33.0,51,37,14,1497.615,284,640,138,335,121,142,36,141,177,305,99,70,9,24,98,132,827,548
2020-21,1628455,Mike James,1610612751,BKN,30.0,13,9,4,235.99,34,92,11,31,21,27,3,29,32,54,20,6,1,5,10,21,100,20
2020-21,203488,Mike Muscala,1610612760,OKC,29.0,35,15,20,645.4416666666667,119,267,68,184,33,36,19,113,132,28,21,8,11,6,54,38,339,17
2020-21,203118,Mike Scott,1610612755,PHI,32.0,51,35,16,851.6516666666666,76,211,53,155,8,12,11,109,120,40,19,24,14,8,72,20,213,-8
2020-21,1628970,Miles Bridges,1610612766,CHA,23.0,66,31,35,1931.9216666666666,313,622,116,290,98,113,81,316,397,147,106,44,52,26,143,102,840,-9
2020-21,1629011,Mitchell Robinson,1610612752,NYK,23.0,31,15,16,852.5183333333333,115,176,0,0,26,53,113,139,252,17,26,35,45,13,86,50,256,-17
2020-21,1629671,Miye Oni,1610612762,UTA,23.0,54,45,9,519.4116666666666,35,99,30,88,5,6,23,61,84,28,16,11,8,3,61,7,105,92
2020-21,1628964,Mo Bamba,1610612753,ORL,23.0,46,11,35,724.5766666666667,142,301,38,118,45,66,76,189,265,35,36,14,58,18,87,50,367,-203
2020-21,1628420,Monte Morris,1610612743,DEN,26.0,47,30,17,1196.1533333333334,186,387,51,134,58,73,11,85,96,150,34,34,13,23,48,55,481,153
2020-21,1626149,Montrezl Harrell,1610612747,LAL,27.0,69,41,28,1580.3283333333334,375,603,0,10,181,256,158,270,428,73,74,46,49,42,128,220,931,42
2020-21,1629021,Moritz Wagner,1610612753,ORL,24.0,45,19,26,721.8316666666667,104,229,31,91,71,87,27,119,146,50,43,26,18,19,108,97,310,-142
2020-21,1629650,Moses Brown,1610612738,BOS,21.0,43,8,35,920.195,146,268,0,0,78,126,154,229,383,10,43,31,47,28,93,98,370,-363
2020-21,1628539,Mychal Mulder,1610612744,GSW,27.0,60,33,27,765.725,119,265,85,214,14,22,8,52,60,26,16,12,12,5,56,19,337,64
2020-21,1626167,Myles Turner,1610612754,IND,25.0,47,22,25,1455.32,206,432,69,206,111,142,63,243,306,48,67,40,159,17,165,113,592,25
2020-21,1630230,Naji Marshall,1610612740,NOP,23.0,32,14,18,699.6983333333334,82,209,29,83,53,75,15,133,148,88,38,26,10,14,58,49,246,-28
2020-21,1629642,Nassir Little,1610612757,POR,21.0,48,27,21,640.37,78,167,28,80,36,45,32,96,128,23,18,5,13,8,51,35,220,-40
2020-21,1630268,Nate Darling,1610612766,CHA,22.0,7,3,4,26.116666666666667,2,7,2,7,3,3,1,0,1,1,1,0,1,0,1,2,9,-30
2020-21,1630207,Nate Hinton,1610612742,DAL,22.0,21,11,10,93.35,15,42,4,19,7,10,1,8,9,8,5,7,2,3,8,7,41,-54
2020-21,1630233,Nathan Knight,1610612737,ATL,23.0,33,21,12,278.77666666666664,37,100,6,33,44,55,27,45,72,8,15,9,10,10,22,31,124,-17
2020-21,1629675,Naz Reid,1610612750,MIN,21.0,70,22,48,1346.6883333333333,304,581,61,174,115,166,82,240,322,72,69,34,76,31,179,136,784,-292
2020-21,202357,Nemanja Bjelica,1610612748,MIA,33.0,37,16,21,595.145,89,196,27,85,37,51,29,98,127,69,33,15,5,10,68,34,242,-66
2020-21,203457,Nerlens Noel,1610612752,NYK,27.0,64,35,29,1546.6083333333333,137,223,0,3,50,70,142,265,407,46,65,70,141,12,176,91,324,-2
2020-21,1629651,Nic Claxton,1610612751,BKN,22.0,32,23,9,594.2366666666667,90,145,1,5,31,64,43,123,166,28,18,23,40,11,68,54,212,157
2020-21,1630208,Nick Richards,1610612766,CHA,23.0,18,9,9,62.61833333333333,4,9,0,1,7,11,4,7,11,2,3,0,0,1,7,7,15,-12
2020-21,1629638,Nickeil Alexander-Walker,1610612740,NOP,22.0,46,20,26,1006.9183333333333,192,458,76,219,48,66,13,131,144,102,69,47,22,34,88,66,508,-52
2020-21,1630185,Nico Mannion,1610612744,GSW,20.0,30,17,13,363.91833333333335,39,114,22,60,23,28,6,40,46,70,31,16,1,7,29,31,123,-76
2020-21,201587,Nicolas Batum,1610612746,LAC,32.0,67,44,23,1834.7816666666668,191,412,110,272,48,58,50,266,316,148,53,69,37,6,102,68,540,339
2020-21,1629740,Nicolo Melli,1610612742,DAL,30.0,45,26,19,566.1483333333333,46,141,23,85,19,25,29,93,122,44,12,14,3,7,58,34,134,24
2020-21,203999,Nikola Jokić,1610612743,DEN,26.0,72,47,25,2487.7816666666668,732,1293,92,237,342,394,205,575,780,599,222,95,48,62,192,418,1898,384
2020-21,202696,Nikola Vučević,1610612741,CHI,30.0,70,26,44,2348.153333333333,666,1396,176,440,131,156,146,671,817,269,126,65,48,52,137,162,1639,-341
2020-21,203943,Noah Vonleh,1610612751,BKN,25.0,4,3,1,10.766666666666667,0,3,0,2,0,0,0,1,1,1,2,0,0,1,2,0,0,-16
2020-21,1626181,Norman Powell,1610612757,POR,28.0,69,32,37,2205.4816666666666,438,918,171,416,236,271,42,173,215,129,119,82,18,69,160,243,1283,79
2020-21,203658,Norvel Pelle,1610612752,NYK,28.0,13,8,5,83.29833333333333,8,15,0,0,4,6,6,13,19,2,3,1,9,3,14,5,20,23
2020-21,1628384,OG Anunoby,1610612761,TOR,23.0,43,18,25,1433.2616666666668,249,519,104,261,80,102,54,183,237,94,75,66,32,38,114,83,682,118
2020-21,1630167,Obi Toppin,1610612752,NYK,23.0,62,36,26,683.08,104,209,26,85,19,26,26,112,138,29,23,17,15,11,55,23,253,25
2020-21,1630168,Onyeka Okongwu,1610612737,ATL,20.0,50,31,19,601.2083333333334,96,149,0,3,36,57,62,101,163,18,29,23,33,15,100,43,228,-89
2020-21,1629052,Oshae Brissett,1610612754,IND,23.0,21,10,11,519.1316666666667,73,151,33,78,50,65,29,86,115,18,10,19,20,6,32,47,229,59
2020-21,203490,Otto Porter Jr.,1610612753,ORL,28.0,28,12,16,606.79,98,227,39,104,36,42,28,124,152,55,25,16,4,5,41,45,271,-42
2020-21,200782,P.J. Tucker,1610612749,MIL,36.0,52,27,25,1355.61,66,177,40,119,21,28,51,153,204,61,40,39,20,8,125,52,193,-179
2020-21,1629023,P.J. Washington,1610612766,CHA,22.0,64,31,33,1953.6683333333333,302,686,112,290,108,145,93,325,418,161,128,69,79,50,171,132,824,35
2020-21,1628408,PJ Dozier,1610612743,DEN,24.0,50,36,14,1088.465,148,355,47,149,42,66,35,147,182,92,46,31,22,25,86,71,385,193
2020-21,1627783,Pascal Siakam,1610612761,TOR,27.0,56,21,35,2006.025,437,961,73,246,249,301,95,310,405,250,130,64,37,63,174,254,1196,130
2020-21,1626192,Pat Connaughton,1610612749,MIL,28.0,69,44,25,1574.71,168,387,101,272,31,40,63,269,332,81,33,49,23,16,99,45,468,223
2020-21,201976,Patrick Beverley,1610612746,LAC,32.0,37,25,12,832.4666666666667,93,220,56,141,36,45,29,90,119,76,34,29,28,10,108,51,278,147
2020-21,1627775,Patrick McCaw,1610612761,TOR,25.0,5,2,3,33.37166666666667,1,1,0,0,3,3,1,2,3,4,0,2,0,0,6,2,5,-18
2020-21,202335,Patrick Patterson,1610612746,LAC,32.0,38,26,12,581.6516666666666,72,165,40,112,13,17,19,56,75,29,11,14,8,6,45,17,197,23
2020-21,1630172,Patrick Williams,1610612741,CHI,19.0,71,30,41,1983.3566666666666,255,528,54,138,91,125,66,261,327,99,98,64,46,49,126,109,655,-292
2020-21,201988,Patty Mills,1610612759,SAS,32.0,68,31,37,1684.7816666666668,252,611,161,429,71,78,18,98,116,162,66,42,3,18,81,91,736,27
2020-21,202331,Paul George,1610612746,LAC,31.0,54,38,16,1820.9416666666666,445,953,171,416,198,228,45,314,359,280,179,62,24,44,132,226,1259,432
2020-21,200794,Paul Millsap,1610612743,DEN,36.0,56,38,18,1162.245,191,401,49,143,71,98,76,186,262,98,51,51,36,26,111,93,502,102
2020-21,1630194,Paul Reed,1610612755,PHI,22.0,26,17,9,177.28166666666667,42,78,0,6,4,8,30,31,61,12,12,10,13,11,29,7,88,36
2020-21,1628778,Paul Watson,1610612761,TOR,26.0,27,13,14,296.6566666666667,38,82,30,64,5,8,4,41,45,17,9,6,3,9,36,9,111,-4
2020-21,1630202,Payton Pritchard,1610612738,BOS,23.0,66,33,33,1267.5583333333334,184,418,102,248,40,45,33,125,158,120,53,37,9,21,104,42,510,40
2020-21,1630173,Precious Achiuwa,1610612748,MIA,21.0,61,31,30,737.0833333333334,124,228,0,1,56,110,73,135,208,29,43,20,28,32,91,81,304,-116
2020-21,1626188,Quinn Cook,1610612739,CLE,28.0,23,13,10,157.355,29,68,11,26,7,8,2,15,17,18,7,4,1,7,10,5,76,-9
2020-21,1629683,Quinndary Weatherspoon,1610612759,SAS,24.0,20,8,12,121.09,16,35,1,6,13,16,3,8,11,8,10,8,2,4,18,10,46,-59
2020-21,1630181,R.J. Hampton,1610612753,ORL,20.0,51,20,31,888.2833333333333,136,313,27,87,55,82,29,150,179,87,53,21,10,19,61,69,354,-284
2020-21,1629628,RJ Barrett,1610612752,NYK,21.0,72,41,31,2510.8816666666667,467,1060,124,309,206,276,68,346,414,217,139,53,20,86,188,224,1264,137
2020-21,200765,Rajon Rondo,1610612746,LAC,35.0,45,28,17,769.32,95,215,36,89,16,17,18,92,110,199,79,37,4,17,53,32,242,22
2020-21,203526,Raul Neto,1610612764,WAS,29.0,64,30,34,1403.2,209,447,64,164,75,85,28,128,156,146,53,73,6,31,109,120,557,-21
2020-21,1629034,Ray Spalding,1610612745,HOU,24.0,2,0,2,18.733333333333334,2,4,0,1,0,2,2,2,4,0,3,0,2,0,3,1,4,-7
2020-21,1629730,Rayjon Tucker,1610612755,PHI,23.0,14,8,6,68.15,9,18,2,7,14,19,1,10,11,6,4,2,0,3,8,16,34,-12
2020-21,203493,Reggie Bullock Jr.,1610612752,NYK,30.0,65,38,27,1949.27,248,561,163,398,50,55,16,207,223,99,45,52,11,13,146,34,709,107
2020-21,202704,Reggie Jackson,1610612746,LAC,31.0,67,43,24,1544.145,263,585,122,282,67,82,24,168,192,205,74,41,7,20,127,83,715,246
2020-21,1629617,Reggie Perry,1610612751,BKN,21.0,26,18,8,210.67,32,78,4,21,10,13,27,46,73,14,15,6,6,11,40,9,78,-36
2020-21,1626158,Richaun Holmes,1610612758,SAC,27.0,61,29,32,1781.4033333333334,366,575,2,11,135,170,144,360,504,101,75,39,96,30,213,145,869,9
2020-21,201937,Ricky Rubio,1610612750,MIN,30.0,68,23,45,1771.57,193,498,66,214,130,150,28,195,223,433,111,98,4,32,139,138,582,-186
2020-21,203496,Robert Covington,1610612757,POR,30.0,70,42,28,2242.778333333333,204,509,135,356,50,62,61,405,466,117,64,101,84,16,195,67,593,203
2020-21,1629606,Robert Franks,1610612753,ORL,24.0,7,0,7,100.71666666666667,13,28,5,15,12,13,6,8,14,5,2,3,3,1,8,11,43,-25
2020-21,1629057,Robert Williams III,1610612738,BOS,23.0,52,29,23,985.25,186,258,0,2,45,73,133,225,358,94,52,43,91,8,105,57,417,8
2020-21,1630218,Robert Woodard II,1610612758,SAC,21.0,13,3,10,45.38,8,20,1,6,3,8,4,12,16,2,1,0,3,0,4,5,20,11
2020-21,201577,Robin Lopez,1610612764,WAS,33.0,71,34,37,1353.565,269,425,5,18,99,137,141,131,272,55,75,15,44,26,109,140,642,-13
2020-21,1629066,Rodions Kurucs,1610612749,MIL,23.0,21,10,11,124.53333333333333,11,32,6,21,3,4,5,18,23,10,13,9,4,2,16,2,31,-3
2020-21,203918,Rodney Hood,1610612761,TOR,28.0,55,29,26,942.7166666666667,94,260,34,113,24,28,23,80,103,53,36,24,7,8,74,37,246,-131
2020-21,203585,Rodney McGruder,1610612765,DET,29.0,16,3,13,193.65833333333333,37,70,11,24,6,8,8,14,22,16,7,8,1,1,12,10,91,-17
2020-21,1629641,Romeo Langford,1610612738,BOS,21.0,18,9,9,282.75,21,59,5,18,9,12,12,23,35,13,10,6,5,5,24,18,56,-67
2020-21,1626178,Rondae Hollis-Jefferson,1610612757,POR,26.0,11,6,5,107.30166666666666,9,18,0,1,9,16,11,15,26,13,2,2,4,2,15,11,27,-7
2020-21,1626220,Royce O'Neale,1610612762,UTA,28.0,71,51,20,2240.48,175,394,107,278,39,46,88,397,485,181,83,57,32,9,182,68,496,471
2020-21,200752,Rudy Gay,1610612759,SAS,34.0,63,29,34,1357.6616666666666,264,628,106,278,82,102,42,261,303,88,65,45,40,21,115,80,716,130
2020-21,203497,Rudy Gobert,1610612762,UTA,29.0,71,52,19,2186.661666666667,391,579,0,4,233,374,240,720,960,89,118,40,190,41,163,347,1015,728
2020-21,1629060,Rui Hachimura,1610612764,WAS,23.0,57,29,28,1797.1866666666667,310,648,45,137,124,161,49,263,312,82,68,44,7,54,120,121,789,-111
2020-21,201566,Russell Westbrook,1610612764,WAS,32.0,65,30,35,2368.846666666667,544,1238,86,273,271,413,109,641,750,763,312,89,23,73,190,309,1445,-88
2020-21,1627853,Ryan Arcidiacono,1610612741,CHI,27.0,44,20,24,450.42333333333335,49,117,25,67,13,20,5,62,67,56,10,9,0,3,47,38,136,10
2020-21,1630240,Saben Lee,1610612765,DET,22.0,48,14,34,780.595,99,210,8,23,61,89,20,77,97,174,55,32,13,25,76,82,267,-89
2020-21,1630180,Saddiq Bey,1610612765,DET,22.0,70,19,51,1909.0166666666667,279,691,175,460,124,147,43,275,318,95,60,52,14,34,110,96,857,-213
2020-21,1630241,Sam Merrill,1610612749,MIL,25.0,30,18,12,232.59833333333333,32,72,21,47,4,4,6,24,30,21,10,8,1,6,17,6,89,-38
2020-21,1630253,Sean McDermott,1610612763,MEM,24.0,18,10,8,157.68666666666667,13,33,5,22,8,8,6,13,19,4,4,2,3,2,8,4,39,-57
2020-21,1629635,Sekou Doumbouya,1610612765,DET,20.0,56,15,41,869.085,107,282,26,115,45,64,39,104,143,47,44,24,9,29,94,50,285,-132
2020-21,1628400,Semi Ojeleye,1610612738,BOS,26.0,56,28,28,949.81,89,221,58,158,24,32,31,116,147,37,21,17,0,10,56,36,260,5
2020-21,201586,Serge Ibaka,1610612746,LAC,31.0,41,24,17,954.6816666666666,186,365,39,115,43,53,73,202,275,74,44,9,47,11,76,65,454,157
2020-21,203552,Seth Curry,1610612755,PHI,30.0,57,39,18,1638.2016666666666,258,552,126,280,69,77,10,126,136,155,65,44,8,16,96,64,711,319
2020-21,1628983,Shai Gilgeous-Alexander,1610612760,OKC,22.0,35,16,19,1179.6083333333333,287,565,71,170,185,229,19,147,166,207,106,27,23,40,70,184,830,-185
2020-21,1629003,Shake Milton,1610612755,PHI,24.0,63,46,17,1460.87,300,667,71,203,146,176,33,115,148,193,103,39,18,48,130,151,817,131
2020-21,1627885,Shaquille Harrison,1610612743,DEN,27.0,34,27,7,332.3983333333333,26,78,3,16,18,22,7,41,48,25,11,17,5,9,33,18,73,-75
2020-21,1628414,Sindarius Thornwell,1610612753,ORL,26.0,21,7,14,216.83833333333334,15,46,7,23,4,8,3,15,18,21,7,13,2,3,15,6,41,-8
2020-21,1630219,Skylar Mays,1610612737,ATL,23.0,33,19,14,269.19666666666666,44,98,14,40,22,25,10,25,35,30,9,14,2,8,15,19,124,13
2020-21,203524,Solomon Hill,1610612737,ATL,30.0,71,41,30,1513.5266666666666,107,298,68,212,35,46,42,172,214,75,42,50,11,8,116,36,317,25
2020-21,203915,Spencer Dinwiddie,1610612751,BKN,28.0,3,2,1,64.33333333333333,6,16,2,7,6,6,0,13,13,9,5,2,1,0,4,4,20,42
2020-21,1626169,Stanley Johnson,1610612761,TOR,25.0,61,25,36,1005.5616666666666,89,233,45,137,44,55,29,124,153,89,54,52,18,15,116,53,267,-158
2020-21,201939,Stephen Curry,1610612744,GSW,33.0,63,37,26,2151.5183333333334,658,1365,337,801,362,395,29,316,345,363,213,77,8,56,119,290,2015,244
2020-21,1628425,Sterling Brown,1610612745,HOU,26.0,51,14,37,1228.7133333333334,150,335,91,215,25,31,38,186,224,72,41,38,12,16,97,29,416,-154
2020-21,203500,Steven Adams,1610612740,NOP,27.0,58,26,32,1604.4983333333332,189,308,0,3,60,135,213,301,514,111,78,54,38,20,113,130,438,15
2020-21,1629004,Svi Mykhailiuk,1610612760,OKC,24.0,66,13,53,1324.4483333333333,208,506,105,314,38,50,24,139,163,110,88,51,12,28,63,55,559,-229
2020-21,1628388,T.J. Leaf,1610612757,POR,24.0,7,6,1,35.416666666666664,5,10,0,0,2,2,0,5,5,1,2,2,1,2,1,1,12,-20
2020-21,204456,T.J. McConnell,1610612754,IND,29.0,69,33,36,1796.1966666666667,274,490,15,48,33,48,55,201,256,456,135,128,23,31,113,72,596,70
2020-21,203933,T.J. Warren,1610612754,IND,27.0,4,3,1,117.38166666666666,27,51,0,7,8,10,2,12,14,5,4,2,0,2,16,12,62,1
2020-21,1629605,Tacko Fall,1610612738,BOS,25.0,19,13,6,135.54833333333335,21,29,0,0,5,15,16,36,52,3,6,1,20,3,22,12,47,26
2020-21,201959,Taj Gibson,1610612752,NYK,36.0,45,29,16,935.705,99,158,3,15,40,55,99,151,250,36,22,31,49,14,99,53,241,129
2020-21,1629659,Talen Horton-Tucker,1610612747,LAL,20.0,65,39,26,1304.2616666666668,224,489,37,131,100,129,25,144,169,181,105,63,21,33,127,110,585,14
2020-21,1627752,Taurean Prince,1610612739,CLE,27.0,41,15,26,905.3333333333334,131,327,62,155,65,76,19,123,142,76,47,28,23,15,75,64,389,-129
2020-21,1629611,Terance Mann,1610612746,LAC,24.0,67,45,22,1263.3266666666666,178,350,38,91,78,94,56,186,242,104,40,29,13,34,126,77,472,31
2020-21,1629056,Terence Davis,1610612758,SAC,24.0,61,26,35,1074.0383333333334,195,456,98,267,45,55,20,134,154,83,63,44,14,30,97,56,533,-67
2020-21,1628390,Terrance Ferguson,1610612755,PHI,23.0,13,10,3,49.32,1,7,0,5,0,0,0,1,1,2,4,1,0,0,7,0,2,-19
2020-21,203082,Terrence Ross,1610612753,ORL,30.0,46,16,30,1346.4866666666667,254,616,89,264,120,138,15,143,158,108,74,47,21,28,88,103,717,-235
2020-21,1626179,Terry Rozier,1610612766,CHA,27.0,69,32,37,2383.405,510,1134,222,571,165,202,47,255,302,293,128,87,26,37,119,171,1407,-89
2020-21,201152,Thaddeus Young,1610612741,CHI,33.0,68,30,38,1652.195,370,662,12,45,71,113,168,255,423,291,137,74,40,39,152,141,823,146
2020-21,203648,Thanasis Antetokounmpo,1610612749,MIL,28.0,57,37,20,551.04,67,137,7,29,25,49,54,70,124,46,43,22,10,12,74,48,166,-12
2020-21,1630177,Theo Maledon,1610612760,OKC,20.0,65,20,45,1777.7016666666666,226,614,105,313,101,135,25,186,211,227,141,56,11,19,126,115,658,-621
2020-21,1629033,Theo Pinson,1610612752,NYK,25.0,17,9,8,34.056666666666665,1,9,0,8,0,0,0,5,5,1,1,0,0,0,4,0,2,-16
2020-21,1628418,Thomas Bryant,1610612764,WAS,23.0,10,2,8,270.84166666666664,59,91,9,21,16,24,18,43,61,15,11,4,8,2,31,22,143,-14
2020-21,1627748,Thon Maker,1610612739,CLE,24.0,8,3,5,76.47,10,18,0,2,10,11,8,10,18,4,3,2,4,1,7,10,30,-18
2020-21,204025,Tim Frazier,1610612763,MEM,30.0,5,5,0,61.96666666666667,3,20,0,8,2,6,0,8,8,16,4,2,1,2,7,4,8,5
2020-21,203501,Tim Hardaway Jr.,1610612742,DAL,29.0,70,42,28,1985.2233333333334,407,911,207,529,142,174,20,209,229,126,64,31,11,28,111,152,1163,71
2020-21,1627789,Timothe Luwawu-Cabarrot,1610612751,BKN,26.0,58,38,20,1050.2566666666667,130,356,75,239,35,43,28,101,129,69,43,33,6,15,99,42,370,-26
2020-21,202699,Tobias Harris,1610612755,PHI,28.0,62,44,18,2014.3083333333334,473,924,82,208,182,204,62,357,419,220,107,55,51,63,119,131,1210,324
2020-21,203107,Tomas Satoransky,1610612741,CHI,29.0,58,25,33,1306.555,169,329,42,118,67,79,30,112,142,271,96,40,14,15,89,91,447,0
2020-21,1628396,Tony Bradley,1610612760,OKC,23.0,42,15,27,683.9466666666667,131,197,0,3,38,55,85,154,239,37,33,15,30,18,61,48,300,-16
2020-21,203503,Tony Snell,1610612737,ATL,29.0,47,29,18,992.0783333333334,88,171,62,109,11,11,18,94,112,59,21,13,11,8,75,12,249,64
2020-21,1628470,Torrey Craig,1610612756,PHX,30.0,50,33,17,803.465,109,227,39,106,17,22,57,140,197,49,25,28,27,11,83,28,274,-96
2020-21,1629027,Trae Young,1610612737,ATL,22.0,63,36,27,2124.6066666666666,487,1112,136,397,484,546,38,207,245,594,261,53,12,66,111,426,1594,267
2020-21,1630200,Tre Jones,1610612759,SAS,21.0,37,15,22,268.6066666666667,37,78,3,5,17,19,8,13,21,39,13,8,0,8,13,21,94,-83
2020-21,1629682,Tremont Waters,1610612738,BOS,23.0,26,13,13,237.67333333333335,34,84,15,38,16,17,5,16,21,62,27,15,1,5,17,15,99,-10
2020-21,1630235,Trent Forrest,1610612762,UTA,23.0,30,22,8,302.0133333333333,32,71,5,26,19,19,11,33,44,45,21,9,4,3,22,17,88,-49
2020-21,2772,Trevor Ariza,1610612748,MIA,36.0,30,17,13,840.9683333333334,99,241,50,143,34,44,27,117,144,55,21,31,18,9,55,45,282,40
2020-21,203504,Trey Burke,1610612742,DAL,28.0,62,35,27,911.335,151,353,58,164,51,57,10,44,54,81,33,36,7,17,64,59,411,15
2020-21,1626168,Trey Lyles,1610612759,SAS,25.0,23,10,13,357.8283333333333,43,90,14,40,15,23,9,77,86,14,6,6,1,0,13,15,115,-108
2020-21,202684,Tristan Thompson,1610612738,BOS,30.0,54,27,27,1286.6733333333334,169,326,0,3,71,120,169,270,439,67,62,24,33,31,119,119,409,24
2020-21,1628972,Troy Brown Jr.,1610612741,CHI,21.0,34,10,24,523.3866666666667,62,144,22,70,15,21,20,85,105,29,21,10,6,7,49,20,161,26
2020-21,1629660,Ty Jerome,1610612760,OKC,23.0,33,7,26,787.7833333333333,128,287,71,168,26,34,10,81,91,120,47,20,6,10,61,32,353,-135
2020-21,1630234,Ty-Shon Alexander,1610612756,PHX,22.0,15,11,4,47.485,3,12,2,9,1,2,2,8,10,6,3,0,1,0,2,1,9,-8
2020-21,1630189,Tyler Bey,1610612742,DAL,23.0,18,11,7,70.95,7,22,1,4,3,5,8,11,19,3,3,0,1,2,6,6,18,-37
2020-21,1629076,Tyler Cook,1610612765,DET,23.0,32,11,21,437.3466666666667,69,103,1,2,17,35,28,67,95,17,21,8,2,8,35,28,156,-34
2020-21,1629639,Tyler Herro,1610612748,MIA,21.0,54,29,25,1635.1616666666666,307,699,107,297,94,117,25,243,268,184,101,35,17,36,71,92,815,-85
2020-21,204020,Tyler Johnson,1610612751,BKN,29.0,39,29,10,683.8916666666667,72,183,48,132,18,21,6,71,77,47,17,14,0,6,43,27,210,47
2020-21,1630179,Tyrell Terry,1610612742,DAL,20.0,11,2,9,56.306666666666665,5,16,0,7,1,3,0,6,6,6,2,5,0,0,2,3,11,0
2020-21,1630169,Tyrese Haliburton,1610612758,SAC,21.0,58,25,33,1745.6766666666667,292,619,121,296,48,56,39,134,173,309,92,77,28,20,83,55,753,-180
2020-21,1630178,Tyrese Maxey,1610612755,PHI,20.0,61,41,20,935.575,198,429,31,103,61,70,11,93,104,120,41,26,13,25,79,59,488,-52
2020-21,1626145,Tyus Jones,1610612763,MEM,25.0,70,36,34,1222.5266666666666,178,413,45,140,41,45,21,119,140,259,48,64,6,14,31,51,442,-85
2020-21,1628962,Udoka Azubuike,1610612762,UTA,21.0,15,13,2,57.2,4,9,0,0,8,10,4,9,13,0,3,1,4,1,9,6,16,-65
2020-21,2617,Udonis Haslem,1610612748,MIA,41.0,1,1,0,2.671666666666667,2,2,0,0,0,0,0,1,1,0,0,0,0,0,0,1,4,3
2020-21,1630176,Vernon Carey Jr.,1610612766,CHA,20.0,19,9,10,114.7,18,36,1,7,9,11,6,21,27,2,5,1,5,3,13,9,46,-12
2020-21,203506,Victor Oladipo,1610612748,MIA,29.0,33,13,20,1080.095,235,576,78,239,104,138,12,148,160,151,83,46,14,39,81,119,652,-71
2020-21,1629738,Vincent Poirier,1610612755,PHI,27.0,10,8,2,39.13333333333333,3,12,0,1,2,6,6,8,14,2,4,0,3,2,8,3,8,-16
2020-21,1628427,Vlatko Cancar,1610612743,DEN,24.0,41,28,13,281.145,33,72,9,33,10,13,11,39,50,14,14,11,2,5,18,12,85,-104
2020-21,201961,Wayne Ellington,1610612765,DET,33.0,46,13,33,1011.8566666666667,149,338,116,275,28,35,12,73,85,67,33,18,9,7,59,29,442,-69
2020-21,1628976,Wendell Carter Jr.,1610612753,ORL,22.0,54,21,33,1375.3166666666666,230,457,15,51,131,179,132,311,443,104,78,35,42,34,146,169,606,-242
2020-21,1629117,Wenyen Gabriel,1610612740,NOP,24.0,21,9,12,240.84166666666667,24,60,13,32,11,17,20,34,54,11,15,9,8,3,32,12,72,2
2020-21,1628411,Wes Iwundu,1610612740,NOP,26.0,41,17,24,538.9416666666667,34,102,5,41,26,31,15,75,90,18,19,15,4,12,49,28,99,-94
2020-21,202083,Wesley Matthews,1610612747,LAL,34.0,58,33,25,1129.9083333333333,89,252,66,197,35,41,20,73,93,54,26,38,17,3,80,57,279,38
2020-21,203115,Will Barton,1610612743,DEN,30.0,56,37,19,1735.77,259,608,98,257,95,121,39,187,226,181,96,50,23,35,95,97,711,232
2020-21,1630266,Will Magnay,1610612740,NOP,23.0,1,1,0,3.2666666666666666,0,1,0,1,0,0,0,0,0,0,1,0,0,0,1,0,0,-10
2020-21,1626161,Willie Cauley-Stein,1610612742,DAL,27.0,53,29,24,905.91,115,182,1,11,49,78,66,170,236,35,29,21,43,12,129,65,280,138
2020-21,1626195,Willy Hernangomez,1610612740,NOP,27.0,47,20,27,846.1666666666666,151,268,1,10,62,93,117,217,334,50,34,22,23,26,68,76,365,-14
2020-21,1630214,Xavier Tillman,1610612763,MEM,22.0,59,31,28,1084.675,167,299,22,65,34,53,74,182,256,75,45,44,33,23,116,45,390,33
2020-21,1627812,Yogi Ferrell,1610612746,LAC,28.0,10,4,6,136.98166666666665,20,57,9,28,7,9,5,14,19,22,3,7,3,6,11,14,56,-1
2020-21,1629139,Yuta Watanabe,1610612761,TOR,26.0,50,24,26,722.8233333333334,79,180,36,90,24,29,36,123,159,40,19,26,19,9,57,34,218,-41
2020-21,203897,Zach LaVine,1610612741,CHI,26.0,58,26,32,2033.6266666666668,569,1123,200,477,253,298,36,253,289,282,203,46,27,67,138,233,1591,-9
2020-21,1630192,Zeke Nnaji,1610612743,DEN,20.0,42,30,12,397.2783333333333,50,104,24,59,12,15,14,51,65,10,7,8,4,8,29,15,136,-82
2020-21,1629627,Zion Williamson,1610612740,NOP,20.0,61,29,32,2025.89,634,1037,10,34,369,529,167,274,441,226,167,57,39,131,135,366,1647,89
2021-22,203932,Aaron Gordon,1610612743,DEN,26.0,75,46,29,2375.4183333333335,434,834,87,260,171,230,125,314,439,188,133,44,44,52,148,200,1126,321
2021-22,1630565,Aaron Henry,1610612755,PHI,22.0,6,6,0,16.983333333333334,1,5,0,1,0,0,0,1,1,0,2,0,2,2,2,0,2,-20
2021-22,1628988,Aaron Holiday,1610612756,PHX,25.0,63,34,29,1020.75,151,338,39,103,59,68,24,98,122,153,67,42,9,18,92,74,400,-39
2021-22,1630174,Aaron Nesmith,1610612738,BOS,22.0,52,32,20,573.8783333333333,72,182,31,115,21,26,15,74,89,22,31,20,5,2,70,28,196,22
2021-22,1630598,Aaron Wiggins,1610612760,OKC,23.0,50,13,37,1208.75,156,337,42,138,62,85,51,127,178,68,54,30,10,21,93,63,416,-235
2021-22,1627846,Abdel Nader,1610612756,PHX,28.0,14,11,3,145.23833333333334,12,35,4,14,6,10,4,23,27,7,11,8,4,2,20,14,34,-2
2021-22,1630278,Ade Murkey,1610612758,SAC,24.0,1,0,1,1.4666666666666666,0,0,0,0,0,0,0,0,0,0,0,0,0,0,0,0,0,-1
2021-22,1629678,Admiral Schofield,1610612753,ORL,25.0,38,10,28,468.8233333333333,54,129,26,79,12,15,17,72,89,25,21,4,5,5,58,21,146,-128
2021-22,1629958,Ahmad Caver,1610612754,IND,25.0,1,0,1,0.8433333333333334,1,1,0,0,0,0,0,0,0,0,0,0,0,0,0,0,2,2
2021-22,201143,Al Horford,1610612738,BOS,36.0,69,46,23,2004.7916666666667,266,569,89,265,80,95,108,422,530,232,65,49,92,13,130,84,701,386
2021-22,202692,Alec Burks,1610612752,NYK,30.0,81,37,44,2317.6766666666667,285,728,157,389,217,264,47,350,397,239,91,85,26,28,215,243,944,125
2021-22,1630758,Aleem Ford,1610612753,ORL,24.0,5,2,3,73.53,6,20,2,15,0,0,2,13,15,2,4,1,0,1,7,3,14,-35
2021-22,1630197,Aleksej Pokusevski,1610612760,OKC,20.0,61,19,42,1232.705,186,456,57,197,35,50,73,245,318,131,94,39,38,24,88,60,464,-44
2021-22,1627936,Alex Caruso,1610612741,CHI,28.0,41,24,17,1146.8316666666667,102,256,42,126,58,73,33,115,148,165,57,71,15,18,106,93,304,110
2021-22,203458,Alex Len,1610612758,SAC,29.0,39,17,22,620.2,94,176,6,21,41,63,52,109,161,45,43,13,25,13,100,54,235,-76
2021-22,1628035,Alfonzo McKinnie,1610612741,CHI,29.0,17,8,9,206.31333333333333,24,61,9,27,2,8,13,20,33,5,7,2,3,4,26,7,59,-55
2021-22,1628993,Alize Johnson,1610612740,NOP,26.0,23,14,9,167.22,17,39,0,4,7,12,28,33,61,9,12,5,0,7,18,12,41,-45
2021-22,1630578,Alperen Sengun,1610612745,HOU,19.0,72,18,54,1489.2933333333333,249,525,29,117,165,232,138,255,393,185,145,59,68,46,214,237,692,-309
2021-22,1629599,Amir Coffey,1610612746,LAC,25.0,69,33,36,1567.3666666666666,211,466,96,254,101,117,26,171,197,124,45,38,15,28,87,95,619,-47
2021-22,203083,Andre Drummond,1610612751,BKN,28.0,73,42,31,1436.785,247,433,0,3,86,164,229,451,680,131,115,78,68,47,192,151,580,39
2021-22,2738,Andre Iguodala,1610612744,GSW,38.0,31,20,11,602.8316666666667,46,121,17,74,15,20,21,79,100,114,28,27,22,2,34,36,124,114
2021-22,203952,Andrew Wiggins,1610612744,GSW,27.0,73,47,26,2329.5133333333333,475,1019,157,399,149,235,85,240,325,161,111,76,51,43,158,215,1256,266
2021-22,1629014,Anfernee Simons,1610612757,POR,23.0,57,25,32,1681.0133333333333,353,797,179,442,103,116,26,125,151,221,115,30,6,37,110,96,988,-85
2021-22,203076,Anthony Davis,1610612747,LAL,29.0,40,17,23,1404.2483333333332,370,695,13,70,174,244,106,288,394,122,82,49,90,19,97,204,927,-92
2021-22,1630162,Anthony Edwards,1610612750,MIN,20.0,72,39,33,2465.9933333333333,549,1245,215,602,220,280,62,281,343,275,190,105,46,46,164,203,1533,188
2021-22,1630264,Anthony Gill,1610612764,WAS,29.0,44,15,29,463.4,62,109,14,26,42,52,33,52,85,27,18,5,11,12,58,43,180,60
2021-22,1630237,Anthony Lamb,1610612745,HOU,24.0,2,0,2,7.683333333333334,0,2,0,2,0,0,0,1,1,2,0,0,0,1,0,1,0,5
2021-22,1629717,Armoni Brooks,1610612761,TOR,24.0,54,20,34,843.755,98,289,74,249,18,21,20,83,103,62,27,28,11,4,74,23,288,-80
2021-22,1629083,Arnoldas Kulboka,1610612766,CHA,24.0,2,2,0,5.3,0,1,0,1,0,0,0,0,0,0,0,0,0,0,1,0,0,-12
2021-22,1630559,Austin Reaves,1610612747,LAL,24.0,61,28,33,1417.6816666666666,146,318,53,167,99,118,45,148,193,110,40,29,20,11,87,133,444,54
2021-22,203085,Austin Rivers,1610612743,DEN,29.0,67,41,26,1479.8783333333333,146,350,79,231,32,44,19,95,114,90,54,51,6,13,121,45,403,53
2021-22,202340,Avery Bradley,1610612747,LAL,31.0,62,27,35,1405.9116666666666,148,350,82,210,16,18,31,105,136,47,38,53,9,19,118,32,394,-181
2021-22,1630245,Ayo Dosunmu,1610612741,CHI,22.0,77,42,35,2109.641666666667,278,535,70,186,53,78,27,187,214,256,108,60,29,35,182,70,679,-199
2021-22,1629168,BJ Johnson,1610612753,ORL,26.0,4,2,2,64.595,11,25,4,10,0,0,6,9,15,0,0,0,1,2,4,0,26,-12
2021-22,1628389,Bam Adebayo,1610612748,MIA,24.0,56,36,20,1825.2616666666668,406,729,0,6,256,340,137,427,564,190,148,80,44,40,171,305,1068,300
2021-22,203463,Ben McLemore,1610612757,POR,29.0,64,20,44,1284.885,216,539,151,417,72,88,12,91,103,59,55,38,10,21,103,87,655,-352
2021-22,202687,Bismack Biyombo,1610612756,PHX,29.0,36,30,6,505.89666666666665,86,145,0,0,38,71,63,104,167,23,25,12,26,7,70,62,210,52
2021-22,201933,Blake Griffin,1610612751,BKN,33.0,56,29,27,958.085,133,313,38,145,55,76,60,168,228,105,31,27,14,19,95,123,359,-94
2021-22,1626246,Boban Marjanovic,1610612742,DAL,33.0,23,15,8,127.94333333333333,42,70,1,4,13,22,8,31,39,3,15,0,3,5,24,21,98,35
2021-22,1626171,Bobby Portis,1610612749,MIL,27.0,72,46,26,2028.34,417,871,133,338,85,113,180,477,657,86,90,53,51,48,174,108,1052,314
2021-22,203992,Bogdan Bogdanović,1610612737,ATL,29.0,63,33,30,1848.54,342,794,169,459,97,115,29,221,250,194,70,68,14,26,132,109,950,192
2021-22,202711,Bojan Bogdanovic,1610612762,UTA,33.0,69,45,24,2131.31,422,928,181,468,223,260,58,238,296,120,118,34,1,61,116,173,1248,219
2021-22,1629626,Bol Bol,1610612753,ORL,22.0,14,5,9,80.84,15,27,1,4,2,5,4,16,20,5,4,1,2,1,4,2,33,5
2021-22,1630538,Bones Hyland,1610612743,DEN,21.0,69,41,28,1309.8583333333333,230,571,131,358,107,125,14,174,188,191,86,41,20,38,153,91,698,42
2021-22,202954,Brad Wanamaker,1610612764,WAS,32.0,23,10,13,319.62,28,77,4,17,23,25,6,33,39,55,23,7,6,12,45,29,83,-44
2021-22,203078,Bradley Beal,1610612764,WAS,29.0,40,17,23,1438.95,348,771,63,210,169,203,38,151,189,265,135,36,15,34,95,161,928,-102
2021-22,1630527,Brandon Boston,1610612746,LAC,20.0,51,26,25,760.245,125,325,34,111,59,72,17,94,111,51,31,26,13,26,43,58,343,-37
2021-22,1629634,Brandon Clarke,1610612763,MEM,25.0,64,44,20,1246.0266666666666,288,447,5,22,85,130,135,207,342,86,34,39,68,26,122,110,666,176
2021-22,1629164,Brandon Goodwin,1610612739,CLE,26.0,36,19,17,501.54,64,154,19,55,24,38,14,53,67,91,36,25,1,16,39,36,171,-53
2021-22,1627742,Brandon Ingram,1610612740,NOP,24.0,55,29,26,1869.1816666666666,453,983,74,226,266,322,35,285,320,307,151,34,26,42,119,266,1246,123
2021-22,202688,Brandon Knight,1610612742,DAL,30.0,5,2,3,64.54166666666667,10,25,4,17,8,8,0,8,8,8,4,1,0,2,5,6,32,-6
2021-22,1630314,Brandon Williams,1610612757,POR,22.0,24,2,22,639.705,105,282,31,106,68,97,19,55,74,94,58,24,10,22,52,74,309,-272
2021-22,1630296,Braxton Key,1610612765,DET,25.0,11,5,6,197.15,33,72,6,21,7,13,13,37,50,11,11,10,11,4,26,13,79,27
2021-22,1630271,Brodric Thomas,1610612738,BOS,25.0,12,8,4,59.855,8,18,2,9,3,5,2,8,10,11,6,1,1,1,7,4,21,3
2021-22,201572,Brook Lopez,1610612749,MIL,34.0,13,10,3,298.4066666666667,61,131,19,53,20,23,19,34,53,6,12,8,15,5,34,21,161,-7
2021-22,1628971,Bruce Brown,1610612751,BKN,25.0,72,37,35,1773.9616666666666,256,506,38,94,97,128,100,245,345,148,56,77,52,38,176,109,647,-45
2021-22,1628981,Bruno Fernando,1610612745,HOU,23.0,30,15,15,152.58,36,55,1,2,15,24,18,37,55,7,14,1,11,7,24,20,88,-33
2021-22,1627854,Bryn Forbes,1610612743,DEN,28.0,75,36,39,1285.8783333333333,231,539,122,295,79,87,10,83,93,75,56,25,5,29,95,63,663,25
2021-22,1627741,Buddy Hield,1610612754,IND,29.0,81,26,55,2498.795,446,1098,262,716,111,127,66,287,353,229,153,73,25,57,184,92,1265,-164
2021-22,1629604,CJ Elleby,1610612757,POR,22.0,58,17,41,1174.4016666666666,121,308,37,126,60,84,66,161,227,87,56,35,19,12,116,73,339,-348
2021-22,203468,CJ McCollum,1610612740,NOP,30.0,62,28,34,2145.08,536,1164,182,469,116,170,53,216,269,315,127,70,22,57,121,160,1370,-69
2021-22,101139,CJ Miles,1610612738,BOS,35.0,1,1,0,1.95,0,0,0,0,0,0,0,0,0,0,0,0,0,0,1,0,0,-5
2021-22,1630595,Cade Cunningham,1610612765,DET,20.0,64,20,44,2088.055,429,1031,114,363,142,168,58,296,354,356,234,78,43,77,200,155,1114,-275
2021-22,1628997,Caleb Martin,1610612748,MIA,26.0,60,37,23,1372.1683333333333,208,410,64,155,71,93,70,160,230,64,52,58,30,23,104,92,551,157
2021-22,1629629,Cam Reddish,1610612752,NYK,22.0,49,20,29,1012.25,165,408,66,184,101,112,25,80,105,48,57,47,15,23,60,80,497,-217
2021-22,1630560,Cam Thomas,1610612751,BKN,20.0,67,32,35,1176.06,218,503,47,174,87,105,16,145,161,78,55,33,8,27,66,82,570,-139
2021-22,1629661,Cameron Johnson,1610612756,PHX,26.0,66,50,16,1729.9733333333334,279,607,166,391,98,114,42,231,273,99,47,57,16,29,113,108,822,219
2021-22,1630787,Cameron McGriff,1610612757,POR,24.0,3,0,3,45.96666666666667,5,14,2,6,2,2,6,9,15,3,0,0,1,0,7,2,14,8
2021-22,1628419,Cameron Oliver,1610612737,ATL,25.0,2,1,1,43.3,10,15,1,3,2,3,2,4,6,3,0,1,1,0,5,2,23,-2
2021-22,1626166,Cameron Payne,1610612756,PHX,27.0,58,46,12,1277.5983333333334,240,587,71,211,75,89,24,151,175,282,103,40,17,33,119,99,626,148
2021-22,1627747,Caris LeVert,1610612739,CLE,27.0,58,23,35,1780.3733333333332,379,854,82,256,146,193,43,171,214,248,108,51,23,52,131,168,986,-62
2021-22,1630637,Carlik Jones,1610612743,DEN,24.0,5,3,2,23.258333333333333,1,9,0,1,2,2,1,2,3,5,3,1,0,0,0,1,4,-20
2021-22,2546,Carmelo Anthony,1610612747,LAL,38.0,69,27,42,1793.19,319,723,149,397,132,159,62,226,288,68,59,47,52,18,166,119,919,-88
2021-22,1629035,Carsen Edwards,1610612765,DET,24.0,4,1,3,79.16666666666667,9,30,4,16,1,1,2,4,6,14,5,2,0,5,4,2,23,-12
2021-22,1630199,Cassius Stanley,1610612765,DET,22.0,9,3,6,155.0,19,46,4,17,10,10,5,14,19,4,6,5,2,2,17,12,52,-15
2021-22,1630216,Cassius Winston,1610612764,WAS,24.0,7,1,6,38.995,4,11,2,6,4,4,0,1,1,7,3,0,0,1,9,4,14,-6
2021-22,1627760,Cat Barber,1610612737,ATL,27.0,3,0,3,12.85,0,4,0,0,0,4,1,2,3,3,1,0,0,1,1,3,0,11
2021-22,1626224,Cedi Osman,1610612739,CLE,27.0,66,37,29,1461.745,247,572,128,359,87,131,25,121,146,135,67,52,10,26,127,108,709,-57
2021-22,1628990,Chandler Hutchison,1610612756,PHX,26.0,6,4,2,22.376666666666665,1,2,0,0,2,2,0,5,5,2,4,0,0,0,1,1,4,15
2021-22,1629646,Charles Bassey,1610612755,PHI,21.0,23,11,12,167.86,30,47,0,4,9,12,22,40,62,7,8,5,17,3,32,14,69,-34
2021-22,1629718,Charlie Brown Jr.,1610612755,PHI,25.0,22,16,6,177.7,10,39,1,12,9,10,14,18,32,6,5,10,4,5,18,8,30,-21
2021-22,1630602,Chaundee Brown Jr.,1610612737,ATL,23.0,5,1,4,103.65833333333333,10,32,6,18,5,6,1,15,16,4,1,2,0,3,7,4,31,-20
2021-22,1627767,Cheick Diallo,1610612765,DET,25.0,3,0,3,30.633333333333333,3,8,0,0,5,6,4,8,12,0,1,1,0,1,6,4,11,-33
2021-22,1629002,Chimezie Metu,1610612758,SAC,25.0,60,23,37,1278.7416666666666,203,449,57,186,71,91,34,301,335,60,61,51,32,29,93,84,534,-155
2021-22,1628449,Chris Boucher,1610612761,TOR,29.0,80,48,32,1690.1116666666667,268,577,68,229,150,193,179,315,494,25,42,49,75,43,174,173,754,189
2021-22,1629185,Chris Chiozza,1610612744,GSW,26.0,34,21,13,371.8833333333333,24,81,17,53,2,3,9,27,36,65,32,13,0,6,32,15,67,-49
2021-22,1630537,Chris Duarte,1610612754,IND,25.0,55,21,34,1540.8266666666666,268,621,94,255,90,112,41,185,226,114,90,56,10,37,95,112,720,-53
2021-22,101108,Chris Paul,1610612756,PHX,37.0,65,53,12,2138.9583333333335,363,736,63,199,169,202,22,261,283,702,153,121,20,12,134,206,958,460
2021-22,1629735,Chris Silva,1610612748,MIA,25.0,10,7,3,91.16166666666666,8,15,0,0,10,12,13,23,36,7,8,0,1,3,20,13,26,-29
2021-22,1626174,Christian Wood,1610612745,HOU,26.0,68,19,49,2093.6266666666666,440,878,131,336,207,332,110,576,686,155,126,54,65,48,171,316,1218,-406
2021-22,1629643,Chuma Okeke,1610612753,ORL,23.0,70,21,49,1748.825,216,575,118,371,55,65,47,300,347,118,57,97,42,14,95,68,605,-315
2021-22,203991,Clint Capela,1610612737,ATL,28.0,74,40,34,2041.53,370,604,0,1,80,169,279,598,877,92,44,55,93,38,166,140,820,127
2021-22,1629632,Coby White,1610612741,CHI,22.0,61,32,29,1674.9266666666667,279,644,136,353,78,91,17,165,182,176,70,29,11,27,137,84,772,-34
2021-22,1628998,Cody Martin,1610612766,CHA,26.0,71,41,30,1865.6183333333333,204,423,61,159,75,107,82,203,285,179,61,88,32,28,116,115,544,-25
2021-22,203469,Cody Zeller,1610612757,POR,29.0,27,13,14,354.535,51,90,0,4,38,49,50,75,125,22,19,8,6,14,56,42,140,-28
2021-22,1630175,Cole Anthony,1610612753,ORL,22.0,65,18,47,2059.3983333333335,357,912,132,391,216,253,32,316,348,369,170,46,17,44,171,220,1062,-231
2021-22,1629012,Collin Sexton,1610612739,CLE,23.0,11,7,4,316.44166666666666,68,151,11,45,29,39,13,23,36,23,31,10,0,16,25,43,176,-30
2021-22,1630557,Corey Kispert,1610612764,WAS,23.0,77,31,46,1801.0583333333334,234,514,112,320,54,62,53,156,209,85,50,35,22,20,93,47,634,38
2021-22,202709,Cory Joseph,1610612765,DET,30.0,65,19,46,1599.8383333333334,178,400,65,157,100,113,29,145,174,237,85,42,17,20,147,114,521,-204
2021-22,1628591,Craig Sword,1610612764,WAS,28.0,3,1,2,18.983333333333334,3,4,0,1,0,0,0,0,0,1,1,4,0,0,7,0,6,1
2021-22,1626156,D'Angelo Russell,1610612750,MIN,26.0,65,39,26,2076.6116666666667,401,975,176,518,198,240,25,191,216,460,165,62,22,27,130,215,1176,210
2021-22,201571,D.J. Augustin,1610612747,LAL,34.0,55,15,40,883.2283333333334,94,222,68,164,38,43,11,57,68,107,56,17,1,10,39,34,294,-177
2021-22,1628391,D.J. Wilson,1610612761,TOR,26.0,4,2,2,54.075,11,15,0,2,8,10,1,15,16,5,2,5,1,1,6,5,30,-16
2021-22,1629610,DaQuan Jeffries,1610612763,MEM,24.0,3,3,0,8.791666666666666,1,2,0,1,0,0,0,2,2,1,0,0,0,0,1,0,2,-3
2021-22,1630227,Daishen Nix,1610612745,HOU,20.0,24,3,21,261.43,27,67,7,26,16,30,7,26,33,40,26,15,0,8,21,21,77,-46
2021-22,1629751,Dakota Mathias,1610612763,MEM,26.0,6,5,1,16.225,2,6,2,6,0,0,0,2,2,1,0,1,0,0,1,0,6,-11
2021-22,1630625,Dalano Banton,1610612761,TOR,22.0,64,37,27,695.6866666666666,83,202,13,51,26,44,38,86,124,99,53,28,10,17,68,40,205,34
2021-22,1627745,Damian Jones,1610612758,SAC,27.0,56,19,37,1016.645,175,266,10,29,94,131,75,171,246,69,59,26,47,18,130,116,454,-174
2021-22,203081,Damian Lillard,1610612757,POR,31.0,29,12,17,1056.19,222,552,92,284,159,181,13,107,120,212,83,17,11,22,37,151,695,-30
2021-22,1627814,Damion Lee,1610612744,GSW,29.0,63,41,22,1256.5233333333333,169,383,63,187,66,75,27,176,203,63,38,39,6,12,95,79,467,94
2021-22,1628422,Damyean Dotson,1610612752,NYK,28.0,2,1,1,20.541666666666668,2,4,0,1,0,0,0,2,2,1,0,0,0,1,0,0,4,3
2021-22,1629655,Daniel Gafford,1610612764,WAS,23.0,72,30,42,1444.0083333333334,285,411,0,1,107,153,155,252,407,68,65,30,99,39,170,158,677,-210
2021-22,1630187,Daniel Oturu,1610612761,TOR,22.0,3,1,2,27.281666666666666,3,6,0,1,3,5,1,4,5,0,0,0,2,2,1,3,9,-24
2021-22,1628464,Daniel Theis,1610612738,BOS,30.0,47,20,27,977.42,151,291,33,107,49,72,59,169,228,41,46,20,31,12,111,79,384,-88
2021-22,201568,Danilo Gallinari,1610612737,ATL,33.0,66,35,31,1672.0633333333333,259,597,112,294,141,156,35,273,308,101,38,28,12,12,93,162,771,107
2021-22,201980,Danny Green,1610612755,PHI,35.0,62,37,25,1353.405,126,320,103,271,11,14,32,125,157,64,45,60,37,11,105,25,366,80
2021-22,1627863,Danuel House Jr.,1610612762,UTA,29.0,42,18,24,726.9833333333333,80,198,44,117,44,58,18,93,111,44,33,21,17,12,51,47,248,62
2021-22,1629647,Darius Bazley,1610612760,OKC,22.0,69,19,50,1923.9133333333334,274,649,80,269,117,170,71,365,436,97,90,58,70,76,68,130,745,-472
2021-22,1629636,Darius Garland,1610612739,CLE,22.0,68,37,31,2429.9533333333334,542,1173,174,454,215,241,39,185,224,583,248,89,7,51,115,229,1473,376
2021-22,201954,Darren Collison,1610612747,LAL,34.0,3,1,2,37.166666666666664,2,7,0,3,0,0,0,4,4,2,1,1,0,0,5,1,4,-14
2021-22,1630561,David Duke Jr.,1610612751,BKN,22.0,22,10,12,341.0733333333333,39,108,9,37,17,21,30,37,67,17,9,14,7,11,36,19,104,-10
2021-22,1630525,David Johnson,1610612761,TOR,21.0,2,2,0,1.985,0,1,0,1,0,0,0,0,0,0,0,0,0,0,0,0,0,-2
2021-22,1628021,David Nwaba,1610612745,HOU,29.0,46,6,40,608.905,85,176,15,49,48,67,41,110,151,35,21,28,20,23,55,54,233,-117
2021-22,1630558,Davion Mitchell,1610612758,SAC,23.0,75,28,47,2075.825,352,843,101,320,56,85,33,133,166,313,114,55,24,41,141,110,861,-275
2021-22,202722,Davis Bertans,1610612742,DAL,29.0,56,32,24,806.29,99,275,77,230,36,40,12,105,117,31,19,17,12,3,85,39,311,30
2021-22,1628432,Davon Reed,1610612743,DEN,27.0,48,29,19,667.8516666666667,81,161,37,86,10,15,14,94,108,53,16,24,9,4,63,13,209,-26
2021-22,1630549,Day'Ron Sharpe,1610612751,BKN,20.0,32,12,20,390.67,86,149,2,7,24,41,81,79,160,17,30,10,15,14,60,34,198,57
2021-22,1628368,De'Aaron Fox,1610612758,SAC,24.0,59,22,37,2083.455,516,1092,74,249,261,348,25,206,231,330,168,68,25,49,172,284,1367,-192
2021-22,1629631,De'Andre Hunter,1610612737,ATL,24.0,53,28,25,1577.16,254,575,74,195,127,166,26,150,176,68,69,36,21,35,155,153,709,28
2021-22,1629001,De'Anthony Melton,1610612763,MEM,24.0,73,49,24,1656.81,281,695,139,372,90,120,64,264,328,194,112,104,39,33,128,99,791,221
2021-22,201599,DeAndre Jordan,1610612755,PHI,33.0,48,26,22,622.41,92,143,0,0,22,40,83,181,264,21,37,12,35,6,71,43,206,-147
2021-22,1627761,DeAndre' Bembry,1610612749,MIL,27.0,56,31,25,1026.03,124,221,15,36,21,35,42,121,163,66,31,49,25,22,113,38,284,-27
2021-22,1630610,DeJon Jarreau,1610612754,IND,24.0,1,0,1,0.8616666666666667,0,0,0,0,0,0,0,0,0,0,0,0,0,0,0,0,0,2
2021-22,201942,DeMar DeRozan,1610612741,CHI,32.0,76,43,33,2742.9483333333333,774,1535,50,142,520,593,56,336,392,374,181,68,24,84,178,430,2118,77
2021-22,202326,DeMarcus Cousins,1610612743,DEN,31.0,48,33,15,717.225,149,324,37,122,95,125,74,196,270,71,85,35,21,26,139,134,430,38
2021-22,1629731,Dean Wade,1610612739,CLE,25.0,51,27,24,980.175,99,217,51,142,20,30,31,119,150,52,16,29,7,6,88,31,269,37
2021-22,1629028,Deandre Ayton,1610612756,PHX,23.0,58,46,12,1712.645,442,697,7,19,106,142,149,444,593,84,91,40,40,37,142,120,997,344
2021-22,1629686,Deividas Sirvydis,1610612765,DET,22.0,3,1,2,26.615,1,10,1,7,0,0,0,6,6,1,0,3,1,1,4,1,3,-28
2021-22,1627749,Dejounte Murray,1610612759,SAS,25.0,68,30,38,2365.931666666667,573,1241,96,294,196,247,80,483,563,627,180,138,23,58,138,225,1438,49
2021-22,1626153,Delon Wright,1610612737,ATL,30.0,77,42,35,1452.5166666666667,122,269,44,116,54,63,50,170,220,188,45,93,19,13,56,74,342,60
2021-22,1630166,Deni Avdija,1610612764,WAS,21.0,82,35,47,1984.0516666666667,250,579,82,259,103,136,52,373,425,167,87,59,44,39,190,113,685,-63
2021-22,203471,Dennis Schröder,1610612745,HOU,28.0,64,32,32,1837.4833333333333,312,724,86,250,157,184,34,180,214,296,143,53,8,51,154,183,867,-34
2021-22,1628372,Dennis Smith Jr.,1610612757,POR,24.0,37,15,22,638.535,79,189,6,27,42,64,20,68,88,132,51,45,12,20,52,51,206,-138
2021-22,1627756,Denzel Valentine,1610612762,UTA,28.0,24,14,10,221.99666666666667,25,66,19,47,0,0,9,33,42,11,12,8,0,1,20,2,69,-27
2021-22,202324,Derrick Favors,1610612760,OKC,30.0,39,15,24,652.46,94,182,2,16,16,25,58,126,184,25,9,17,12,7,62,26,206,-143
2021-22,1627884,Derrick Jones Jr.,1610612741,CHI,25.0,51,28,23,899.41,105,195,20,61,56,70,60,109,169,30,30,25,33,20,105,65,286,41
2021-22,201565,Derrick Rose,1610612752,NYK,33.0,26,11,15,635.8633333333333,122,274,37,92,30,31,21,57,78,103,39,22,12,17,15,27,311,92
2021-22,1628476,Derrick Walton Jr.,1610612765,DET,27.0,3,1,2,108.22,6,26,3,13,4,4,2,8,10,21,11,7,4,1,8,4,19,-3
2021-22,1628401,Derrick White,1610612738,BOS,27.0,75,40,35,2198.8016666666667,337,800,115,369,203,235,38,223,261,366,119,64,58,29,172,269,992,202
2021-22,1630217,Desmond Bane,1610612763,MEM,24.0,76,53,23,2266.225,508,1101,228,523,140,155,46,288,334,208,111,92,29,68,196,116,1384,361
2021-22,1626164,Devin Booker,1610612756,PHX,25.0,68,56,12,2344.5933333333332,662,1421,183,478,315,363,45,297,342,329,162,77,26,59,180,316,1822,469
2021-22,1629962,Devin Cannady,1610612753,ORL,26.0,5,2,3,144.53333333333333,15,44,15,37,5,7,1,5,6,10,5,5,3,3,9,3,50,-11
2021-22,1630170,Devin Vassell,1610612759,SAS,21.0,71,29,42,1936.8866666666668,326,764,137,380,83,99,44,262,306,136,58,76,41,26,143,93,872,32
2021-22,1629653,Devon Dotson,1610612741,CHI,22.0,11,5,6,85.17,11,23,2,9,5,9,1,8,9,15,5,1,0,2,11,7,29,-2
2021-22,1629719,Devontae Cacok,1610612759,SAS,25.0,15,5,10,121.01666666666667,21,31,0,0,4,7,8,34,42,6,3,8,7,2,16,7,46,-1
2021-22,1628984,Devonte' Graham,1610612740,NOP,27.0,76,34,42,2161.575,296,815,192,563,118,140,37,140,177,316,105,71,12,23,95,134,902,40
2021-22,203473,Dewayne Dedmon,1610612748,MIA,32.0,67,43,24,1065.1816666666666,164,290,19,47,75,100,105,281,386,47,70,24,42,23,174,94,422,48
2021-22,1629712,Didi Louzada,1610612757,POR,22.0,9,0,9,129.36666666666667,12,33,9,23,2,2,5,12,17,5,5,2,2,3,13,2,35,-81
2021-22,1628415,Dillon Brooks,1610612763,MEM,26.0,32,22,10,885.0266666666666,227,526,46,149,90,106,29,73,102,88,50,36,8,27,105,109,590,206
2021-22,1627734,Domantas Sabonis,1610612758,SAC,26.0,62,21,41,2135.8366666666666,443,773,39,125,246,332,201,551,752,323,195,59,27,46,203,324,1171,-14
2021-22,1628378,Donovan Mitchell,1610612762,UTA,25.0,67,41,26,2265.6116666666667,617,1376,232,654,267,313,55,227,282,358,200,99,12,47,164,274,1733,276
2021-22,1628978,Donte DiVincenzo,1610612758,SAC,25.0,42,21,21,1005.4,118,336,74,218,70,83,40,130,170,118,72,48,8,11,69,78,380,-75
2021-22,1627827,Dorian Finney-Smith,1610612742,DAL,29.0,80,51,29,2643.625,326,692,172,435,56,83,122,253,375,150,80,88,39,24,183,73,880,241
2021-22,203926,Doug McDermott,1610612759,SAS,30.0,51,21,30,1223.24,215,465,108,256,40,51,18,97,115,64,43,13,6,23,79,44,578,-38
2021-22,203110,Draymond Green,1610612744,GSW,32.0,46,34,12,1328.9633333333334,135,257,16,54,60,91,45,291,336,320,139,61,50,15,136,92,346,191
2021-22,1629234,Drew Eubanks,1610612757,POR,25.0,71,19,52,1244.6083333333333,221,371,5,23,99,130,130,252,382,85,81,31,40,26,122,147,546,-326
2021-22,1630613,Duane Washington Jr.,1610612754,IND,22.0,48,12,36,967.99,173,427,81,215,46,61,4,79,83,85,57,26,3,29,66,65,473,-125
2021-22,1629130,Duncan Robinson,1610612748,MIA,28.0,79,52,27,2042.77,290,726,232,624,51,61,24,179,203,129,60,42,14,19,201,82,863,106
2021-22,2730,Dwight Howard,1610612747,LAL,36.0,60,21,39,970.7233333333334,134,219,8,15,96,146,118,238,356,35,47,34,36,22,115,120,372,-128
2021-22,203939,Dwight Powell,1610612742,DAL,30.0,82,52,30,1798.1966666666667,269,401,13,37,166,212,173,231,404,97,64,37,39,25,220,242,717,74
2021-22,1629685,Dylan Windler,1610612739,CLE,25.0,50,28,22,459.2366666666667,37,98,21,70,15,18,21,68,89,34,16,14,3,4,47,18,110,-9
2021-22,202334,Ed Davis,1610612739,CLE,33.0,31,15,16,201.35833333333332,11,16,0,0,6,14,14,50,64,7,5,3,9,1,33,11,28,16
2021-22,203901,Elfrid Payton,1610612756,PHX,28.0,50,39,11,549.11,67,175,4,18,12,32,21,67,88,99,47,25,6,28,38,28,150,-43
2021-22,1630190,Elijah Hughes,1610612757,POR,24.0,36,15,21,434.465,47,144,25,95,7,9,6,52,58,22,17,14,8,3,39,20,126,-230
2021-22,1629150,Emanuel Terry,1610612756,PHX,25.0,3,2,1,18.21,0,5,0,0,0,0,8,7,15,2,5,1,0,0,4,1,0,-19
2021-22,1626144,Emmanuel Mudiay,1610612758,SAC,26.0,2,0,2,10.983333333333333,0,2,0,0,3,4,0,0,0,4,1,1,0,0,1,2,3,-7
2021-22,202683,Enes Freedom,1610612738,BOS,30.0,35,20,15,411.36833333333334,51,97,2,5,24,28,61,99,160,8,20,5,14,16,42,27,128,70
2021-22,202339,Eric Bledsoe,1610612757,POR,32.0,54,27,27,1360.6166666666666,197,468,51,163,89,117,28,154,182,225,116,69,19,19,85,146,534,-40
2021-22,201569,Eric Gordon,1610612745,HOU,33.0,57,19,38,1669.53,268,564,124,301,105,135,15,98,113,154,107,28,18,25,63,102,765,-176
2021-22,1629672,Eric Paschall,1610612762,UTA,25.0,58,36,22,736.5066666666667,114,235,40,108,66,86,30,76,106,36,27,9,5,22,51,60,334,-29
2021-22,1630647,Eugene Omoruyi,1610612742,DAL,25.0,4,1,3,17.816666666666666,2,5,1,2,2,4,2,5,7,2,0,0,0,0,2,2,7,3
2021-22,203095,Evan Fournier,1610612752,NYK,29.0,80,36,44,2357.9666666666667,402,965,241,619,80,113,34,176,210,171,105,79,20,31,180,98,1125,-93
2021-22,1630596,Evan Mobley,1610612739,CLE,21.0,69,40,29,2331.036666666667,422,830,23,92,167,252,143,427,570,174,133,56,115,50,147,210,1034,95
2021-22,1630267,Facundo Campazzo,1610612743,DEN,31.0,65,38,27,1184.05,107,296,58,193,60,78,23,94,117,220,67,63,23,9,124,111,332,-212
2021-22,1630624,Feron Hunt,1610612752,NYK,22.0,2,2,0,8.366666666666667,0,2,0,0,0,0,1,0,1,1,1,1,0,0,1,0,0,-1
2021-22,1628402,Frank Jackson,1610612765,DET,24.0,53,9,44,1163.96,194,483,86,279,86,104,19,68,87,55,38,27,9,25,89,84,560,-185
2021-22,1626163,Frank Kaminsky,1610612756,PHX,29.0,9,8,1,180.93833333333333,36,66,5,15,18,20,11,30,41,13,5,8,7,3,14,19,95,39
2021-22,1628373,Frank Ntilikina,1610612742,DAL,23.0,58,34,24,684.655,89,223,38,111,24,25,12,67,79,69,31,27,7,10,61,36,240,63
2021-22,1630532,Franz Wagner,1610612753,ORL,20.0,79,21,58,2429.0466666666666,456,975,96,271,189,219,84,272,356,231,119,68,34,85,164,189,1197,-244
2021-22,1627832,Fred VanVleet,1610612761,TOR,28.0,65,39,26,2462.0216666666665,442,1097,242,642,194,222,44,245,289,434,170,111,35,51,162,195,1320,212
2021-22,1630273,Freddie Gillespie,1610612753,ORL,25.0,9,1,8,118.685,9,22,0,1,3,7,13,23,36,5,5,3,9,5,18,16,21,-29
2021-22,1627788,Furkan Korkmaz,1610612755,PHI,24.0,67,44,23,1413.7816666666668,182,470,77,266,68,84,22,153,175,127,48,33,9,18,58,84,509,31
2021-22,1629216,Gabe Vincent,1610612748,MIA,26.0,68,47,21,1588.945,214,513,119,323,44,54,22,104,126,210,98,62,12,19,158,86,591,99
2021-22,1628221,Gabe York,1610612754,IND,28.0,2,0,2,21.305,2,7,1,6,3,5,0,2,2,4,1,2,1,0,4,3,8,-4
2021-22,1630466,Gabriel Deck,1610612760,OKC,27.0,7,2,5,55.605,8,14,2,4,0,0,1,5,6,5,2,1,0,0,2,0,18,-14
2021-22,1630994,Gabriel Lundberg,1610612756,PHX,27.0,4,1,3,44.2,5,19,3,8,0,0,2,5,7,11,3,3,0,2,7,3,13,19
2021-22,202066,Garrett Temple,1610612740,NOP,36.0,59,23,36,1098.4083333333333,111,295,59,185,28,41,29,114,143,74,42,43,23,13,81,52,309,-326
2021-22,1629726,Garrison Mathews,1610612745,HOU,25.0,65,19,46,1711.8883333333333,184,461,139,386,143,180,32,158,190,64,41,57,24,16,168,172,650,-218
2021-22,1629109,Gary Clark,1610612740,NOP,27.0,38,20,18,378.2216666666667,33,88,28,70,7,10,23,67,90,18,10,13,7,6,20,9,101,-18
2021-22,203914,Gary Harris,1610612753,ORL,27.0,61,16,45,1730.2033333333334,240,553,116,302,83,95,36,86,122,108,61,59,9,30,112,73,679,-209
2021-22,1627780,Gary Payton II,1610612744,GSW,29.0,71,47,24,1247.685,212,344,43,120,35,58,72,175,247,64,40,96,22,9,131,52,502,179
2021-22,1629018,Gary Trent Jr.,1610612761,TOR,23.0,70,44,26,2447.9016666666666,450,1086,209,545,174,204,26,165,191,141,73,122,19,44,144,152,1283,170
2021-22,201588,George Hill,1610612749,MIL,36.0,54,36,18,1253.2033333333334,118,275,41,134,57,62,38,117,155,120,41,42,6,15,70,62,334,313
2021-22,1628994,George King,1610612742,DAL,28.0,4,2,2,19.161666666666665,0,5,0,4,1,2,0,5,5,0,1,0,0,1,4,1,1,-27
2021-22,1627777,Georges Niang,1610612755,PHI,29.0,76,48,28,1736.3783333333333,246,563,156,387,52,59,25,178,203,102,59,30,13,27,190,61,700,67
2021-22,1630686,Georgios Kalaitzakis,1610612760,OKC,23.0,13,8,5,213.47833333333332,31,67,10,26,14,30,6,15,21,12,20,11,2,0,19,21,86,-134
2021-22,203507,Giannis Antetokounmpo,1610612749,MIL,27.0,67,45,22,2204.225,689,1245,71,242,553,766,134,644,778,388,219,72,91,63,212,587,2002,397
2021-22,1629048,Goga Bitadze,1610612754,IND,22.0,50,17,33,728.9133333333333,131,252,23,80,64,94,79,98,177,55,46,21,42,24,107,83,349,-32
2021-22,201609,Goran Dragic,1610612751,BKN,36.0,21,10,11,497.49833333333333,57,151,16,63,27,33,13,52,65,86,34,19,4,9,45,38,157,6
2021-22,202330,Gordon Hayward,1610612766,CHA,32.0,49,26,23,1563.8733333333332,283,617,86,220,126,149,38,186,224,177,81,47,22,27,85,143,778,-20
2021-22,203476,Gorgui Dieng,1610612737,ATL,32.0,44,23,21,371.1816666666667,53,112,29,68,19,26,32,89,121,34,20,11,13,5,52,29,154,-63
2021-22,1629684,Grant Williams,1610612738,BOS,23.0,77,49,28,1875.08,205,432,106,258,86,95,64,210,274,78,62,38,57,18,186,103,602,146
2021-22,1628960,Grayson Allen,1610612749,MIL,26.0,66,43,23,1804.755,255,569,159,389,64,74,32,190,222,100,43,46,18,25,96,65,733,233
2021-22,1630535,Greg Brown III,1610612757,POR,20.0,48,14,34,639.8266666666667,81,190,19,61,44,65,38,97,135,35,36,26,24,18,90,55,225,-241
2021-22,202328,Greg Monroe,1610612750,MIN,32.0,14,7,7,194.78833333333333,32,57,0,0,12,23,30,34,64,22,12,8,10,10,24,18,76,5
2021-22,1628977,Hamidou Diallo,1610612765,DET,23.0,58,14,44,1268.8216666666667,261,526,23,93,91,140,69,208,277,73,58,71,17,25,143,125,636,-211
2021-22,203084,Harrison Barnes,1610612758,SAC,30.0,77,27,50,2586.7283333333335,391,834,142,360,341,413,82,350,432,186,118,53,14,48,94,311,1265,-374
2021-22,202355,Hassan Whiteside,1610612762,UTA,33.0,65,40,25,1162.2483333333332,215,330,0,0,104,167,166,328,494,26,53,22,103,30,179,155,534,230
2021-22,1629755,Hassani Gravett,1610612753,ORL,25.0,8,2,6,171.095,18,38,11,26,3,4,1,20,21,20,9,5,1,3,13,8,50,-2
2021-22,1629312,Haywood Highsmith,1610612748,MIA,25.0,19,13,6,163.32666666666665,16,46,9,28,2,5,10,16,26,6,3,2,3,3,13,4,43,-37
2021-22,1630529,Herbert Jones,1610612740,NOP,23.0,78,36,42,2335.1833333333334,274,576,57,169,137,163,98,198,296,167,100,130,60,55,238,137,742,68
2021-22,1629649,Ignas Brazdeikis,1610612753,ORL,23.0,42,9,33,535.5916666666667,81,188,27,87,21,32,23,49,72,37,17,10,3,12,48,34,210,-173
2021-22,1630193,Immanuel Quickley,1610612752,NYK,23.0,78,35,43,1802.4333333333334,284,724,137,396,177,201,31,216,247,275,99,54,3,33,167,155,882,264
2021-22,1629067,Isaac Bonga,1610612761,TOR,22.0,15,9,6,68.65666666666667,3,13,1,4,5,8,4,3,7,4,2,8,2,2,10,5,12,-32
2021-22,1630171,Isaac Okoro,1610612739,CLE,21.0,67,34,33,1980.9016666666666,207,431,55,157,119,155,72,129,201,121,58,56,22,31,164,127,588,99
2021-22,1628392,Isaiah Hartenstein,1610612746,LAC,24.0,68,37,31,1215.7983333333334,229,366,14,30,91,132,117,215,332,160,84,50,77,18,167,135,563,169
2021-22,1630543,Isaiah Jackson,1610612754,IND,20.0,36,9,27,541.045,116,206,5,16,60,88,60,89,149,10,40,25,52,9,92,73,297,-39
2021-22,1630198,Isaiah Joe,1610612755,PHI,22.0,55,35,20,609.4683333333334,62,177,45,135,29,31,6,50,56,35,19,14,3,6,47,33,198,23
2021-22,1630587,Isaiah Livers,1610612765,DET,23.0,19,8,11,383.25666666666666,41,90,27,64,12,14,15,42,57,21,15,13,7,3,37,12,121,-10
2021-22,1629676,Isaiah Roby,1610612760,OKC,24.0,45,10,35,948.4233333333333,166,323,44,99,78,116,75,142,217,71,43,36,34,24,109,93,454,-185
2021-22,1630191,Isaiah Stewart,1610612765,DET,21.0,71,21,50,1815.6433333333334,250,490,15,46,74,103,226,391,617,82,85,22,78,39,211,120,589,-367
2021-22,202738,Isaiah Thomas,1610612766,CHA,33.0,22,12,10,333.3066666666667,67,167,28,83,22,26,4,25,29,34,15,7,5,8,34,23,184,-10
2021-22,1630225,Isaiah Todd,1610612764,WAS,20.0,12,1,11,74.14833333333333,7,26,4,16,2,6,3,9,12,4,4,4,2,3,4,4,20,-24
2021-22,202397,Ish Smith,1610612764,WAS,33.0,65,27,38,1126.02,185,430,25,67,15,24,25,115,140,244,78,47,23,21,78,46,410,-155
2021-22,1630688,Ish Wainright,1610612756,PHX,27.0,45,36,9,358.73,41,104,19,59,7,12,27,27,54,15,13,20,6,7,49,19,108,39
2021-22,1627826,Ivica Zubac,1610612746,LAC,25.0,76,40,36,1851.6616666666666,310,495,0,0,165,227,217,427,644,120,114,36,77,43,203,205,785,-130
2021-22,1630550,JT Thor,1610612766,CHA,19.0,33,18,15,261.8833333333333,24,55,7,27,12,20,11,32,43,19,10,8,11,2,26,17,67,-7
2021-22,1629630,Ja Morant,1610612763,MEM,22.0,57,36,21,1888.7866666666666,580,1177,88,256,316,415,77,248,325,384,196,66,22,95,86,330,1564,189
2021-22,203210,JaMychal Green,1610612743,DEN,32.0,67,36,31,1085.42,159,327,33,124,81,93,81,200,281,59,57,43,26,31,158,80,432,-89
2021-22,1630605,JaQuori McLaughlin,1610612742,DAL,24.0,4,2,2,10.9,0,2,0,1,0,0,0,0,0,2,0,0,0,0,1,0,0,-9
2021-22,201580,JaVale McGee,1610612756,PHX,34.0,74,57,17,1171.7483333333332,288,458,2,9,102,146,163,333,496,42,98,22,81,20,181,153,680,120
2021-22,203953,Jabari Parker,1610612738,BOS,27.0,12,4,8,112.455,18,38,8,16,9,9,5,23,28,6,8,4,1,2,13,5,53,-7
2021-22,1630183,Jaden McDaniels,1610612750,MIN,21.0,70,40,30,1802.6666666666667,255,554,80,252,57,71,76,217,293,79,75,52,54,29,224,85,647,2
2021-22,1630531,Jaden Springer,1610612755,PHI,19.0,2,2,0,5.633333333333334,1,1,0,0,0,0,1,1,2,0,1,0,2,0,0,0,2,-8
2021-22,203109,Jae Crowder,1610612756,PHX,31.0,67,54,13,1885.8716666666667,217,544,127,365,71,90,30,324,354,124,55,95,30,6,173,82,632,395
2021-22,1630256,Jae'Sean Tate,1610612745,HOU,26.0,78,19,59,2056.445,363,729,63,202,130,184,135,285,420,222,139,72,41,56,286,184,919,-404
2021-22,1630186,Jahmi'us Ramsey,1610612758,SAC,21.0,19,2,17,133.92,24,58,5,18,7,14,4,9,13,7,5,1,1,3,10,9,60,-21
2021-22,1630693,Jaime Echenique,1610612764,WAS,25.0,1,1,0,3.066666666666667,0,0,0,0,0,0,0,0,0,0,0,0,0,0,0,0,0,-1
2021-22,1627774,Jake Layman,1610612750,MIN,28.0,34,20,14,230.565,30,73,8,35,13,18,6,30,36,9,10,7,5,4,12,12,81,-11
2021-22,1627751,Jakob Poeltl,1610612759,SAS,26.0,68,30,38,1969.65,410,663,1,1,94,190,262,372,634,189,109,45,118,39,212,192,915,117
2021-22,1628973,Jalen Brunson,1610612742,DAL,25.0,79,50,29,2524.01,506,1008,94,252,179,213,43,266,309,377,124,66,3,38,151,265,1285,231
2021-22,1630224,Jalen Green,1610612745,HOU,20.0,67,12,55,2137.7233333333334,406,954,157,458,188,236,33,193,226,176,135,44,18,91,103,195,1157,-519
2021-22,1630552,Jalen Johnson,1610612737,ATL,20.0,22,14,8,120.39,22,41,3,13,5,7,2,24,26,3,9,3,2,2,9,5,52,-19
2021-22,1629667,Jalen McDaniels,1610612766,CHA,24.0,55,34,21,895.2416666666667,123,254,41,108,53,72,37,133,170,58,36,26,22,5,93,67,340,46
2021-22,1630188,Jalen Smith,1610612754,IND,22.0,51,29,22,924.1816666666666,176,350,40,122,78,102,101,206,307,24,42,15,41,12,96,110,470,31
2021-22,1630591,Jalen Suggs,1610612753,ORL,21.0,48,16,32,1306.6533333333334,198,548,42,196,126,163,26,145,171,209,143,59,19,48,142,161,564,-206
2021-22,1630547,James Bouknight,1610612766,CHA,21.0,31,15,16,304.4766666666667,49,141,17,49,27,31,22,30,52,26,15,7,1,17,29,23,142,-50
2021-22,203516,James Ennis III,1610612743,DEN,31.0,7,3,4,55.6,11,24,3,8,4,5,5,7,12,3,2,2,2,1,5,6,29,0
2021-22,201935,James Harden,1610612755,PHI,32.0,65,40,25,2419.68,407,992,148,448,470,536,55,445,500,667,284,82,36,93,153,375,1432,173
2021-22,201949,James Johnson,1610612751,BKN,35.0,62,30,32,1191.225,144,307,23,85,29,55,51,164,215,130,48,30,34,19,162,49,340,-59
2021-22,1630691,Jamorko Pickett,1610612765,DET,24.0,13,4,9,176.46833333333333,18,50,13,39,1,2,6,26,32,7,5,0,7,1,12,2,50,0
2021-22,1630215,Jared Butler,1610612762,UTA,21.0,42,31,11,359.7733333333333,61,151,28,88,11,16,5,40,45,63,33,17,8,5,47,11,161,-11
2021-22,1629607,Jared Harper,1610612740,NOP,24.0,5,2,3,42.88333333333333,14,26,5,12,4,4,2,0,2,14,2,4,1,1,5,3,37,7
2021-22,1628991,Jaren Jackson Jr.,1610612763,MEM,22.0,78,53,25,2126.2483333333334,430,1036,128,401,284,345,119,335,454,86,130,73,177,98,272,283,1272,361
2021-22,1629020,Jarred Vanderbilt,1610612750,MIN,23.0,74,41,33,1880.5166666666667,212,361,2,14,86,131,215,409,624,94,73,99,46,41,181,133,512,163
2021-22,1628386,Jarrett Allen,1610612739,CLE,24.0,56,35,21,1809.56,369,545,1,10,165,233,192,410,602,92,94,44,75,36,97,235,904,135
2021-22,1629633,Jarrett Culver,1610612763,MEM,23.0,37,28,9,338.185,51,135,12,47,16,34,13,35,48,33,20,20,5,9,42,27,130,-18
2021-22,1629600,Jarron Cumberland,1610612757,POR,24.0,3,0,3,12.316666666666666,1,2,0,1,0,0,1,2,3,1,0,0,0,0,2,0,2,9
2021-22,1629602,Javin DeLaurier,1610612749,MIL,24.0,1,1,0,2.8,0,0,0,0,0,0,0,1,1,0,0,1,0,0,1,0,0,4
2021-22,1629750,Javonte Green,1610612741,CHI,28.0,65,38,27,1519.045,176,325,36,101,80,96,91,185,276,60,30,67,32,17,132,83,468,20
2021-22,1630606,Javonte Smart,1610612748,MIA,23.0,17,11,6,199.85666666666665,19,60,8,27,5,6,5,19,24,16,11,6,3,8,12,6,51,-42
2021-22,1629637,Jaxson Hayes,1610612740,NOP,22.0,70,29,41,1397.54,245,398,20,57,144,188,115,200,315,43,54,33,55,19,155,153,654,22
2021-22,1630643,Jay Huff,1610612747,LAL,24.0,4,0,4,20.25,0,3,0,2,0,0,1,3,4,1,1,1,1,0,1,1,0,15
2021-22,1630206,Jay Scrubb,1610612746,LAC,21.0,18,8,10,121.38166666666666,18,46,6,21,7,10,2,14,16,8,7,4,3,0,9,8,49,16
2021-22,1627759,Jaylen Brown,1610612738,BOS,25.0,66,43,23,2220.4533333333334,576,1217,166,464,241,318,53,351,404,231,178,70,18,96,163,283,1559,453
2021-22,1629658,Jaylen Hoard,1610612760,OKC,23.0,7,2,5,239.57166666666666,44,90,9,25,6,14,30,54,84,17,8,6,5,10,14,10,103,-87
2021-22,1628537,Jaylen Morris,1610612759,SAS,26.0,3,0,3,16.033333333333335,0,6,0,2,2,4,0,2,2,2,1,0,0,1,2,2,2,8
2021-22,1629669,Jaylen Nowell,1610612750,MIN,22.0,62,37,25,974.795,196,413,63,160,72,92,22,101,123,130,36,27,10,16,73,69,527,70
2021-22,1629873,Jaysean Paige,1610612765,DET,27.0,1,1,0,6.616666666666666,0,3,0,2,0,0,0,1,1,1,1,0,0,0,2,0,0,-10
2021-22,1628369,Jayson Tatum,1610612738,BOS,24.0,76,49,27,2730.971666666667,708,1564,230,651,400,469,85,524,609,334,217,75,49,83,174,342,2046,667
2021-22,1630288,Jeff Dowtin Jr.,1610612753,ORL,25.0,9,4,5,108.01666666666667,8,26,1,9,2,2,8,10,18,10,5,5,1,0,5,3,19,-26
2021-22,201145,Jeff Green,1610612743,DEN,35.0,75,44,31,1848.965,277,529,53,168,165,198,41,190,231,96,71,28,27,26,151,167,772,59
2021-22,1629203,Jemerrio Jones,1610612747,LAL,27.0,2,0,2,14.716666666666667,2,3,0,0,0,0,2,1,3,0,0,1,0,0,2,0,4,-13
2021-22,203924,Jerami Grant,1610612765,DET,28.0,47,11,36,1499.8733333333332,298,699,91,254,217,259,28,163,191,111,85,44,49,30,107,185,904,-219
2021-22,1630526,Jeremiah Robinson-Earl,1610612760,OKC,21.0,49,15,34,1087.1083333333333,134,324,58,165,40,54,75,199,274,49,39,29,15,25,75,50,366,-238
2021-22,203087,Jeremy Lamb,1610612758,SAC,30.0,56,23,33,935.4483333333334,133,347,55,170,89,106,26,128,154,81,37,31,22,10,59,83,410,21
2021-22,1630579,Jericho Sims,1610612752,NYK,23.0,41,19,22,555.0433333333333,39,54,0,0,12,29,61,108,169,21,20,11,22,1,66,33,90,76
2021-22,1628975,Jevon Carter,1610612749,MIL,26.0,66,39,27,905.1783333333333,98,253,66,170,15,18,14,96,110,96,34,24,14,6,67,21,277,-53
2021-22,202710,Jimmy Butler III,1610612748,MIA,32.0,57,38,19,1930.8316666666667,398,829,27,116,396,455,102,234,336,312,121,94,27,36,88,324,1219,245
2021-22,1629111,Jock Landale,1610612759,SAS,26.0,54,24,30,588.7316666666667,101,204,29,89,34,41,63,75,138,45,31,10,14,12,53,46,265,-17
2021-22,203925,Joe Harris,1610612751,BKN,30.0,14,10,4,422.7083333333333,56,124,41,88,5,6,5,51,56,14,16,7,2,6,31,10,158,16
2021-22,204060,Joe Ingles,1610612757,POR,34.0,45,28,17,1122.135,115,285,78,225,17,22,12,119,131,158,46,23,5,8,82,28,325,186
2021-22,2207,Joe Johnson,1610612738,BOS,41.0,1,1,0,1.95,1,1,0,0,0,0,0,0,0,0,0,0,0,0,0,0,2,-5
2021-22,1630580,Joe Wieskamp,1610612759,SAS,22.0,29,11,18,205.14166666666668,20,56,14,43,7,13,4,10,14,9,2,4,3,2,14,7,61,0
2021-22,1630555,Joel Ayayi,1610612764,WAS,22.0,7,1,6,20.216666666666665,1,6,0,1,0,0,1,2,3,4,0,0,0,2,0,1,2,3
2021-22,203954,Joel Embiid,1610612755,PHI,28.0,68,45,23,2296.405,666,1334,93,251,654,803,146,650,796,284,214,77,99,82,181,581,2079,368
2021-22,1628381,John Collins,1610612737,ATL,24.0,54,26,28,1662.6033333333332,339,644,64,176,134,169,93,329,422,98,60,33,56,38,164,193,876,36
2021-22,1629723,John Konchar,1610612763,MEM,26.0,72,48,24,1291.5283333333334,135,262,52,126,27,49,87,242,329,109,29,45,22,4,90,46,349,92
2021-22,1630257,Jon Teske,1610612763,MEM,25.0,3,3,0,7.741666666666666,0,1,0,0,0,2,0,2,2,1,0,1,0,0,1,0,0,-3
2021-22,202685,Jonas Valančiūnas,1610612740,NOP,30.0,74,34,40,2240.0583333333334,510,938,57,158,237,289,226,617,843,190,179,41,60,41,247,301,1314,67
2021-22,1630228,Jonathan Kuminga,1610612744,GSW,19.0,70,44,26,1184.75,236,460,50,149,130,190,54,180,234,64,74,31,22,35,146,143,652,35
2021-22,1628395,Jordan Bell,1610612741,CHI,27.0,1,1,0,2.0166666666666666,0,0,0,0,0,0,1,0,1,0,0,1,0,0,2,0,0,1
2021-22,203903,Jordan Clarkson,1610612762,UTA,30.0,79,47,32,2140.86,466,1113,190,597,144,174,67,206,273,194,129,66,16,40,149,162,1266,383
2021-22,1630692,Jordan Goodwin,1610612764,WAS,23.0,2,1,1,5.933333333333334,0,3,0,1,0,0,0,1,1,0,0,0,0,0,1,0,0,-8
2021-22,1629162,Jordan McLaughlin,1610612750,MIN,26.0,62,36,26,901.6083333333333,88,200,27,85,30,40,22,72,94,180,38,57,10,14,54,52,233,37
2021-22,1629670,Jordan Nwora,1610612749,MIL,23.0,62,34,28,1185.2716666666668,186,462,79,227,36,43,37,184,221,59,57,25,17,20,78,44,487,-77
2021-22,1629673,Jordan Poole,1610612744,GSW,23.0,76,49,27,2283.3116666666665,474,1058,211,580,246,266,34,226,260,304,187,60,23,57,206,231,1405,325
2021-22,1630648,Jordan Schakel,1610612764,WAS,24.0,4,1,3,30.266666666666666,1,11,1,6,2,2,2,6,8,0,1,1,0,2,0,3,5,2
2021-22,1630631,Jose Alvarado,1610612740,NOP,24.0,54,25,29,833.9083333333333,131,294,32,110,36,53,25,75,100,152,40,71,7,19,73,52,330,143
2021-22,1630528,Josh Christopher,1610612745,HOU,20.0,74,18,56,1333.7416666666666,224,500,56,189,83,113,52,134,186,150,114,65,13,34,97,101,587,-272
2021-22,1630581,Josh Giddey,1610612760,OKC,19.0,54,17,37,1700.3516666666667,281,670,56,213,56,79,98,323,421,345,171,51,20,49,88,94,674,-299
2021-22,1630182,Josh Green,1610612742,DAL,21.0,67,44,23,1038.9566666666667,130,256,28,78,31,45,52,109,161,79,44,45,14,18,115,52,319,70
2021-22,1628404,Josh Hart,1610612757,POR,27.0,54,20,34,1790.99,287,569,73,213,160,211,62,326,388,224,114,61,13,39,150,174,807,-198
2021-22,1628367,Josh Jackson,1610612758,SAC,25.0,51,12,39,829.9383333333334,120,300,33,130,55,77,21,120,141,54,47,26,22,22,88,77,328,-156
2021-22,1629006,Josh Okogie,1610612750,MIN,23.0,49,23,26,515.79,42,104,14,47,35,51,29,41,70,25,23,26,12,10,53,56,133,39
2021-22,1626196,Josh Richardson,1610612759,SAS,28.0,65,38,27,1599.7166666666667,234,534,102,246,96,108,42,143,185,115,66,56,29,25,116,88,666,138
2021-22,1630563,Joshua Primo,1610612759,SAS,19.0,50,22,28,965.04,101,270,42,137,44,59,32,81,113,81,57,20,23,10,79,67,288,-81
2021-22,201950,Jrue Holiday,1610612749,MIL,32.0,67,47,20,2207.44,478,954,132,321,137,180,69,232,301,457,183,108,29,42,133,153,1225,426
2021-22,1629308,Juan Toscano-Anderson,1610612744,GSW,29.0,73,51,22,994.1316666666667,115,235,28,87,40,70,28,148,176,127,68,48,17,19,115,60,298,46
2021-22,1627823,Juancho Hernangomez,1610612762,UTA,26.0,40,20,20,444.5516666666667,44,106,24,69,19,34,28,72,100,20,16,14,10,6,25,21,131,-5
2021-22,203944,Julius Randle,1610612752,NYK,27.0,72,32,40,2543.8633333333332,512,1246,120,390,303,401,125,591,716,370,245,53,39,66,205,333,1447,-164
2021-22,1626147,Justin Anderson,1610612754,IND,28.0,16,3,13,315.8516666666667,36,95,15,59,15,19,4,42,46,33,8,8,6,5,22,15,102,-15
2021-22,1630551,Justin Champagnie,1610612761,TOR,21.0,36,21,15,280.83166666666665,31,67,10,28,9,9,37,35,72,11,8,8,4,4,32,11,81,52
2021-22,203200,Justin Holiday,1610612758,SAC,33.0,74,25,49,2056.81,261,662,177,482,50,62,29,161,190,128,70,57,33,17,154,81,749,-206
2021-22,1628382,Justin Jackson,1610612756,PHX,27.0,7,6,1,36.46666666666667,5,15,3,9,2,2,1,6,7,2,1,0,0,0,3,1,15,-13
2021-22,1629620,Justin Robinson,1610612765,DET,24.0,25,13,12,303.72833333333335,28,93,18,61,4,8,4,17,21,32,17,9,1,1,27,20,78,-123
2021-22,1626159,Justise Winslow,1610612757,POR,26.0,48,24,24,774.6633333333333,110,257,15,66,39,66,50,152,202,84,49,35,25,23,67,52,274,28
2021-22,203994,Jusuf Nurkić,1610612757,POR,27.0,56,25,31,1578.485,321,600,15,56,185,268,167,452,619,157,143,62,34,46,189,245,842,13
2021-22,1629752,Juwan Morgan,1610612738,BOS,25.0,2,1,1,30.965,2,3,1,2,0,0,2,2,4,1,0,0,0,0,3,0,5,-17
2021-22,1630231,KJ Martin,1610612745,HOU,21.0,79,20,59,1656.325,279,523,60,168,78,123,80,217,297,101,60,34,40,46,113,95,696,-238
2021-22,1629644,KZ Okpala,1610612748,MIA,23.0,21,14,7,244.07166666666666,30,69,9,26,8,11,11,30,41,14,5,4,7,2,25,11,77,6
2021-22,1630539,Kai Jones,1610612766,CHA,21.0,21,14,7,62.685,9,14,1,2,3,8,3,8,11,4,6,1,2,0,8,7,22,-14
2021-22,1626157,Karl-Anthony Towns,1610612750,MIN,26.0,74,44,30,2475.4566666666665,642,1214,150,366,384,467,194,533,727,269,226,72,83,92,267,426,1818,275
2021-22,1626208,Keifer Sykes,1610612754,IND,28.0,32,6,26,566.4033333333333,69,190,27,90,15,17,8,37,45,62,33,12,4,7,51,17,180,-69
2021-22,1628966,Keita Bates-Diop,1610612759,SAS,26.0,59,23,36,956.5483333333333,136,263,17,55,46,61,62,169,231,41,45,27,14,26,61,48,335,4
2021-22,1629103,Kelan Martin,1610612738,BOS,26.0,30,14,16,449.70166666666665,70,171,22,75,9,13,17,38,55,21,14,13,9,10,36,9,171,-53
2021-22,1629640,Keldon Johnson,1610612759,SAS,22.0,75,33,42,2391.725,471,1011,159,399,177,234,80,377,457,158,92,58,14,63,148,188,1278,75
2021-22,1629833,Keljin Blevins,1610612757,POR,26.0,31,4,27,349.35333333333335,34,111,21,72,6,11,16,29,45,19,17,13,1,6,29,5,95,-208
2021-22,203482,Kelly Olynyk,1610612765,DET,31.0,40,13,27,763.7166666666667,128,286,40,119,69,89,54,123,177,111,58,31,19,13,100,106,365,-70
2021-22,1626162,Kelly Oubre Jr.,1610612766,CHA,26.0,76,39,37,1999.18,410,932,191,553,126,189,79,223,302,84,67,77,31,43,189,160,1137,-26
2021-22,202689,Kemba Walker,1610612752,NYK,32.0,37,16,21,947.69,149,370,73,199,60,71,14,97,111,131,48,26,7,16,37,93,431,-182
2021-22,1629026,Kenrich Williams,1610612760,OKC,27.0,49,17,32,1072.3183333333334,146,317,41,121,30,55,75,145,220,108,46,44,10,18,81,74,363,25
2021-22,203145,Kent Bazemore,1610612747,LAL,32.0,39,16,23,544.6133333333333,45,139,29,80,13,17,13,56,69,34,21,25,9,0,70,24,132,-118
2021-22,203484,Kentavious Caldwell-Pope,1610612764,WAS,29.0,77,34,43,2328.77,361,829,159,408,137,154,41,220,261,145,97,83,26,22,139,155,1018,-229
2021-22,1630553,Keon Johnson,1610612757,POR,20.0,37,8,29,696.2466666666667,96,272,34,100,41,51,24,57,81,76,46,28,12,23,69,46,267,-287
2021-22,1630556,Kessler Edwards,1610612751,BKN,21.0,48,22,26,987.195,110,267,48,136,16,19,44,128,172,31,42,29,24,19,85,24,284,-60
2021-22,201142,Kevin Durant,1610612751,BKN,33.0,55,36,19,2047.4066666666668,578,1115,115,300,372,409,29,378,407,351,191,48,52,38,113,325,1643,269
2021-22,1628989,Kevin Huerter,1610612737,ATL,23.0,74,40,34,2188.4566666666665,345,760,160,411,42,52,32,222,254,203,91,55,26,23,185,58,892,168
2021-22,1628995,Kevin Knox II,1610612737,ATL,22.0,30,18,12,222.49,31,85,15,54,16,22,14,30,44,10,7,4,2,4,19,15,93,-70
2021-22,201567,Kevin Love,1610612739,CLE,33.0,74,38,36,1664.865,327,761,187,477,166,198,87,449,536,160,98,26,18,17,101,173,1007,95
2021-22,1630698,Kevin Pangos,1610612739,CLE,29.0,24,16,8,166.01333333333332,15,46,6,26,3,4,2,9,11,30,7,3,0,1,11,10,39,-35
2021-22,1629645,Kevin Porter Jr.,1610612745,HOU,22.0,61,16,45,1907.1533333333334,335,808,155,413,124,193,43,224,267,376,192,69,22,40,156,174,949,-281
2021-22,1626172,Kevon Looney,1610612744,GSW,26.0,82,53,29,1732.3433333333332,208,364,0,1,75,125,208,388,596,165,67,50,52,36,215,103,491,168
2021-22,203920,Khem Birch,1610612761,TOR,29.0,55,34,21,991.1683333333333,97,200,0,14,53,71,122,117,239,56,29,30,26,12,104,63,247,21
2021-22,203114,Khris Middleton,1610612749,MIL,30.0,66,44,22,2141.29,452,1021,162,434,259,291,41,315,356,358,190,76,18,46,160,211,1325,302
2021-22,1630165,Killian Hayes,1610612765,DET,20.0,66,21,45,1646.9716666666666,176,459,44,167,57,74,36,174,210,277,111,78,35,30,183,82,453,-367
2021-22,1629681,Killian Tillie,1610612763,MEM,24.0,36,27,9,460.59166666666664,43,127,27,86,5,8,21,39,60,22,13,23,15,10,58,12,118,29
2021-22,1630184,Kira Lewis Jr.,1610612740,NOP,21.0,24,6,18,341.14,59,146,13,58,10,12,9,30,39,49,26,11,1,6,17,14,141,-107
2021-22,202691,Klay Thompson,1610612744,GSW,32.0,32,17,15,940.8516666666667,246,573,114,296,46,51,15,110,125,88,43,16,17,13,54,40,652,66
2021-22,1627739,Kris Dunn,1610612757,POR,28.0,14,1,13,336.345,44,102,1,11,17,18,9,40,49,79,32,23,3,11,38,21,106,-92
2021-22,204001,Kristaps Porziņģis,1610612764,WAS,26.0,51,26,25,1480.6183333333333,352,767,78,252,248,286,102,309,411,119,81,37,84,29,137,233,1030,33
2021-22,203937,Kyle Anderson,1610612763,MEM,28.0,69,46,23,1483.6566666666668,209,469,36,109,67,105,69,299,368,183,71,77,45,25,108,81,521,59
2021-22,1629657,Kyle Guy,1610612748,MIA,24.0,19,15,4,185.73333333333332,26,65,14,40,8,12,4,13,17,17,13,7,1,3,12,15,74,-48
2021-22,1628398,Kyle Kuzma,1610612764,WAS,26.0,66,29,37,2204.27,423,936,128,375,156,219,70,491,561,233,169,42,57,35,128,184,1130,-281
2021-22,200768,Kyle Lowry,1610612748,MIA,36.0,63,41,22,2133.155,276,627,144,382,148,174,33,249,282,474,168,67,17,20,177,226,844,250
2021-22,202681,Kyrie Irving,1610612751,BKN,30.0,29,14,15,1091.505,289,616,100,239,118,129,16,111,127,167,73,41,17,25,81,111,796,121
2021-22,200746,LaMarcus Aldridge,1610612751,BKN,36.0,47,26,21,1050.085,252,458,14,46,89,102,73,185,258,42,44,14,47,11,78,89,607,19
2021-22,1630163,LaMelo Ball,1610612766,CHA,20.0,75,39,36,2422.0666666666666,538,1254,220,565,212,243,108,393,501,571,245,119,30,51,237,238,1508,99
2021-22,1630205,Lamar Stevens,1610612739,CLE,24.0,63,35,28,1014.86,156,319,18,65,53,75,47,117,164,44,41,31,18,26,106,55,383,-40
2021-22,202362,Lance Stephenson,1610612754,IND,31.0,46,11,35,813.9783333333334,147,323,27,90,63,80,12,115,127,165,72,24,4,18,96,64,384,-113
2021-22,1629013,Landry Shamet,1610612756,PHX,25.0,69,53,16,1437.3833333333334,191,485,123,334,68,81,16,110,126,108,41,28,9,30,92,68,573,137
2021-22,204038,Langston Galloway,1610612749,MIL,30.0,7,4,3,106.7,6,26,2,16,0,0,3,15,18,12,6,1,0,1,7,3,14,-12
2021-22,1626204,Larry Nance Jr.,1610612740,NOP,29.0,46,19,27,1040.0716666666667,129,247,23,70,40,57,72,176,248,81,37,43,20,11,84,66,321,-60
2021-22,1628374,Lauri Markkanen,1610612739,CLE,25.0,61,32,29,1877.5866666666666,313,703,136,380,138,159,59,286,345,81,54,45,30,46,130,148,900,172
2021-22,2544,LeBron James,1610612747,LAL,37.0,56,25,31,2084.335,640,1221,161,448,254,336,63,396,459,349,196,73,59,46,121,306,1695,-117
2021-22,1630195,Leandro Bolmaro,1610612750,MIN,21.0,35,19,16,240.945,17,54,5,18,11,13,16,27,43,21,13,6,0,1,26,17,50,3
2021-22,1629623,Lindell Wigginton,1610612749,MIL,24.0,19,11,8,199.12833333333333,26,61,9,26,19,35,3,22,25,23,12,5,1,6,17,31,80,-47
2021-22,1630322,Lindy Waters III,1610612760,OKC,24.0,25,6,19,465.25,71,175,53,146,4,5,6,67,73,24,11,19,8,2,31,10,199,-39
2021-22,1629022,Lonnie Walker IV,1610612759,SAS,23.0,70,27,43,1612.3233333333333,311,764,111,353,116,148,18,163,181,152,71,44,19,27,98,91,849,-80
2021-22,1628366,Lonzo Ball,1610612741,CHI,24.0,35,22,13,1212.345,162,383,110,260,21,28,35,155,190,178,82,64,31,18,85,39,455,81
2021-22,101150,Lou Williams,1610612737,ATL,35.0,56,33,23,798.8766666666667,125,320,37,102,67,78,16,71,87,105,43,28,3,12,48,68,354,15
2021-22,1629663,Louis King,1610612758,SAC,23.0,10,2,8,103.60666666666667,15,47,8,27,7,10,0,12,12,9,0,2,1,1,14,9,45,-29
2021-22,1629652,Luguentz Dort,1610612760,OKC,23.0,51,17,34,1665.3533333333332,293,726,130,391,161,191,38,174,212,88,88,46,18,48,149,180,877,-295
2021-22,1629029,Luka Dončić,1610612742,DAL,23.0,65,44,21,2300.7183333333332,641,1403,201,569,364,489,56,537,593,568,292,75,36,44,145,402,1847,146
2021-22,1630568,Luka Garza,1610612765,DET,23.0,32,3,29,388.965,66,147,16,49,38,61,58,42,100,20,18,9,6,17,55,59,186,-63
2021-22,1628379,Luke Kennard,1610612746,LAC,26.0,70,35,35,1919.1333333333334,287,639,190,423,69,77,20,209,229,146,60,42,6,17,101,52,833,184
2021-22,1628436,Luke Kornet,1610612738,BOS,26.0,15,11,4,103.33333333333333,13,27,0,5,4,6,13,16,29,9,0,3,3,2,9,5,30,22
2021-22,1630640,MJ Walker,1610612756,PHX,24.0,2,1,1,8.393333333333333,0,4,0,2,0,0,0,1,1,1,0,2,0,1,1,0,0,-3
2021-22,1630644,Mac McClung,1610612747,LAL,23.0,2,2,0,24.383333333333333,3,6,1,3,1,1,0,3,3,1,3,1,1,1,5,2,8,7
2021-22,1630201,Malachi Flynn,1610612761,TOR,24.0,44,25,19,537.0566666666666,72,183,30,90,15,24,10,53,63,70,13,20,4,10,45,31,189,-26
2021-22,1627763,Malcolm Brogdon,1610612754,IND,29.0,36,14,22,1206.2483333333332,243,543,58,186,143,167,33,152,185,212,77,30,14,39,71,132,687,0
2021-22,1630792,Malcolm Hill,1610612741,CHI,26.0,19,8,11,212.09,24,52,13,36,11,14,11,24,35,8,3,7,3,2,24,11,72,-31
2021-22,1627736,Malik Beasley,1610612750,MIN,25.0,79,46,33,1976.26,332,850,240,637,49,60,26,201,227,116,43,43,12,34,88,38,953,82
2021-22,1630238,Malik Fitts,1610612738,BOS,24.0,15,13,2,62.75833333333333,8,19,5,10,0,0,2,15,17,5,2,0,0,2,4,0,21,-19
2021-22,1628370,Malik Monk,1610612747,LAL,24.0,76,32,44,2138.435,391,826,173,442,93,117,37,219,256,218,122,61,29,34,138,109,1048,53
2021-22,1629005,Malik Newman,1610612739,CLE,25.0,1,0,1,7.683333333333334,3,5,0,1,2,2,0,1,1,1,1,0,0,0,0,1,8,1
2021-22,1629603,Mamadi Diakite,1610612760,OKC,25.0,13,4,9,187.68333333333334,25,47,0,5,6,11,17,42,59,2,7,5,9,5,33,14,56,-14
2021-22,1630585,Marcus Garrett,1610612748,MIA,23.0,12,11,1,128.22833333333332,5,21,1,4,2,5,9,14,23,7,2,5,3,3,16,5,13,17
2021-22,202694,Marcus Morris Sr.,1610612746,LAC,32.0,54,26,28,1564.28,300,691,101,275,129,148,26,213,239,113,69,28,18,22,115,114,830,-143
2021-22,203935,Marcus Smart,1610612738,BOS,28.0,71,47,24,2295.8416666666667,300,718,119,360,142,179,42,228,270,417,159,119,18,28,160,235,861,442
2021-22,1628365,Markelle Fultz,1610612753,ORL,24.0,18,6,12,359.7316666666667,83,175,4,17,25,31,4,45,49,99,40,20,5,13,22,36,195,-37
2021-22,202693,Markieff Morris,1610612748,MIA,32.0,17,10,7,298.3383333333333,54,114,13,39,8,9,17,28,45,23,20,6,1,1,33,13,129,19
2021-22,1630250,Marko Simonovic,1610612741,CHI,22.0,9,4,5,35.185,4,15,1,5,8,11,5,5,10,0,2,1,1,3,6,7,17,3
2021-22,1630210,Markus Howard,1610612743,DEN,23.0,31,17,14,176.49666666666667,39,101,28,70,20,23,2,10,12,7,7,9,0,9,17,17,126,-12
2021-22,1627737,Marquese Chriss,1610612742,DAL,24.0,34,24,10,345.67833333333334,62,134,8,25,22,33,33,70,103,17,17,13,12,20,64,33,154,-10
2021-22,1628963,Marvin Bagley III,1610612765,DET,23.0,48,17,31,1146.0616666666667,225,446,23,97,67,101,105,233,338,36,39,22,18,30,93,105,540,-132
2021-22,1630222,Mason Jones,1610612747,LAL,23.0,4,2,2,50.583333333333336,7,15,1,4,12,15,1,9,10,4,1,2,0,0,8,10,27,23
2021-22,203486,Mason Plumlee,1610612766,CHA,32.0,73,40,33,1792.525,205,320,0,2,67,171,176,389,565,226,100,61,52,29,224,169,477,5
2021-22,1629680,Matisse Thybulle,1610612755,PHI,25.0,66,43,23,1685.2633333333333,150,300,45,144,34,43,42,109,151,75,39,115,71,8,158,49,379,87
2021-22,1629760,Matt Mooney,1610612752,NYK,27.0,1,1,0,1.9333333333333333,0,1,0,1,0,0,0,0,0,0,1,1,0,0,0,0,0,-5
2021-22,1630346,Matt Ryan,1610612738,BOS,25.0,1,1,0,5.25,1,5,1,5,0,0,0,0,0,0,0,1,0,0,0,0,3,3
2021-22,1629744,Matt Thomas,1610612741,CHI,27.0,40,23,17,459.51166666666666,55,134,35,91,16,20,3,47,50,20,8,8,3,5,18,16,161,32
2021-22,203090,Maurice Harkless,1610612758,SAC,29.0,47,15,32,863.4716666666667,83,181,31,101,20,28,12,100,112,23,31,29,24,9,77,27,217,-90
2021-22,1629622,Max Strus,1610612748,MIA,26.0,68,46,22,1587.0816666666667,249,564,181,442,42,53,24,178,202,92,57,28,16,16,116,70,721,171
2021-22,1628467,Maxi Kleber,1610612742,DAL,30.0,59,36,23,1449.8616666666667,141,354,83,255,46,65,70,280,350,68,47,30,58,14,137,88,411,120
2021-22,1630593,McKinley Wright IV,1610612750,MIN,23.0,5,3,2,18.866666666666667,2,3,1,2,0,0,0,0,0,3,1,0,0,0,1,0,5,-7
2021-22,1628982,Melvin Frazier Jr.,1610612760,OKC,25.0,3,0,3,119.56666666666666,13,48,1,21,5,7,5,8,13,1,3,1,0,5,8,8,32,-92
2021-22,1630695,Micah Potter,1610612765,DET,24.0,3,2,1,30.93166666666667,5,11,0,2,2,2,4,5,9,0,1,1,1,0,4,4,12,-40
2021-22,1629008,Michael Porter Jr.,1610612743,DEN,24.0,9,5,4,265.04833333333335,37,103,10,48,5,9,9,50,59,17,12,10,2,4,16,10,89,58
2021-22,1628969,Mikal Bridges,1610612756,PHX,25.0,82,64,18,2854.3533333333335,458,858,115,312,131,157,74,273,347,185,68,96,36,29,150,153,1162,576
2021-22,201144,Mike Conley,1610612762,UTA,34.0,72,44,28,2058.1383333333333,344,791,169,414,129,162,47,170,217,385,123,96,21,28,142,161,986,347
2021-22,203488,Mike Muscala,1610612760,OKC,30.0,43,15,28,592.52,113,248,70,163,48,57,21,108,129,22,14,18,26,10,58,47,344,23
2021-22,1628970,Miles Bridges,1610612766,CHA,24.0,80,41,39,2837.1133333333332,596,1214,154,465,267,333,90,469,559,300,150,74,67,62,193,275,1613,142
2021-22,1630540,Miles McBride,1610612752,NYK,21.0,40,19,21,372.21166666666664,32,108,17,68,8,12,4,38,42,41,5,14,1,4,45,13,89,101
2021-22,1629011,Mitchell Robinson,1610612752,NYK,24.0,72,32,40,1848.3666666666666,261,343,0,0,88,181,295,322,617,38,60,58,133,29,195,144,610,-79
2021-22,1629671,Miye Oni,1610612762,UTA,24.0,16,15,1,44.18666666666667,2,9,1,8,0,1,1,6,7,5,1,0,0,0,7,1,5,-32
2021-22,1628964,Mo Bamba,1610612753,ORL,24.0,71,19,52,1823.7066666666667,296,617,107,281,57,73,148,424,572,85,77,38,118,31,182,75,756,-373
2021-22,1628420,Monte Morris,1610612743,DEN,27.0,75,44,31,2238.9483333333333,374,773,124,314,73,84,27,199,226,333,78,56,14,34,92,86,945,283
2021-22,1626149,Montrezl Harrell,1610612766,CHA,28.0,71,36,35,1640.3583333333333,358,555,4,17,212,296,149,282,431,145,72,29,43,38,137,246,932,84
2021-22,1629021,Moritz Wagner,1610612753,ORL,25.0,63,16,47,959.5316666666666,197,396,66,201,104,129,42,190,232,87,56,20,13,22,123,134,564,-149
2021-22,1629650,Moses Brown,1610612739,CLE,22.0,40,19,21,344.325,64,108,0,0,43,72,39,96,135,1,20,7,16,6,53,49,171,-49
2021-22,1630541,Moses Moody,1610612744,GSW,20.0,52,35,17,607.12,80,183,40,110,28,36,17,63,80,23,13,7,10,3,43,33,228,-42
2021-22,1630589,Moses Wright,1610612742,DAL,23.0,4,4,0,14.733333333333333,1,4,0,1,3,3,1,2,3,2,0,0,1,0,0,2,5,-7
2021-22,1628539,Mychal Mulder,1610612748,MIA,28.0,17,3,14,239.555,24,77,17,54,4,4,2,22,24,5,8,4,2,7,13,5,69,-55
2021-22,1629619,Myles Powell,1610612755,PHI,24.0,11,8,3,52.06666666666667,5,17,1,6,2,2,1,5,6,3,3,1,0,1,8,2,13,-18
2021-22,1626167,Myles Turner,1610612754,IND,26.0,42,15,27,1234.7283333333332,200,393,61,183,79,105,65,232,297,44,54,28,118,15,119,96,540,-14
2021-22,1630230,Naji Marshall,1610612740,NOP,24.0,55,23,32,735.58,109,269,21,105,74,93,38,104,142,62,46,33,8,18,69,70,313,-49
2021-22,1629642,Nassir Little,1610612757,POR,22.0,42,19,23,1088.3683333333333,145,315,51,154,69,94,58,178,236,54,40,25,36,14,82,84,410,-23
2021-22,1630207,Nate Hinton,1610612754,IND,23.0,2,0,2,2.4266666666666667,0,1,0,0,0,0,0,0,0,0,1,0,0,0,0,0,0,4
2021-22,1630233,Nathan Knight,1610612750,MIN,24.0,37,22,15,267.31666666666666,45,88,4,13,44,60,32,53,85,22,18,7,8,12,42,45,138,22
2021-22,1629675,Naz Reid,1610612750,MIN,22.0,77,42,35,1215.2866666666666,233,476,57,166,114,149,102,199,301,71,82,40,71,33,172,131,637,-92
2021-22,1629674,Neemias Queta,1610612758,SAC,22.0,15,4,11,119.6,17,38,0,0,11,17,14,17,31,6,6,1,8,3,18,12,45,-7
2021-22,202357,Nemanja Bjelica,1610612744,GSW,34.0,71,48,23,1142.3666666666666,160,342,54,149,59,81,62,232,294,159,87,41,26,19,128,72,433,130
2021-22,203457,Nerlens Noel,1610612752,NYK,28.0,25,10,15,561.97,32,60,0,3,21,30,48,93,141,23,20,30,31,4,67,45,85,-68
2021-22,1629651,Nic Claxton,1610612751,BKN,23.0,47,24,23,974.0916666666667,178,264,0,0,54,93,91,173,264,43,38,24,51,20,110,90,410,-29
2021-22,1630208,Nick Richards,1610612766,CHA,24.0,50,25,25,367.1433333333333,60,90,0,0,30,43,34,52,86,13,24,9,21,8,51,35,150,-109
2021-22,1629638,Nickeil Alexander-Walker,1610612762,UTA,23.0,65,29,36,1465.82,253,680,105,338,81,109,37,150,187,156,93,46,23,43,103,95,692,-112
2021-22,201587,Nicolas Batum,1610612746,LAC,33.0,59,31,28,1462.595,179,387,108,270,25,38,29,225,254,100,40,58,42,6,80,44,491,-128
2021-22,203917,Nik Stauskas,1610612738,BOS,28.0,8,7,1,38.788333333333334,5,14,4,10,4,6,1,2,3,2,1,0,0,0,1,4,18,18
2021-22,203999,Nikola Jokić,1610612743,DEN,27.0,74,46,28,2475.5916666666667,764,1311,97,288,379,468,206,813,1019,584,281,109,63,66,191,483,2004,444
2021-22,202696,Nikola Vučević,1610612741,CHI,31.0,73,41,32,2417.5433333333335,546,1154,104,331,92,121,142,662,804,236,136,70,71,46,181,129,1288,-52
2021-22,1626181,Norman Powell,1610612746,LAC,29.0,45,15,30,1458.215,279,605,106,253,189,233,20,125,145,96,69,42,21,32,106,185,853,-220
2021-22,203658,Norvel Pelle,1610612762,UTA,29.0,3,0,3,19.016666666666666,3,5,0,0,0,0,3,3,6,0,2,0,1,0,1,1,6,-19
2021-22,1628384,OG Anunoby,1610612761,TOR,24.0,48,31,17,1728.3133333333333,309,697,115,317,89,118,74,190,264,125,80,71,25,49,131,110,822,135
2021-22,1630167,Obi Toppin,1610612752,NYK,24.0,72,32,40,1229.7533333333333,251,473,52,169,94,124,69,199,268,77,56,25,33,28,102,100,648,165
2021-22,1630846,Olivier Sarr,1610612760,OKC,23.0,22,6,16,420.87,58,101,13,29,24,29,34,59,93,19,22,6,15,10,52,28,153,-28
2021-22,1630209,Omer Yurtseven,1610612748,MIA,24.0,56,39,17,706.1983333333334,130,247,1,11,38,61,85,209,294,49,41,17,20,18,84,52,299,63
2021-22,1630168,Onyeka Okongwu,1610612737,ATL,21.0,48,26,22,992.0633333333334,156,226,0,0,80,110,115,168,283,53,44,31,60,21,149,89,392,110
2021-22,1629052,Oshae Brissett,1610612754,IND,24.0,67,19,48,1564.04,208,506,83,237,114,164,108,250,358,72,54,44,29,30,116,119,613,-220
2021-22,203490,Otto Porter Jr.,1610612744,GSW,29.0,63,41,22,1395.4983333333332,193,416,80,216,49,61,86,276,362,94,37,68,29,9,83,71,515,231
2021-22,200782,P.J. Tucker,1610612748,MIA,37.0,71,45,26,1980.7583333333334,207,428,80,193,45,61,100,287,387,149,66,58,15,18,161,92,539,230
2021-22,1629023,P.J. Washington,1610612766,CHA,23.0,65,33,32,1768.0733333333333,250,532,110,301,58,81,82,255,337,147,82,57,61,25,152,72,668,141
2021-22,1628408,PJ Dozier,1610612743,DEN,25.0,18,9,9,340.48833333333334,36,99,15,48,10,13,14,49,63,29,13,11,6,5,33,19,97,-90
2021-22,1628238,Paris Bass,1610612756,PHX,26.0,2,2,0,7.383333333333334,2,6,0,2,2,2,2,2,4,0,2,1,0,2,2,1,6,2
2021-22,1627783,Pascal Siakam,1610612761,TOR,28.0,68,40,28,2577.8533333333335,596,1207,75,218,284,379,128,452,580,360,181,85,42,61,225,341,1551,257
2021-22,1626192,Pat Connaughton,1610612749,MIL,29.0,65,41,24,1690.83,227,496,146,370,45,54,45,228,273,82,35,59,15,14,86,60,645,-26
2021-22,201976,Patrick Beverley,1610612750,MIN,33.0,58,33,25,1475.7383333333332,177,436,83,242,96,133,62,178,240,268,73,67,52,23,174,144,533,112
2021-22,1630172,Patrick Williams,1610612741,CHI,20.0,17,9,8,422.3283333333333,54,102,15,29,30,41,17,52,69,15,16,9,9,7,28,31,153,-56
2021-22,201988,Patty Mills,1610612751,BKN,33.0,81,44,37,2345.7233333333334,324,794,227,568,48,59,18,138,156,183,73,51,17,25,112,102,923,117
2021-22,202331,Paul George,1610612746,LAC,32.0,31,18,13,1077.3866666666668,268,636,91,257,127,148,12,201,213,176,126,67,13,29,74,158,754,92
2021-22,200794,Paul Millsap,1610612755,PHI,37.0,33,22,11,375.70166666666665,45,115,8,35,17,24,41,73,114,29,19,10,13,5,67,25,115,-23
2021-22,1630194,Paul Reed,1610612755,PHI,23.0,38,21,17,302.5316666666667,54,96,2,8,6,14,44,48,92,16,10,33,14,9,57,13,116,-40
2021-22,1628778,Paul Watson,1610612760,OKC,27.0,9,2,7,156.20833333333334,12,35,6,26,1,2,3,24,27,8,4,3,3,1,10,1,31,-56
2021-22,1630202,Payton Pritchard,1610612738,BOS,24.0,71,46,25,1001.0,160,373,101,245,21,21,32,102,134,139,41,25,6,13,61,26,442,64
2021-22,1627822,Petr Cornelie,1610612743,DEN,26.0,13,3,10,37.965,5,15,1,8,3,4,7,7,14,3,4,1,1,1,7,3,14,8
2021-22,1630173,Precious Achiuwa,1610612761,TOR,22.0,73,46,27,1724.6533333333334,265,603,56,156,78,131,146,327,473,82,84,37,41,51,151,113,664,72
2021-22,1629656,Quentin Grimes,1610612752,NYK,22.0,46,21,25,786.2266666666667,95,235,72,189,13,19,24,70,94,44,28,31,11,2,72,24,275,-54
2021-22,1629683,Quinndary Weatherspoon,1610612744,GSW,25.0,11,8,3,73.40833333333333,12,21,1,5,5,5,2,12,14,5,3,1,1,0,15,5,30,-10
2021-22,1630181,R.J. Hampton,1610612753,ORL,21.0,64,15,49,1402.2616666666668,175,457,64,183,75,117,23,171,194,158,87,42,13,38,101,102,489,-415
2021-22,1629628,RJ Barrett,1610612752,NYK,22.0,70,33,37,2417.19,487,1194,138,404,290,406,66,342,408,208,151,43,16,105,142,284,1402,-146
2021-22,200765,Rajon Rondo,1610612739,CLE,36.0,39,16,23,697.9333333333333,68,176,31,88,19,26,15,93,108,170,68,30,6,10,56,32,186,-110
2021-22,203526,Raul Neto,1610612764,WAS,30.0,70,29,41,1371.995,204,441,35,120,83,108,13,121,134,217,79,55,3,24,104,133,526,-87
2021-22,1629730,Rayjon Tucker,1610612749,MIL,24.0,5,2,3,70.81833333333333,6,9,4,5,5,7,3,5,8,10,1,4,0,0,5,5,21,-2
2021-22,203493,Reggie Bullock Jr.,1610612742,DAL,31.0,68,44,24,1901.8483333333334,201,501,141,392,40,48,33,208,241,83,40,41,14,16,111,23,583,270
2021-22,202704,Reggie Jackson,1610612746,LAC,32.0,75,38,37,2336.528333333333,479,1222,167,512,138,163,39,232,271,359,173,55,15,38,159,185,1263,-70
2021-22,1629617,Reggie Perry,1610612757,POR,22.0,10,0,10,187.26666666666668,40,79,3,16,9,15,15,32,47,12,11,9,6,3,33,12,92,-78
2021-22,1626158,Richaun Holmes,1610612758,SAC,28.0,45,16,29,1074.0783333333334,198,300,2,5,70,90,93,224,317,48,56,17,41,20,128,85,468,-136
2021-22,201937,Ricky Rubio,1610612754,IND,31.0,34,20,14,970.15,149,411,59,174,88,103,15,126,141,225,90,49,7,26,75,99,445,184
2021-22,1630306,Rob Edwards,1610612760,OKC,25.0,2,0,2,10.85,1,4,1,4,0,0,0,3,3,0,1,0,0,0,0,0,3,-14
2021-22,203496,Robert Covington,1610612746,LAC,31.0,71,34,37,1939.48,209,498,128,339,58,69,59,332,391,92,75,103,91,28,190,71,604,38
2021-22,1629057,Robert Williams III,1610612738,BOS,24.0,61,40,21,1804.3333333333333,271,368,0,1,65,90,238,350,588,121,63,56,134,10,137,74,607,370
2021-22,1630218,Robert Woodard II,1610612759,SAS,22.0,12,0,12,42.193333333333335,2,16,1,4,2,2,5,6,11,3,1,1,1,2,3,3,7,15
2021-22,201577,Robin Lopez,1610612753,ORL,34.0,36,9,27,611.9033333333333,110,199,2,6,32,54,68,58,126,54,44,2,18,5,67,59,254,-65
2021-22,203918,Rodney Hood,1610612746,LAC,29.0,52,30,22,709.435,58,157,30,91,17,19,15,62,77,38,11,15,6,0,31,20,163,9
2021-22,203585,Rodney McGruder,1610612765,DET,30.0,51,13,38,754.0566666666666,98,225,58,146,19,26,31,80,111,48,24,21,7,15,58,26,273,-56
2021-22,1629641,Romeo Langford,1610612759,SAS,22.0,48,24,24,770.9066666666666,83,191,29,85,23,42,30,78,108,21,16,22,16,14,47,37,218,5
2021-22,1626220,Royce O'Neale,1610612762,UTA,29.0,77,46,31,2405.5383333333334,203,444,119,306,45,56,64,304,368,191,79,86,32,15,183,77,570,232
2021-22,1630612,Ruben Nembhard Jr.,1610612739,CLE,23.0,14,6,8,62.733333333333334,6,18,0,2,3,4,3,4,7,12,3,1,0,3,2,6,15,-7
2021-22,200752,Rudy Gay,1610612762,UTA,35.0,55,34,21,1038.2366666666667,157,379,70,203,62,79,55,187,242,56,47,25,19,19,95,60,446,183
2021-22,203497,Rudy Gobert,1610612762,UTA,30.0,66,42,24,2120.4166666666665,362,508,0,4,303,439,241,727,968,72,119,45,137,48,176,384,1027,417
2021-22,1629060,Rui Hachimura,1610612764,WAS,24.0,42,16,26,943.525,187,381,55,123,46,66,25,135,160,48,33,23,9,16,53,60,475,-127
2021-22,201566,Russell Westbrook,1610612747,LAL,33.0,78,31,47,2677.866666666667,548,1233,79,265,266,399,110,470,580,550,295,75,20,82,235,306,1441,-211
2021-22,1627853,Ryan Arcidiacono,1610612752,NYK,28.0,10,8,2,76.25333333333333,6,12,4,9,0,0,0,8,8,4,3,1,0,0,5,5,16,-12
2021-22,1630240,Saben Lee,1610612765,DET,23.0,37,8,29,603.7283333333334,69,177,14,60,56,71,18,69,87,107,36,36,12,22,44,66,208,-80
2021-22,1630180,Saddiq Bey,1610612765,DET,23.0,82,23,59,2704.1766666666667,450,1136,211,610,210,254,107,334,441,233,96,73,16,52,128,184,1321,-499
2021-22,1626155,Sam Dekker,1610612761,TOR,28.0,1,1,0,0.9066666666666666,0,0,0,0,0,0,0,0,0,0,0,0,0,0,0,0,0,-5
2021-22,1630573,Sam Hauser,1610612738,BOS,24.0,26,20,6,157.605,23,50,19,44,0,0,5,24,29,10,2,1,2,1,7,1,65,1
2021-22,1630241,Sam Merrill,1610612763,MEM,26.0,6,2,4,57.833333333333336,8,24,7,23,2,4,1,6,7,4,2,0,0,0,3,5,25,-9
2021-22,1630572,Sandro Mamukelashvili,1610612749,MIL,23.0,41,22,19,407.00166666666667,57,115,22,52,18,22,35,47,82,22,15,9,9,9,28,20,154,-145
2021-22,1630583,Santi Aldama,1610612763,MEM,21.0,32,20,12,359.7683333333333,53,132,6,48,20,32,33,54,87,21,16,6,10,5,36,27,132,16
2021-22,1630567,Scottie Barnes,1610612761,TOR,20.0,74,43,31,2617.2883333333334,459,932,58,193,158,215,195,362,557,256,136,80,55,38,192,217,1134,66
2021-22,1630575,Scottie Lewis,1610612766,CHA,22.0,2,1,1,6.55,0,0,0,0,1,2,0,0,0,1,0,1,0,0,0,1,1,-4
2021-22,203816,Scotty Hopson,1610612760,OKC,32.0,1,0,1,17.733333333333334,2,4,0,1,0,0,0,1,1,1,2,0,0,0,1,0,4,-6
2021-22,1629635,Sekou Doumbouya,1610612747,LAL,21.0,2,0,2,16.383333333333333,5,8,1,2,3,4,2,4,6,0,2,3,2,1,1,3,14,24
2021-22,1628400,Semi Ojeleye,1610612746,LAC,27.0,30,14,16,405.83666666666664,30,99,15,50,23,29,27,47,74,9,9,7,6,9,30,23,98,-144
2021-22,201586,Serge Ibaka,1610612749,MIL,32.0,54,30,24,877.6016666666667,148,296,37,99,32,44,62,188,250,49,43,11,33,13,102,37,365,-54
2021-22,203552,Seth Curry,1610612751,BKN,31.0,64,38,26,2134.266666666667,360,739,158,374,82,94,21,179,200,230,109,53,14,13,148,104,960,193
2021-22,1628983,Shai Gilgeous-Alexander,1610612760,OKC,23.0,56,16,40,1941.855,477,1052,89,297,328,405,37,241,278,331,154,71,46,64,142,309,1371,-264
2021-22,1629003,Shake Milton,1610612755,PHI,25.0,55,34,21,1179.4333333333334,173,403,43,133,61,73,30,112,142,139,44,28,17,20,99,77,450,-29
2021-22,1629783,Shaq Buchanan,1610612763,MEM,25.0,2,2,0,9.816666666666666,1,4,0,2,0,0,1,1,2,2,2,1,0,1,1,0,2,-2
2021-22,1627885,Shaquille Harrison,1610612751,BKN,28.0,2,1,1,22.583333333333332,2,6,0,2,0,0,1,3,4,3,2,1,1,1,3,1,4,-4
2021-22,1630536,Sharife Cooper,1610612737,ATL,21.0,13,8,5,38.586666666666666,3,14,1,6,0,0,0,5,5,5,5,0,0,3,1,1,7,-35
2021-22,1630219,Skylar Mays,1610612737,ATL,24.0,28,17,11,219.88666666666666,32,64,8,25,8,9,5,20,25,17,10,7,0,5,9,11,80,-53
2021-22,203524,Solomon Hill,1610612737,ATL,31.0,13,7,6,139.41333333333333,3,20,2,13,0,0,6,17,23,12,1,4,2,1,16,2,8,41
2021-22,203915,Spencer Dinwiddie,1610612742,DAL,29.0,67,38,29,1980.4916666666666,306,735,112,330,195,252,45,234,279,346,104,44,13,40,150,205,919,-47
2021-22,1626169,Stanley Johnson,1610612747,LAL,26.0,48,16,32,1094.3983333333333,117,251,33,105,53,74,34,121,155,80,35,43,14,19,109,62,320,-49
2021-22,201939,Stephen Curry,1610612744,GSW,34.0,64,45,19,2211.085,535,1224,285,750,275,298,34,301,335,404,206,85,23,39,130,226,1630,509
2021-22,1628425,Sterling Brown,1610612742,DAL,27.0,49,31,18,628.4116666666666,59,155,28,92,14,15,26,123,149,34,23,14,7,13,56,12,160,32
2021-22,203500,Steven Adams,1610612763,MEM,28.0,76,51,25,1998.5766666666666,210,384,0,1,108,199,349,411,760,256,115,65,60,44,153,200,528,353
2021-22,1629004,Svi Mykhailiuk,1610612761,TOR,25.0,56,29,27,716.1216666666667,91,234,41,134,32,37,20,72,92,45,32,26,4,11,54,27,255,-78
2021-22,204456,T.J. McConnell,1610612754,IND,30.0,27,9,18,652.1033333333334,100,208,10,33,19,23,20,70,90,131,29,29,10,11,53,39,229,-74
2021-22,1629605,Tacko Fall,1610612739,CLE,26.0,11,4,7,58.78333333333333,5,12,0,0,2,7,7,16,23,2,3,0,6,1,3,8,12,5
2021-22,201959,Taj Gibson,1610612752,NYK,37.0,52,24,28,945.7233333333334,86,166,15,38,42,52,88,141,229,32,27,22,40,9,137,48,229,43
2021-22,1629659,Talen Horton-Tucker,1610612747,LAL,21.0,60,23,37,1511.0283333333334,224,538,49,182,100,125,37,156,193,159,82,59,29,28,148,97,597,-90
2021-22,1627752,Taurean Prince,1610612750,MIN,28.0,69,40,29,1176.655,177,390,86,229,62,82,26,148,174,68,53,47,23,13,116,83,502,-5
2021-22,1629611,Terance Mann,1610612746,LAC,25.0,81,41,40,2316.81,334,690,76,208,128,164,104,321,425,209,84,55,21,44,178,158,872,68
2021-22,1629056,Terence Davis,1610612758,SAC,25.0,30,11,19,536.3116666666666,113,267,49,149,36,44,11,83,94,40,33,25,11,14,70,34,311,60
2021-22,203082,Terrence Ross,1610612753,ORL,31.0,63,14,49,1448.1783333333333,220,554,77,264,112,130,20,141,161,116,75,28,12,24,68,95,629,-348
2021-22,1626179,Terry Rozier,1610612766,CHA,28.0,73,38,35,2457.8433333333332,518,1167,222,593,150,176,56,259,315,326,96,93,25,46,119,172,1408,74
2021-22,1630678,Terry Taylor,1610612754,IND,22.0,33,7,26,713.795,135,220,12,38,36,51,95,77,172,41,23,14,8,14,61,40,318,-114
2021-22,201152,Thaddeus Young,1610612761,TOR,34.0,52,27,25,845.2083333333334,141,272,17,48,23,49,80,128,208,104,52,54,18,20,81,51,322,20
2021-22,203648,Thanasis Antetokounmpo,1610612749,MIL,29.0,48,26,22,473.3433333333333,70,128,2,14,29,46,40,61,101,22,26,16,12,13,68,37,171,-115
2021-22,1630177,Theo Maledon,1610612760,OKC,21.0,51,14,37,908.22,119,317,44,150,79,100,20,111,131,111,65,31,11,24,67,94,361,-199
2021-22,1629033,Theo Pinson,1610612742,DAL,26.0,19,14,5,148.09666666666666,14,39,10,30,10,10,2,19,21,17,5,5,2,0,12,8,48,-41
2021-22,1628418,Thomas Bryant,1610612764,WAS,24.0,27,8,19,439.11333333333334,77,148,12,42,35,40,26,82,108,23,19,6,21,7,43,38,201,-75
2021-22,204025,Tim Frazier,1610612739,CLE,31.0,12,1,11,207.59833333333333,14,45,6,17,5,9,5,14,19,34,15,3,1,2,27,12,39,-80
2021-22,203501,Tim Hardaway Jr.,1610612742,DAL,30.0,42,24,18,1245.01,209,530,102,304,78,103,13,143,156,92,34,38,6,18,74,88,598,36
2021-22,1627789,Timothe Luwawu-Cabarrot,1610612737,ATL,27.0,52,30,22,684.8116666666666,74,186,44,122,35,41,17,65,82,40,20,18,6,9,76,36,227,-51
2021-22,202699,Tobias Harris,1610612755,PHI,29.0,73,45,28,2543.155,493,1022,101,275,170,202,77,419,496,252,116,47,43,71,164,161,1257,171
2021-22,203107,Tomas Satoransky,1610612764,WAS,30.0,55,21,34,905.9883333333333,72,191,11,53,43,54,27,99,126,184,46,29,5,11,71,61,198,-163
2021-22,1628396,Tony Bradley,1610612741,CHI,24.0,55,28,27,549.065,72,123,0,0,19,29,67,119,186,27,34,10,33,18,62,34,163,70
2021-22,203503,Tony Snell,1610612740,NOP,30.0,53,19,34,822.4883333333333,69,171,45,128,4,4,16,87,103,28,19,16,9,4,70,9,187,-117
2021-22,1628470,Torrey Craig,1610612756,PHX,31.0,78,36,42,1595.82,200,441,77,234,39,52,86,224,310,91,67,46,36,14,151,54,516,-184
2021-22,1629027,Trae Young,1610612737,ATL,23.0,76,40,36,2651.891666666667,711,1544,233,610,500,553,50,234,284,737,303,72,7,93,128,452,2155,159
2021-22,1629309,Trayvon Palmer,1610612765,DET,27.0,1,0,1,16.773333333333333,0,1,0,0,0,0,0,2,2,0,1,0,0,0,2,0,0,-12
2021-22,1630200,Tre Jones,1610612759,SAS,22.0,69,32,37,1148.125,166,339,10,51,71,91,29,126,155,233,46,42,7,28,78,106,413,-16
2021-22,1630544,Tre Mann,1610612760,OKC,21.0,60,17,43,1366.925,231,588,98,272,65,82,25,146,171,91,71,47,12,33,102,74,625,-278
2021-22,1629682,Tremont Waters,1610612764,WAS,24.0,3,0,3,50.278333333333336,4,14,2,9,0,0,0,4,4,7,4,5,0,0,4,2,10,-19
2021-22,1630570,Trendon Watford,1610612757,POR,21.0,48,16,32,869.3466666666667,142,267,9,38,71,94,57,142,199,81,44,25,28,20,116,77,364,-350
2021-22,1630235,Trent Forrest,1610612762,UTA,24.0,60,36,24,765.5183333333333,76,155,5,27,38,48,23,76,99,106,48,30,6,12,43,44,195,78
2021-22,1630243,Trevelin Queen,1610612745,HOU,25.0,10,1,9,74.43833333333333,15,33,9,24,4,4,7,9,16,4,7,5,1,0,6,5,43,8
2021-22,1630286,Trevon Scott,1610612739,CLE,25.0,2,1,1,11.366666666666667,3,6,0,1,0,0,1,1,2,0,0,1,1,0,2,0,6,4
2021-22,2772,Trevor Ariza,1610612747,LAL,37.0,24,8,16,462.30333333333334,33,99,20,74,10,18,10,72,82,27,11,13,6,3,20,19,96,-56
2021-22,203504,Trey Burke,1610612742,DAL,29.0,42,24,18,441.195,84,215,26,82,20,23,4,29,33,57,26,12,0,6,39,30,214,-10
2021-22,1626168,Trey Lyles,1610612758,SAC,26.0,75,19,56,1536.2666666666667,262,562,67,209,195,243,89,290,379,88,73,29,32,34,123,195,786,-228
2021-22,1630530,Trey Murphy III,1610612740,NOP,22.0,62,31,31,863.595,109,277,71,186,45,51,47,100,147,38,16,23,7,13,60,44,334,-1
2021-22,202684,Tristan Thompson,1610612741,CHI,31.0,57,20,37,896.2183333333334,141,267,1,3,61,116,120,168,288,34,45,23,21,29,98,114,344,-65
2021-22,1628972,Troy Brown Jr.,1610612741,CHI,22.0,66,37,29,1054.74,108,258,47,133,20,26,39,164,203,66,26,36,5,25,62,28,283,-44
2021-22,1629660,Ty Jerome,1610612760,OKC,24.0,48,15,33,801.0916666666667,124,328,54,186,38,47,19,59,78,109,37,30,5,18,73,54,340,-7
2021-22,1629076,Tyler Cook,1610612741,CHI,24.0,20,13,7,199.61666666666667,23,38,0,0,21,32,16,37,53,3,7,4,4,6,28,31,67,-27
2021-22,1629788,Tyler Hall,1610612752,NYK,25.0,1,1,0,1.9333333333333333,0,0,0,0,0,0,0,0,0,0,0,0,0,0,0,0,0,-5
2021-22,1629639,Tyler Herro,1610612748,MIA,22.0,66,44,22,2151.0116666666668,501,1122,175,439,190,219,32,297,329,263,174,44,8,75,95,175,1367,240
2021-22,204020,Tyler Johnson,1610612759,SAS,30.0,6,2,4,91.375,6,20,5,13,0,0,3,9,12,7,2,3,3,1,7,6,17,-6
2021-22,1630179,Tyrell Terry,1610612763,MEM,21.0,2,2,0,3.05,1,1,0,0,0,0,0,0,0,0,0,0,0,0,1,0,2,-2
2021-22,1630169,Tyrese Haliburton,1610612754,IND,22.0,77,26,51,2694.1316666666667,430,909,161,389,160,190,61,250,311,628,199,134,49,37,121,173,1181,-327
2021-22,1630178,Tyrese Maxey,1610612755,PHI,21.0,75,45,30,2650.3566666666666,483,995,132,309,213,246,26,214,240,321,88,55,32,54,156,177,1311,192
2021-22,1627820,Tyrone Wallace,1610612740,NOP,28.0,6,4,2,74.92166666666667,7,20,2,8,1,5,0,8,8,1,2,3,1,1,7,5,17,-18
2021-22,1626145,Tyus Jones,1610612763,MEM,26.0,73,51,22,1549.4366666666667,249,552,80,205,54,66,17,159,176,324,46,66,2,18,32,73,632,255
2021-22,1628962,Udoka Azubuike,1610612762,UTA,22.0,17,11,6,194.875,37,49,0,0,6,11,18,53,71,0,12,1,11,2,25,10,80,4
2021-22,2617,Udonis Haslem,1610612748,MIA,42.0,13,10,3,83.21666666666667,14,31,1,4,3,3,4,21,25,4,5,1,1,3,15,6,32,-15
2021-22,1630586,Usman Garuba,1610612745,HOU,20.0,24,2,22,239.16,19,44,5,20,5,7,21,62,83,17,6,10,11,6,28,8,48,33
2021-22,1630176,Vernon Carey Jr.,1610612764,WAS,21.0,7,3,4,44.14833333333333,7,13,0,0,6,13,8,4,12,0,3,2,1,0,4,8,20,-44
2021-22,203506,Victor Oladipo,1610612748,MIA,30.0,8,4,4,173.11666666666667,35,73,15,36,14,19,3,20,23,28,16,5,1,3,13,17,99,-5
2021-22,1628427,Vlatko Čančar,1610612743,DEN,25.0,15,7,8,176.32666666666665,23,41,7,12,9,14,8,23,31,17,9,2,3,3,18,16,62,4
2021-22,1630249,Vít Krejčí,1610612760,OKC,22.0,30,8,22,689.9,68,167,32,98,19,22,18,83,101,57,29,19,8,9,65,20,187,-179
2021-22,201961,Wayne Ellington,1610612747,LAL,34.0,43,15,28,810.2266666666667,98,237,82,211,9,11,10,67,77,30,19,23,5,4,42,17,287,-59
2021-22,1627782,Wayne Selden,1610612752,NYK,27.0,3,2,1,19.14,1,4,1,2,2,4,0,1,1,1,0,0,0,1,1,2,5,-13
2021-22,1628976,Wendell Carter Jr.,1610612753,ORL,23.0,62,16,46,1851.57,359,684,70,214,143,207,139,509,648,171,117,36,43,35,169,186,931,-135
2021-22,1629117,Wenyen Gabriel,1610612747,LAL,25.0,26,8,18,358.79333333333335,54,110,8,28,25,42,39,58,97,14,16,5,11,16,68,33,141,44
2021-22,1628411,Wes Iwundu,1610612737,ATL,27.0,3,2,1,82.21666666666667,8,18,3,5,3,4,3,10,13,0,1,1,0,4,8,4,22,0
2021-22,202083,Wesley Matthews,1610612749,MIL,35.0,49,33,16,1002.17,87,220,53,157,22,28,30,62,92,36,18,23,8,10,87,56,249,139
2021-22,203115,Will Barton,1610612743,DEN,31.0,71,41,30,2276.463333333333,392,896,157,430,102,127,44,296,340,276,127,55,31,47,114,128,1043,98
2021-22,1626161,Willie Cauley-Stein,1610612755,PHI,28.0,20,12,8,182.81666666666666,16,35,1,2,1,2,13,27,40,10,7,6,3,6,19,4,34,24
2021-22,1626195,Willy Hernangomez,1610612740,NOP,28.0,50,22,28,838.9583333333334,170,327,4,12,109,141,143,195,338,63,51,21,19,27,97,103,453,-45
2021-22,1629875,Xavier Moon,1610612746,LAC,27.0,10,7,3,137.36833333333334,25,51,5,14,3,5,2,12,14,24,6,7,3,3,9,5,58,2
2021-22,1630270,Xavier Sneed,1610612762,UTA,24.0,9,7,2,38.71666666666667,2,10,1,8,0,0,2,4,6,1,0,0,0,0,2,0,5,-6
2021-22,1630214,Xavier Tillman,1610612763,MEM,23.0,53,35,18,700.55,98,216,10,49,46,71,66,95,161,62,34,49,15,15,63,53,252,-26
2021-22,1629139,Yuta Watanabe,1610612761,TOR,27.0,38,21,17,445.46166666666664,56,138,27,79,24,40,18,74,92,21,19,11,16,7,38,36,163,-54
2021-22,1630582,Yves Pons,1610612763,MEM,23.0,12,9,3,70.975,5,16,3,9,0,2,5,7,12,1,1,1,4,1,6,3,13,-30
2021-22,1628380,Zach Collins,1610612759,SAS,24.0,28,14,14,502.04,76,155,14,41,52,65,46,107,153,61,45,13,23,16,67,56,218,38
2021-22,203897,Zach LaVine,1610612741,CHI,27.0,67,37,30,2328.0783333333334,565,1186,185,475,320,375,22,286,308,303,171,41,23,61,120,266,1635,-26
2021-22,1630285,Zavier Simpson,1610612760,OKC,25.0,4,1,3,174.08333333333334,19,52,1,8,5,5,2,19,21,30,10,5,4,7,15,8,44,-95
2021-22,1630192,Zeke Nnaji,1610612743,DEN,21.0,41,24,17,697.6083333333333,96,186,37,80,41,65,56,91,147,17,23,16,13,19,79,52,270,-45
2021-22,1630533,Ziaire Williams,1610612763,MEM,20.0,62,41,21,1346.4666666666667,191,424,76,242,43,55,26,103,129,65,41,35,12,17,113,51,501,122
2021-22,1629597,Zylan Cheatham,1610612762,UTA,26.0,1,0,1,5.183333333333334,0,3,0,2,0,0,0,0,0,0,0,0,0,0,0,0,0,-13
2022-23,1630639,A.J. Lawson,1610612742,DAL,22.0,15,5,10,108.26833333333333,22,44,10,25,2,8,6,15,21,2,3,2,0,3,11,6,56,-46
2022-23,1631260,AJ Green,1610612749,MIL,23.0,35,27,8,344.95,53,125,44,105,4,4,6,39,45,22,9,6,0,1,31,4,154,-26
2022-23,1631100,AJ Griffin,1610612737,ATL,19.0,72,34,38,1401.435,248,533,101,259,42,47,37,116,153,73,42,42,12,22,87,40,639,63
2022-23,203932,Aaron Gordon,1610612743,DEN,27.0,68,45,23,2055.1066666666666,429,761,60,173,191,314,164,282,446,203,98,54,51,65,129,242,1109,518
2022-23,1628988,Aaron Holiday,1610612737,ATL,26.0,63,32,31,845.2566666666667,92,220,36,88,27,32,25,49,74,89,36,37,12,16,79,50,247,17
2022-23,1630174,Aaron Nesmith,1610612754,IND,23.0,73,30,43,1816.4033333333334,252,590,115,314,119,142,62,215,277,98,75,55,34,46,235,141,738,-211
2022-23,1630598,Aaron Wiggins,1610612760,OKC,24.0,70,37,33,1297.4366666666667,186,363,48,122,59,71,68,143,211,80,56,39,15,33,110,61,479,9
2022-23,1629678,Admiral Schofield,1610612753,ORL,26.0,37,14,23,451.26166666666666,55,122,24,74,21,23,23,39,62,31,16,8,5,6,61,28,155,-79
2022-23,201143,Al Horford,1610612738,BOS,37.0,63,44,19,1921.375,228,479,145,325,15,21,73,317,390,189,37,30,61,8,121,34,616,309
2022-23,202692,Alec Burks,1610612765,DET,31.0,51,12,39,1122.4433333333334,200,459,99,239,153,188,19,139,158,114,58,38,8,14,98,138,652,-7
2022-23,1630197,Aleksej Pokusevski,1610612760,OKC,21.0,34,16,18,701.3483333333334,108,249,38,104,22,35,45,114,159,64,43,20,43,8,58,29,276,-196
2022-23,1627936,Alex Caruso,1610612741,CHI,29.0,67,33,34,1575.3766666666668,130,286,55,151,59,73,42,154,196,193,77,98,46,15,159,106,374,199
2022-23,203458,Alex Len,1610612758,SAC,30.0,26,15,11,161.24666666666667,16,30,0,2,11,16,24,36,60,12,16,4,11,1,28,10,43,19
2022-23,1628993,Alize Johnson,1610612759,SAS,27.0,4,1,3,29.516666666666666,3,6,0,2,1,2,2,8,10,1,4,1,0,0,3,4,7,12
2022-23,1631214,Alondes Williams,1610612751,BKN,24.0,1,1,0,5.266666666666667,0,0,0,0,0,0,0,1,1,0,2,0,0,0,1,0,0,-5
2022-23,1630578,Alperen Sengun,1610612745,HOU,20.0,75,18,57,2170.6566666666668,442,799,19,57,206,288,242,436,678,291,193,70,70,62,258,330,1109,-283
2022-23,1629599,Amir Coffey,1610612746,LAC,26.0,50,26,24,625.2766666666666,56,145,11,40,49,63,17,36,53,53,21,7,5,16,50,46,172,-114
2022-23,203083,Andre Drummond,1610612741,CHI,29.0,67,32,35,849.1383333333333,166,274,0,3,67,125,138,306,444,33,75,45,27,27,117,109,399,25
2022-23,2738,Andre Iguodala,1610612744,GSW,39.0,8,3,5,112.56333333333333,7,15,1,9,2,3,3,14,17,19,9,4,3,0,11,9,17,35
2022-23,1629614,Andrew Nembhard,1610612754,IND,23.0,75,32,43,2073.5316666666668,284,644,92,263,49,62,35,164,199,341,126,70,13,25,179,117,709,-263
2022-23,203952,Andrew Wiggins,1610612744,GSW,28.0,37,19,18,1190.28,250,529,89,225,44,72,61,125,186,85,48,45,28,21,107,82,633,118
2022-23,1629014,Anfernee Simons,1610612757,POR,24.0,62,27,35,2170.66,467,1045,212,562,160,179,18,143,161,253,128,42,14,42,142,129,1306,-75
2022-23,203076,Anthony Davis,1610612747,LAL,30.0,56,31,25,1904.51,542,962,19,74,348,444,195,507,702,148,122,59,114,58,146,329,1451,205
2022-23,1630162,Anthony Edwards,1610612750,MIN,21.0,79,40,39,2841.455,707,1541,213,578,319,422,47,411,458,350,259,125,58,59,186,278,1946,97
2022-23,1630264,Anthony Gill,1610612764,WAS,30.0,59,21,38,624.5933333333334,71,132,4,29,49,67,37,62,99,34,15,7,12,10,70,57,195,-12
2022-23,1630237,Anthony Lamb,1610612744,GSW,25.0,62,36,26,1195.0183333333334,148,314,73,199,46,60,56,159,215,96,54,28,20,11,134,68,415,32
2022-23,1630559,Austin Reaves,1610612747,LAL,25.0,64,35,29,1843.2266666666667,259,490,86,216,229,265,33,160,193,215,99,33,19,19,108,236,833,214
2022-23,203085,Austin Rivers,1610612750,MIN,30.0,52,25,27,1016.33,91,209,43,123,30,39,5,78,83,75,23,28,4,13,80,46,255,-142
2022-23,1630245,Ayo Dosunmu,1610612741,CHI,23.0,80,40,40,2097.616666666667,281,570,59,189,66,82,45,175,220,206,99,62,26,49,182,67,687,-77
2022-23,1628389,Bam Adebayo,1610612748,MIA,25.0,75,40,35,2597.9933333333333,602,1114,1,12,324,402,184,504,688,240,187,88,61,49,208,360,1529,117
2022-23,1627732,Ben Simmons,1610612751,BKN,26.0,42,24,18,1105.0166666666667,133,235,0,2,25,57,40,223,263,256,97,54,24,10,139,72,291,40
2022-23,1631097,Bennedict Mathurin,1610612754,IND,21.0,78,33,45,2222.38,413,951,100,310,376,454,87,231,318,116,152,48,13,84,162,305,1302,-179
2022-23,202687,Bismack Biyombo,1610612756,PHX,30.0,61,33,28,874.085,119,206,0,0,25,70,89,171,260,56,51,18,88,11,114,82,263,48
2022-23,201933,Blake Griffin,1610612738,BOS,34.0,41,27,14,568.885,63,130,23,66,21,32,47,108,155,61,22,14,9,5,75,48,170,105
2022-23,1631104,Blake Wesley,1610612759,SAS,20.0,37,9,28,669.055,69,215,20,52,26,44,12,70,82,98,65,25,5,26,67,34,184,-198
2022-23,1626246,Boban Marjanovic,1610612745,HOU,34.0,31,7,24,171.065,41,60,0,1,20,27,20,40,60,9,14,5,2,3,10,29,102,66
2022-23,1626171,Bobby Portis,1610612749,MIL,28.0,70,47,23,1818.4316666666666,398,803,95,257,96,125,154,518,672,105,81,29,16,34,115,98,987,17
2022-23,203992,Bogdan Bogdanović,1610612737,ATL,30.0,54,27,27,1508.6083333333333,273,611,146,360,64,77,23,142,165,150,65,43,18,13,86,63,756,64
2022-23,202711,Bojan Bogdanovic,1610612765,DET,34.0,59,15,44,1892.8666666666666,430,882,145,353,268,303,36,187,223,152,135,34,8,79,113,211,1273,-330
2022-23,1629626,Bol Bol,1610612753,ORL,23.0,70,26,44,1505.4183333333333,261,478,30,113,82,108,69,336,405,69,112,30,85,19,92,86,634,-146
2022-23,1630538,Bones Hyland,1610612746,LAC,22.0,56,36,20,1085.4883333333332,228,571,117,315,86,102,20,115,135,172,82,39,15,36,96,94,659,-129
2022-23,203078,Bradley Beal,1610612764,WAS,30.0,50,24,26,1672.9333333333334,444,878,80,219,192,228,41,155,196,271,145,45,33,33,107,169,1160,42
2022-23,1630527,Brandon Boston,1610612746,LAC,21.0,22,9,13,248.345,51,122,12,29,29,38,7,23,30,20,12,9,0,11,21,29,143,-44
2022-23,1629634,Brandon Clarke,1610612763,MEM,26.0,56,32,24,1090.1383333333333,229,349,1,6,100,139,92,218,310,72,55,34,37,18,131,122,559,-14
2022-23,1627742,Brandon Ingram,1610612740,NOP,25.0,45,23,22,1538.0766666666666,404,835,64,164,240,272,23,223,246,262,148,32,19,37,116,222,1112,96
2022-23,1630296,Braxton Key,1610612765,DET,26.0,3,0,3,9.1,1,1,0,0,2,2,0,1,1,0,0,0,0,0,0,2,4,-3
2022-23,201572,Brook Lopez,1610612749,MIL,35.0,78,57,21,2372.4766666666665,477,899,136,364,149,190,157,363,520,99,107,37,193,26,203,164,1239,398
2022-23,1628971,Bruce Brown,1610612743,DEN,26.0,80,53,27,2279.485,358,741,91,254,116,153,63,265,328,268,123,87,51,38,190,118,923,31
2022-23,1628981,Bruno Fernando,1610612737,ATL,24.0,39,13,26,405.12166666666667,59,112,0,4,35,50,54,83,137,31,25,6,34,14,74,42,153,-75
2022-23,1631121,Bryce McGowens,1610612766,CHA,20.0,46,16,30,786.9966666666667,80,202,26,80,60,80,20,73,93,54,43,15,6,19,48,69,246,-150
2022-23,1627854,Bryn Forbes,1610612750,MIN,29.0,25,9,16,267.72,30,83,14,46,15,15,4,11,15,17,12,7,2,5,22,13,89,-48
2022-23,1631205,Buddy Boeheim,1610612765,DET,23.0,10,2,8,90.14333333333333,5,27,4,25,2,2,2,4,6,4,0,2,0,0,6,1,16,3
2022-23,1627741,Buddy Hield,1610612754,IND,30.0,80,35,45,2481.875,475,1038,288,677,106,129,67,333,400,225,139,92,26,40,156,68,1344,-84
2022-23,203468,CJ McCollum,1610612740,NOP,31.0,75,38,37,2649.1683333333335,587,1344,211,543,183,238,55,273,328,429,183,70,38,60,153,179,1568,59
2022-23,1630595,Cade Cunningham,1610612765,DET,21.0,12,3,9,400.18333333333334,93,224,17,61,36,43,12,62,74,72,39,10,7,23,34,37,239,-60
2022-23,1631216,Caleb Houstan,1610612753,ORL,20.0,51,20,31,812.19,66,182,46,136,15,18,34,65,99,30,18,12,7,7,63,14,193,-84
2022-23,1628997,Caleb Martin,1610612748,MIA,27.0,71,38,33,2077.7383333333332,254,548,84,236,91,113,88,256,344,117,79,71,31,26,145,123,683,-9
2022-23,1629629,Cam Reddish,1610612757,POR,23.0,40,14,26,989.6066666666667,139,312,45,144,64,75,18,70,88,57,47,39,14,20,72,56,387,-193
2022-23,1630560,Cam Thomas,1610612751,BKN,21.0,57,30,27,947.5533333333333,201,456,51,133,151,174,8,87,95,78,63,20,7,14,55,125,604,-4
2022-23,1629661,Cameron Johnson,1610612751,BKN,27.0,42,25,17,1199.815,223,474,103,255,101,120,34,151,185,78,37,50,14,26,83,91,650,155
2022-23,1626166,Cameron Payne,1610612756,PHX,28.0,48,27,21,968.3116666666666,188,453,68,185,49,64,12,94,106,214,81,33,8,21,88,63,493,77
2022-23,1627747,Caris LeVert,1610612739,CLE,28.0,74,45,29,2237.34,320,742,127,324,130,180,53,229,282,287,116,72,24,33,170,165,897,194
2022-23,1630637,Carlik Jones,1610612741,CHI,25.0,7,4,3,55.97,6,15,3,6,5,8,1,4,5,6,2,2,0,2,2,5,20,26
2022-23,1626224,Cedi Osman,1610612739,CLE,28.0,77,48,29,1548.3133333333333,239,530,116,312,75,108,25,151,176,115,52,35,11,22,122,112,669,228
2022-23,1628435,Chance Comanche,1610612757,POR,27.0,1,0,1,20.783333333333335,3,5,0,0,1,4,2,1,3,0,0,0,1,0,0,4,7,-29
2022-23,1629646,Charles Bassey,1610612759,SAS,22.0,35,9,26,507.87166666666667,87,135,3,8,22,37,75,118,193,48,41,16,33,4,74,29,199,-32
2022-23,1631320,Chima Moneke,1610612758,SAC,27.0,2,1,1,7.931666666666667,1,2,0,0,0,2,2,0,2,1,2,0,0,0,2,1,2,-9
2022-23,1629002,Chimezie Metu,1610612758,SAC,26.0,66,41,25,689.0166666666667,129,219,9,38,54,73,47,151,198,40,32,22,21,11,81,62,321,88
2022-23,1628449,Chris Boucher,1610612761,TOR,30.0,76,39,37,1523.47,261,529,62,189,128,168,157,264,421,29,41,47,64,35,143,139,712,-18
2022-23,1630537,Chris Duarte,1610612754,IND,26.0,46,19,27,897.2266666666667,123,333,55,174,61,72,19,96,115,64,41,25,9,19,65,66,362,-114
2022-23,101108,Chris Paul,1610612756,PHX,38.0,59,33,26,1888.635,294,668,98,261,133,160,27,224,251,524,114,91,22,6,126,139,819,84
2022-23,1629735,Chris Silva,1610612737,ATL,26.0,1,1,0,3.0166666666666666,1,1,0,0,0,0,0,0,0,0,1,0,0,0,2,0,2,1
2022-23,1631128,Christian Braun,1610612743,DEN,22.0,76,49,27,1181.14,143,289,34,96,40,64,48,133,181,59,35,41,17,25,101,46,360,-114
2022-23,1631132,Christian Koloko,1610612761,TOR,23.0,58,29,29,801.7933333333333,72,150,1,12,37,59,84,87,171,31,20,21,57,20,128,49,182,156
2022-23,1626174,Christian Wood,1610612742,DAL,27.0,67,33,34,1738.3583333333333,396,769,105,279,217,281,87,404,491,121,121,30,72,40,169,274,1114,-46
2022-23,1629643,Chuma Okeke,1610612753,ORL,24.0,27,8,19,517.9866666666667,43,122,26,86,16,21,26,70,96,37,17,19,11,4,40,15,128,-118
2022-23,203991,Clint Capela,1610612737,ATL,29.0,65,35,30,1730.0833333333333,350,536,0,1,79,131,258,459,717,58,54,45,79,26,139,126,779,-30
2022-23,1629632,Coby White,1610612741,CHI,23.0,74,37,37,1730.2283333333332,263,594,128,344,61,70,16,196,212,204,74,54,6,24,122,94,715,143
2022-23,1628998,Cody Martin,1610612766,CHA,27.0,7,2,5,133.71166666666667,14,36,3,14,4,7,8,16,24,11,2,4,1,4,13,6,35,-26
2022-23,203469,Cody Zeller,1610612748,MIA,30.0,15,6,9,216.61166666666668,37,59,0,2,24,35,25,39,64,10,14,3,4,3,33,33,98,-48
2022-23,1630175,Cole Anthony,1610612753,ORL,23.0,60,28,32,1551.76,277,610,75,206,152,170,47,241,288,235,91,37,31,22,158,123,781,-26
2022-23,1631306,Cole Swider,1610612747,LAL,24.0,7,2,5,41.138333333333335,3,9,3,8,0,0,1,6,7,4,0,0,0,0,3,1,9,3
2022-23,1629012,Collin Sexton,1610612762,UTA,24.0,48,24,24,1145.1533333333334,237,468,48,122,163,199,37,68,105,138,85,27,6,51,112,172,685,-28
2022-23,1630557,Corey Kispert,1610612764,WAS,24.0,74,31,43,2093.29,291,585,163,384,75,88,33,174,207,87,55,32,9,36,97,68,820,-124
2022-23,202709,Cory Joseph,1610612765,DET,31.0,62,12,50,1227.4333333333334,150,351,70,180,57,72,21,85,106,217,56,34,9,19,88,76,427,-110
2022-23,1626156,D'Angelo Russell,1610612747,LAL,27.0,71,39,32,2304.096666666667,445,948,194,490,179,216,35,180,215,437,186,70,29,23,140,186,1263,85
2022-23,1630227,Daishen Nix,1610612745,HOU,21.0,57,15,42,914.3833333333333,81,237,40,140,24,36,18,80,98,132,86,31,7,12,59,41,226,-151
2022-23,1630625,Dalano Banton,1610612761,TOR,23.0,31,17,14,278.54333333333335,55,130,15,51,17,24,11,34,45,36,18,13,13,7,34,20,142,-34
2022-23,1631207,Dalen Terry,1610612741,CHI,20.0,38,19,19,213.945,32,72,7,27,14,21,12,25,37,22,8,11,5,7,24,19,85,12
2022-23,1627745,Damian Jones,1610612762,UTA,28.0,41,12,29,477.39166666666665,55,86,10,17,22,29,42,80,122,15,23,8,21,11,55,31,142,-83
2022-23,203081,Damian Lillard,1610612757,POR,32.0,58,27,31,2106.59,556,1202,244,658,510,558,44,233,277,425,191,50,18,46,109,413,1866,105
2022-23,1627814,Damion Lee,1610612756,PHX,30.0,74,40,34,1506.295,200,452,110,247,94,104,39,186,225,99,78,30,7,14,118,104,604,79
2022-23,1629655,Daniel Gafford,1610612764,WAS,24.0,78,32,46,1604.22,289,395,0,0,127,187,163,270,433,84,85,33,99,28,187,169,705,-89
2022-23,1628464,Daniel Theis,1610612754,IND,31.0,7,1,6,108.83666666666667,21,44,2,11,5,12,7,15,22,9,3,2,6,3,7,10,49,-19
2022-23,201980,Danny Green,1610612739,CLE,36.0,11,6,5,138.71833333333333,22,49,16,37,1,1,3,11,14,6,10,6,3,1,16,2,61,-17
2022-23,1627863,Danuel House Jr.,1610612755,PHI,30.0,56,38,18,807.025,93,197,37,110,45,60,9,85,94,44,26,14,9,4,69,48,268,-16
2022-23,203967,Dario Saric,1610612760,OKC,29.0,57,26,31,805.9533333333334,127,277,45,115,63,76,53,154,207,74,55,20,7,18,99,75,362,37
2022-23,1629647,Darius Bazley,1610612756,PHX,23.0,43,19,24,616.1616666666666,83,183,20,53,38,70,34,104,138,38,27,22,34,26,44,51,224,-70
2022-23,1630620,Darius Days,1610612745,HOU,23.0,4,0,4,24.983333333333334,5,12,3,10,2,2,1,5,6,1,0,0,1,1,2,1,15,1
2022-23,1629636,Darius Garland,1610612739,CLE,23.0,69,40,29,2447.15,522,1129,169,412,277,321,28,157,185,538,199,85,9,54,148,298,1490,438
2022-23,1630561,David Duke Jr.,1610612751,BKN,23.0,23,10,13,228.02333333333334,36,78,1,12,12,17,11,18,29,21,18,10,1,10,31,17,85,-35
2022-23,1631223,David Roddy,1610612763,MEM,22.0,70,44,26,1258.5016666666668,180,420,65,212,41,65,50,143,193,59,57,29,19,24,107,58,466,-61
2022-23,1630558,Davion Mitchell,1610612758,SAC,24.0,80,47,33,1447.03,181,399,63,197,25,31,16,89,105,185,62,44,15,13,112,94,450,1
2022-23,202722,Davis Bertans,1610612742,DAL,30.0,45,20,25,491.81666666666666,69,160,55,141,13,15,10,43,53,21,10,11,8,3,53,28,206,-37
2022-23,1628432,Davon Reed,1610612743,DEN,28.0,43,29,14,342.54833333333335,28,84,17,46,16,24,10,49,59,23,20,15,4,6,39,15,89,-99
2022-23,1630549,Day'Ron Sharpe,1610612751,BKN,21.0,48,22,26,552.4866666666667,93,171,6,11,35,55,99,101,200,37,42,15,32,17,89,45,227,-101
2022-23,1628368,De'Aaron Fox,1610612758,SAC,25.0,73,44,29,2435.241666666667,682,1331,119,367,343,440,40,266,306,447,181,83,23,53,172,343,1826,176
2022-23,1629631,De'Andre Hunter,1610612737,ATL,25.0,67,35,32,2125.63,379,822,100,286,171,207,46,238,284,94,82,35,17,47,199,218,1029,-18
2022-23,1629001,De'Anthony Melton,1610612755,PHI,25.0,77,50,27,2149.826666666667,277,651,157,403,69,87,69,243,312,197,102,126,41,25,191,75,780,102
2022-23,201599,DeAndre Jordan,1610612743,DEN,34.0,39,23,16,585.855,88,115,1,1,22,48,52,150,202,34,48,12,23,6,71,53,199,-119
2022-23,201942,DeMar DeRozan,1610612741,CHI,33.0,74,37,37,2681.61,657,1303,46,142,456,523,34,309,343,377,153,83,36,62,186,396,1816,67
2022-23,1629731,Dean Wade,1610612739,CLE,26.0,44,30,14,891.5633333333334,73,177,45,127,15,23,20,130,150,37,17,28,21,7,89,28,206,108
2022-23,1629028,Deandre Ayton,1610612756,PHX,24.0,67,36,31,2035.3366666666666,522,887,7,24,152,200,172,495,667,115,120,37,53,39,190,166,1203,-7
2022-23,1627749,Dejounte Murray,1610612737,ATL,26.0,74,38,36,2693.395,612,1319,133,387,158,190,53,336,389,448,160,112,19,57,106,156,1515,-62
2022-23,1626153,Delon Wright,1610612764,WAS,31.0,50,26,24,1221.1716666666666,138,291,41,119,52,60,58,122,180,194,44,92,17,14,59,81,369,69
2022-23,1630166,Deni Avdija,1610612764,WAS,22.0,76,33,43,2020.38,253,579,69,232,122,165,74,413,487,211,123,65,29,36,209,136,697,-51
2022-23,203471,Dennis Schröder,1610612747,LAL,29.0,66,37,29,1985.945,270,650,74,225,216,252,21,144,165,298,112,50,10,45,145,188,830,125
2022-23,1628372,Dennis Smith Jr.,1610612766,CHA,25.0,54,19,35,1389.8433333333332,186,452,24,111,78,106,27,140,167,261,82,75,25,37,122,81,474,-70
2022-23,1629126,Deonte Burton,1610612758,SAC,29.0,2,1,1,6.498333333333333,0,2,0,1,0,0,0,0,0,0,0,0,0,1,0,1,0,5
2022-23,1631220,Dereon Seabron,1610612740,NOP,23.0,5,2,3,11.6,2,5,0,0,0,0,1,0,1,0,0,0,0,1,1,0,4,10
2022-23,1627884,Derrick Jones Jr.,1610612741,CHI,26.0,64,29,35,893.4083333333333,115,230,27,80,62,84,60,93,153,34,25,29,37,19,86,66,319,122
2022-23,201565,Derrick Rose,1610612752,NYK,34.0,27,12,15,337.865,61,159,19,63,11,12,8,32,40,46,22,7,5,13,18,13,152,-29
2022-23,1628401,Derrick White,1610612738,BOS,28.0,82,57,25,2319.3283333333334,350,758,149,391,168,192,52,241,293,321,95,54,76,34,177,204,1017,488
2022-23,1630217,Desmond Bane,1610612763,MEM,25.0,58,38,20,1841.4533333333334,450,939,166,407,181,205,43,248,291,254,126,56,22,73,150,149,1247,356
2022-23,1626164,Devin Booker,1610612756,PHX,26.0,53,34,19,1835.4133333333334,527,1067,111,316,306,358,46,194,240,293,145,51,18,43,159,286,1471,247
2022-23,1630170,Devin Vassell,1610612759,SAS,22.0,38,12,26,1178.0783333333334,261,595,103,266,78,100,8,140,148,136,57,43,17,18,57,68,703,-295
2022-23,1629653,Devon Dotson,1610612764,WAS,23.0,6,1,5,53.1,1,10,1,4,0,0,6,4,10,8,3,5,0,2,9,1,3,-3
2022-23,1628984,Devonte' Graham,1610612759,SAS,28.0,73,31,42,1338.445,161,431,119,338,98,131,19,103,122,196,53,45,16,12,79,109,539,-159
2022-23,203473,Dewayne Dedmon,1610612755,PHI,33.0,38,23,15,426.21,77,151,12,39,33,49,34,100,134,26,25,9,19,16,75,48,199,-124
2022-23,1628415,Dillon Brooks,1610612763,MEM,27.0,73,46,27,2214.2633333333333,392,991,143,439,120,154,45,199,244,189,104,65,16,38,240,132,1047,205
2022-23,1627734,Domantas Sabonis,1610612758,SAC,27.0,79,47,32,2735.555,577,938,31,83,325,438,251,722,973,573,230,65,39,64,279,373,1510,212
2022-23,1631230,Dominick Barlow,1610612759,SAS,20.0,28,5,23,407.565,46,86,0,4,18,25,46,56,102,24,15,10,19,8,56,23,110,-108
2022-23,1628378,Donovan Mitchell,1610612739,CLE,26.0,68,44,24,2432.38,679,1402,245,635,319,368,63,226,289,301,180,99,27,56,168,279,1922,338
2022-23,1631495,Donovan Williams,1610612737,ATL,21.0,2,1,1,4.25,2,5,0,2,0,0,0,2,2,0,0,0,0,0,0,0,4,6
2022-23,1628978,Donte DiVincenzo,1610612744,GSW,26.0,72,42,30,1894.38,235,540,150,378,58,71,80,245,325,252,112,97,10,16,133,113,678,124
2022-23,1627827,Dorian Finney-Smith,1610612751,BKN,30.0,66,31,35,2008.825,196,501,114,338,45,59,114,202,316,100,62,55,36,20,144,56,551,-8
2022-23,203926,Doug McDermott,1610612759,SAS,31.0,64,19,45,1314.2016666666666,239,523,123,298,53,70,23,115,138,91,58,13,6,23,118,53,654,-237
2022-23,203110,Draymond Green,1610612744,GSW,33.0,73,41,32,2297.635,250,474,40,131,77,108,66,459,525,500,204,74,61,20,229,148,617,346
2022-23,1629234,Drew Eubanks,1610612757,POR,26.0,78,31,47,1583.6766666666667,214,334,7,18,83,125,132,286,418,103,67,40,102,9,169,130,518,-131
2022-23,1630696,Dru Smith,1610612751,BKN,25.0,15,7,8,158.42666666666668,18,45,5,19,3,3,2,22,24,22,3,10,4,3,23,3,44,-28
2022-23,1630613,Duane Washington Jr.,1610612752,NYK,23.0,31,17,14,393.82666666666665,94,256,40,111,16,24,2,34,36,63,34,6,4,16,23,27,244,-6
2022-23,1629130,Duncan Robinson,1610612748,MIA,29.0,42,19,23,690.46,88,237,63,192,29,32,8,61,69,46,28,14,0,5,77,33,268,-56
2022-23,203939,Dwight Powell,1610612742,DAL,31.0,76,37,39,1457.935,197,269,0,5,112,168,149,165,314,69,65,48,26,17,209,189,506,166
2022-23,1629685,Dylan Windler,1610612739,CLE,26.0,3,3,0,10.383333333333333,2,3,1,2,0,0,0,0,0,1,1,1,0,0,0,0,5,-1
2022-23,1630700,Dyson Daniels,1610612740,NOP,20.0,59,33,26,1042.125,87,208,27,86,26,40,36,152,188,134,57,43,11,10,99,41,227,-7
2022-23,1628410,Edmond Sumner,1610612751,BKN,27.0,53,33,20,736.1566666666666,124,269,31,87,99,108,13,66,79,68,50,31,10,25,83,89,378,25
2022-23,201569,Eric Gordon,1610612746,LAC,34.0,69,25,44,1965.5083333333334,291,653,132,356,142,173,16,118,134,183,104,43,25,31,78,132,856,-210
2022-23,1630647,Eugene Omoruyi,1610612765,DET,26.0,40,10,30,645.3233333333334,101,228,25,89,51,75,43,68,111,28,34,28,3,22,91,72,278,-41
2022-23,203095,Evan Fournier,1610612752,NYK,30.0,27,15,12,458.6933333333333,56,166,35,114,18,21,4,45,49,36,22,16,3,4,46,18,165,-54
2022-23,1630596,Evan Mobley,1610612739,CLE,22.0,79,48,31,2715.2616666666668,525,947,22,102,205,304,187,524,711,224,146,60,119,63,218,249,1277,339
2022-23,1630267,Facundo Campazzo,1610612742,DAL,32.0,8,2,6,52.16166666666667,3,13,3,11,1,2,0,2,2,9,3,6,0,1,3,2,10,11
2022-23,1628402,Frank Jackson,1610612756,PHX,25.0,1,0,1,5.05,0,3,0,1,0,0,1,1,2,1,0,0,0,0,0,0,0,-2
2022-23,1626163,Frank Kaminsky,1610612745,HOU,30.0,36,13,23,234.86333333333334,31,63,13,33,14,16,7,45,52,32,9,6,4,3,22,11,89,-4
2022-23,1628373,Frank Ntilikina,1610612742,DAL,24.0,47,20,27,607.5916666666667,48,132,17,67,22,33,7,55,62,58,29,16,7,7,65,32,135,35
2022-23,1630532,Franz Wagner,1610612753,ORL,21.0,80,33,47,2608.7266666666665,542,1118,130,360,271,322,70,259,329,283,167,77,17,84,183,286,1485,50
2022-23,1627832,Fred VanVleet,1610612761,TOR,29.0,69,34,35,2534.9866666666667,437,1112,207,606,254,283,30,250,280,495,140,123,38,58,193,221,1335,195
2022-23,1627788,Furkan Korkmaz,1610612755,PHI,25.0,37,24,13,353.49,48,111,18,46,26,36,6,36,42,22,24,10,3,8,18,27,140,2
2022-23,1629216,Gabe Vincent,1610612748,MIA,27.0,68,37,31,1758.6766666666667,228,567,117,350,68,78,27,118,145,167,92,62,5,19,154,96,641,-28
2022-23,1628221,Gabe York,1610612754,IND,29.0,3,1,2,55.83166666666666,8,21,6,18,2,2,0,6,6,5,0,2,0,2,5,4,24,24
2022-23,202066,Garrett Temple,1610612740,NOP,37.0,25,16,9,161.82333333333332,18,45,11,26,3,4,5,12,17,13,4,9,2,2,15,2,50,-17
2022-23,1629726,Garrison Mathews,1610612737,ATL,26.0,54,16,38,686.2583333333333,73,201,63,180,48,53,11,62,73,26,19,24,5,2,62,51,257,-87
2022-23,203914,Gary Harris,1610612753,ORL,28.0,48,22,26,1184.3516666666667,138,307,94,218,27,30,21,77,98,59,28,45,12,14,93,37,397,-84
2022-23,1627780,Gary Payton II,1610612744,GSW,30.0,22,13,9,367.605,41,69,13,26,6,7,24,45,69,30,16,22,5,1,43,8,101,39
2022-23,1629018,Gary Trent Jr.,1610612761,TOR,24.0,66,31,35,2117.9933333333333,405,935,166,450,172,205,30,143,173,106,55,104,14,32,102,134,1148,-52
2022-23,201588,George Hill,1610612754,IND,37.0,46,27,19,833.31,78,166,34,95,42,55,15,70,85,110,34,26,6,8,55,56,232,41
2022-23,1627777,Georges Niang,1610612755,PHI,30.0,78,51,27,1511.8483333333334,222,502,154,384,39,45,19,166,185,77,54,31,14,13,145,50,637,75
2022-23,203507,Giannis Antetokounmpo,1610612749,MIL,28.0,63,47,16,2023.615,707,1278,47,171,498,772,137,605,742,359,246,52,51,82,197,570,1959,341
2022-23,1629048,Goga Bitadze,1610612753,ORL,23.0,38,13,25,456.8016666666667,69,125,6,26,23,42,61,76,137,39,22,16,26,11,64,45,167,26
2022-23,201609,Goran Dragic,1610612749,MIL,37.0,58,27,31,870.015,141,335,52,145,31,45,16,65,81,151,63,13,4,15,65,43,365,5
2022-23,202330,Gordon Hayward,1610612766,CHA,33.0,50,20,30,1576.9016666666666,276,581,52,160,129,159,33,182,215,206,99,42,12,19,70,143,733,-108
2022-23,203476,Gorgui Dieng,1610612759,SAS,33.0,31,3,28,358.11333333333334,45,117,21,75,10,13,27,80,107,53,32,4,14,5,57,23,121,-152
2022-23,1629684,Grant Williams,1610612738,BOS,24.0,79,55,24,2044.7616666666668,216,476,115,291,94,122,87,276,363,131,82,41,31,22,192,127,641,206
2022-23,1628960,Grayson Allen,1610612749,MIL,27.0,72,53,19,1972.1366666666668,245,557,146,366,114,126,61,176,237,163,72,62,14,22,117,121,750,227
2022-23,1630535,Greg Brown III,1610612757,POR,21.0,16,10,6,93.09166666666667,11,28,1,7,5,12,2,17,19,3,6,4,5,4,13,7,28,-5
2022-23,1628977,Hamidou Diallo,1610612765,DET,24.0,56,12,44,995.865,215,375,5,21,87,148,57,137,194,55,71,53,16,19,124,117,522,-16
2022-23,203084,Harrison Barnes,1610612758,SAC,31.0,82,48,34,2662.0383333333334,374,791,132,353,350,413,87,279,366,128,86,57,10,31,103,290,1230,255
2022-23,1629312,Haywood Highsmith,1610612748,MIA,26.0,54,28,26,969.4,93,216,37,109,13,28,57,131,188,43,45,36,17,10,82,30,236,-103
2022-23,1630529,Herbert Jones,1610612740,NOP,24.0,66,31,35,1950.53,235,501,56,167,123,161,97,172,269,162,88,103,42,34,208,142,649,150
2022-23,1630193,Immanuel Quickley,1610612752,NYK,24.0,81,47,34,2344.105,419,936,168,454,203,248,58,279,337,279,100,80,14,31,166,175,1209,318
2022-23,1630171,Isaac Okoro,1610612739,CLE,22.0,76,48,28,1652.5666666666666,175,354,62,171,78,103,52,135,187,87,42,56,30,16,158,79,490,126
2022-23,1628392,Isaiah Hartenstein,1610612752,NYK,25.0,82,47,35,1628.2166666666667,175,327,8,37,48,71,209,327,536,102,66,53,64,17,213,70,406,151
2022-23,1630543,Isaiah Jackson,1610612754,IND,21.0,63,24,39,1042.2933333333333,179,318,2,14,95,146,113,169,282,51,51,31,93,30,154,117,455,-124
2022-23,1630198,Isaiah Joe,1610612760,OKC,23.0,73,36,37,1395.3466666666666,224,508,161,394,82,100,27,148,175,88,39,48,8,11,105,102,691,213
2022-23,1630587,Isaiah Livers,1610612765,DET,24.0,52,10,42,1198.7366666666667,120,288,74,203,32,39,28,115,143,41,30,28,28,7,103,35,346,-202
2022-23,1630600,Isaiah Mobley,1610612739,CLE,23.0,12,8,4,84.24,12,28,3,8,4,4,4,16,20,3,1,4,3,2,8,3,31,31
2022-23,1629676,Isaiah Roby,1610612752,NYK,25.0,42,9,33,473.62833333333333,67,155,18,60,20,41,21,87,108,38,31,18,7,7,53,37,172,-110
2022-23,1630191,Isaiah Stewart,1610612765,DET,22.0,50,12,38,1414.0583333333334,195,441,67,205,110,149,115,288,403,70,68,20,34,20,133,120,567,-226
2022-23,1630225,Isaiah Todd,1610612764,WAS,21.0,6,2,4,61.4,3,19,1,10,2,2,2,10,12,4,2,1,0,1,4,1,9,-7
2022-23,202397,Ish Smith,1610612743,DEN,34.0,43,25,18,397.90833333333336,52,131,2,12,2,4,5,49,54,100,44,8,7,6,33,11,108,-36
2022-23,1630688,Ish Wainright,1610612756,PHX,28.0,60,33,27,915.1266666666667,84,227,57,173,26,31,45,94,139,53,22,38,22,8,117,32,251,92
2022-23,1627826,Ivica Zubac,1610612746,LAC,26.0,76,43,33,2169.41,326,514,0,2,166,238,236,520,756,77,117,29,98,46,219,215,818,-33
2022-23,1631120,JD Davison,1610612738,BOS,20.0,12,11,1,65.70666666666666,8,19,2,7,1,2,2,7,9,11,4,2,2,1,5,2,19,-6
2022-23,1630550,JT Thor,1610612766,CHA,20.0,69,22,47,968.775,95,238,39,123,33,47,36,116,152,36,44,22,23,13,66,37,262,-163
2022-23,1629630,Ja Morant,1610612763,MEM,23.0,61,40,21,1948.3483333333334,566,1214,92,300,372,497,61,296,357,493,206,66,16,84,100,380,1596,302
2022-23,203210,JaMychal Green,1610612744,GSW,33.0,57,30,27,796.7,136,252,42,111,52,67,72,133,205,51,52,25,23,14,105,55,366,-156
2022-23,201580,JaVale McGee,1610612742,DAL,35.0,42,20,22,354.54,80,125,2,5,24,41,30,77,107,11,36,4,26,8,54,39,186,-57
2022-23,1631095,Jabari Smith Jr.,1610612745,HOU,20.0,79,21,58,2450.5466666666666,364,892,120,391,162,206,122,447,569,101,104,43,74,35,227,156,1010,-555
2022-23,1631133,Jabari Walker,1610612757,POR,20.0,56,21,35,619.1633333333333,83,198,16,56,34,45,48,83,131,34,29,10,13,13,69,39,216,-115
2022-23,1631298,Jack White,1610612743,DEN,25.0,17,13,4,66.03333333333333,8,19,3,9,2,3,6,11,17,4,2,3,2,2,9,2,21,-17
2022-23,1631367,Jacob Gilyard,1610612763,MEM,24.0,1,0,1,40.78333333333333,1,3,1,3,0,0,0,4,4,7,2,3,0,0,3,0,3,-13
2022-23,1630702,Jaden Hardy,1610612742,DAL,20.0,48,20,28,708.39,146,333,63,156,65,79,11,78,89,65,46,17,7,30,64,61,420,-32
2022-23,1631093,Jaden Ivey,1610612765,DET,21.0,74,16,58,2304.3166666666666,409,983,120,350,266,356,73,215,288,387,237,61,17,87,242,318,1204,-642
2022-23,1630183,Jaden McDaniels,1610612750,MIN,22.0,79,41,38,2416.4883333333332,370,716,107,269,106,144,92,215,307,148,112,74,76,29,272,125,953,70
2022-23,1630531,Jaden Springer,1610612755,PHI,20.0,16,13,3,89.26666666666667,17,35,2,5,6,8,6,8,14,8,3,7,3,3,15,4,42,-3
2022-23,203109,Jae Crowder,1610612749,MIL,32.0,18,13,5,339.7083333333333,45,94,24,55,10,12,17,52,69,27,7,12,6,2,27,9,124,0
2022-23,1630256,Jae'Sean Tate,1610612745,HOU,27.0,31,7,24,677.4883333333333,110,229,13,46,50,69,41,77,118,84,47,21,7,25,106,67,283,-94
2022-23,1631222,Jake LaRavia,1610612763,MEM,21.0,35,22,13,414.2866666666667,37,95,24,71,7,9,19,44,63,21,18,12,4,4,49,9,105,-78
2022-23,1627751,Jakob Poeltl,1610612761,TOR,27.0,72,26,46,1906.125,389,618,0,1,119,201,236,417,653,197,125,66,86,34,195,192,897,-146
2022-23,1628973,Jalen Brunson,1610612752,NYK,26.0,68,40,28,2378.6716666666666,587,1195,134,322,325,392,40,201,241,421,142,61,15,51,152,389,1633,152
2022-23,1631105,Jalen Duren,1610612765,DET,19.0,67,16,51,1670.145,258,398,0,2,96,157,229,366,595,75,92,44,59,35,182,125,612,-279
2022-23,1630224,Jalen Green,1610612745,HOU,21.0,76,20,56,2602.155,566,1359,187,554,364,463,43,241,284,281,200,59,18,105,131,312,1683,-447
2022-23,1630552,Jalen Johnson,1610612737,ATL,21.0,70,35,35,1041.6016666666667,158,322,30,104,49,78,51,231,282,83,41,38,34,24,113,56,395,-10
2022-23,1629667,Jalen McDaniels,1610612755,PHI,25.0,80,31,49,1912.8533333333332,281,617,77,232,116,138,63,283,346,130,93,83,34,39,209,126,755,-149
2022-23,1630188,Jalen Smith,1610612754,IND,23.0,68,31,37,1278.825,242,508,54,191,104,137,129,265,394,66,72,21,60,39,153,144,642,-95
2022-23,1630591,Jalen Suggs,1610612753,ORL,22.0,53,20,33,1245.865,186,444,66,202,86,119,55,106,161,155,94,67,27,29,120,130,524,-40
2022-23,1631114,Jalen Williams,1610612760,OKC,22.0,75,36,39,2275.5916666666667,414,794,73,205,155,191,84,253,337,248,123,103,35,52,191,163,1056,-53
2022-23,1631288,Jamal Cain,1610612748,MIA,24.0,18,10,8,240.04666666666665,37,66,7,20,17,22,15,37,52,12,6,11,1,2,21,15,98,22
2022-23,1627750,Jamal Murray,1610612743,DEN,26.0,65,43,22,2133.385,473,1041,172,432,180,216,48,209,257,400,145,66,16,35,103,179,1298,300
2022-23,1631123,Jamaree Bouyea,1610612748,MIA,24.0,5,2,3,70.53833333333333,6,14,2,6,1,2,1,5,6,4,4,4,2,1,6,1,15,-17
2022-23,1630547,James Bouknight,1610612766,CHA,22.0,34,9,25,515.4666666666667,69,193,33,109,20,30,8,64,72,41,32,14,5,13,49,28,191,-97
2022-23,201935,James Harden,1610612755,PHI,33.0,58,39,19,2135.005,371,842,161,418,313,361,40,314,354,618,195,71,31,52,112,267,1216,277
2022-23,201949,James Johnson,1610612754,IND,36.0,18,7,11,162.35833333333332,22,49,3,15,4,8,4,26,30,15,8,7,6,3,32,6,51,-7
2022-23,1630164,James Wiseman,1610612765,DET,22.0,45,11,34,867.1866666666666,189,339,4,20,68,97,73,194,267,30,51,7,27,23,108,77,450,-327
2022-23,1630215,Jared Butler,1610612760,OKC,22.0,6,3,3,76.52833333333334,15,32,7,14,0,0,1,3,4,8,5,5,0,4,5,3,37,-1
2022-23,1631197,Jared Rhoden,1610612765,DET,23.0,14,2,12,197.87,17,44,5,20,6,6,11,26,37,4,3,4,1,5,23,6,45,21
2022-23,1628991,Jaren Jackson Jr.,1610612763,MEM,23.0,63,41,22,1787.5033333333333,416,822,100,282,241,306,108,318,426,60,107,65,189,66,227,243,1173,366
2022-23,1629020,Jarred Vanderbilt,1610612747,LAL,24.0,78,43,35,1879.7416666666666,247,451,29,90,96,139,170,412,582,184,97,83,21,30,190,140,619,-101
2022-23,1629714,Jarrell Brantley,1610612762,UTA,27.0,4,0,4,38.95,8,14,4,9,2,2,1,5,6,3,2,0,2,0,3,1,22,15
2022-23,1628386,Jarrett Allen,1610612739,CLE,25.0,68,44,24,2220.1116666666667,403,626,1,10,162,221,221,445,666,113,93,54,84,44,153,224,969,345
2022-23,1629633,Jarrett Culver,1610612737,ATL,24.0,10,5,5,136.875,17,43,1,12,9,13,10,28,38,6,7,6,2,4,14,15,44,-19
2022-23,1630554,Jason Preston,1610612746,LAC,23.0,14,4,10,123.76833333333333,18,41,5,18,0,2,2,20,22,27,10,2,0,0,7,2,41,-11
2022-23,1629750,Javonte Green,1610612741,CHI,29.0,32,13,19,480.25666666666666,61,108,13,35,30,45,27,61,88,23,20,24,21,8,52,38,165,48
2022-23,1629637,Jaxson Hayes,1610612740,NOP,23.0,47,22,25,610.0566666666666,86,156,3,29,58,83,39,93,132,34,31,20,19,8,67,59,233,-70
2022-23,1630643,Jay Huff,1610612764,WAS,25.0,7,2,5,94.93333333333334,15,25,6,12,15,16,6,15,21,10,5,3,4,0,15,11,51,-7
2022-23,1630206,Jay Scrubb,1610612753,ORL,22.0,2,1,1,30.116666666666667,5,7,2,2,1,2,0,6,6,1,3,2,0,2,2,1,13,-16
2022-23,1627759,Jaylen Brown,1610612738,BOS,26.0,67,46,21,2404.9183333333335,679,1383,163,487,263,344,78,381,459,232,197,75,26,77,172,272,1784,256
2022-23,1629669,Jaylen Nowell,1610612750,MIN,23.0,65,34,31,1251.695,280,625,67,232,77,99,36,134,170,132,65,42,5,38,101,81,704,-8
2022-23,1631119,Jaylin Williams,1610612760,OKC,21.0,49,23,26,914.1583333333333,102,234,46,113,38,54,44,197,241,76,37,28,12,17,111,93,288,-90
2022-23,1628369,Jayson Tatum,1610612738,BOS,25.0,74,52,22,2732.1966666666667,727,1559,240,686,531,622,78,571,649,342,213,78,51,58,160,401,2225,470
2022-23,1630288,Jeff Dowtin Jr.,1610612761,TOR,26.0,25,17,8,258.70166666666665,25,57,5,16,6,9,6,17,23,31,5,9,3,3,13,8,61,-9
2022-23,201145,Jeff Green,1610612743,DEN,36.0,56,33,23,1091.1166666666666,160,328,30,104,87,117,38,106,144,69,46,18,17,17,99,95,437,-193
2022-23,203924,Jerami Grant,1610612757,POR,29.0,63,28,35,2245.525,434,913,144,359,278,342,53,230,283,150,116,51,53,54,152,278,1290,-35
2022-23,1630526,Jeremiah Robinson-Earl,1610612760,OKC,22.0,43,16,27,813.7083333333334,110,248,37,111,35,42,71,109,180,43,19,24,11,13,71,36,292,-10
2022-23,1631110,Jeremy Sochan,1610612759,SAS,20.0,56,15,41,1457.7,250,552,33,134,81,116,95,200,295,142,97,43,23,48,138,100,614,-235
2022-23,1630579,Jericho Sims,1610612752,NYK,24.0,52,31,21,812.4033333333333,83,107,0,1,12,16,99,143,242,25,27,15,28,6,96,32,178,-113
2022-23,1628975,Jevon Carter,1610612749,MIL,27.0,81,57,24,1811.7516666666668,239,565,142,337,31,38,35,167,202,197,78,66,29,16,158,49,651,63
2022-23,202710,Jimmy Butler III,1610612748,MIA,33.0,64,35,29,2138.015,479,888,36,103,472,555,141,234,375,340,101,117,21,53,80,365,1466,47
2022-23,1629111,Jock Landale,1610612756,PHX,27.0,69,35,34,978.4966666666667,178,337,21,84,79,105,119,161,280,68,59,16,30,22,126,104,456,141
2022-23,203925,Joe Harris,1610612751,BKN,31.0,74,40,34,1527.175,201,440,142,333,18,28,23,141,164,101,41,34,13,22,140,22,562,-24
2022-23,204060,Joe Ingles,1610612749,MIL,35.0,46,32,14,1043.4983333333332,108,248,83,203,18,21,13,115,128,150,55,33,6,5,74,32,317,80
2022-23,1630580,Joe Wieskamp,1610612761,TOR,23.0,9,6,3,49.655,3,14,3,12,0,0,0,4,4,3,1,0,0,1,3,0,9,2
2022-23,203954,Joel Embiid,1610612755,PHI,29.0,66,43,23,2284.1066666666666,728,1328,66,200,661,771,113,557,670,274,226,66,112,91,205,511,2183,424
2022-23,1631219,John Butler Jr.,1610612757,POR,20.0,19,4,15,221.10166666666666,17,53,8,35,3,4,3,14,17,11,1,7,9,2,22,5,45,-70
2022-23,1628381,John Collins,1610612737,ATL,25.0,71,37,34,2129.6466666666665,359,707,70,240,143,178,77,385,462,85,79,42,73,46,220,193,931,-21
2022-23,1629723,John Konchar,1610612763,MEM,27.0,72,45,27,1493.8133333333333,138,320,60,177,28,36,64,246,310,100,37,77,25,14,112,53,364,209
2022-23,202322,John Wall,1610612746,LAC,32.0,34,15,19,754.73,138,339,33,109,77,113,14,78,92,178,80,27,12,31,59,80,386,-106
2022-23,1631098,Johnny Davis,1610612764,WAS,21.0,28,10,18,422.575,66,171,17,70,14,27,10,55,65,28,17,10,8,9,48,19,163,-54
2022-23,1630548,Johnny Juzang,1610612762,UTA,22.0,18,6,12,232.25,35,104,15,63,2,4,8,31,39,8,3,4,3,2,13,3,87,-87
2022-23,202685,Jonas Valančiūnas,1610612740,NOP,31.0,79,40,39,1968.2433333333333,446,816,38,109,185,224,225,579,804,140,159,20,52,47,245,248,1115,-10
2022-23,1628371,Jonathan Isaac,1610612753,ORL,25.0,11,8,3,124.035,22,53,6,15,5,9,15,29,44,6,4,14,4,2,5,11,55,-19
2022-23,1630228,Jonathan Kuminga,1610612744,GSW,20.0,67,38,29,1394.425,261,497,54,146,90,138,70,161,231,125,95,41,31,33,157,123,666,-53
2022-23,203903,Jordan Clarkson,1610612762,UTA,31.0,61,30,31,1988.3033333333333,458,1031,155,459,200,245,72,174,246,270,186,33,13,52,120,188,1271,35
2022-23,1630692,Jordan Goodwin,1610612764,WAS,24.0,62,22,40,1105.4233333333334,158,353,38,118,53,69,57,148,205,168,57,58,26,27,95,76,407,-117
2022-23,1631160,Jordan Hall,1610612759,SAS,21.0,9,1,8,82.66,9,28,3,15,7,9,3,9,12,11,7,1,0,1,6,5,28,-24
2022-23,1629162,Jordan McLaughlin,1610612750,MIN,27.0,43,22,21,678.49,61,145,24,78,15,18,15,47,62,148,33,32,4,8,28,21,161,84
2022-23,1629670,Jordan Nwora,1610612754,IND,24.0,62,36,26,1188.085,194,445,86,211,68,86,51,178,229,88,66,24,14,30,74,70,542,-252
2022-23,1629673,Jordan Poole,1610612744,GSW,24.0,82,44,38,2458.0933333333332,550,1278,214,637,361,415,32,193,225,369,252,63,21,75,214,342,1675,-11
2022-23,1630648,Jordan Schakel,1610612764,WAS,25.0,2,0,2,6.233333333333333,1,2,1,1,0,0,0,0,0,1,0,1,0,0,1,1,3,6
2022-23,1630631,Jose Alvarado,1610612740,NOP,25.0,61,30,31,1309.9816666666666,201,489,83,247,65,80,28,113,141,186,81,67,10,30,125,76,550,103
2022-23,1630528,Josh Christopher,1610612745,HOU,21.0,64,16,48,786.215,153,329,21,89,45,60,20,51,71,73,60,33,15,20,59,41,372,-225
2022-23,1630581,Josh Giddey,1610612760,OKC,20.0,76,34,42,2367.2716666666665,539,1118,76,234,106,145,148,451,599,469,211,57,31,83,143,114,1260,-105
2022-23,1630182,Josh Green,1610612742,DAL,22.0,60,27,33,1539.23,205,382,68,169,68,94,55,127,182,103,72,42,5,23,156,120,546,77
2022-23,1628404,Josh Hart,1610612752,NYK,28.0,76,42,34,2454.025,275,520,61,164,132,176,142,451,593,290,117,88,21,40,195,163,743,315
2022-23,1631169,Josh Minott,1610612750,MIN,20.0,15,7,8,96.22333333333333,18,36,2,6,8,8,5,20,25,5,3,4,6,6,10,5,46,24
2022-23,1629006,Josh Okogie,1610612756,PHX,24.0,72,38,34,1350.59,162,414,66,197,139,192,109,142,251,105,63,56,34,26,114,178,529,106
2022-23,1626196,Josh Richardson,1610612740,NOP,29.0,65,24,41,1529.6016666666667,239,554,107,293,69,81,41,134,175,174,86,69,20,9,117,100,654,-161
2022-23,1630563,Joshua Primo,1610612759,SAS,20.0,4,3,1,93.36166666666666,9,26,3,12,7,9,2,11,13,18,11,1,2,4,8,11,28,-2
2022-23,201950,Jrue Holiday,1610612749,MIL,33.0,67,50,17,2182.54,490,1023,158,411,152,177,79,262,341,495,197,79,25,45,116,161,1290,481
2022-23,1629308,Juan Toscano-Anderson,1610612762,UTA,30.0,52,19,33,700.0583333333333,64,143,8,43,19,24,28,96,124,65,34,16,10,12,80,35,155,-147
2022-23,1627823,Juancho Hernangomez,1610612761,TOR,27.0,42,20,22,613.495,48,114,17,67,9,16,27,96,123,25,15,16,6,5,43,18,122,13
2022-23,1630577,Julian Champagnie,1610612759,SAS,22.0,17,7,10,320.135,59,130,33,82,14,17,10,50,60,10,11,6,5,5,26,14,165,-74
2022-23,203944,Julius Randle,1610612752,NYK,28.0,77,44,33,2737.2516666666666,658,1432,218,636,402,531,141,626,767,316,216,49,21,57,233,378,1936,170
2022-23,1630551,Justin Champagnie,1610612738,BOS,22.0,5,4,1,34.28333333333333,5,15,1,5,0,0,3,5,8,4,0,1,0,2,2,1,11,-4
2022-23,203200,Justin Holiday,1610612742,DAL,34.0,46,18,28,706.1133333333333,77,204,46,143,5,8,5,50,55,41,22,19,19,9,68,17,205,-129
2022-23,1628382,Justin Jackson,1610612738,BOS,28.0,23,15,8,107.42333333333333,7,27,5,20,1,2,2,15,17,9,2,4,4,1,7,2,20,-71
2022-23,1631303,Justin Minaya,1610612757,POR,24.0,4,0,4,88.85,7,23,3,12,0,1,3,12,15,4,4,2,5,0,9,1,17,-20
2022-23,1626159,Justise Winslow,1610612757,POR,27.0,29,15,14,775.7916666666666,81,198,14,45,20,28,49,96,145,98,43,30,11,13,89,26,196,-38
2022-23,203994,Jusuf Nurkić,1610612757,POR,28.0,52,24,28,1391.415,262,505,43,119,127,192,114,357,471,149,119,43,44,34,185,184,694,9
2022-23,1630231,KJ Martin,1610612745,HOU,22.0,82,22,60,2292.1583333333333,410,720,68,216,151,222,126,326,452,123,91,41,30,53,147,152,1039,-368
2022-23,1629644,KZ Okpala,1610612758,SAC,24.0,35,19,16,248.025,16,38,7,21,7,8,7,27,34,13,7,7,7,2,39,14,46,-11
2022-23,1630539,Kai Jones,1610612766,CHA,22.0,46,13,33,549.6266666666667,67,120,4,19,19,26,37,86,123,15,31,17,30,8,65,24,157,-32
2022-23,1626157,Karl-Anthony Towns,1610612750,MIN,27.0,29,15,14,957.05,212,428,60,164,118,135,48,188,236,140,86,20,17,19,111,133,602,39
2022-23,202695,Kawhi Leonard,1610612746,LAC,32.0,52,33,19,1747.4883333333332,446,871,104,250,243,279,57,281,338,204,88,72,28,25,84,214,1239,220
2022-23,1631099,Keegan Murray,1610612758,SAC,22.0,80,47,33,2381.673333333333,354,782,206,501,62,81,89,282,371,98,60,61,42,40,162,79,976,99
2022-23,1628966,Keita Bates-Diop,1610612759,SAS,27.0,67,18,49,1452.5883333333334,236,465,56,142,119,150,65,182,247,103,56,46,20,37,63,97,647,-266
2022-23,1629640,Keldon Johnson,1610612759,SAS,23.0,63,17,46,2063.3316666666665,503,1113,134,407,245,327,56,262,318,183,134,46,11,64,125,229,1385,-491
2022-23,203482,Kelly Olynyk,1610612762,UTA,32.0,68,28,40,1941.5933333333332,278,557,93,236,198,232,82,338,420,252,168,60,37,30,232,255,847,14
2022-23,1626162,Kelly Oubre Jr.,1610612766,CHA,27.0,48,16,32,1547.5116666666668,353,819,108,339,158,208,65,184,249,54,64,68,18,55,141,189,972,-278
2022-23,202689,Kemba Walker,1610612742,DAL,33.0,9,5,4,143.90166666666667,24,57,7,28,17,21,3,13,16,19,4,2,2,5,11,16,72,-1
2022-23,1631112,Kendall Brown,1610612754,IND,20.0,6,1,5,40.295,4,7,0,1,1,2,2,4,6,3,2,4,0,1,9,2,9,4
2022-23,1629134,Kendrick Nunn,1610612764,WAS,27.0,70,30,40,963.43,191,450,79,223,35,41,15,94,109,90,66,28,7,30,66,36,496,-54
2022-23,1631113,Kennedy Chandler,1610612763,MEM,20.0,36,22,14,281.5083333333333,35,83,2,15,6,13,9,29,38,58,18,12,5,11,15,17,78,-41
2022-23,1631254,Kenneth Lofton Jr.,1610612763,MEM,20.0,24,15,9,175.95833333333334,49,93,6,17,16,27,19,32,51,20,12,5,2,4,28,22,120,-48
2022-23,1629026,Kenrich Williams,1610612760,OKC,28.0,53,26,27,1205.9816666666666,179,346,50,134,17,39,97,164,261,105,32,45,14,13,112,71,425,75
2022-23,203484,Kentavious Caldwell-Pope,1610612743,DEN,30.0,76,51,25,2381.2066666666665,292,632,135,319,103,125,35,173,208,183,86,112,35,9,145,145,822,493
2022-23,1631165,Keon Ellis,1610612758,SAC,23.0,16,7,9,70.86333333333333,7,16,6,12,4,7,4,4,8,6,1,5,1,0,10,4,24,-21
2022-23,1630553,Keon Johnson,1610612757,POR,21.0,40,13,27,416.36,67,178,28,81,27,41,11,33,44,59,43,19,6,9,43,33,189,-153
2022-23,1630556,Kessler Edwards,1610612758,SAC,22.0,36,17,19,385.75333333333333,36,93,17,55,11,15,23,38,61,23,13,14,6,5,40,16,100,5
2022-23,201142,Kevin Durant,1610612756,PHX,34.0,47,34,13,1671.7566666666667,483,862,93,230,307,334,17,296,313,235,156,34,67,25,99,272,1366,258
2022-23,1628989,Kevin Huerter,1610612758,SAC,24.0,75,44,31,2202.7766666666666,420,866,205,510,95,131,42,209,251,221,97,80,24,24,181,99,1140,222
2022-23,1628995,Kevin Knox II,1610612757,POR,23.0,63,12,51,951.7233333333334,152,332,65,186,46,60,34,143,177,33,50,24,12,12,95,43,415,-226
2022-23,201567,Kevin Love,1610612748,MIA,34.0,62,35,27,1239.4783333333332,165,424,99,296,80,91,59,340,399,116,70,16,12,8,97,113,509,109
2022-23,1629645,Kevin Porter Jr.,1610612745,HOU,23.0,59,18,41,2023.8833333333334,391,884,141,385,207,264,76,238,314,338,188,82,17,62,156,197,1130,-343
2022-23,1630284,Kevon Harris,1610612753,ORL,26.0,34,12,22,457.04833333333335,47,107,16,43,31,41,28,42,70,16,21,17,5,10,53,37,141,0
2022-23,1626172,Kevon Looney,1610612744,GSW,27.0,82,44,38,1957.595,242,384,0,1,94,155,274,486,760,207,45,52,50,34,224,123,578,157
2022-23,203920,Khem Birch,1610612759,SAS,30.0,20,9,11,161.85,19,32,1,2,4,5,8,17,25,7,8,5,5,1,24,6,43,6
2022-23,203114,Khris Middleton,1610612749,MIL,31.0,33,25,8,800.7733333333333,177,406,51,162,92,102,28,112,140,163,71,23,5,19,68,86,497,132
2022-23,1630165,Killian Hayes,1610612765,DET,21.0,76,16,60,2153.588333333333,307,815,80,286,92,112,28,193,221,470,173,104,28,29,219,129,786,-500
2022-23,1630184,Kira Lewis Jr.,1610612740,NOP,22.0,25,11,14,234.76666666666668,40,88,15,34,19,22,5,28,33,23,10,10,2,10,24,15,114,62
2022-23,202691,Klay Thompson,1610612744,GSW,33.0,69,38,31,2278.911666666667,546,1252,301,731,116,132,39,247,286,163,123,49,29,33,130,92,1509,163
2022-23,1628424,Kobi Simmons,1610612766,CHA,25.0,5,1,4,27.77166666666667,1,6,1,5,2,2,1,3,4,5,1,0,2,0,0,2,5,-19
2022-23,1627739,Kris Dunn,1610612762,UTA,29.0,22,8,14,567.5416666666666,116,216,17,36,41,53,9,91,100,124,35,25,10,16,58,43,290,-62
2022-23,204001,Kristaps Porziņģis,1610612764,WAS,27.0,65,27,38,2119.5116666666668,507,1018,137,356,354,416,114,432,546,174,137,58,100,57,196,394,1505,80
2022-23,203937,Kyle Anderson,1610612750,MIN,29.0,69,36,33,1956.5733333333333,252,495,43,105,100,136,66,302,368,335,103,78,63,19,146,129,647,91
2022-23,1628398,Kyle Kuzma,1610612764,WAS,27.0,64,29,35,2238.8516666666665,512,1142,160,481,173,237,55,408,463,239,190,36,29,59,145,176,1357,10
2022-23,200768,Kyle Lowry,1610612748,MIA,37.0,55,30,25,1717.725,196,485,107,310,116,135,43,182,225,281,103,57,21,24,143,140,615,55
2022-23,202681,Kyrie Irving,1610612742,DAL,31.0,60,32,28,2240.5733333333333,594,1203,188,496,247,273,59,245,304,331,128,66,45,55,165,217,1623,222
2022-23,1630163,LaMelo Ball,1610612766,CHA,21.0,36,13,23,1267.755,296,721,144,383,102,121,42,189,231,304,129,46,11,27,118,110,838,-150
2022-23,1630205,Lamar Stevens,1610612739,CLE,25.0,62,39,23,1120.4833333333333,129,288,30,95,40,57,48,159,207,33,27,27,19,30,79,44,328,6
2022-23,1629013,Landry Shamet,1610612756,PHX,26.0,40,19,21,806.91,113,300,75,199,45,51,11,56,67,93,36,26,5,15,61,48,346,38
2022-23,1626204,Larry Nance Jr.,1610612740,NOP,30.0,65,34,31,1380.8266666666666,186,305,14,42,55,79,106,248,354,119,42,56,37,14,133,88,441,185
2022-23,1628374,Lauri Markkanen,1610612762,UTA,26.0,66,32,34,2272.4866666666667,571,1145,200,511,349,399,130,440,570,123,127,42,38,65,137,297,1691,163
2022-23,2544,LeBron James,1610612747,LAL,38.0,55,30,25,1953.94,609,1219,121,377,251,327,65,392,457,375,178,50,32,47,88,273,1590,214
2022-23,1630195,Leandro Bolmaro,1610612762,UTA,22.0,14,8,6,68.47333333333333,3,20,0,4,0,0,4,3,7,7,7,3,1,1,10,8,6,2
2022-23,1631311,Lester Quinones,1610612744,GSW,22.0,4,4,0,18.116666666666667,2,5,2,4,4,6,1,2,3,2,5,1,0,0,0,3,10,6
2022-23,1629623,Lindell Wigginton,1610612749,MIL,25.0,7,4,3,86.65,18,37,6,18,8,9,0,7,7,14,12,0,2,2,7,13,50,-39
2022-23,1630322,Lindy Waters III,1610612760,OKC,25.0,41,20,21,530.825,70,178,58,162,16,20,16,59,75,28,10,14,11,3,42,12,214,136
2022-23,1629022,Lonnie Walker IV,1610612747,LAL,24.0,56,27,29,1297.0366666666666,236,527,91,249,91,106,14,95,109,64,46,30,17,21,71,69,654,-207
2022-23,1629663,Louis King,1610612755,PHI,24.0,1,1,0,28.8,8,13,4,8,0,1,2,2,4,2,2,1,0,0,4,2,20,2
2022-23,1629652,Luguentz Dort,1610612760,OKC,24.0,74,36,38,2272.3566666666666,339,873,135,409,200,259,128,216,344,154,92,75,23,53,243,272,1013,34
2022-23,1629029,Luka Dončić,1610612742,DAL,24.0,66,33,33,2390.471666666667,719,1449,185,541,515,694,54,515,569,529,236,90,33,44,166,481,2138,128
2022-23,1630568,Luka Garza,1610612750,MIN,24.0,28,15,13,243.42,63,116,14,39,41,52,33,30,63,18,14,3,2,8,43,35,181,18
2022-23,1629677,Luka Samanic,1610612762,UTA,23.0,7,2,5,160.81333333333333,26,57,8,31,9,13,0,30,30,15,10,6,2,3,17,10,69,-6
2022-23,1628379,Luke Kennard,1610612763,MEM,27.0,59,37,22,1315.085,188,382,133,269,37,39,15,143,158,91,46,32,5,12,82,37,546,211
2022-23,1628436,Luke Kornet,1610612738,BOS,27.0,69,45,24,804.0883333333334,113,170,3,13,32,39,86,111,197,53,25,11,46,8,81,38,261,61
2022-23,1630644,Mac McClung,1610612755,PHI,24.0,2,2,0,41.06666666666667,9,20,4,11,3,5,3,7,10,9,3,0,0,1,3,4,25,18
2022-23,1630201,Malachi Flynn,1610612761,TOR,25.0,53,29,24,690.7883333333333,87,242,47,133,25,33,15,61,76,70,25,21,4,9,65,34,246,-40
2022-23,1631103,Malaki Branham,1610612759,SAS,20.0,66,15,51,1549.5966666666666,269,611,77,255,58,70,28,153,181,127,76,33,7,40,115,60,673,-364
2022-23,1627763,Malcolm Brogdon,1610612738,BOS,30.0,67,46,21,1743.815,354,732,132,297,160,184,42,238,280,248,98,45,18,51,109,169,1000,182
2022-23,1630792,Malcolm Hill,1610612741,CHI,27.0,5,4,1,9.15,2,4,1,3,0,0,0,3,3,0,0,0,0,0,1,0,5,9
2022-23,1627736,Malik Beasley,1610612747,LAL,26.0,81,45,36,2093.085,370,937,235,658,50,65,35,248,283,124,90,65,9,26,107,48,1025,-87
2022-23,1628370,Malik Monk,1610612758,SAC,25.0,77,47,30,1719.235,357,796,143,398,184,207,32,171,203,298,146,49,20,53,125,147,1041,68
2022-23,1629603,Mamadi Diakite,1610612739,CLE,26.0,22,15,7,175.87833333333333,24,50,7,21,2,2,8,22,30,8,12,4,9,3,26,3,57,-9
2022-23,1630699,MarJon Beauchamp,1610612749,MIL,22.0,52,34,18,701.3816666666667,96,243,47,142,27,37,38,77,115,35,45,21,7,17,71,28,266,-99
2022-23,202694,Marcus Morris Sr.,1610612746,LAC,33.0,65,35,30,1825.1133333333332,274,643,112,307,68,87,29,229,258,114,56,42,21,15,136,72,728,-16
2022-23,203935,Marcus Smart,1610612738,BOS,29.0,61,43,18,1956.76,250,602,115,342,88,118,46,145,191,382,143,93,23,18,172,177,703,240
2022-23,1631109,Mark Williams,1610612766,CHA,21.0,43,18,25,827.975,160,251,0,0,67,97,93,211,304,18,40,28,45,20,94,76,387,-79
2022-23,1628365,Markelle Fultz,1610612753,ORL,25.0,60,29,31,1777.9416666666666,349,679,27,87,112,143,69,165,234,341,139,87,26,40,131,112,837,-130
2022-23,202693,Markieff Morris,1610612742,DAL,33.0,35,17,18,355.07,47,115,28,71,10,10,13,58,71,31,18,9,5,0,48,9,132,10
2022-23,1630250,Marko Simonovic,1610612741,CHI,23.0,7,3,4,19.596666666666668,2,7,1,4,1,2,1,1,2,0,0,0,0,0,5,1,6,15
2022-23,1628963,Marvin Bagley III,1610612765,DET,24.0,42,7,35,990.455,202,382,19,66,81,108,94,175,269,36,46,19,30,17,81,97,504,-229
2022-23,203486,Mason Plumlee,1610612746,LAC,33.0,79,28,51,2052.945,329,484,0,0,199,313,229,471,700,245,117,46,47,38,217,254,857,-269
2022-23,1629680,Matisse Thybulle,1610612757,POR,26.0,71,38,33,1200.4383333333333,110,253,54,148,19,28,40,100,140,53,24,83,32,7,113,33,293,-14
2022-23,1630346,Matt Ryan,1610612750,MIN,26.0,34,15,19,310.1816666666667,40,108,32,84,10,12,4,22,26,16,7,5,1,4,27,10,122,21
2022-23,203521,Matthew Dellavedova,1610612758,SAC,32.0,32,19,13,212.79833333333335,17,50,9,27,4,7,1,12,13,41,10,7,0,1,20,14,47,-51
2022-23,1631108,Max Christie,1610612747,LAL,20.0,41,19,22,512.425,44,106,26,62,14,16,7,68,75,21,13,9,7,6,33,10,128,-77
2022-23,1629622,Max Strus,1610612748,MIA,27.0,80,42,38,2271.9783333333335,324,790,197,563,78,89,49,209,258,171,69,42,12,23,166,91,923,-145
2022-23,1628467,Maxi Kleber,1610612742,DAL,31.0,37,18,19,929.7683333333333,77,169,39,112,27,38,30,105,135,52,27,12,30,5,85,41,220,-43
2022-23,1630593,McKinley Wright IV,1610612742,DAL,24.0,27,14,13,335.03,46,98,9,28,13,19,9,38,47,58,19,8,5,7,24,21,114,-110
2022-23,203086,Meyers Leonard,1610612749,MIL,31.0,9,6,3,113.73833333333333,14,29,7,18,8,9,12,22,34,1,6,2,0,2,16,12,43,-27
2022-23,1629662,Mfiondu Kabengele,1610612738,BOS,25.0,4,3,1,36.43333333333333,2,7,0,3,2,2,5,5,10,0,1,2,0,0,3,5,6,-5
2022-23,1630695,Micah Potter,1610612762,UTA,25.0,7,4,3,52.44,10,15,4,7,0,0,3,13,16,4,2,1,0,0,5,2,24,-3
2022-23,203487,Michael Carter-Williams,1610612753,ORL,31.0,4,1,3,44.483333333333334,6,14,1,3,4,7,1,4,5,7,4,1,1,2,5,6,17,-26
2022-23,1630701,Michael Foster Jr.,1610612755,PHI,20.0,1,1,0,1.0333333333333334,0,0,0,0,0,0,0,0,0,0,0,0,0,0,0,0,0,-2
2022-23,1629008,Michael Porter Jr.,1610612743,DEN,25.0,62,41,21,1797.8933333333334,398,817,188,454,96,120,64,277,341,65,68,37,29,29,119,85,1080,418
2022-23,1628969,Mikal Bridges,1610612751,BKN,26.0,83,42,41,2963.1766666666667,593,1267,169,442,316,353,79,285,364,273,127,91,61,54,159,280,1671,36
2022-23,201144,Mike Conley,1610612750,MIN,35.0,67,34,33,2028.055,261,610,135,351,141,169,33,149,182,450,103,73,14,14,139,172,798,60
2022-23,203488,Mike Muscala,1610612738,BOS,31.0,63,32,31,945.09,131,292,81,207,40,52,37,166,203,50,23,15,24,10,98,50,383,204
2022-23,1630540,Miles McBride,1610612752,NYK,22.0,64,36,28,760.2466666666667,77,215,40,134,28,42,13,37,50,72,25,37,8,11,60,39,222,53
2022-23,1629011,Mitchell Robinson,1610612752,NYK,25.0,59,35,24,1588.8283333333334,188,280,0,0,59,122,267,288,555,53,41,56,109,27,160,113,435,185
2022-23,1628964,Mo Bamba,1610612747,LAL,25.0,49,25,24,768.4283333333333,117,241,48,124,41,62,58,167,225,46,30,13,43,14,105,49,323,8
2022-23,1628420,Monte Morris,1610612764,WAS,28.0,62,28,34,1696.0866666666666,247,515,78,204,64,77,26,184,210,326,60,43,13,19,75,72,636,6
2022-23,1626149,Montrezl Harrell,1610612755,PHI,29.0,57,35,22,681.075,125,209,0,6,70,101,67,92,159,33,35,17,25,19,75,95,320,19
2022-23,1629021,Moritz Wagner,1610612753,ORL,26.0,57,27,30,1109.4666666666667,198,396,51,163,153,182,69,190,259,84,68,37,13,31,136,150,600,-27
2022-23,1629650,Moses Brown,1610612746,LAC,23.0,36,17,19,294.145,61,96,0,0,33,72,57,82,139,4,15,4,14,11,39,51,155,27
2022-23,1630541,Moses Moody,1610612744,GSW,21.0,63,37,26,817.1466666666666,108,227,49,135,37,53,28,77,105,51,34,18,7,10,54,54,302,-7
2022-23,1631217,Moussa Diabaté,1610612746,LAC,21.0,22,10,12,195.49666666666667,24,47,1,2,10,16,31,19,50,4,9,7,8,6,15,16,59,-22
2022-23,1626167,Myles Turner,1610612754,IND,27.0,62,29,33,1825.21,402,733,93,249,216,276,88,378,466,89,103,36,140,31,215,254,1113,-47
2022-23,1630230,Naji Marshall,1610612740,NOP,25.0,77,40,37,1792.0366666666666,247,571,66,218,138,175,48,231,279,189,97,54,14,39,113,129,698,6
2022-23,1629642,Nassir Little,1610612757,POR,23.0,54,22,32,976.0566666666666,134,303,58,158,33,46,27,114,141,50,36,20,20,19,66,37,359,-190
2022-23,1631466,Nate Williams,1610612757,POR,24.0,5,1,4,126.56666666666666,24,39,3,8,2,3,10,5,15,10,4,3,2,2,13,2,53,-38
2022-23,1630233,Nathan Knight,1610612750,MIN,25.0,38,19,19,290.74833333333333,46,81,8,22,39,57,22,34,56,13,21,10,6,7,41,33,139,-9
2022-23,1629675,Naz Reid,1610612750,MIN,23.0,68,32,36,1250.9083333333333,310,577,75,217,86,127,73,260,333,77,92,42,53,33,176,110,781,-128
2022-23,1629674,Neemias Queta,1610612758,SAC,23.0,5,1,4,28.69,6,9,0,0,0,2,5,6,11,1,1,0,2,0,7,2,12,-30
2022-23,203457,Nerlens Noel,1610612751,BKN,29.0,17,4,13,194.68,13,36,1,2,8,12,10,36,46,10,13,16,10,2,32,16,35,-75
2022-23,1629651,Nic Claxton,1610612751,BKN,24.0,76,41,35,2270.6566666666668,414,587,0,2,133,246,184,518,702,144,96,65,189,29,212,220,961,119
2022-23,1630208,Nick Richards,1610612766,CHA,25.0,65,21,44,1217.675,197,313,1,1,137,183,147,269,416,38,59,11,71,38,154,159,532,-113
2022-23,1629638,Nickeil Alexander-Walker,1610612750,MIN,24.0,59,29,30,883.885,131,295,61,159,40,60,15,86,101,108,55,32,21,13,88,69,363,-51
2022-23,201587,Nicolas Batum,1610612746,LAC,34.0,78,44,34,1709.57,160,381,124,317,34,48,62,237,299,121,50,54,44,5,149,41,478,165
2022-23,203999,Nikola Jokić,1610612743,DEN,28.0,69,48,21,2323.0066666666667,646,1022,57,149,341,415,167,650,817,678,247,87,47,49,174,392,1690,640
2022-23,1631107,Nikola Jović,1610612748,MIA,20.0,15,7,8,204.455,28,69,8,35,18,19,9,22,31,10,10,7,2,0,19,19,82,-16
2022-23,202696,Nikola Vučević,1610612741,CHI,32.0,82,40,42,2746.355,597,1148,121,347,132,158,159,744,903,265,139,60,57,44,179,174,1447,-20
2022-23,203943,Noah Vonleh,1610612738,BOS,27.0,23,17,6,171.635,11,24,1,4,2,2,18,30,48,7,11,2,8,4,35,4,25,-13
2022-23,1626181,Norman Powell,1610612746,LAC,30.0,60,31,29,1567.135,340,710,114,287,225,277,24,151,175,109,101,50,18,39,125,223,1019,-124
2022-23,1628384,OG Anunoby,1610612761,TOR,25.0,67,33,34,2385.6516666666666,421,885,142,367,140,167,95,237,332,131,132,128,50,65,200,155,1124,132
2022-23,1630167,Obi Toppin,1610612752,NYK,25.0,67,37,30,1050.5083333333334,187,419,85,247,38,47,29,158,187,66,38,23,12,15,68,34,497,57
2022-23,1630534,Ochai Agbaji,1610612762,UTA,23.0,59,29,30,1209.2066666666667,165,386,81,228,56,69,43,78,121,67,41,16,15,20,99,49,467,-19
2022-23,1630846,Olivier Sarr,1610612760,OKC,24.0,9,5,4,113.64166666666667,15,30,1,8,5,7,12,19,31,4,4,1,5,0,17,12,36,14
2022-23,1630209,Omer Yurtseven,1610612748,MIA,25.0,9,5,4,83.23166666666667,16,27,3,7,5,6,8,15,23,2,4,2,2,1,16,9,40,10
2022-23,1630168,Onyeka Okongwu,1610612737,ATL,22.0,80,41,39,1848.555,317,497,4,13,153,196,217,359,576,81,81,56,107,43,251,166,791,63
2022-23,1631115,Orlando Robinson,1610612748,MIA,22.0,31,18,13,425.15,47,89,0,6,22,31,48,78,126,25,16,12,12,8,53,33,116,27
2022-23,1629052,Oshae Brissett,1610612754,IND,25.0,65,27,38,1083.1766666666667,123,319,48,155,104,145,62,156,218,44,34,33,13,22,79,92,398,22
2022-23,203490,Otto Porter Jr.,1610612761,TOR,30.0,8,4,4,146.34166666666667,15,30,6,17,8,8,6,13,19,8,4,11,0,0,7,13,44,-21
2022-23,1631172,Ousmane Dieng,1610612760,OKC,20.0,39,20,19,568.71,76,181,26,98,15,23,19,86,105,46,26,14,7,8,42,19,193,39
2022-23,200782,P.J. Tucker,1610612755,PHI,38.0,75,48,27,1920.055,96,225,55,140,19,23,95,200,295,60,44,39,15,9,180,58,266,135
2022-23,1629023,P.J. Washington,1610612766,CHA,24.0,73,24,49,2379.5633333333335,434,978,149,428,127,174,73,285,358,175,110,66,79,62,193,151,1144,-375
2022-23,1628408,PJ Dozier,1610612758,SAC,26.0,16,11,5,79.34666666666666,10,33,2,16,0,0,1,13,14,10,5,6,1,1,7,6,22,-23
2022-23,1631094,Paolo Banchero,1610612753,ORL,20.0,72,31,41,2429.7233333333334,479,1122,85,285,394,534,84,413,497,269,200,60,39,92,160,362,1437,-215
2022-23,1627783,Pascal Siakam,1610612761,TOR,29.0,71,35,36,2652.036666666667,630,1313,93,287,367,474,131,425,556,415,169,65,36,35,228,401,1720,123
2022-23,1626192,Pat Connaughton,1610612749,MIL,30.0,61,43,18,1442.735,165,421,109,322,27,41,50,233,283,77,33,37,11,14,69,51,466,134
2022-23,1631116,Patrick Baldwin Jr.,1610612744,GSW,20.0,31,15,16,225.845,43,109,32,84,4,6,1,39,40,11,11,6,4,3,14,4,122,-51
2022-23,201976,Patrick Beverley,1610612741,CHI,34.0,67,34,33,1816.5266666666666,144,360,80,239,47,65,44,203,247,194,60,63,41,12,187,92,415,-80
2022-23,1630172,Patrick Williams,1610612741,CHI,21.0,82,40,42,2322.8416666666667,314,677,115,277,90,105,78,249,327,100,101,72,70,38,147,101,833,-142
2022-23,201988,Patty Mills,1610612751,BKN,34.0,40,18,22,566.6483333333333,86,209,49,134,25,30,8,36,44,56,30,15,3,7,32,26,246,-66
2022-23,202331,Paul George,1610612746,LAC,33.0,56,32,24,1938.8916666666667,459,1004,158,426,256,294,45,297,342,288,176,83,20,37,159,230,1332,157
2022-23,1630194,Paul Reed,1610612755,PHI,24.0,69,44,25,755.1633333333333,124,209,1,6,38,51,112,150,262,27,45,45,51,17,123,46,287,-17
2022-23,1630202,Payton Pritchard,1610612738,BOS,25.0,48,32,16,642.7766666666666,101,245,56,154,12,16,25,63,88,64,40,14,1,9,37,13,270,12
2022-23,1631212,Peyton Watson,1610612743,DEN,20.0,23,13,10,186.11166666666668,29,59,6,14,11,20,8,29,37,11,8,2,11,4,14,13,75,-47
2022-23,1630173,Precious Achiuwa,1610612761,TOR,23.0,55,30,25,1140.52,196,404,29,108,87,124,100,228,328,50,59,31,30,31,102,91,508,-37
2022-23,1629656,Quentin Grimes,1610612752,NYK,23.0,71,41,30,2120.9066666666668,282,602,157,407,78,98,49,180,229,150,69,47,26,20,177,81,799,186
2022-23,1631245,Quenton Jackson,1610612764,WAS,24.0,9,3,6,134.58333333333334,19,42,1,12,17,22,2,6,8,15,4,4,1,3,10,21,56,-17
2022-23,1630181,R.J. Hampton,1610612765,DET,22.0,47,9,38,749.635,102,237,41,116,57,76,18,69,87,54,42,27,9,14,51,62,302,-140
2022-23,1629628,RJ Barrett,1610612752,NYK,23.0,73,40,33,2475.465,510,1176,121,390,290,392,60,308,368,201,164,31,15,94,179,268,1431,-62
2022-23,1630564,RaiQuan Gray,1610612751,BKN,23.0,1,0,1,35.083333333333336,6,12,2,5,2,2,3,6,9,7,4,0,1,0,5,1,16,-14
2022-23,203526,Raul Neto,1610612739,CLE,31.0,48,31,17,505.2316666666667,57,110,12,42,31,34,10,36,46,79,24,17,4,5,49,47,157,11
2022-23,203493,Reggie Bullock Jr.,1610612742,DAL,32.0,78,37,41,2364.485,192,470,151,397,26,37,32,251,283,108,36,54,13,9,166,31,561,-87
2022-23,202704,Reggie Jackson,1610612743,DEN,33.0,68,36,32,1656.8533333333332,263,640,96,288,71,78,25,119,144,233,115,47,6,16,114,78,693,-79
2022-23,1626158,Richaun Holmes,1610612758,SAC,29.0,42,22,20,347.575,55,89,5,8,15,19,29,51,80,9,14,3,11,8,50,20,130,-69
2022-23,201937,Ricky Rubio,1610612739,CLE,32.0,33,23,10,565.9933333333333,61,178,21,82,28,35,9,61,70,115,31,26,6,12,51,47,171,45
2022-23,203496,Robert Covington,1610612746,LAC,32.0,48,20,28,778.6416666666667,102,229,54,136,30,40,31,135,166,57,32,38,33,9,86,35,288,-7
2022-23,1629057,Robert Williams III,1610612738,BOS,25.0,35,24,11,823.55,127,170,0,1,25,41,104,188,292,50,34,22,48,12,68,43,279,173
2022-23,201577,Robin Lopez,1610612739,CLE,35.0,37,25,12,298.49833333333333,48,75,2,4,14,18,23,28,51,19,25,2,8,7,43,27,112,-58
2022-23,203585,Rodney McGruder,1610612765,DET,31.0,32,4,28,523.9016666666666,62,152,41,97,18,22,20,54,74,28,11,16,1,9,39,27,183,-44
2022-23,1629641,Romeo Langford,1610612759,SAS,23.0,43,14,29,844.3016666666666,121,259,16,61,39,56,57,57,114,50,30,24,13,13,67,65,297,-180
2022-23,1631199,Ron Harper Jr.,1610612761,TOR,23.0,9,6,3,47.5,8,16,3,9,1,1,3,4,7,4,0,0,1,1,3,1,20,19
2022-23,1626220,Royce O'Neale,1610612751,BKN,30.0,76,42,34,2409.235,229,593,163,419,50,69,55,329,384,283,114,65,49,28,239,89,671,78
2022-23,200752,Rudy Gay,1610612762,UTA,36.0,56,29,27,815.5683333333334,109,287,33,130,42,49,33,130,163,57,37,19,18,2,68,36,293,57
2022-23,203497,Rudy Gobert,1610612750,MIN,31.0,70,34,36,2148.483333333333,360,546,0,3,219,340,231,583,814,87,122,56,95,40,210,319,939,-7
2022-23,1629060,Rui Hachimura,1610612747,LAL,25.0,63,38,25,1466.03,284,584,51,160,88,119,53,230,283,58,53,19,26,40,72,85,707,-28
2022-23,201566,Russell Westbrook,1610612746,LAC,34.0,73,36,37,2125.826666666667,432,991,89,286,206,314,89,334,423,551,255,76,33,79,162,212,1159,-21
2022-23,1627853,Ryan Arcidiacono,1610612752,NYK,29.0,20,9,11,172.35333333333332,9,37,8,23,0,0,0,15,15,23,7,5,0,2,17,12,26,-40
2022-23,1631157,Ryan Rollins,1610612744,GSW,20.0,12,5,7,62.07,7,20,3,9,6,6,3,9,12,6,16,1,1,2,10,4,23,-47
2022-23,1630240,Saben Lee,1610612756,PHX,24.0,25,15,10,373.53,49,121,11,30,42,57,13,32,45,67,24,19,1,13,32,49,151,-30
2022-23,1630180,Saddiq Bey,1610612737,ATL,24.0,77,24,53,2128.695,353,836,151,418,205,238,98,264,362,118,71,70,13,55,123,152,1062,-147
2022-23,1630573,Sam Hauser,1610612738,BOS,25.0,80,55,25,1289.8983333333333,180,396,140,335,12,17,35,169,204,71,30,29,21,6,99,20,512,219
2022-23,1630241,Sam Merrill,1610612739,CLE,27.0,5,4,1,58.516666666666666,9,22,5,18,2,2,0,9,9,5,0,4,0,0,3,1,25,-5
2022-23,1630572,Sandro Mamukelashvili,1610612759,SAS,24.0,43,23,20,659.6533333333333,97,230,30,99,39,57,70,115,185,62,35,14,12,14,52,47,263,-114
2022-23,1630583,Santi Aldama,1610612763,MEM,22.0,77,47,30,1681.7483333333332,247,525,94,266,108,144,85,286,371,97,60,45,48,20,143,125,696,91
2022-23,1630567,Scottie Barnes,1610612761,TOR,21.0,77,38,39,2677.55,463,1016,63,224,190,246,179,333,512,371,154,83,61,47,170,210,1179,175
2022-23,1630590,Scotty Pippen Jr.,1610612747,LAL,22.0,6,1,5,31.516666666666666,4,12,1,3,5,9,2,2,4,2,2,2,1,2,3,6,14,-1
2022-23,201586,Serge Ibaka,1610612749,MIL,33.0,16,11,5,185.35833333333332,26,54,6,18,8,13,15,29,44,4,11,2,7,3,23,11,66,-25
2022-23,203552,Seth Curry,1610612751,BKN,32.0,61,37,24,1210.715,208,449,94,232,51,55,13,87,100,99,51,36,7,14,96,57,561,-69
2022-23,1631101,Shaedon Sharpe,1610612757,POR,20.0,80,32,48,1778.6033333333332,306,648,102,283,75,105,63,173,236,94,83,38,24,31,136,91,789,-297
2022-23,1628983,Shai Gilgeous-Alexander,1610612760,OKC,24.0,68,33,35,2415.985,704,1381,58,168,669,739,59,270,329,371,192,112,65,97,192,491,2135,149
2022-23,1629003,Shake Milton,1610612755,PHI,26.0,76,52,24,1567.3533333333332,241,503,56,148,99,116,39,152,191,240,94,25,13,37,123,103,637,144
2022-23,1627885,Shaquille Harrison,1610612747,LAL,29.0,5,1,4,119.91666666666667,15,36,3,10,11,15,1,21,22,30,6,11,2,2,12,12,44,-1
2022-23,1631323,Simone Fontecchio,1610612762,UTA,27.0,52,25,27,765.8116666666666,115,312,63,191,35,44,31,55,86,42,39,15,8,16,62,36,328,-205
2022-23,1630219,Skylar Mays,1610612757,POR,25.0,6,1,5,188.76666666666668,34,68,12,26,12,13,2,17,19,50,10,6,1,8,11,11,92,-74
2022-23,203915,Spencer Dinwiddie,1610612751,BKN,30.0,79,41,38,2725.335,460,1050,181,490,268,330,28,242,270,515,145,67,24,62,187,252,1369,-8
2022-23,1626169,Stanley Johnson,1610612762,UTA,27.0,30,5,25,469.495,65,122,18,40,26,39,22,73,95,67,33,16,6,9,48,33,174,-92
2022-23,1630649,Stanley Umude,1610612765,DET,24.0,1,0,1,2.1166666666666667,0,1,0,1,2,2,0,0,0,0,0,1,1,0,0,1,2,3
2022-23,201939,Stephen Curry,1610612744,GSW,35.0,56,30,26,1941.1516666666666,559,1133,273,639,257,281,39,302,341,352,179,52,20,41,117,219,1648,268
2022-23,1628425,Sterling Brown,1610612747,LAL,28.0,4,2,2,24.363333333333333,0,4,0,2,0,0,3,5,8,2,0,3,0,1,4,0,0,-4
2022-23,203500,Steven Adams,1610612763,MEM,29.0,42,28,14,1133.2916666666667,157,263,0,1,47,129,214,271,485,97,79,36,46,14,98,131,361,243
2022-23,1629004,Svi Mykhailiuk,1610612766,CHA,26.0,32,16,16,467.90166666666664,77,173,42,99,26,39,15,38,53,53,24,15,4,11,23,30,222,20
2022-23,204456,T.J. McConnell,1610612754,IND,31.0,75,31,44,1526.4133333333334,283,521,26,59,58,68,45,189,234,397,143,81,10,17,105,101,650,-62
2022-23,203933,T.J. Warren,1610612756,PHX,29.0,42,26,16,686.7083333333334,132,270,22,67,28,35,26,95,121,40,20,22,12,7,65,31,314,55
2022-23,201959,Taj Gibson,1610612764,WAS,38.0,49,21,28,480.445,65,125,8,24,30,42,32,61,93,34,26,15,12,8,84,36,168,-4
2022-23,1629659,Talen Horton-Tucker,1610612762,UTA,22.0,65,30,35,1313.215,257,613,58,203,126,168,41,169,210,246,126,41,29,45,108,124,698,-8
2022-23,1631106,Tari Eason,1610612745,HOU,22.0,82,22,60,1767.22,296,660,59,172,109,145,195,301,496,88,101,96,47,67,189,110,760,-157
2022-23,1627752,Taurean Prince,1610612750,MIN,29.0,54,31,23,1192.5483333333334,177,379,74,194,65,77,15,117,132,84,69,28,15,14,123,85,493,0
2022-23,1629611,Terance Mann,1610612746,LAC,26.0,81,44,37,1872.1766666666667,272,524,77,198,92,118,77,199,276,184,80,42,22,33,149,110,713,2
2022-23,1629056,Terence Davis,1610612758,SAC,26.0,64,38,26,840.9766666666667,154,364,89,243,34,43,20,119,139,67,53,43,12,13,104,35,431,47
2022-23,203082,Terrence Ross,1610612756,PHX,32.0,63,27,36,1330.5083333333334,200,465,95,258,27,34,22,132,154,95,43,35,10,16,97,33,522,-76
2022-23,1626179,Terry Rozier,1610612766,CHA,29.0,63,19,44,2220.9266666666667,493,1188,165,505,178,220,51,208,259,319,134,74,16,64,119,191,1329,-288
2022-23,1630678,Terry Taylor,1610612741,CHI,23.0,31,13,18,263.43666666666667,39,75,5,19,6,11,27,20,47,10,9,3,6,6,26,11,89,18
2022-23,201152,Thaddeus Young,1610612761,TOR,35.0,54,23,31,795.46,108,198,6,34,18,26,71,95,166,75,42,54,5,9,88,39,240,-92
2022-23,203648,Thanasis Antetokounmpo,1610612749,MIL,30.0,37,25,12,206.20666666666668,20,46,0,8,11,22,15,29,44,15,12,3,3,5,22,14,51,-114
2022-23,1630177,Theo Maledon,1610612766,CHA,22.0,44,14,30,853.6566666666666,102,254,28,95,63,74,14,109,123,152,59,37,12,15,61,57,295,-147
2022-23,1629033,Theo Pinson,1610612742,DAL,27.0,40,19,21,322.95666666666665,31,87,22,62,11,13,10,53,63,46,12,6,1,5,34,14,95,-50
2022-23,1628418,Thomas Bryant,1610612743,DEN,25.0,59,33,26,1081.4866666666667,230,369,26,59,93,126,86,253,339,31,38,16,30,33,102,98,579,-93
2022-23,203501,Tim Hardaway Jr.,1610612742,DAL,31.0,71,37,34,2152.233333333333,340,847,212,550,127,165,21,230,251,129,60,49,12,25,120,155,1019,160
2022-23,202699,Tobias Harris,1610612755,PHI,30.0,74,47,27,2435.8783333333336,423,845,126,324,113,129,67,357,424,186,89,68,40,52,149,110,1085,296
2022-23,1628396,Tony Bradley,1610612741,CHI,25.0,12,5,7,33.365,6,12,3,5,4,4,1,10,11,1,1,1,1,0,2,2,19,11
2022-23,1628470,Torrey Craig,1610612756,PHX,32.0,79,44,35,1947.8416666666667,228,500,100,253,32,45,145,281,426,117,73,50,62,23,179,55,588,-177
2022-23,1629027,Trae Young,1610612737,ATL,24.0,73,38,35,2540.74,597,1390,154,460,566,639,56,161,217,741,300,80,9,85,104,466,1914,100
2022-23,1630200,Tre Jones,1610612759,SAS,23.0,68,20,48,1983.7383333333332,341,743,45,158,148,172,56,189,245,448,110,89,9,41,98,184,875,-325
2022-23,1630544,Tre Mann,1610612760,OKC,22.0,67,31,36,1183.3883333333333,197,501,81,257,42,55,27,128,155,120,62,40,11,16,99,53,517,57
2022-23,1630570,Trendon Watford,1610612757,POR,22.0,62,26,36,1181.6083333333333,181,323,25,64,72,100,42,196,238,130,71,32,12,14,118,91,459,-181
2022-23,1630235,Trent Forrest,1610612737,ATL,25.0,23,9,14,276.975,25,60,0,2,2,3,5,32,37,38,15,7,2,7,17,8,52,-58
2022-23,1630243,Trevelin Queen,1610612755,PHI,26.0,7,2,5,70.0,7,29,2,15,5,5,8,9,17,6,7,2,5,1,4,5,21,14
2022-23,1631309,Trevor Hudgins,1610612745,HOU,24.0,5,0,5,28.333333333333332,2,9,2,8,3,3,0,0,0,3,1,0,0,0,1,2,9,3
2022-23,1631211,Trevor Keels,1610612752,NYK,19.0,3,3,0,8.04,1,4,1,4,0,0,0,2,2,0,0,0,0,0,0,0,3,-18
2022-23,1626168,Trey Lyles,1610612758,SAC,27.0,74,43,31,1247.235,187,408,87,240,101,124,68,232,300,66,64,27,31,21,97,103,562,105
2022-23,1630530,Trey Murphy III,1610612740,NOP,23.0,79,39,40,2448.005,387,800,202,497,172,190,59,222,281,112,61,89,43,23,155,129,1148,38
2022-23,1628972,Troy Brown Jr.,1610612747,LAL,23.0,76,40,36,1859.79,200,465,107,281,34,39,62,246,308,95,49,59,16,30,120,44,541,-15
2022-23,1629660,Ty Jerome,1610612744,GSW,25.0,45,22,23,815.5783333333334,118,242,35,90,38,41,7,71,78,135,30,23,5,9,64,40,309,-92
2022-23,1631102,TyTy Washington Jr.,1610612745,HOU,21.0,31,6,25,432.7133333333333,58,160,19,80,10,18,2,43,45,47,14,15,2,4,29,18,145,-47
2022-23,1628416,Tyler Dorsey,1610612742,DAL,27.0,3,2,1,8.25,4,5,1,2,0,0,1,1,2,0,0,0,0,0,0,0,9,2
2022-23,1629639,Tyler Herro,1610612748,MIA,23.0,67,37,30,2335.391666666667,487,1109,203,537,170,182,27,333,360,280,158,51,16,52,101,128,1347,170
2022-23,1630169,Tyrese Haliburton,1610612754,IND,23.0,56,28,28,1882.8533333333332,412,841,161,402,175,201,33,172,205,585,141,91,25,46,69,157,1160,-35
2022-23,1631213,Tyrese Martin,1610612737,ATL,24.0,16,10,6,65.54,9,23,1,7,2,2,5,7,12,2,2,1,0,2,2,1,21,1
2022-23,1630178,Tyrese Maxey,1610612755,PHI,22.0,60,39,21,2015.77,439,913,160,369,180,213,23,153,176,212,80,49,8,38,132,159,1218,241
2022-23,1626145,Tyus Jones,1610612763,MEM,27.0,80,51,29,1939.4233333333334,311,710,121,326,79,98,28,172,200,417,74,83,6,14,32,76,822,95
2022-23,1628962,Udoka Azubuike,1610612762,UTA,23.0,36,17,19,358.535,59,72,0,0,7,20,31,88,119,11,18,6,15,3,34,19,125,-83
2022-23,2617,Udonis Haslem,1610612748,MIA,43.0,7,4,3,72.11833333333334,10,29,3,9,4,5,4,7,11,0,1,1,2,0,11,10,27,-25
2022-23,1630586,Usman Garuba,1610612745,HOU,21.0,75,21,54,970.18,86,177,24,59,29,47,120,187,307,64,47,44,29,19,135,48,225,-253
2022-23,1630176,Vernon Carey Jr.,1610612762,UTA,22.0,11,8,3,28.483333333333334,2,8,0,0,2,2,3,8,11,3,2,2,2,1,5,1,6,-10
2022-23,203506,Victor Oladipo,1610612748,MIA,31.0,42,23,19,1105.64,160,403,70,212,59,79,16,112,128,146,87,57,12,16,99,68,449,-35
2022-23,1631246,Vince Williams Jr.,1610612763,MEM,22.0,15,7,8,104.59,12,40,4,28,2,2,4,11,15,4,5,6,2,1,12,3,30,-34
2022-23,1628427,Vlatko Čančar,1610612743,DEN,26.0,60,38,22,889.0233333333333,108,227,43,115,38,41,24,104,128,80,37,22,14,9,84,46,297,-66
2022-23,1630249,Vít Krejčí,1610612737,ATL,23.0,29,15,14,165.42333333333335,15,37,5,21,1,2,6,20,26,17,5,5,1,3,17,1,36,-3
2022-23,1631117,Walker Kessler,1610612762,UTA,21.0,74,34,40,1703.2066666666667,298,414,1,3,82,159,231,389,620,69,58,26,173,34,169,126,679,72
2022-23,1628976,Wendell Carter Jr.,1610612753,ORL,24.0,57,26,31,1689.54,322,613,80,225,144,195,120,377,497,132,106,30,33,18,159,163,868,-41
2022-23,1631111,Wendell Moore Jr.,1610612750,MIN,21.0,29,16,13,152.65833333333333,18,43,2,17,4,5,4,14,18,18,8,8,5,3,13,7,42,-53
2022-23,1629117,Wenyen Gabriel,1610612747,LAL,26.0,68,37,31,1023.75,155,260,10,36,52,84,116,170,286,36,46,26,35,18,144,91,372,-32
2022-23,202083,Wesley Matthews,1610612749,MIL,36.0,52,37,15,820.425,58,160,39,124,24,28,34,79,113,34,18,20,13,2,71,31,179,53
2022-23,203115,Will Barton,1610612761,TOR,32.0,56,27,29,992.96,138,364,66,180,37,47,15,122,137,112,48,28,13,25,56,32,379,-168
2022-23,1626195,Willy Hernangomez,1610612740,NOP,29.0,38,23,15,457.6616666666667,89,169,3,11,81,104,58,122,180,33,39,17,13,18,64,83,262,19
2022-23,1641645,Xavier Cooks,1610612764,WAS,27.0,10,2,8,125.78333333333333,17,28,0,1,4,10,16,22,38,6,8,6,4,3,13,9,38,19
2022-23,1629875,Xavier Moon,1610612746,LAC,28.0,4,2,2,19.566666666666666,3,9,1,3,0,0,0,3,3,5,1,0,0,0,2,0,7,3
2022-23,1630270,Xavier Sneed,1610612766,CHA,25.0,4,0,4,48.22666666666667,5,10,3,6,4,4,0,5,5,5,3,0,1,1,7,3,17,-28
2022-23,1630214,Xavier Tillman,1610612763,MEM,24.0,61,40,21,1180.1083333333333,188,306,4,15,49,89,121,186,307,96,44,58,29,34,97,71,429,-1
2022-23,1629139,Yuta Watanabe,1610612751,BKN,28.0,58,30,28,927.7866666666666,114,232,60,135,34,47,30,111,141,48,22,25,17,9,80,38,322,-7
2022-23,1628380,Zach Collins,1610612759,SAS,25.0,63,20,43,1440.5966666666666,284,548,55,147,108,142,116,286,402,180,129,37,49,35,199,147,731,-239
2022-23,203897,Zach LaVine,1610612741,CHI,28.0,77,38,39,2767.95,673,1388,204,544,363,428,42,303,345,327,194,69,18,78,159,289,1913,18
2022-23,1630192,Zeke Nnaji,1610612743,DEN,22.0,53,34,19,727.7983333333333,110,196,17,65,40,62,65,73,138,18,31,17,23,12,105,61,277,-97
2022-23,1630533,Ziaire Williams,1610612763,MEM,21.0,37,21,16,560.755,84,196,25,97,17,22,16,63,79,35,37,14,6,5,58,35,210,-76
2022-23,1629627,Zion Williamson,1610612740,NOP,22.0,29,17,12,956.0983333333334,285,469,7,19,177,248,58,144,202,133,99,32,16,44,65,187,754,149
2023-24,1630639,A.J. Lawson,1610612742,DAL,23.0,42,27,15,310.9,54,121,13,50,15,23,14,36,50,20,14,10,3,8,22,13,136,18
2023-24,1631260,AJ Green,1610612749,MIL,24.0,56,35,21,614.2816666666666,83,196,69,169,17,19,9,55,64,30,12,9,4,3,49,20,252,50
2023-24,1631100,AJ Griffin,1610612737,ATL,20.0,20,8,12,170.73,18,62,10,39,2,2,2,16,18,5,8,1,2,3,6,1,48,-51
2023-24,203932,Aaron Gordon,1610612743,DEN,28.0,73,49,24,2296.81,398,716,40,138,177,269,174,297,471,259,105,56,45,57,142,223,1013,423
2023-24,1628988,Aaron Holiday,1610612745,HOU,27.0,78,39,39,1269.2966666666666,186,417,84,217,58,63,23,100,123,140,53,42,6,20,125,65,514,85
2023-24,1630174,Aaron Nesmith,1610612754,IND,24.0,72,41,31,1994.655,315,635,140,334,107,137,63,212,275,108,64,65,49,51,241,145,877,161
2023-24,1630598,Aaron Wiggins,1610612760,OKC,25.0,78,55,23,1227.9383333333333,212,377,62,126,56,71,60,126,186,86,56,56,19,33,91,59,542,94
2023-24,1641745,Adam Flagler,1610612760,OKC,24.0,2,2,0,14.016666666666667,1,7,1,6,0,0,0,0,0,4,0,0,0,0,0,0,3,0
2023-24,1641766,Adama Sanogo,1610612741,CHI,22.0,9,3,6,65.76166666666667,14,27,0,0,8,12,19,17,36,0,5,1,0,2,5,7,36,34
2023-24,1629678,Admiral Schofield,1610612753,ORL,27.0,23,15,8,84.35833333333333,10,26,6,16,0,2,3,14,17,7,5,1,0,3,9,3,26,-13
2023-24,201143,Al Horford,1610612738,BOS,38.0,65,51,14,1739.7966666666666,214,419,108,258,26,30,82,331,413,168,48,38,62,11,93,29,562,421
2023-24,202692,Alec Burks,1610612752,NYK,32.0,66,18,48,1211.545,210,569,124,330,145,167,24,126,150,88,48,28,12,21,75,127,689,-256
2023-24,1630197,Aleksej Pokusevski,1610612766,CHA,22.0,28,14,14,405.3833333333333,49,121,18,55,30,41,17,72,89,35,19,15,13,4,22,27,146,-74
2023-24,1627936,Alex Caruso,1610612741,CHI,30.0,71,34,37,2040.3433333333332,253,541,136,333,73,96,62,211,273,247,102,120,70,25,181,138,715,4
2023-24,1641788,Alex Fudge,1610612742,DAL,21.0,6,1,5,40.21666666666667,6,15,1,5,2,2,4,1,5,0,2,3,0,2,2,1,15,-39
2023-24,203458,Alex Len,1610612758,SAC,31.0,48,24,24,444.245,50,81,0,3,20,34,46,82,128,50,27,11,33,10,66,26,120,142
2023-24,1631214,Alondes Williams,1610612748,MIA,25.0,7,5,2,15.595,2,8,0,4,1,1,0,1,1,0,2,0,1,1,2,1,5,-20
2023-24,1630578,Alperen Sengun,1610612745,HOU,21.0,63,29,34,2045.635,527,982,33,111,244,352,183,406,589,312,162,76,46,75,211,326,1331,49
2023-24,1641735,Amari Bailey,1610612766,CHA,20.0,10,1,9,64.63333333333334,8,24,1,8,6,7,6,3,9,7,4,3,0,0,2,4,23,5
2023-24,1641708,Amen Thompson,1610612745,HOU,21.0,62,30,32,1388.5316666666668,239,446,8,58,106,155,148,261,409,163,90,78,38,38,141,132,592,45
2023-24,1629599,Amir Coffey,1610612746,LAC,27.0,70,46,24,1460.5966666666666,166,352,70,184,61,71,29,119,148,76,33,41,14,20,102,59,463,-92
2023-24,203083,Andre Drummond,1610612741,CHI,30.0,79,37,42,1351.2516666666668,267,480,0,3,129,218,265,443,708,37,81,73,48,42,140,186,663,26
2023-24,1641748,Andre Jackson Jr.,1610612749,MIL,22.0,57,33,24,572.3283333333334,50,100,17,46,8,11,43,70,113,50,28,16,6,3,92,11,125,-89
2023-24,1641847,Andrew Funk,1610612741,CHI,24.0,5,3,2,13.4,0,4,0,3,0,0,0,0,0,0,0,1,1,1,0,0,0,4
2023-24,1629614,Andrew Nembhard,1610612754,IND,24.0,68,41,27,1696.685,260,522,61,171,45,56,36,105,141,280,101,63,6,21,143,87,626,65
2023-24,203952,Andrew Wiggins,1610612744,GSW,29.0,71,38,33,1920.4483333333333,353,780,91,254,142,189,108,213,321,119,87,42,41,45,147,160,939,-58
2023-24,1629014,Anfernee Simons,1610612757,POR,25.0,46,11,35,1581.7433333333333,360,837,156,405,163,178,22,145,167,255,126,23,5,51,98,127,1039,-330
2023-24,1641710,Anthony Black,1610612753,ORL,20.0,69,39,30,1164.21,115,247,37,94,49,80,33,106,139,91,56,35,21,16,110,79,316,-33
2023-24,203076,Anthony Davis,1610612747,LAL,31.0,76,45,31,2700.2433333333333,713,1283,29,107,421,516,239,722,961,266,159,91,178,80,177,410,1876,151
2023-24,1630162,Anthony Edwards,1610612750,MIN,22.0,79,54,25,2770.383333333333,718,1558,190,532,423,506,52,378,430,405,241,101,42,56,141,336,2049,432
2023-24,1630264,Anthony Gill,1610612764,WAS,31.0,50,9,41,466.49666666666667,75,160,10,41,29,36,37,57,94,34,23,13,11,16,48,29,189,5
2023-24,1629717,Armoni Brooks,1610612751,BKN,26.0,10,3,7,104.02333333333333,15,46,11,32,1,2,7,11,18,5,3,1,1,4,3,1,42,28
2023-24,1630204,Ashton Hagans,1610612757,POR,24.0,19,3,16,315.57166666666666,29,71,8,25,14,17,14,31,45,54,30,11,9,9,40,19,80,-4
2023-24,1641709,Ausar Thompson,1610612765,DET,21.0,63,10,53,1582.805,232,480,21,113,71,119,129,273,402,120,84,68,59,33,175,118,556,-231
2023-24,1630559,Austin Reaves,1610612747,LAL,26.0,82,47,35,2628.95,457,940,154,420,232,272,57,295,352,450,174,66,25,48,153,243,1300,-41
2023-24,1630245,Ayo Dosunmu,1610612741,CHI,24.0,76,37,39,2212.4683333333332,360,719,119,295,85,105,54,162,216,242,103,68,36,59,166,83,924,-158
2023-24,1628389,Bam Adebayo,1610612748,MIA,26.0,71,40,31,2416.4733333333334,530,1017,15,42,292,387,159,578,737,278,162,81,66,46,159,343,1367,50
2023-24,1641767,Ben Sheppard,1610612754,IND,22.0,57,32,25,814.26,90,229,49,156,23,26,15,74,89,53,15,33,2,14,88,23,252,69
2023-24,1627732,Ben Simmons,1610612751,BKN,27.0,15,7,8,358.9166666666667,43,74,0,0,6,15,31,88,119,86,27,12,9,3,36,21,92,-38
2023-24,1631097,Bennedict Mathurin,1610612754,IND,22.0,59,33,26,1538.39,296,663,80,214,184,224,60,174,234,119,97,35,14,74,117,165,856,-92
2023-24,1641731,Bilal Coulibaly,1610612764,WAS,19.0,63,11,52,1715.25,188,432,64,185,92,131,56,200,256,110,87,57,48,43,137,101,532,-419
2023-24,202687,Bismack Biyombo,1610612760,OKC,31.0,40,20,20,791.4616666666667,74,131,0,0,26,54,62,147,209,53,42,11,37,13,89,46,174,-65
2023-24,1631104,Blake Wesley,1610612759,SAS,21.0,61,19,42,875.925,102,215,12,55,52,78,18,76,94,166,55,29,9,15,89,50,268,-144
2023-24,1626246,Boban Marjanovic,1610612745,HOU,35.0,14,9,5,70.91,18,34,0,2,9,14,7,25,32,6,5,1,2,3,5,14,45,-20
2023-24,1626171,Bobby Portis,1610612749,MIL,29.0,82,49,33,2008.1666666666667,466,918,100,246,98,124,142,465,607,104,91,68,34,33,189,104,1130,-5
2023-24,203992,Bogdan Bogdanović,1610612737,ATL,31.0,79,35,44,2401.4083333333333,471,1100,240,641,151,164,53,219,272,247,112,96,26,51,179,127,1333,127
2023-24,202711,Bojan Bogdanovic,1610612752,NYK,35.0,57,20,37,1478.0033333333333,309,681,133,334,117,149,22,130,152,97,101,30,5,45,95,116,868,-346
2023-24,1629626,Bol Bol,1610612756,PHX,24.0,43,28,15,469.0283333333333,93,151,22,52,15,19,32,105,137,17,19,10,25,3,42,11,223,13
2023-24,1630538,Bones Hyland,1610612746,LAC,23.0,37,20,17,540.21,97,251,44,135,18,23,5,50,55,93,44,26,4,20,51,34,256,-65
2023-24,203078,Bradley Beal,1610612756,PHX,31.0,53,33,20,1766.7333333333333,377,735,101,235,109,134,54,178,232,265,131,52,27,37,127,102,964,107
2023-24,1641764,Brandin Podziemski,1610612744,GSW,21.0,74,41,33,1968.2533333333333,271,597,90,234,50,79,118,309,427,273,88,61,14,35,122,123,682,264
2023-24,1630527,Brandon Boston,1610612746,LAC,22.0,32,17,15,345.1716666666667,65,161,14,52,23,33,19,33,52,13,24,11,8,13,40,22,167,-111
2023-24,1629634,Brandon Clarke,1610612763,MEM,27.0,6,2,4,134.31833333333333,33,59,1,6,1,7,13,19,32,9,3,5,6,5,8,8,68,-8
2023-24,1627742,Brandon Ingram,1610612740,NOP,26.0,64,38,26,2102.68,500,1017,86,242,246,307,43,281,324,363,163,50,40,47,145,242,1332,175
2023-24,1641706,Brandon Miller,1610612766,CHA,21.0,74,18,56,2382.963333333333,476,1083,184,493,143,173,60,255,315,175,132,66,42,45,184,194,1279,-510
2023-24,1630314,Brandon Williams,1610612742,DAL,24.0,17,10,7,112.87,20,54,3,15,11,17,4,9,13,17,7,1,1,5,4,15,54,-57
2023-24,1630296,Braxton Key,1610612743,DEN,27.0,20,14,6,59.983333333333334,7,17,2,5,6,8,3,15,18,9,1,2,1,2,5,5,22,-11
2023-24,1641729,Brice Sensabaugh,1610612762,UTA,20.0,32,8,24,584.3633333333333,85,218,34,115,37,41,16,86,102,55,47,13,6,13,43,33,241,-173
2023-24,201572,Brook Lopez,1610612749,MIL,36.0,79,48,31,2411.1516666666666,366,755,148,404,110,134,117,292,409,127,79,43,189,22,191,120,990,278
2023-24,1628971,Bruce Brown,1610612761,TOR,27.0,67,26,41,1865.3666666666666,278,582,53,164,117,142,53,231,284,192,86,59,17,41,148,99,726,-231
2023-24,1628981,Bruno Fernando,1610612737,ATL,25.0,45,20,25,682.3033333333333,109,187,0,4,64,96,59,134,193,46,44,25,28,23,107,75,282,-96
2023-24,1631121,Bryce McGowens,1610612766,CHA,21.0,59,11,48,881.595,101,230,34,102,66,85,17,85,102,51,30,21,10,16,74,76,302,-229
2023-24,1631205,Buddy Boeheim,1610612765,DET,24.0,10,0,10,84.00166666666667,9,29,8,25,8,10,3,7,10,3,0,0,1,1,5,5,34,21
2023-24,1627741,Buddy Hield,1610612755,PHI,31.0,84,46,38,2159.8883333333333,371,850,219,568,52,59,61,208,269,236,103,70,42,33,169,40,1013,64
2023-24,203468,CJ McCollum,1610612740,NOP,32.0,66,42,24,2158.536666666667,484,1055,239,557,115,139,39,247,286,305,110,62,41,41,126,113,1322,195
2023-24,1630595,Cade Cunningham,1610612765,DET,22.0,62,9,53,2074.225,524,1167,119,335,238,274,33,235,268,464,212,56,22,92,153,194,1405,-350
2023-24,1631216,Caleb Houstan,1610612753,ORL,21.0,59,31,28,815.335,80,206,72,193,21,26,28,56,84,29,16,15,4,1,61,19,253,-30
2023-24,1628997,Caleb Martin,1610612748,MIA,28.0,64,36,28,1756.5533333333333,241,559,81,232,77,99,74,207,281,143,77,47,29,40,126,108,640,66
2023-24,1629629,Cam Reddish,1610612747,LAL,24.0,48,27,21,984.0616666666666,91,234,37,110,41,54,27,72,99,48,31,47,14,18,64,44,260,-50
2023-24,1630560,Cam Thomas,1610612751,BKN,22.0,66,23,43,2074.85,526,1190,144,396,286,334,28,186,214,192,124,45,16,78,138,272,1482,-201
2023-24,1641715,Cam Whitmore,1610612745,HOU,19.0,47,19,28,880.3333333333334,212,467,79,220,76,112,44,136,180,33,46,30,17,33,64,74,579,-28
2023-24,1629661,Cameron Johnson,1610612751,BKN,28.0,58,21,37,1599.0383333333334,276,619,138,353,86,109,55,196,251,138,57,49,15,34,105,93,776,-77
2023-24,1626166,Cameron Payne,1610612755,PHI,29.0,78,46,32,1304.0766666666666,208,481,104,267,58,67,21,96,117,205,66,42,11,24,126,61,578,-11
2023-24,1627747,Caris LeVert,1610612739,CLE,29.0,68,38,30,1958.0833333333333,345,820,108,332,154,201,39,241,280,346,117,76,34,48,121,153,952,120
2023-24,1641717,Cason Wallace,1610612760,OKC,20.0,82,57,25,1691.9216666666666,217,442,98,234,29,37,52,135,187,120,45,76,37,23,129,38,561,127
2023-24,1626224,Cedi Osman,1610612759,SAS,29.0,72,17,55,1268.7516666666668,184,384,86,221,35,52,25,155,180,119,47,36,11,18,107,71,489,-353
2023-24,1629646,Charles Bassey,1610612759,SAS,23.0,19,3,16,205.275,29,40,0,1,5,6,23,53,76,21,15,8,17,1,31,10,63,-46
2023-24,1629718,Charlie Brown Jr.,1610612752,NYK,27.0,8,2,6,37.28333333333333,2,10,2,7,0,0,1,1,2,0,2,0,2,1,5,1,6,-6
2023-24,1631096,Chet Holmgren,1610612760,OKC,22.0,82,57,25,2412.7966666666666,505,953,129,349,218,275,129,519,648,200,131,53,190,65,197,250,1357,423
2023-24,1629002,Chimezie Metu,1610612765,DET,27.0,51,24,27,858.9066666666666,123,244,28,94,58,64,41,153,194,46,52,43,16,16,71,50,332,-109
2023-24,1628449,Chris Boucher,1610612761,TOR,31.0,50,16,34,704.8833333333333,110,217,31,94,71,92,62,145,207,23,28,14,24,14,68,87,322,28
2023-24,1630537,Chris Duarte,1610612758,SAC,27.0,59,35,24,719.5183333333333,80,210,44,127,26,33,26,80,106,44,26,28,8,11,80,48,230,-67
2023-24,1641753,Chris Livingston,1610612749,MIL,20.0,21,13,8,90.53333333333333,11,22,1,5,3,4,3,18,21,5,5,2,0,3,15,4,26,-27
2023-24,101108,Chris Paul,1610612744,GSW,39.0,58,33,25,1530.89,206,467,78,210,43,52,18,207,225,393,76,70,6,12,108,58,533,110
2023-24,1631128,Christian Braun,1610612743,DEN,23.0,82,57,25,1655.565,222,483,63,164,93,134,79,227,306,132,55,42,35,46,137,86,600,-13
2023-24,1626174,Christian Wood,1610612747,LAL,28.0,50,28,22,871.9433333333334,123,264,35,114,66,94,39,215,254,49,50,16,33,12,72,79,347,3
2023-24,1629643,Chuma Okeke,1610612753,ORL,25.0,47,24,23,431.73,40,112,23,82,4,7,18,62,80,20,16,9,7,2,19,5,107,-70
2023-24,203991,Clint Capela,1610612737,ATL,30.0,73,33,40,1883.0866666666666,353,618,0,1,130,206,335,441,776,91,74,43,106,69,164,170,836,-17
2023-24,1629632,Coby White,1610612741,CHI,24.0,79,37,42,2881.3566666666666,541,1209,209,556,218,260,44,314,358,405,166,53,18,66,186,293,1509,-35
2023-24,1628998,Cody Martin,1610612766,CHA,28.0,28,7,21,752.9916666666667,82,215,27,86,20,33,19,90,109,104,44,32,18,19,48,41,211,-157
2023-24,203469,Cody Zeller,1610612740,NOP,31.0,43,26,17,319.70666666666665,26,62,1,3,23,38,48,64,112,39,16,9,5,10,45,37,76,46
2023-24,1641732,Colby Jones,1610612758,SAC,22.0,30,15,15,191.73666666666668,28,71,2,22,6,11,17,23,40,20,10,7,5,4,29,9,64,9
2023-24,1630175,Cole Anthony,1610612753,ORL,24.0,81,47,34,1817.3116666666667,332,763,93,275,180,218,64,247,311,236,126,64,37,32,175,162,937,110
2023-24,1631306,Cole Swider,1610612748,MIA,25.0,18,8,10,86.79833333333333,15,38,10,30,2,2,1,6,7,5,8,1,1,0,4,1,42,-20
2023-24,1630658,Colin Castleton,1610612747,LAL,24.0,16,9,7,59.08,9,16,0,0,6,6,6,6,12,3,3,2,0,2,11,3,24,-44
2023-24,1631221,Collin Gillespie,1610612743,DEN,25.0,24,15,9,225.365,32,69,15,38,8,12,1,20,21,27,14,13,0,3,24,12,87,15
2023-24,1629012,Collin Sexton,1610612762,UTA,25.0,78,29,49,2074.7633333333333,506,1038,128,325,318,370,71,134,205,383,165,62,18,113,154,295,1458,-143
2023-24,1630557,Corey Kispert,1610612764,WAS,25.0,80,15,65,2067.435,386,794,184,480,114,157,30,195,225,157,98,42,16,48,141,116,1070,-445
2023-24,202709,Cory Joseph,1610612744,GSW,32.0,26,10,16,295.8933333333333,23,64,13,42,4,7,6,24,30,42,12,4,3,2,25,8,63,-12
2023-24,1641854,Craig Porter Jr.,1610612739,CLE,24.0,51,30,21,649.355,116,228,12,34,41,56,21,88,109,118,45,21,15,16,40,50,285,-25
2023-24,1626156,D'Angelo Russell,1610612747,LAL,28.0,76,46,30,2484.1283333333336,492,1080,226,545,159,192,28,208,236,482,156,69,36,35,156,170,1369,184
2023-24,1641793,D'Moi Hodge,1610612747,LAL,25.0,7,1,6,41.24333333333333,5,15,3,12,1,2,0,0,0,5,1,1,1,0,4,1,14,-35
2023-24,1630618,D.J. Carton,1610612761,TOR,23.0,4,2,2,35.53333333333333,3,8,1,4,4,5,2,2,4,3,1,1,0,0,3,3,11,-31
2023-24,1628391,D.J. Wilson,1610612753,ORL,28.0,2,1,1,15.466666666666667,4,6,2,2,0,0,1,1,2,2,0,0,2,1,1,0,10,2
2023-24,1629610,DaQuan Jeffries,1610612752,NYK,26.0,17,11,6,45.975,6,17,2,10,0,2,0,5,5,5,3,0,1,1,2,1,14,-10
2023-24,1630227,Daishen Nix,1610612750,MIN,22.0,15,11,4,49.78333333333333,9,24,6,17,3,6,1,2,3,6,5,5,0,3,2,3,27,28
2023-24,1630625,Dalano Banton,1610612757,POR,24.0,54,24,30,1046.8466666666666,202,500,59,199,94,120,41,137,178,127,77,33,20,35,64,84,557,-222
2023-24,1631207,Dalen Terry,1610612741,CHI,21.0,59,27,32,680.71,69,157,17,74,25,43,29,84,113,81,32,27,18,5,81,36,180,36
2023-24,1627745,Damian Jones,1610612739,CLE,29.0,39,24,15,269.7316666666667,43,72,3,14,18,21,20,42,62,15,13,7,13,3,27,20,107,-91
2023-24,203081,Damian Lillard,1610612749,MIL,33.0,73,48,25,2578.4283333333333,541,1277,220,622,473,514,36,284,320,508,193,72,18,85,134,357,1775,389
2023-24,1629655,Daniel Gafford,1610612742,DAL,25.0,74,30,44,1814.355,348,480,0,0,118,175,195,367,562,115,74,65,153,34,227,160,814,-102
2023-24,1628464,Daniel Theis,1610612746,LAC,32.0,60,38,22,1014.84,156,293,26,71,38,50,85,159,244,61,42,21,51,27,127,58,376,62
2023-24,201568,Danilo Gallinari,1610612749,MIL,35.0,49,15,34,629.29,83,190,30,93,84,98,20,88,108,55,23,14,6,8,50,82,280,-99
2023-24,201980,Danny Green,1610612755,PHI,37.0,2,1,1,18.45,0,2,0,1,0,0,0,2,2,1,0,1,0,0,1,0,0,0
2023-24,203957,Dante Exum,1610612742,DAL,28.0,55,36,19,1087.6216666666667,161,302,53,108,53,68,25,124,149,157,49,22,5,18,85,78,428,239
2023-24,1627863,Danuel House Jr.,1610612755,PHI,31.0,34,21,13,509.055,47,105,15,50,35,46,16,42,58,28,19,15,5,7,45,39,144,20
2023-24,203967,Dario Saric,1610612744,GSW,30.0,64,35,29,1097.7516666666668,181,388,74,197,79,93,73,210,283,144,78,31,10,25,112,95,515,-21
2023-24,1641727,Dariq Whitehead,1610612751,BKN,19.0,2,1,1,23.983333333333334,1,5,0,3,1,2,0,4,4,3,0,0,1,1,0,1,3,-22
2023-24,1629647,Darius Bazley,1610612762,UTA,24.0,9,2,7,151.825,18,30,2,8,10,12,8,20,28,7,8,6,7,4,3,9,48,-33
2023-24,1629636,Darius Garland,1610612739,CLE,24.0,57,31,26,1900.4383333333333,375,841,132,356,146,175,30,122,152,373,176,74,7,48,95,163,1028,112
2023-24,1630561,David Duke Jr.,1610612759,SAS,24.0,4,3,1,51.35,10,18,3,6,3,3,2,8,10,5,3,2,0,0,4,4,26,6
2023-24,1631223,David Roddy,1610612756,PHX,23.0,65,25,40,1176.9816666666666,165,409,48,164,47,68,53,158,211,80,57,27,11,33,72,56,425,-225
2023-24,1630558,Davion Mitchell,1610612758,SAC,25.0,72,41,31,1101.1,146,323,57,158,30,42,19,76,95,134,43,17,3,10,85,50,379,-45
2023-24,202722,Davis Bertans,1610612766,CHA,31.0,43,20,23,674.0716666666667,92,234,76,200,30,33,9,52,61,35,18,26,12,8,56,26,290,-74
2023-24,1630549,Day'Ron Sharpe,1610612751,BKN,22.0,61,25,36,920.575,168,294,4,15,75,123,161,228,389,85,70,24,44,29,131,106,415,64
2023-24,1628368,De'Aaron Fox,1610612758,SAC,26.0,74,42,32,2658.7633333333333,720,1549,214,580,312,423,67,273,340,418,194,150,31,68,193,333,1966,233
2023-24,1629631,De'Andre Hunter,1610612737,ATL,26.0,57,26,31,1681.0933333333332,304,663,117,304,166,196,31,191,222,87,83,40,16,29,146,193,891,-49
2023-24,1629001,De'Anthony Melton,1610612755,PHI,26.0,38,25,13,1023.3316666666667,139,360,77,214,66,79,28,113,141,114,39,60,16,22,84,58,421,218
2023-24,201599,DeAndre Jordan,1610612743,DEN,35.0,36,24,12,395.71666666666664,58,93,0,0,26,53,54,103,157,26,23,6,16,11,56,48,142,-88
2023-24,1630610,DeJon Jarreau,1610612763,MEM,26.0,9,2,7,149.54666666666665,17,50,4,13,5,11,8,36,44,26,9,6,2,1,14,8,43,-24
2023-24,201942,DeMar DeRozan,1610612741,CHI,34.0,79,37,42,2988.568333333333,650,1355,75,225,522,612,43,297,340,421,135,90,45,75,161,439,1897,-62
2023-24,1629731,Dean Wade,1610612739,CLE,27.0,54,36,18,1108.08,96,232,79,202,20,26,37,181,218,43,20,40,25,3,93,37,291,177
2023-24,1629028,Deandre Ayton,1610612757,POR,25.0,55,14,41,1783.4983333333332,427,749,1,10,65,79,176,433,609,90,99,56,42,41,109,78,920,-318
2023-24,1627749,Dejounte Murray,1610612737,ATL,27.0,78,34,44,2783.3433333333332,672,1463,201,554,208,262,62,354,416,502,201,111,24,69,138,192,1753,-154
2023-24,1626153,Delon Wright,1610612748,MIA,32.0,47,16,31,741.5666666666667,74,188,25,68,37,45,19,67,86,119,14,54,11,11,32,43,210,13
2023-24,1630166,Deni Avdija,1610612764,WAS,23.0,75,14,61,2256.6433333333334,406,803,88,235,202,273,84,456,540,286,160,59,36,76,185,251,1102,-329
2023-24,203471,Dennis Schröder,1610612751,BKN,30.0,80,30,50,2485.945,403,927,138,368,178,213,39,203,242,488,153,63,17,66,164,185,1122,-126
2023-24,1628372,Dennis Smith Jr.,1610612751,BKN,26.0,56,19,37,1058.6583333333333,147,338,32,109,43,58,50,114,164,203,68,68,12,24,121,49,369,-36
2023-24,1641726,Dereck Lively II,1610612742,DAL,20.0,55,35,20,1294.2816666666668,221,296,0,2,41,81,135,243,378,60,50,36,77,20,144,75,483,144
2023-24,1631220,Dereon Seabron,1610612740,NOP,24.0,6,3,3,55.083333333333336,4,13,1,2,5,6,1,6,7,5,0,2,1,1,4,4,14,28
2023-24,1627884,Derrick Jones Jr.,1610612742,DAL,27.0,76,47,29,1782.8566666666666,239,495,82,239,97,136,82,168,250,75,65,53,51,24,121,123,657,55
2023-24,201565,Derrick Rose,1610612763,MEM,35.0,24,6,18,399.33666666666664,76,165,15,41,24,27,7,38,45,78,31,8,2,15,21,31,191,-33
2023-24,1628401,Derrick White,1610612738,BOS,29.0,73,58,15,2380.985,387,839,196,495,137,152,51,259,310,377,112,74,87,28,152,154,1107,619
2023-24,1630217,Desmond Bane,1610612763,MEM,26.0,42,14,28,1442.8483333333334,360,776,137,360,140,161,36,149,185,230,112,43,22,61,120,125,997,-201
2023-24,1626164,Devin Booker,1610612756,PHX,27.0,68,43,25,2446.6566666666668,642,1305,152,418,405,457,56,252,308,472,178,61,28,48,206,352,1841,316
2023-24,1630170,Devin Vassell,1610612759,SAS,23.0,68,17,51,2247.7433333333333,498,1056,166,446,161,201,27,234,261,277,108,73,23,34,74,152,1323,-291
2023-24,1628984,Devonte' Graham,1610612759,SAS,29.0,23,8,15,312.92333333333335,38,108,25,83,13,16,5,31,36,49,17,9,2,4,14,15,114,23
2023-24,1641926,Dexter Dennis,1610612742,DAL,25.0,4,1,3,29.866666666666667,10,19,1,8,1,3,1,8,9,4,3,0,1,0,1,3,22,-9
2023-24,1628415,Dillon Brooks,1610612745,HOU,28.0,72,36,36,2226.7383333333332,329,768,133,370,124,147,53,193,246,119,88,64,10,31,241,119,915,-21
2023-24,1631376,Dmytro Skapintsev,1610612752,NYK,26.0,2,0,2,2.1333333333333333,0,1,0,0,0,0,0,0,0,0,0,0,0,0,0,0,0,0
2023-24,1627734,Domantas Sabonis,1610612758,SAC,28.0,82,46,36,2928.0216666666665,634,1068,33,87,292,415,294,826,1120,673,272,74,48,86,250,375,1593,69
2023-24,1631230,Dominick Barlow,1610612759,SAS,21.0,33,7,26,419.54,56,113,3,9,29,42,45,68,113,36,9,12,14,8,47,31,144,-32
2023-24,1628378,Donovan Mitchell,1610612739,CLE,27.0,55,36,19,1942.65,503,1089,182,494,275,318,46,234,280,333,154,101,30,54,118,234,1463,325
2023-24,1628978,Donte DiVincenzo,1610612752,NYK,27.0,81,50,31,2360.3933333333334,445,1004,283,705,86,114,63,234,297,216,113,107,36,32,166,123,1259,162
2023-24,1627827,Dorian Finney-Smith,1610612751,BKN,31.0,68,28,40,1934.5933333333332,215,511,117,336,33,46,109,208,317,107,59,56,38,18,150,46,580,-107
2023-24,203926,Doug McDermott,1610612754,IND,32.0,64,22,42,904.4783333333334,123,284,94,229,11,19,10,49,59,70,28,16,2,6,64,15,351,-143
2023-24,203110,Draymond Green,1610612744,GSW,34.0,55,33,22,1490.1833333333334,185,372,51,129,54,74,76,322,398,332,135,55,47,18,166,123,475,171
2023-24,1629234,Drew Eubanks,1610612756,PHX,27.0,75,42,33,1168.705,152,253,3,3,72,93,103,219,322,63,61,27,61,23,115,91,379,-106
2023-24,1641809,Drew Peterson,1610612738,BOS,24.0,3,3,0,22.683333333333334,4,6,3,5,0,0,0,1,1,1,1,2,0,0,1,0,11,8
2023-24,1630696,Dru Smith,1610612748,MIA,26.0,9,7,2,130.895,15,33,7,17,2,2,6,8,14,14,5,9,3,1,12,6,39,-43
2023-24,1629130,Duncan Robinson,1610612748,MIA,30.0,68,38,30,1905.4483333333333,304,675,187,473,80,90,15,158,173,192,95,46,16,25,163,77,875,38
2023-24,1641871,Duop Reath,1610612757,POR,28.0,68,17,51,1214.115,230,499,88,245,69,93,93,157,250,67,52,33,38,35,161,94,617,-188
2023-24,203939,Dwight Powell,1610612742,DAL,32.0,63,38,25,836.3033333333333,72,106,1,3,63,89,97,117,214,84,32,26,20,12,113,105,208,3
2023-24,1629685,Dylan Windler,1610612737,ATL,27.0,17,9,8,108.41,15,30,13,27,0,0,3,13,16,10,2,2,0,0,6,1,43,-16
2023-24,1630700,Dyson Daniels,1610612740,NOP,21.0,61,34,27,1358.525,139,311,42,135,34,53,62,174,236,164,59,85,25,14,101,42,354,71
2023-24,1630604,E.J. Liddell,1610612740,NOP,23.0,8,3,5,23.083333333333332,1,6,0,5,2,2,0,5,5,1,2,2,2,0,2,1,4,-4
2023-24,1641734,Emoni Bates,1610612739,CLE,20.0,15,8,7,132.815,15,49,10,33,1,4,1,13,14,10,8,1,2,3,5,7,41,-84
2023-24,201569,Eric Gordon,1610612756,PHX,35.0,68,41,27,1892.63,274,618,150,397,51,64,16,106,122,139,73,66,30,40,79,63,749,131
2023-24,1630647,Eugene Omoruyi,1610612764,WAS,27.0,43,5,38,393.3066666666667,81,167,13,46,32,49,35,50,85,35,21,27,5,17,62,47,207,-138
2023-24,203095,Evan Fournier,1610612765,DET,31.0,32,8,24,579.6733333333333,79,221,33,130,29,36,5,53,58,48,21,29,7,6,48,20,220,-140
2023-24,1630596,Evan Mobley,1610612739,CLE,23.0,50,29,21,1532.35,320,552,22,59,123,171,111,357,468,160,90,45,72,39,134,137,785,33
2023-24,1630196,Filip Petrusev,1610612755,PHI,24.0,3,2,1,9.31,1,2,0,0,1,2,0,1,1,0,0,0,0,0,1,1,3,6
2023-24,1628373,Frank Ntilikina,1610612766,CHA,25.0,5,0,5,42.9,1,9,1,8,2,2,1,5,6,4,1,0,0,0,4,1,5,-1
2023-24,1630532,Franz Wagner,1610612753,ORL,22.0,72,44,28,2337.4166666666665,528,1096,94,334,271,319,72,309,381,269,137,76,28,77,168,277,1421,204
2023-24,1627832,Fred VanVleet,1610612745,HOU,30.0,73,38,35,2684.4266666666667,423,1018,227,586,197,229,33,245,278,589,126,101,59,32,183,201,1270,183
2023-24,1627788,Furkan Korkmaz,1610612755,PHI,26.0,35,22,13,299.9266666666667,30,76,14,40,14,20,4,26,30,25,10,14,3,2,17,16,88,45
2023-24,1641713,GG Jackson,1610612763,MEM,19.0,48,14,34,1233.165,241,563,102,286,115,153,53,143,196,59,65,28,24,40,64,101,699,-194
2023-24,1629216,Gabe Vincent,1610612747,LAL,28.0,11,7,4,217.635,15,49,3,28,1,2,4,5,9,21,5,9,0,2,19,4,34,31
2023-24,202066,Garrett Temple,1610612761,TOR,38.0,27,5,22,288.75333333333333,29,78,12,40,18,22,18,27,45,28,14,12,3,5,28,20,88,-79
2023-24,1629726,Garrison Mathews,1610612737,ATL,27.0,66,29,37,992.1216666666667,103,226,85,193,34,42,17,75,92,37,19,20,8,5,115,68,325,-97
2023-24,203914,Gary Harris,1610612753,ORL,29.0,54,35,19,1297.3466666666666,131,297,76,205,34,45,24,67,91,87,31,49,14,8,91,36,372,91
2023-24,1627780,Gary Payton II,1610612744,GSW,31.0,44,27,17,679.9,103,183,20,55,14,23,46,67,113,48,27,39,18,12,77,26,240,83
2023-24,1629018,Gary Trent Jr.,1610612761,TOR,25.0,71,24,47,1993.5983333333334,361,847,178,453,74,96,25,163,188,119,47,77,10,31,96,78,974,-194
2023-24,1627777,Georges Niang,1610612739,CLE,31.0,82,48,34,1831.125,284,632,149,396,51,60,22,256,278,98,72,30,18,16,192,55,768,31
2023-24,203507,Giannis Antetokounmpo,1610612749,MIL,29.0,73,45,28,2567.2433333333333,837,1369,34,124,514,782,196,645,841,476,250,87,79,90,210,604,2222,339
2023-24,1629048,Goga Bitadze,1610612753,ORL,24.0,62,34,28,957.0866666666667,126,209,2,14,57,87,109,177,286,79,44,32,72,16,107,79,311,26
2023-24,202330,Gordon Hayward,1610612760,OKC,34.0,51,25,26,1245.25,187,403,37,90,89,120,38,143,181,158,66,40,13,18,67,99,500,-134
2023-24,1641711,Gradey Dick,1610612761,TOR,20.0,60,18,42,1267.6683333333333,189,445,88,241,44,51,27,105,132,68,50,34,2,26,87,48,510,-378
2023-24,1629684,Grant Williams,1610612766,CHA,25.0,76,34,42,2129.56,276,605,126,336,106,140,86,232,318,174,109,44,39,28,226,171,784,-244
2023-24,1628960,Grayson Allen,1610612756,PHX,28.0,75,45,30,2513.3,340,682,205,445,129,147,48,247,295,227,95,69,45,26,157,140,1014,262
2023-24,1630535,Greg Brown III,1610612742,DAL,22.0,6,3,3,39.74333333333333,5,11,1,3,4,9,3,6,9,4,4,0,4,1,5,5,15,-9
2023-24,1630611,Gui Santos,1610612744,GSW,22.0,23,17,6,192.09,28,55,10,27,16,17,17,32,49,14,7,4,2,4,23,12,82,16
2023-24,1628977,Hamidou Diallo,1610612764,WAS,25.0,2,1,1,4.75,1,2,0,0,0,0,2,0,2,1,1,2,0,0,1,0,2,4
2023-24,203084,Harrison Barnes,1610612758,SAC,32.0,82,46,36,2380.87,347,732,149,385,157,196,67,182,249,99,58,54,12,27,98,164,1000,-80
2023-24,1628385,Harry Giles III,1610612747,LAL,26.0,23,11,12,99.92,23,50,3,14,7,13,12,18,30,6,6,2,3,2,15,10,56,-41
2023-24,1629312,Haywood Highsmith,1610612748,MIA,27.0,66,39,27,1365.835,153,329,76,192,23,36,65,145,210,70,34,53,30,14,117,42,405,7
2023-24,1630929,Henri Drell,1610612741,CHI,24.0,4,2,2,29.916666666666668,4,10,2,6,1,2,1,3,4,4,2,2,1,1,6,1,11,6
2023-24,1630529,Herbert Jones,1610612740,NOP,25.0,76,46,30,2321.4283333333333,293,588,114,273,137,158,74,198,272,199,93,105,62,42,224,139,837,231
2023-24,1641816,Hunter Tyson,1610612743,DEN,24.0,18,14,4,47.97666666666667,8,20,4,14,0,0,1,8,9,2,2,1,0,0,10,0,20,8
2023-24,1630641,Ibou Badji,1610612757,POR,21.0,22,5,17,225.81833333333333,14,22,0,0,6,12,20,31,51,13,15,3,20,3,46,14,34,-90
2023-24,1630193,Immanuel Quickley,1610612761,TOR,25.0,68,28,40,1985.3366666666666,388,894,171,433,209,245,17,242,259,331,101,50,10,45,119,191,1156,-34
2023-24,1630171,Isaac Okoro,1610612739,CLE,23.0,69,41,28,1887.0566666666666,235,480,84,215,93,137,67,139,206,132,54,57,34,37,140,118,647,40
2023-24,1628392,Isaiah Hartenstein,1610612752,NYK,26.0,75,47,28,1896.3483333333334,235,365,1,3,111,157,244,382,626,188,93,87,85,29,210,136,582,406
2023-24,1630543,Isaiah Jackson,1610612754,IND,22.0,60,37,23,770.905,155,233,0,4,73,102,94,144,238,50,39,34,61,22,137,95,383,29
2023-24,1630198,Isaiah Joe,1610612760,OKC,24.0,78,54,24,1444.8666666666666,222,485,147,353,45,52,32,148,180,99,47,46,22,15,87,91,636,352
2023-24,1630587,Isaiah Livers,1610612765,DET,25.0,23,1,22,469.39666666666665,40,116,22,77,12,18,15,33,48,25,16,13,5,8,43,15,114,-199
2023-24,1630600,Isaiah Mobley,1610612739,CLE,24.0,10,2,8,71.92166666666667,10,24,3,10,0,1,3,7,10,6,2,2,0,2,6,2,23,-30
2023-24,1630191,Isaiah Stewart,1610612765,DET,23.0,46,9,37,1422.8166666666666,186,382,67,175,64,85,74,231,305,73,66,17,38,17,99,82,503,-133
2023-24,202738,Isaiah Thomas,1610612756,PHX,35.0,6,4,2,19.383333333333333,3,10,2,4,0,0,0,0,0,3,0,0,0,2,0,2,8,-14
2023-24,1631209,Isaiah Wong,1610612754,IND,23.0,1,1,0,4.283333333333333,1,3,0,1,0,0,0,0,0,0,0,0,0,0,0,0,2,-5
2023-24,202397,Ish Smith,1610612766,CHA,35.0,43,6,37,740.8466666666667,66,158,4,8,3,4,11,65,76,145,47,17,4,7,49,14,139,-280
2023-24,1630688,Ish Wainright,1610612756,PHX,29.0,11,2,9,62.39,7,24,7,20,2,2,3,11,14,1,2,4,1,0,8,2,23,-4
2023-24,1627826,Ivica Zubac,1610612746,LAC,27.0,68,42,26,1794.4483333333333,337,519,0,0,120,166,196,430,626,93,79,22,83,40,180,137,794,184
2023-24,1631167,Izaiah Brockington,1610612740,NOP,24.0,1,1,0,3.3833333333333333,2,5,0,1,0,0,1,1,2,0,0,0,0,1,0,0,4,3
2023-24,1631120,JD Davison,1610612738,BOS,21.0,8,8,0,39.01,5,12,3,7,3,4,2,8,10,10,2,1,1,0,4,3,16,23
2023-24,1630550,JT Thor,1610612766,CHA,21.0,63,16,47,780.6266666666667,80,183,28,81,11,20,43,103,146,29,15,11,27,15,60,18,199,-49
2023-24,1629630,Ja Morant,1610612763,MEM,24.0,9,6,3,317.925,80,170,14,51,52,64,6,44,50,73,27,7,5,16,19,48,226,11
2023-24,201580,JaVale McGee,1610612758,SAC,36.0,46,28,18,339.3616666666667,79,132,1,7,26,45,42,84,126,17,34,14,20,5,46,39,185,7
2023-24,1631095,Jabari Smith Jr.,1610612745,HOU,21.0,76,39,37,2423.845,378,833,138,380,150,185,139,477,616,121,89,52,61,56,200,138,1044,-84
2023-24,1631133,Jabari Walker,1610612757,POR,21.0,72,18,54,1700.5733333333333,234,509,41,139,129,171,151,357,508,71,66,42,22,63,173,138,638,-338
2023-24,1631298,Jack White,1610612760,OKC,26.0,4,0,4,63.64833333333333,2,16,2,10,0,0,4,8,12,1,2,4,1,0,3,0,6,-28
2023-24,1631367,Jacob Gilyard,1610612751,BKN,25.0,41,12,29,698.405,60,150,51,126,2,2,9,37,46,137,30,33,5,5,39,14,173,-172
2023-24,1631210,Jacob Toppin,1610612752,NYK,24.0,9,2,7,38.151666666666664,5,9,1,4,2,2,3,4,7,3,1,0,1,1,3,1,13,-16
2023-24,1630702,Jaden Hardy,1610612742,DAL,21.0,73,44,29,989.2133333333334,195,479,81,224,59,76,20,111,131,109,62,22,4,28,80,79,530,-126
2023-24,1631093,Jaden Ivey,1610612765,DET,22.0,77,14,63,2217.4766666666665,417,973,124,369,227,303,86,178,264,296,190,57,41,88,204,227,1185,-350
2023-24,1630183,Jaden McDaniels,1610612750,MIN,23.0,72,48,24,2105.4533333333334,307,628,86,255,57,79,56,168,224,101,87,63,42,28,219,93,757,156
2023-24,1630531,Jaden Springer,1610612738,BOS,21.0,49,32,17,506.995,59,148,10,48,35,42,33,45,78,44,34,36,15,16,66,38,163,-28
2023-24,203109,Jae Crowder,1610612749,MIL,33.0,50,25,25,1155.6983333333333,114,270,58,166,26,36,31,130,161,66,23,38,9,8,74,34,312,-69
2023-24,1630256,Jae'Sean Tate,1610612745,HOU,28.0,65,32,33,1031.4566666666667,108,229,23,77,26,39,61,136,197,64,37,42,15,17,137,56,265,78
2023-24,1630186,Jahmi'us Ramsey,1610612761,TOR,23.0,7,0,7,121.085,18,41,6,22,5,6,4,18,22,8,7,7,0,2,10,5,47,-28
2023-24,1631170,Jaime Jaquez Jr.,1610612748,MIA,23.0,75,44,31,2113.195,341,697,65,202,142,175,82,203,285,195,110,77,20,63,167,135,889,108
2023-24,1631222,Jake LaRavia,1610612763,MEM,22.0,35,8,27,805.55,118,303,53,156,90,109,51,77,128,58,45,29,12,23,69,75,379,-114
2023-24,1627751,Jakob Poeltl,1610612761,TOR,28.0,50,21,29,1319.1083333333333,248,378,0,0,59,107,146,283,429,127,77,35,76,37,149,99,555,-17
2023-24,1628973,Jalen Brunson,1610612752,NYK,27.0,77,49,28,2726.3033333333333,790,1648,211,526,421,497,43,235,278,519,186,70,13,64,144,480,2212,512
2023-24,1630622,Jalen Crutcher,1610612740,NOP,24.0,1,1,0,2.65,0,1,0,0,0,0,0,0,0,0,0,0,0,0,0,0,0,1
2023-24,1631105,Jalen Duren,1610612765,DET,20.0,61,13,48,1777.4816666666666,349,564,0,4,143,181,192,517,709,147,129,33,47,47,192,149,841,-311
2023-24,1630224,Jalen Green,1610612745,HOU,22.0,82,41,41,2601.3816666666667,563,1332,201,605,283,352,41,382,423,291,191,66,28,108,115,279,1610,31
2023-24,1641720,Jalen Hood-Schifino,1610612747,LAL,21.0,21,10,11,108.98333333333333,10,45,2,15,12,20,2,11,13,8,9,3,2,5,13,10,34,-54
2023-24,1630552,Jalen Johnson,1610612737,ATL,22.0,56,27,29,1888.8666666666666,359,702,71,200,107,147,74,414,488,203,101,67,47,51,133,124,896,-76
2023-24,1629667,Jalen McDaniels,1610612761,TOR,26.0,50,12,38,538.0066666666667,65,189,12,71,27,37,18,61,79,37,30,19,6,18,52,27,169,-162
2023-24,1629618,Jalen Pickett,1610612743,DEN,24.0,27,20,7,121.78833333333333,15,35,9,25,3,4,1,13,14,21,9,4,0,1,13,3,42,-1
2023-24,1641771,Jalen Slawson,1610612758,SAC,24.0,12,8,4,36.975,4,6,0,2,0,0,1,6,7,2,2,1,1,0,8,1,8,-6
2023-24,1630188,Jalen Smith,1610612754,IND,24.0,61,36,25,1046.625,234,395,61,144,72,104,112,225,337,63,44,17,38,13,124,96,601,-13
2023-24,1630591,Jalen Suggs,1610612753,ORL,23.0,75,43,32,2024.59,336,714,153,385,118,156,48,181,229,205,132,106,47,26,205,183,943,45
2023-24,1631114,Jalen Williams,1610612760,OKC,23.0,71,51,20,2223.5983333333334,536,993,103,241,180,221,37,245,282,322,123,80,45,51,175,183,1355,383
2023-24,1630592,Jalen Wilson,1610612751,BKN,23.0,43,14,29,664.5366666666666,76,179,24,74,38,46,47,84,131,45,19,11,4,11,48,34,214,-4
2023-24,1631288,Jamal Cain,1610612748,MIA,25.0,26,14,12,259.09166666666664,34,79,11,31,18,23,15,22,37,10,8,10,5,3,22,15,97,-27
2023-24,1627750,Jamal Murray,1610612743,DEN,27.0,59,44,15,1861.37,474,986,145,341,157,184,42,200,242,384,125,57,39,51,104,162,1250,311
2023-24,1631123,Jamaree Bouyea,1610612759,SAS,25.0,9,2,7,94.9,10,28,1,9,0,0,3,16,19,11,9,1,0,2,10,1,21,-15
2023-24,1630547,James Bouknight,1610612766,CHA,23.0,14,0,14,80.9,18,41,13,30,1,2,1,8,9,6,2,1,1,2,3,3,50,-11
2023-24,201935,James Harden,1610612746,LAC,34.0,72,46,26,2469.6683333333335,352,822,186,488,302,344,34,335,369,614,185,77,57,42,127,238,1192,291
2023-24,201949,James Johnson,1610612754,IND,37.0,9,4,5,47.195,3,10,0,2,2,2,1,3,4,8,5,5,1,2,9,2,8,5
2023-24,1630164,James Wiseman,1610612765,DET,23.0,63,9,54,1091.0433333333333,187,305,0,2,72,102,110,226,336,54,66,12,39,20,141,84,446,-325
2023-24,1641716,Jarace Walker,1610612754,IND,20.0,33,18,15,340.42333333333335,45,110,22,55,8,9,12,51,63,40,17,15,11,1,29,12,120,19
2023-24,1630215,Jared Butler,1610612764,WAS,23.0,40,6,34,565.6516666666666,98,201,24,78,31,36,9,49,58,126,50,29,8,13,58,43,251,-48
2023-24,1631197,Jared Rhoden,1610612765,DET,24.0,17,2,15,245.01666666666668,33,66,12,31,5,8,3,30,33,14,7,3,13,3,28,7,83,-39
2023-24,1628991,Jaren Jackson Jr.,1610612763,MEM,24.0,66,22,44,2124.18,516,1161,117,366,337,417,85,280,365,154,160,80,106,121,235,378,1486,-340
2023-24,1629020,Jarred Vanderbilt,1610612747,LAL,25.0,29,14,15,581.2366666666667,59,114,8,27,24,36,41,97,138,36,28,36,5,13,43,40,150,43
2023-24,1628386,Jarrett Allen,1610612739,CLE,26.0,77,46,31,2442.0616666666665,519,819,0,6,233,314,243,568,811,210,121,53,81,75,147,329,1271,201
2023-24,1630554,Jason Preston,1610612762,UTA,24.0,7,2,5,71.13333333333334,6,19,0,3,0,0,6,11,17,16,2,2,1,2,3,0,12,23
2023-24,1631241,Javon Freeman-Liberty,1610612761,TOR,24.0,22,3,19,403.03833333333336,55,124,10,42,33,36,16,54,70,40,25,10,4,15,28,31,153,-159
2023-24,1629750,Javonte Green,1610612741,CHI,30.0,9,5,4,230.4,45,75,10,27,10,13,20,47,67,5,7,10,8,4,19,9,110,28
2023-24,1630606,Javonte Smart,1610612755,PHI,25.0,1,1,0,0.6666666666666666,0,0,0,0,0,0,0,0,0,0,0,0,0,0,0,0,0,-3
2023-24,1629637,Jaxson Hayes,1610612747,LAL,24.0,70,41,29,877.1333333333333,126,175,0,8,51,82,69,142,211,33,43,34,29,16,123,79,303,-107
2023-24,1630643,Jay Huff,1610612743,DEN,26.0,20,16,4,49.325,9,15,3,9,2,2,2,9,11,2,1,2,3,0,9,1,23,-9
2023-24,1627759,Jaylen Brown,1610612738,BOS,27.0,70,52,18,2342.5216666666665,627,1256,145,410,211,300,84,303,387,249,166,83,37,72,185,241,1610,413
2023-24,1629669,Jaylen Nowell,1610612758,SAC,24.0,13,3,10,213.76333333333332,34,78,6,29,7,9,6,18,24,19,7,4,2,2,15,8,81,-33
2023-24,1631119,Jaylin Williams,1610612760,OKC,22.0,69,48,21,896.9466666666667,95,228,53,144,33,41,36,198,234,110,34,28,27,10,98,55,276,124
2023-24,1628369,Jayson Tatum,1610612738,BOS,26.0,74,57,17,2645.213333333333,672,1426,229,609,414,497,67,534,601,364,188,75,43,61,145,340,1987,608
2023-24,1630288,Jeff Dowtin Jr.,1610612755,PHI,27.0,12,7,5,142.01666666666668,20,36,9,19,3,4,3,17,20,27,5,7,1,2,1,6,52,21
2023-24,201145,Jeff Green,1610612745,HOU,37.0,78,39,39,1307.3383333333334,167,366,53,160,122,149,46,132,178,70,46,16,31,16,100,103,509,-77
2023-24,203924,Jerami Grant,1610612757,POR,30.0,54,17,37,1830.1866666666667,383,850,111,276,255,312,37,154,191,152,116,45,34,64,117,212,1132,-351
2023-24,1630526,Jeremiah Robinson-Earl,1610612740,NOP,23.0,39,22,17,334.31333333333333,45,95,13,39,12,16,23,53,76,21,16,10,4,3,24,14,115,-22
2023-24,1631110,Jeremy Sochan,1610612759,SAS,21.0,74,18,56,2193.095,340,776,70,227,111,144,137,339,476,249,140,62,40,67,168,131,861,-344
2023-24,1630579,Jericho Sims,1610612752,NYK,25.0,45,30,15,584.7833333333333,38,55,0,0,16,24,56,91,147,25,16,8,19,2,45,26,92,-10
2023-24,1631257,Jermaine Samuels Jr.,1610612745,HOU,25.0,14,8,6,60.13166666666667,9,14,0,2,2,2,3,10,13,3,0,1,2,2,5,3,20,-13
2023-24,1629010,Jerome Robinson,1610612744,GSW,27.0,22,17,5,80.71666666666667,11,33,2,17,7,11,1,5,6,5,2,1,3,0,5,7,31,27
2023-24,1641724,Jett Howard,1610612753,ORL,20.0,18,9,9,66.51666666666667,10,30,7,25,2,4,1,6,7,6,3,2,2,0,4,3,29,4
2023-24,1628975,Jevon Carter,1610612741,CHI,28.0,72,35,37,1003.6016666666667,138,365,77,234,4,7,11,49,60,94,36,37,16,6,71,13,357,27
2023-24,202710,Jimmy Butler III,1610612748,MIA,34.0,60,33,27,2042.0583333333334,396,793,60,145,394,459,105,213,318,298,102,79,17,63,68,312,1246,215
2023-24,1629111,Jock Landale,1610612745,HOU,28.0,56,28,28,763.46,106,206,10,40,52,65,88,84,172,65,31,20,33,22,74,59,274,161
2023-24,203925,Joe Harris,1610612765,DET,32.0,16,4,12,169.97833333333332,14,39,10,30,1,2,3,10,13,10,4,3,2,4,19,4,39,-48
2023-24,204060,Joe Ingles,1610612753,ORL,36.0,68,42,26,1169.0316666666668,99,227,70,161,28,34,18,124,142,203,67,43,5,5,88,32,296,165
2023-24,203954,Joel Embiid,1610612755,PHI,30.0,39,31,8,1309.3716666666667,450,851,54,139,399,452,95,335,430,219,150,46,66,52,112,295,1353,267
2023-24,1628381,John Collins,1610612762,UTA,26.0,68,27,41,1901.06,397,746,86,232,147,185,157,418,575,77,98,40,61,73,191,164,1027,-307
2023-24,1629723,John Konchar,1610612763,MEM,28.0,55,18,37,1173.5733333333333,88,208,38,120,21,25,72,185,257,110,46,51,51,13,76,37,235,-151
2023-24,1631098,Johnny Davis,1610612764,WAS,22.0,50,8,42,613.48,62,154,14,40,14,24,18,54,72,32,13,18,10,13,57,24,152,-150
2023-24,1630548,Johnny Juzang,1610612762,UTA,23.0,20,5,15,371.80333333333334,51,110,32,77,10,14,7,29,36,23,13,4,2,4,29,12,144,-8
2023-24,202685,Jonas Valančiūnas,1610612740,NOP,32.0,82,49,33,1924.8316666666667,402,719,37,120,161,205,186,535,721,173,111,33,68,47,218,196,1002,158
2023-24,1628371,Jonathan Isaac,1610612753,ORL,26.0,58,35,23,914.61,146,286,42,112,59,82,73,187,260,30,27,43,70,16,64,69,393,182
2023-24,1630228,Jonathan Kuminga,1610612744,GSW,21.0,74,40,34,1949.5133333333333,456,862,53,165,223,299,92,263,355,163,122,55,36,73,169,218,1188,125
2023-24,1629007,Jontay Porter,1610612765,DET,24.0,26,6,20,359.73833333333334,40,104,20,60,15,18,26,56,82,60,21,20,20,3,35,11,115,-72
2023-24,203903,Jordan Clarkson,1610612762,UTA,32.0,55,22,33,1682.3416666666667,337,816,91,309,177,201,49,139,188,277,146,35,6,51,81,140,942,-191
2023-24,1630259,Jordan Ford,1610612758,SAC,26.0,6,2,4,21.816666666666666,4,7,2,3,2,2,0,2,2,2,1,0,0,0,0,1,12,14
2023-24,1630692,Jordan Goodwin,1610612763,MEM,25.0,57,30,27,1055.77,141,382,42,141,44,59,88,165,253,155,56,48,18,28,76,51,368,-93
2023-24,1641722,Jordan Hawkins,1610612740,NOP,22.0,67,38,29,1160.58,174,456,109,298,67,80,29,119,148,70,40,19,7,17,72,43,524,12
2023-24,1629162,Jordan McLaughlin,1610612750,MIN,28.0,56,35,21,626.12,70,145,42,89,13,18,18,54,72,110,19,35,7,5,31,30,195,155
2023-24,1641757,Jordan Miller,1610612746,LAC,24.0,8,5,3,28.191666666666666,5,9,1,2,2,2,3,2,5,0,1,0,0,2,2,1,13,-13
2023-24,1629670,Jordan Nwora,1610612761,TOR,25.0,52,14,38,711.3933333333333,138,299,44,131,44,53,28,121,149,62,53,26,13,18,48,42,364,-199
2023-24,1629673,Jordan Poole,1610612764,WAS,25.0,78,15,63,2345.555,490,1186,184,564,192,219,32,180,212,343,188,86,25,75,244,209,1356,-552
2023-24,1641775,Jordan Walsh,1610612738,BOS,20.0,9,9,0,83.47333333333333,6,15,2,9,1,2,5,15,20,5,3,5,1,0,11,3,15,47
2023-24,1630631,Jose Alvarado,1610612740,NOP,26.0,56,38,18,1028.37,142,345,78,207,35,52,25,103,128,117,40,59,15,22,89,46,397,240
2023-24,1630581,Josh Giddey,1610612760,OKC,21.0,80,56,24,2011.5583333333334,402,847,82,243,100,124,111,403,514,386,168,52,44,70,111,97,986,376
2023-24,1630182,Josh Green,1610612742,DAL,23.0,57,32,25,1504.72,179,374,72,187,39,57,40,144,184,130,60,47,9,30,107,76,469,-100
2023-24,1628404,Josh Hart,1610612752,NYK,29.0,81,49,32,2706.7716666666665,295,679,80,258,91,115,128,547,675,331,118,75,23,55,171,121,761,346
2023-24,1631169,Josh Minott,1610612750,MIN,21.0,32,23,9,91.42833333333333,17,36,4,10,12,14,4,13,17,8,2,5,5,3,10,8,50,20
2023-24,1629006,Josh Okogie,1610612756,PHX,25.0,60,37,23,959.715,86,206,29,94,76,102,74,80,154,64,36,48,24,18,68,98,277,6
2023-24,1626196,Josh Richardson,1610612748,MIA,30.0,43,24,19,1102.83,154,347,66,190,51,54,18,103,121,105,36,24,14,9,76,52,425,-107
2023-24,1630563,Joshua Primo,1610612746,LAC,21.0,2,2,0,10.266666666666667,1,3,0,1,0,0,1,0,1,0,4,0,1,1,0,0,2,-1
2023-24,201950,Jrue Holiday,1610612738,BOS,34.0,69,53,16,2263.278333333333,331,689,138,322,60,72,84,289,373,333,124,61,53,28,108,84,860,427
2023-24,1629308,Juan Toscano-Anderson,1610612758,SAC,31.0,11,7,4,52.663333333333334,3,12,1,4,0,0,4,10,14,4,2,1,1,2,11,0,7,-9
2023-24,1631262,Jules Bernard,1610612764,WAS,24.0,19,2,17,149.275,29,64,11,29,5,9,10,16,26,16,8,3,1,2,14,13,74,26
2023-24,1630577,Julian Champagnie,1610612759,SAS,23.0,74,19,55,1467.875,164,402,101,277,75,92,42,164,206,103,57,48,42,20,77,63,504,-141
2023-24,1641763,Julian Phillips,1610612741,CHI,20.0,40,20,20,322.55,32,77,12,38,13,19,12,24,36,13,10,7,7,7,40,19,89,-4
2023-24,1631124,Julian Strawther,1610612743,DEN,22.0,50,34,16,545.415,82,222,41,138,22,31,5,56,61,47,23,17,7,10,54,38,227,-103
2023-24,203944,Julius Randle,1610612752,NYK,29.0,46,29,17,1630.095,395,836,76,244,236,302,99,324,423,229,159,25,12,64,125,219,1102,218
2023-24,1630551,Justin Champagnie,1610612764,WAS,23.0,15,3,12,234.83833333333334,32,78,13,45,12,15,19,34,53,19,10,10,9,6,14,10,89,-59
2023-24,203200,Justin Holiday,1610612743,DEN,35.0,58,38,20,862.0133333333333,88,194,55,136,3,4,9,62,71,67,14,36,9,4,69,11,234,55
2023-24,1628382,Justin Jackson,1610612750,MIN,29.0,2,2,0,0.7,0,0,0,0,0,0,0,0,0,0,0,0,0,0,0,0,0,0
2023-24,1631303,Justin Minaya,1610612757,POR,25.0,34,3,31,380.98333333333335,22,74,12,49,5,9,30,26,56,21,9,9,10,5,35,12,61,-81
2023-24,203994,Jusuf Nurkić,1610612756,PHX,29.0,76,48,28,2078.035,320,627,22,90,167,261,224,613,837,301,175,81,80,58,254,231,829,404
2023-24,1630231,KJ Martin,1610612755,PHI,23.0,60,33,27,746.495,97,181,8,28,22,41,41,90,131,51,32,22,12,29,100,29,224,-7
2023-24,1629232,Kaiser Gates,1610612740,NOP,27.0,1,0,1,7.433333333333334,0,4,0,2,0,0,0,1,1,0,0,0,0,1,0,0,0,-2
2023-24,1626157,Karl-Anthony Towns,1610612750,MIN,28.0,62,42,20,2025.565,479,951,136,327,255,292,94,421,515,189,177,43,41,67,204,262,1349,321
2023-24,202695,Kawhi Leonard,1610612746,LAC,33.0,68,44,24,2330.04,610,1162,140,336,253,286,84,332,416,244,119,111,59,30,97,287,1613,392
2023-24,1631099,Keegan Murray,1610612758,SAC,23.0,77,43,34,2588.5666666666666,443,975,183,511,103,124,106,314,420,129,64,79,59,40,205,97,1172,138
2023-24,1628966,Keita Bates-Diop,1610612751,BKN,28.0,53,29,24,664.59,72,166,21,69,32,42,31,79,110,38,15,25,22,16,35,26,197,-55
2023-24,1629640,Keldon Johnson,1610612759,SAS,24.0,69,17,52,2038.3616666666667,391,862,127,367,175,221,95,282,377,195,100,51,20,56,149,166,1084,-347
2023-24,203482,Kelly Olynyk,1610612761,TOR,33.0,78,31,47,1758.73,276,497,60,155,150,180,108,303,411,347,152,74,30,22,230,199,762,-262
2023-24,1626162,Kelly Oubre Jr.,1610612755,PHI,28.0,68,40,28,2055.32,387,878,101,325,174,232,94,247,341,101,87,77,47,89,194,180,1049,-25
2023-24,1631112,Kendall Brown,1610612754,IND,21.0,15,10,5,62.50833333333333,8,15,0,2,5,8,3,2,5,5,2,0,0,0,9,6,21,-24
2023-24,1631254,Kenneth Lofton Jr.,1610612762,UTA,21.0,21,7,14,198.30166666666668,36,78,7,24,17,26,12,26,38,33,14,6,5,7,24,19,96,-11
2023-24,1629026,Kenrich Williams,1610612760,OKC,29.0,69,49,20,1029.0066666666667,131,280,56,141,7,14,61,148,209,93,32,38,9,18,101,34,325,152
2023-24,203484,Kentavious Caldwell-Pope,1610612743,DEN,31.0,76,54,22,2401.7566666666667,270,587,125,308,101,113,31,152,183,183,75,98,42,14,151,98,766,572
2023-24,1631165,Keon Ellis,1610612758,SAC,24.0,57,33,24,978.485,107,232,70,168,26,35,32,92,124,85,37,51,29,6,112,48,310,93
2023-24,1630553,Keon Johnson,1610612751,BKN,22.0,5,0,5,61.401666666666664,8,21,4,10,11,12,3,4,7,3,5,3,1,1,5,8,31,-25
2023-24,1630556,Kessler Edwards,1610612758,SAC,23.0,54,32,22,274.7416666666667,34,82,20,52,5,9,9,33,42,15,4,10,4,6,26,13,93,-45
2023-24,201142,Kevin Durant,1610612756,PHX,35.0,75,44,31,2790.6366666666668,751,1436,168,407,362,423,41,454,495,378,244,69,91,49,133,361,2032,291
2023-24,1628989,Kevin Huerter,1610612758,SAC,25.0,64,37,27,1562.2266666666667,248,560,123,341,36,47,38,186,224,166,53,45,23,15,135,45,655,75
2023-24,1628995,Kevin Knox II,1610612757,POR,24.0,31,4,27,560.2333333333333,86,186,31,94,20,22,18,57,75,23,22,13,7,12,50,22,223,-85
2023-24,201567,Kevin Love,1610612748,MIA,35.0,55,31,24,924.2633333333333,158,359,84,244,85,108,59,279,338,115,48,18,10,9,97,98,485,109
2023-24,1630284,Kevon Harris,1610612753,ORL,27.0,2,1,1,6.05,2,3,0,0,0,0,0,2,2,1,1,0,0,0,3,0,4,0
2023-24,1626172,Kevon Looney,1610612744,GSW,28.0,74,43,31,1194.4283333333333,139,233,0,1,56,83,143,276,419,133,50,28,29,24,155,71,334,38
2023-24,1641749,Keyontae Johnson,1610612760,OKC,24.0,9,7,2,66.2,5,16,1,3,0,0,4,6,10,4,4,1,0,2,5,0,11,-7
2023-24,1641718,Keyonte George,1610612762,UTA,20.0,75,27,48,2022.5766666666666,319,815,147,440,189,223,15,196,211,332,188,36,7,51,91,203,974,-374
2023-24,203114,Khris Middleton,1610612749,MIL,32.0,55,31,24,1487.27,317,643,94,247,100,120,40,217,257,292,127,51,15,26,141,110,828,125
2023-24,1630165,Killian Hayes,1610612765,DET,22.0,42,7,35,1007.6583333333333,117,283,22,74,33,50,11,108,119,205,51,36,20,12,75,54,289,-244
2023-24,1630184,Kira Lewis Jr.,1610612762,UTA,23.0,28,10,18,264.2366666666667,34,92,4,33,17,20,9,17,26,37,14,9,2,5,13,18,89,-67
2023-24,202691,Klay Thompson,1610612744,GSW,34.0,77,41,36,2284.1683333333335,490,1133,268,692,127,137,35,219,254,176,117,50,35,27,127,91,1375,7
2023-24,1641738,Kobe Brown,1610612746,LAC,24.0,44,27,17,393.99833333333333,37,90,14,48,1,2,20,42,62,25,9,12,6,6,49,3,89,-92
2023-24,1641723,Kobe Bufkin,1610612737,ATL,20.0,17,8,9,196.00333333333333,34,92,9,40,4,8,6,27,33,27,10,7,5,7,20,8,81,-35
2023-24,1628424,Kobi Simmons,1610612761,TOR,26.0,4,0,4,67.43333333333334,9,21,2,8,0,0,1,6,7,12,1,6,2,2,5,2,20,-31
2023-24,1627739,Kris Dunn,1610612762,UTA,30.0,66,25,41,1249.1766666666667,147,313,41,111,22,32,50,139,189,254,79,68,28,19,135,33,357,14
2023-24,1631200,Kris Murray,1610612757,POR,23.0,62,12,50,1348.2716666666668,145,366,49,183,37,56,85,139,224,80,55,53,21,26,92,53,376,-164
2023-24,204001,Kristaps Porziņģis,1610612738,BOS,28.0,57,43,14,1689.9483333333333,388,752,110,293,259,302,97,312,409,115,89,42,111,18,156,280,1145,417
2023-24,203937,Kyle Anderson,1610612750,MIN,30.0,79,55,24,1781.8816666666667,199,433,11,48,97,137,60,213,273,331,91,71,47,20,128,103,506,167
2023-24,1628398,Kyle Kuzma,1610612764,WAS,28.0,70,13,57,2281.141666666667,608,1313,151,450,186,240,62,402,464,296,192,37,49,52,153,192,1553,-562
2023-24,200768,Kyle Lowry,1610612755,PHI,38.0,60,32,28,1689.7666666666667,163,377,98,250,63,75,34,160,194,253,85,59,21,17,146,103,487,2
2023-24,202681,Kyrie Irving,1610612742,DAL,32.0,58,39,19,2029.6083333333333,562,1131,173,421,190,210,44,246,290,299,106,74,28,39,112,180,1487,277
2023-24,1630163,LaMelo Ball,1610612766,CHA,22.0,22,7,15,711.35,183,423,70,197,90,104,29,84,113,176,83,40,4,14,79,90,526,-139
2023-24,1630205,Lamar Stevens,1610612763,MEM,26.0,38,22,16,559.0133333333333,108,240,14,46,42,54,36,91,127,28,24,23,22,21,45,40,272,9
2023-24,1629013,Landry Shamet,1610612764,WAS,27.0,46,6,40,726.4966666666667,118,274,53,157,38,46,16,46,62,54,30,25,10,21,76,45,327,-149
2023-24,1626204,Larry Nance Jr.,1610612740,NOP,31.0,61,34,27,1216.1383333333333,138,241,27,65,47,61,94,213,307,113,49,61,19,15,98,75,350,71
2023-24,1628374,Lauri Markkanen,1610612762,UTA,27.0,55,22,33,1819.7466666666667,427,890,175,439,249,277,122,327,449,110,77,50,26,45,100,243,1278,21
2023-24,2544,LeBron James,1610612747,LAL,39.0,71,41,30,2503.6833333333334,685,1269,149,363,303,404,61,457,518,589,245,89,38,59,78,308,1822,218
2023-24,1641778,Leaky Black,1610612766,CHA,25.0,26,2,24,284.08166666666665,25,52,9,20,10,15,9,39,48,24,6,8,11,5,19,12,69,-27
2023-24,1631159,Leonard Miller,1610612750,MIN,20.0,17,13,4,52.4,13,20,2,5,1,2,5,15,20,8,1,2,1,1,5,1,29,8
2023-24,1631311,Lester Quinones,1610612744,GSW,23.0,37,24,13,394.455,56,141,32,88,20,29,21,51,72,36,17,6,2,8,44,36,164,17
2023-24,1629623,Lindell Wigginton,1610612749,MIL,26.0,3,3,0,7.63,2,5,0,2,2,2,0,0,0,0,1,0,0,0,1,1,6,-10
2023-24,1630322,Lindy Waters III,1610612760,OKC,26.0,38,25,13,280.2083333333333,49,104,37,85,2,2,7,33,40,24,7,5,7,1,23,3,137,-35
2023-24,1629022,Lonnie Walker IV,1610612751,BKN,25.0,58,23,35,1011.14,208,492,104,271,45,59,13,114,127,74,51,32,20,23,71,46,565,5
2023-24,1629652,Luguentz Dort,1610612760,OKC,25.0,79,54,25,2245.971666666667,288,657,156,396,128,155,74,210,284,113,74,71,47,31,228,170,860,347
2023-24,1629029,Luka Dončić,1610612742,DAL,25.0,70,46,24,2624.04,804,1652,284,744,478,608,59,588,647,686,282,99,38,50,149,477,2370,319
2023-24,1630568,Luka Garza,1610612750,MIN,25.0,25,17,8,121.84,36,75,9,32,18,25,19,12,31,4,6,4,1,5,24,21,99,7
2023-24,1629677,Luka Samanic,1610612762,UTA,24.0,43,15,28,404.37666666666667,60,158,13,64,44,56,22,80,102,19,28,5,7,17,32,39,177,-51
2023-24,1628379,Luke Kennard,1610612763,MEM,28.0,39,15,24,999.0466666666666,141,315,107,238,40,45,11,102,113,136,54,20,2,11,39,30,429,-187
2023-24,1628436,Luke Kornet,1610612738,BOS,28.0,63,48,15,983.31,142,203,1,1,49,54,118,143,261,67,21,23,61,12,77,68,334,218
2023-24,1630201,Malachi Flynn,1610612765,DET,26.0,69,28,41,876.9216666666666,136,325,56,169,52,71,21,93,114,130,63,38,8,19,66,56,380,-179
2023-24,1631103,Malaki Branham,1610612759,SAS,21.0,75,18,57,1594.3266666666666,271,628,93,268,55,63,28,120,148,156,91,27,8,41,94,62,690,-373
2023-24,1627763,Malcolm Brogdon,1610612757,POR,31.0,39,15,24,1120.8166666666666,218,496,82,199,95,116,28,120,148,214,60,27,8,29,58,93,613,-81
2023-24,1630608,Malcolm Cazalon,1610612765,DET,22.0,1,0,1,2.5833333333333335,0,0,0,0,0,0,0,0,0,0,0,0,0,0,0,0,0,5
2023-24,1627736,Malik Beasley,1610612749,MIL,27.0,79,46,33,2337.3716666666664,320,722,224,542,25,35,41,249,290,108,54,59,9,27,158,40,889,291
2023-24,1628370,Malik Monk,1610612758,SAC,26.0,72,42,30,1872.3066666666666,396,893,148,423,170,205,28,184,212,370,150,45,39,55,156,167,1110,10
2023-24,1642013,Malik Williams,1610612761,TOR,25.0,7,2,5,106.50833333333334,9,34,1,5,0,2,15,23,38,2,3,3,4,7,15,2,19,-56
2023-24,1629603,Mamadi Diakite,1610612752,NYK,27.0,6,5,1,24.435,4,6,0,1,4,6,1,3,4,2,1,1,1,0,2,3,12,3
2023-24,1641970,Maozinha Pereira,1610612763,MEM,23.0,7,2,5,121.63333333333334,18,35,5,13,7,10,11,26,37,2,5,6,4,2,10,8,48,9
2023-24,1630699,MarJon Beauchamp,1610612749,MIL,23.0,48,30,18,607.6883333333334,81,166,30,75,19,28,22,77,99,31,27,13,7,17,54,20,211,-12
2023-24,202694,Marcus Morris Sr.,1610612739,CLE,34.0,49,26,23,816.9766666666667,116,264,48,119,36,44,23,111,134,36,30,15,13,6,74,38,316,-60
2023-24,1631204,Marcus Sasser,1610612765,DET,23.0,71,11,60,1351.11,219,512,90,240,58,66,11,114,125,236,90,44,12,24,103,73,586,-250
2023-24,203935,Marcus Smart,1610612763,MEM,30.0,20,7,13,604.845,102,237,42,134,43,56,6,47,53,86,62,41,5,5,53,58,289,-20
2023-24,1631109,Mark Williams,1610612766,CHA,22.0,19,7,12,508.39166666666665,98,151,0,0,46,64,76,108,184,22,17,16,20,18,50,53,242,-21
2023-24,1628365,Markelle Fultz,1610612753,ORL,26.0,43,25,18,909.9383333333334,154,326,4,18,23,33,56,82,138,120,50,42,15,27,65,40,335,13
2023-24,202693,Markieff Morris,1610612742,DAL,34.0,26,15,11,216.38833333333332,23,68,15,42,5,6,4,35,39,16,12,5,3,2,12,8,66,-57
2023-24,1641806,Markquis Nowell,1610612761,TOR,24.0,1,0,1,3.5166666666666666,0,1,0,0,2,2,2,0,2,2,0,1,0,1,0,1,2,4
2023-24,1629716,Marques Bolden,1610612766,CHA,26.0,11,5,6,121.28,17,25,0,1,3,4,10,24,34,4,3,3,7,0,10,3,37,-16
2023-24,1628963,Marvin Bagley III,1610612764,WAS,25.0,50,7,43,1053.3516666666667,239,408,9,23,96,126,130,182,312,55,59,20,33,38,81,107,583,-137
2023-24,1630222,Mason Jones,1610612758,SAC,25.0,5,3,2,27.683333333333334,2,8,2,7,1,2,1,4,5,5,2,1,0,1,3,2,7,-7
2023-24,203486,Mason Plumlee,1610612746,LAC,34.0,46,29,17,673.9266666666666,87,153,0,6,70,99,60,174,234,55,36,14,17,14,68,85,244,11
2023-24,1629680,Matisse Thybulle,1610612757,POR,27.0,65,18,47,1487.3833333333334,126,317,80,231,22,29,30,106,136,90,40,113,49,12,93,41,354,-232
2023-24,1630562,Matt Hurt,1610612763,MEM,24.0,8,2,6,113.23833333333333,12,34,5,20,3,3,9,7,16,4,2,3,3,1,8,5,32,-12
2023-24,1630346,Matt Ryan,1610612740,NOP,27.0,28,14,14,390.385,49,113,41,91,13,14,6,34,40,18,19,6,1,1,32,17,152,13
2023-24,1631108,Max Christie,1610612747,LAL,21.0,67,38,29,944.3183333333334,103,241,42,118,36,46,15,127,142,60,35,20,17,21,57,28,284,-17
2023-24,1629622,Max Strus,1610612739,CLE,28.0,70,43,27,2239.175,304,728,168,479,77,97,66,272,338,283,112,64,29,42,170,116,853,254
2023-24,1628467,Maxi Kleber,1610612742,DAL,32.0,43,27,16,871.4116666666666,63,146,32,92,33,47,30,113,143,68,28,17,30,4,79,55,191,124
2023-24,1641721,Maxwell Lewis,1610612747,LAL,21.0,34,18,16,102.825,4,21,1,9,2,3,2,2,4,6,10,2,1,3,5,2,11,-73
2023-24,1630695,Micah Potter,1610612762,UTA,26.0,16,3,13,186.06,19,40,9,21,6,8,10,33,43,6,5,4,6,1,14,8,53,-28
2023-24,1629008,Michael Porter Jr.,1610612743,DEN,26.0,81,57,24,2564.605,522,1079,220,554,92,110,106,459,565,122,92,42,53,39,148,98,1356,472
2023-24,1628969,Mikal Bridges,1610612751,BKN,27.0,82,32,50,2854.24,564,1294,220,592,258,317,68,304,372,299,164,81,30,54,116,252,1606,-185
2023-24,201144,Mike Conley,1610612750,MIN,36.0,76,53,23,2193.4583333333335,294,644,179,405,102,112,37,181,218,449,102,88,17,15,128,118,869,274
2023-24,203488,Mike Muscala,1610612760,OKC,33.0,53,17,36,600.18,56,156,28,96,17,25,39,86,125,37,22,9,13,10,52,31,157,-90
2023-24,1628970,Miles Bridges,1610612766,CHA,26.0,69,17,52,2581.116666666667,559,1210,157,450,174,211,71,434,505,231,138,65,33,64,118,171,1449,-633
2023-24,1630540,Miles McBride,1610612752,NYK,23.0,68,42,26,1327.74,205,454,109,266,43,50,31,69,100,114,30,50,7,21,108,57,562,-16
2023-24,1629011,Mitchell Robinson,1610612752,NYK,26.0,31,19,12,768.11,73,127,0,0,27,66,142,121,263,18,25,37,35,14,55,60,173,13
2023-24,1628964,Mo Bamba,1610612755,PHI,26.0,57,30,27,740.3516666666667,97,198,25,64,34,50,77,161,238,41,39,22,60,12,101,49,253,-47
2023-24,1628420,Monte Morris,1610612750,MIN,29.0,33,21,12,476.04333333333335,62,153,27,70,13,19,7,50,57,69,7,19,9,6,14,18,164,86
2023-24,1629021,Moritz Wagner,1610612753,ORL,27.0,80,46,34,1414.7366666666667,332,552,38,115,166,204,117,230,347,96,97,39,21,40,160,192,868,93
2023-24,1629650,Moses Brown,1610612757,POR,24.0,22,4,18,199.97833333333332,33,65,0,0,9,31,37,49,86,7,11,5,7,12,27,29,75,-59
2023-24,1630541,Moses Moody,1610612744,GSW,22.0,66,38,28,1155.885,194,420,72,200,73,93,65,131,196,57,44,42,24,30,90,80,533,99
2023-24,1631338,Mouhamadou Gueye,1610612761,TOR,25.0,11,0,11,119.94166666666666,11,38,0,3,4,9,12,11,23,5,12,3,18,6,15,10,26,-80
2023-24,1631243,Mouhamed Gueye,1610612737,ATL,21.0,6,2,4,72.8,8,23,3,9,5,6,10,12,22,4,1,5,4,3,13,5,24,-41
2023-24,1631217,Moussa Diabaté,1610612746,LAC,22.0,11,7,4,64.23833333333333,10,19,0,0,9,14,15,9,24,4,2,5,1,3,4,10,29,-2
2023-24,1626167,Myles Turner,1610612754,IND,28.0,77,45,32,2076.4366666666665,476,909,116,324,245,317,113,420,533,100,109,39,144,42,232,263,1313,220
2023-24,1630230,Naji Marshall,1610612740,NOP,26.0,66,41,25,1257.1233333333332,170,367,58,150,68,86,53,187,240,128,65,49,12,21,91,66,466,205
2023-24,1629642,Nassir Little,1610612756,PHX,24.0,45,28,17,458.28333333333336,57,124,21,70,17,20,14,61,75,21,14,10,10,6,39,18,152,-88
2023-24,1630207,Nate Hinton,1610612745,HOU,25.0,15,8,7,74.55166666666666,11,26,7,14,4,5,7,15,22,10,3,3,2,2,11,4,33,13
2023-24,1631466,Nate Williams,1610612745,HOU,25.0,22,11,11,129.385,27,50,2,5,7,13,12,11,23,7,4,4,1,8,10,9,63,23
2023-24,1641877,Nathan Mensah,1610612766,CHA,26.0,25,3,22,306.64166666666665,12,28,0,0,9,12,29,36,65,9,14,6,14,2,64,19,33,-133
2023-24,1629675,Naz Reid,1610612750,MIN,24.0,81,56,25,1963.8283333333334,406,851,169,408,109,148,73,350,423,106,111,63,73,64,172,111,1090,248
2023-24,1629674,Neemias Queta,1610612738,BOS,24.0,28,24,4,333.21666666666664,67,104,0,0,20,28,53,69,122,20,13,13,21,12,50,24,154,135
2023-24,1629651,Nic Claxton,1610612751,BKN,25.0,71,27,44,2115.6633333333334,366,582,1,5,108,196,193,513,706,147,93,46,146,41,175,239,841,-278
2023-24,1630208,Nick Richards,1610612766,CHA,26.0,67,14,53,1758.7366666666667,260,376,0,1,132,179,172,367,539,54,73,26,74,38,176,158,652,-429
2023-24,1641733,Nick Smith Jr.,1610612766,CHA,20.0,51,9,42,728.71,113,289,63,146,13,15,18,54,72,59,39,10,7,12,55,14,302,-194
2023-24,1629638,Nickeil Alexander-Walker,1610612750,MIN,25.0,82,56,26,1920.9183333333333,236,538,131,335,52,65,35,132,167,204,76,64,42,29,143,84,655,312
2023-24,201587,Nicolas Batum,1610612755,PHI,35.0,60,36,24,1529.5866666666666,116,256,73,185,15,21,70,178,248,128,40,48,38,2,109,26,320,177
2023-24,203999,Nikola Jokić,1610612743,DEN,29.0,79,55,24,2736.5333333333333,822,1411,83,231,358,438,223,753,976,708,237,108,68,68,194,426,2085,682
2023-24,1631107,Nikola Jović,1610612748,MIA,21.0,46,24,22,896.2366666666667,127,281,65,163,33,47,25,167,192,90,42,25,14,8,82,52,352,149
2023-24,202696,Nikola Vučević,1610612741,CHI,33.0,76,36,40,2609.5016666666666,586,1211,92,313,106,129,210,591,801,254,120,50,60,48,190,144,1370,-180
2023-24,1641730,Noah Clowney,1610612751,BKN,19.0,23,10,13,369.85833333333335,50,93,12,33,21,30,26,55,81,18,15,8,16,8,25,28,133,-54
2023-24,1626181,Norman Powell,1610612746,LAC,31.0,76,48,28,1990.3783333333333,373,768,167,384,143,172,16,179,195,82,66,43,22,37,137,150,1056,212
2023-24,1628384,OG Anunoby,1610612752,NYK,26.0,50,31,19,1702.035,282,577,102,267,67,89,47,161,208,107,81,68,36,41,119,76,733,390
2023-24,1630167,Obi Toppin,1610612754,IND,26.0,82,47,35,1730.6016666666667,332,579,102,253,77,100,85,235,320,128,69,47,43,30,143,88,843,141
2023-24,1630534,Ochai Agbaji,1610612761,TOR,24.0,78,31,47,1641.6116666666667,178,433,62,211,37,56,74,142,216,83,64,47,44,41,117,52,455,-250
2023-24,1630846,Olivier Sarr,1610612760,OKC,25.0,15,8,7,98.20166666666667,11,19,2,6,10,15,10,26,36,2,3,0,7,0,18,10,34,1
2023-24,1641765,Olivier-Maxence Prosper,1610612742,DAL,21.0,40,24,16,336.21166666666664,40,104,13,45,28,41,25,54,79,22,8,7,4,6,20,28,121,-86
2023-24,1630209,Omer Yurtseven,1610612762,UTA,26.0,48,17,31,545.1016666666667,99,184,5,24,19,28,72,136,208,29,37,8,18,12,52,34,222,-133
2023-24,1641931,Onuralp Bitim,1610612741,CHI,25.0,23,11,12,267.9916666666667,32,84,12,44,4,5,6,26,32,13,10,3,2,5,24,8,80,-45
2023-24,1630168,Onyeka Okongwu,1610612737,ATL,23.0,55,23,32,1404.7366666666667,223,365,23,69,92,116,145,231,376,74,45,26,60,27,162,91,561,-34
2023-24,1631115,Orlando Robinson,1610612748,MIA,23.0,36,20,16,303.69,36,72,8,15,19,25,28,56,84,34,18,7,8,7,35,25,99,12
2023-24,1631131,Oscar Tshiebwe,1610612754,IND,24.0,8,2,6,41.916666666666664,10,20,0,0,6,8,8,8,16,2,0,2,1,4,3,5,26,14
2023-24,1629052,Oshae Brissett,1610612738,BOS,26.0,55,46,9,630.165,68,153,15,55,50,83,61,99,160,44,20,19,8,9,54,57,201,114
2023-24,203490,Otto Porter Jr.,1610612761,TOR,31.0,15,6,9,174.07333333333332,14,33,8,23,3,3,6,23,29,8,2,5,5,2,19,2,39,22
2023-24,1631172,Ousmane Dieng,1610612760,OKC,21.0,33,21,12,364.9533333333333,49,116,21,70,14,16,10,41,51,37,19,8,5,3,22,14,133,1
2023-24,200782,P.J. Tucker,1610612746,LAC,39.0,31,13,18,486.31333333333333,18,50,13,35,3,3,28,57,85,16,8,16,7,2,54,11,52,-24
2023-24,1629023,P.J. Washington,1610612742,DAL,25.0,73,30,43,2220.6783333333333,354,811,132,413,99,145,85,326,411,141,96,72,59,42,169,120,939,-133
2023-24,1631094,Paolo Banchero,1610612753,ORL,21.0,80,46,34,2798.701666666667,640,1407,119,351,405,559,82,472,554,431,247,71,47,87,153,380,1804,1
2023-24,1627783,Pascal Siakam,1610612754,IND,30.0,80,38,42,2657.8883333333333,681,1271,85,246,290,396,139,426,565,342,141,63,25,47,193,324,1737,113
2023-24,1626192,Pat Connaughton,1610612749,MIL,31.0,76,45,31,1676.28,151,347,82,238,44,58,51,188,239,161,49,40,19,10,99,60,428,-14
2023-24,1630311,Pat Spencer,1610612744,GSW,27.0,6,4,2,25.65,2,4,0,2,0,0,2,2,4,5,1,0,0,0,1,0,4,-6
2023-24,1631116,Patrick Baldwin Jr.,1610612764,WAS,21.0,38,6,32,493.5083333333333,59,155,31,97,19,28,17,106,123,29,19,18,15,4,56,25,168,-23
2023-24,201976,Patrick Beverley,1610612749,MIL,35.0,73,43,30,1462.5116666666668,158,379,61,181,74,90,49,190,239,212,65,43,31,14,128,95,451,-61
2023-24,1630172,Patrick Williams,1610612741,CHI,22.0,43,19,24,1174.085,159,359,59,148,52,66,46,120,166,66,57,40,33,28,87,52,429,-14
2023-24,201988,Patty Mills,1610612748,MIA,35.0,32,15,17,415.315,46,131,24,87,11,11,9,26,35,34,16,20,1,4,32,19,127,6
2023-24,202331,Paul George,1610612746,LAC,34.0,74,48,26,2501.766666666667,582,1236,243,588,264,291,37,351,388,262,153,113,37,55,202,234,1671,461
2023-24,1630194,Paul Reed,1610612755,PHI,25.0,82,47,35,1589.5016666666668,259,480,21,57,61,85,193,295,488,109,67,67,84,41,198,95,600,96
2023-24,1630202,Payton Pritchard,1610612738,BOS,26.0,82,64,18,1825.7333333333333,297,635,147,382,46,56,70,195,265,281,61,39,6,27,106,62,787,449
2023-24,1631250,Pete Nance,1610612739,CLE,24.0,8,3,5,27.35,1,6,1,1,0,2,0,3,3,0,1,1,0,0,2,1,3,-23
2023-24,1631212,Peyton Watson,1610612743,DEN,21.0,80,56,24,1487.8366666666666,208,447,45,152,71,106,56,202,258,86,58,42,88,32,143,82,532,-69
2023-24,1630173,Precious Achiuwa,1610612752,NYK,24.0,74,40,34,1623.7533333333333,235,469,26,97,69,112,191,296,487,97,83,46,68,39,143,84,565,-47
2023-24,1629656,Quentin Grimes,1610612765,DET,24.0,51,32,19,1024.9433333333334,122,328,81,240,34,45,15,85,100,66,28,35,7,15,75,34,359,-39
2023-24,1631245,Quenton Jackson,1610612754,IND,25.0,3,3,0,10.533333333333333,0,1,0,0,2,2,0,4,4,2,0,1,0,0,1,1,2,0
2023-24,1630181,R.J. Hampton,1610612748,MIA,23.0,8,3,5,76.02166666666666,4,14,1,8,1,2,2,4,6,8,3,0,0,1,8,1,10,21
2023-24,1629628,RJ Barrett,1610612761,TOR,24.0,58,26,32,1838.1333333333334,436,880,90,250,208,291,53,262,315,193,126,31,22,90,129,208,1170,-153
2023-24,1630564,RaiQuan Gray,1610612759,SAS,24.0,3,2,1,39.03333333333333,10,17,3,7,0,0,2,5,7,6,1,1,1,1,0,0,23,14
2023-24,1641712,Rayan Rupert,1610612757,POR,20.0,39,7,32,633.225,54,161,28,78,19,25,24,68,92,62,31,12,3,21,56,21,155,-124
2023-24,203493,Reggie Bullock Jr.,1610612745,HOU,33.0,44,24,20,417.47333333333336,34,82,27,67,1,1,6,67,73,15,10,12,5,2,29,3,96,-53
2023-24,202704,Reggie Jackson,1610612743,DEN,34.0,82,57,25,1816.82,326,756,102,284,79,98,33,122,155,308,106,44,12,33,149,97,833,79
2023-24,1626158,Richaun Holmes,1610612764,WAS,30.0,40,13,27,554.11,82,147,1,3,34,47,71,111,182,25,24,11,19,18,74,35,199,-90
2023-24,1641741,Ricky Council IV,1610612755,PHI,22.0,32,15,17,288.64,54,112,12,32,53,71,14,32,46,16,5,8,1,6,17,44,173,12
2023-24,203496,Robert Covington,1610612755,PHI,33.0,29,20,9,488.415,43,98,19,56,22,26,31,66,97,24,11,39,18,7,56,19,127,104
2023-24,1629057,Robert Williams III,1610612757,POR,26.0,6,2,4,118.75,17,26,0,0,7,9,11,27,38,5,7,7,7,4,17,8,41,-30
2023-24,201577,Robin Lopez,1610612749,MIL,36.0,16,10,6,64.73,7,19,2,8,2,2,3,2,5,4,2,1,3,1,7,4,18,-23
2023-24,1631199,Ron Harper Jr.,1610612761,TOR,24.0,1,1,0,3.65,0,0,0,0,0,0,0,0,0,1,0,0,0,0,2,0,0,-9
2023-24,1626220,Royce O'Neale,1610612756,PHX,31.0,79,38,41,1954.2416666666666,214,539,156,422,24,35,60,317,377,219,73,59,44,16,174,48,608,117
2023-24,203497,Rudy Gobert,1610612750,MIN,32.0,76,53,23,2593.1133333333332,406,614,0,3,249,390,285,697,982,102,118,52,162,55,238,391,1061,411
2023-24,1629060,Rui Hachimura,1610612747,LAL,26.0,68,40,28,1825.4933333333333,363,676,98,232,99,134,58,236,294,81,46,41,25,43,101,92,923,123
2023-24,201566,Russell Westbrook,1610612746,LAC,35.0,68,45,23,1528.8166666666666,301,663,42,154,110,160,93,250,343,306,144,74,23,43,121,122,754,104
2023-24,1627853,Ryan Arcidiacono,1610612752,NYK,30.0,20,15,5,45.155,0,6,0,6,0,0,0,8,8,4,2,2,0,0,5,2,0,2
2023-24,1631157,Ryan Rollins,1610612749,MIL,21.0,13,1,12,77.85,14,27,3,4,13,17,2,11,13,14,8,10,3,2,8,14,44,62
2023-24,1630240,Saben Lee,1610612756,PHX,25.0,24,15,9,184.97166666666666,20,55,2,16,29,39,9,22,31,30,8,7,3,7,13,27,71,15
2023-24,1630180,Saddiq Bey,1610612737,ATL,25.0,63,28,35,2061.6583333333333,290,697,113,358,170,203,167,244,411,92,54,51,11,49,88,139,863,-19
2023-24,1630573,Sam Hauser,1610612738,BOS,26.0,79,62,17,1740.585,249,558,197,465,17,19,45,231,276,82,32,40,25,11,99,21,712,492
2023-24,1630241,Sam Merrill,1610612739,CLE,28.0,61,36,25,1068.9183333333333,158,393,143,354,26,28,22,98,120,108,19,19,4,13,72,50,485,28
2023-24,1630572,Sandro Mamukelashvili,1610612759,SAS,25.0,46,12,34,450.9583333333333,73,155,19,64,25,34,45,102,147,49,19,7,12,11,35,26,190,45
2023-24,1630583,Santi Aldama,1610612763,MEM,23.0,61,23,38,1618.0566666666666,247,568,106,304,54,87,72,280,352,138,69,43,54,26,89,88,654,-275
2023-24,1628426,Sasha Vezenkov,1610612758,SAC,28.0,42,22,20,511.0733333333333,84,191,45,120,12,15,30,66,96,19,12,20,7,9,42,17,225,2
2023-24,1630703,Scoot Henderson,1610612757,POR,20.0,62,18,44,1765.3933333333334,307,797,87,268,167,204,53,141,194,336,212,48,13,50,195,208,868,-495
2023-24,1630567,Scottie Barnes,1610612761,TOR,22.0,60,22,38,2094.2483333333334,447,942,101,296,196,251,141,353,494,363,165,75,88,48,118,215,1191,-144
2023-24,1630590,Scotty Pippen Jr.,1610612763,MEM,23.0,21,5,16,526.8283333333334,100,203,30,72,41,55,22,45,67,98,56,36,10,12,60,65,271,-72
2023-24,203552,Seth Curry,1610612766,CHA,33.0,44,25,19,615.4133333333333,80,204,38,108,28,31,18,50,68,44,21,22,6,9,39,28,226,60
2023-24,1641754,Seth Lundy,1610612737,ATL,24.0,9,2,7,51.983333333333334,4,17,3,13,3,4,1,6,7,0,1,0,0,2,6,3,14,-13
2023-24,1631101,Shaedon Sharpe,1610612757,POR,21.0,32,8,24,1059.0183333333334,176,434,60,180,98,119,42,118,160,94,72,28,12,33,88,114,510,-246
2023-24,1628983,Shai Gilgeous-Alexander,1610612760,OKC,25.0,75,55,20,2552.6866666666665,796,1487,95,269,567,649,65,350,415,465,162,150,67,77,184,480,2254,613
2023-24,1629003,Shake Milton,1610612752,NYK,27.0,48,32,16,581.16,79,195,18,64,40,49,14,61,75,60,31,19,6,17,54,44,216,-46
2023-24,1627885,Shaquille Harrison,1610612763,MEM,30.0,3,1,2,5.966666666666667,1,2,0,0,0,0,0,2,2,0,0,0,1,0,0,0,2,-11
2023-24,1631321,Sidy Cissoko,1610612759,SAS,20.0,12,5,7,140.91833333333332,16,33,1,12,12,15,8,14,22,10,3,7,3,2,18,11,45,25
2023-24,1631323,Simone Fontecchio,1610612765,DET,28.0,66,29,37,1643.8933333333334,252,548,134,334,54,66,64,182,246,101,68,44,23,35,110,61,692,-27
2023-24,1630219,Skylar Mays,1610612747,LAL,26.0,38,14,24,433.27166666666665,63,159,16,54,13,17,10,33,43,85,20,21,4,10,26,18,155,-103
2023-24,203915,Spencer Dinwiddie,1610612747,LAL,31.0,76,38,38,2152.4083333333333,251,640,124,368,169,210,30,175,205,356,91,51,22,18,138,145,795,67
2023-24,1630649,Stanley Umude,1610612765,DET,25.0,24,4,20,307.12166666666667,37,84,24,53,29,32,8,43,51,11,14,8,7,4,40,21,127,-75
2023-24,201939,Stephen Curry,1610612744,GSW,36.0,74,43,31,2421.5383333333334,650,1445,357,876,299,324,37,293,330,379,210,54,28,51,117,269,1956,189
2023-24,1629004,Svi Mykhailiuk,1610612738,BOS,27.0,41,32,9,413.16333333333336,57,137,42,108,6,9,11,40,51,35,12,11,1,4,19,12,162,149
2023-24,204456,T.J. McConnell,1610612754,IND,32.0,71,40,31,1290.9766666666667,330,593,18,44,49,62,36,155,191,390,108,72,8,39,79,106,727,95
2023-24,203933,T.J. Warren,1610612750,MIN,30.0,11,7,4,124.67333333333333,18,41,2,13,3,4,5,17,22,9,4,4,1,1,11,2,41,51
2023-24,201959,Taj Gibson,1610612765,DET,39.0,20,8,12,204.50333333333333,15,37,2,10,2,2,12,25,37,11,5,3,7,3,31,3,34,-29
2023-24,1629659,Talen Horton-Tucker,1610612762,UTA,23.0,51,14,37,1008.6983333333334,184,465,60,182,88,109,21,100,121,177,65,45,19,27,94,80,516,-107
2023-24,1631106,Tari Eason,1610612745,HOU,23.0,22,12,10,480.105,88,189,18,50,21,33,46,107,153,27,20,31,19,17,51,24,215,88
2023-24,1627752,Taurean Prince,1610612747,LAL,30.0,78,44,34,2107.6216666666664,253,572,141,356,50,68,21,209,230,119,73,58,35,28,146,68,697,-118
2023-24,1641707,Taylor Hendricks,1610612762,UTA,20.0,40,13,27,856.4316666666666,108,240,53,140,23,29,46,139,185,32,27,28,30,12,77,21,292,-150
2023-24,1631386,Taze Moore,1610612757,POR,26.0,4,1,3,40.333333333333336,8,19,1,7,1,2,4,4,8,5,3,2,0,0,4,3,18,-22
2023-24,1629611,Terance Mann,1610612746,LAC,27.0,75,47,28,1872.8916666666667,254,493,71,204,79,95,87,167,254,119,48,43,15,29,145,79,658,52
2023-24,1631173,Terquavion Smith,1610612755,PHI,21.0,16,8,8,84.49666666666667,18,46,13,35,3,5,0,4,4,12,7,8,0,3,8,4,52,-7
2023-24,1626179,Terry Rozier,1610612748,MIA,30.0,61,22,39,2040.3816666666667,442,998,149,410,172,198,35,212,247,342,106,63,21,58,101,175,1205,-292
2023-24,1630678,Terry Taylor,1610612741,CHI,24.0,31,12,19,187.63,20,39,2,9,4,5,17,20,37,10,7,5,2,2,17,3,46,16
2023-24,201152,Thaddeus Young,1610612756,PHX,36.0,33,12,21,439.50166666666667,65,108,1,7,6,15,46,57,103,57,15,23,5,10,49,15,137,-40
2023-24,203648,Thanasis Antetokounmpo,1610612749,MIL,31.0,34,21,13,155.43166666666667,16,30,0,1,0,2,7,6,13,17,14,7,4,3,24,7,32,-40
2023-24,1630177,Theo Maledon,1610612756,PHX,23.0,17,5,12,213.19666666666666,20,70,5,30,14,15,4,20,24,28,18,7,0,7,21,20,59,-65
2023-24,1628418,Thomas Bryant,1610612748,MIA,26.0,38,22,16,441.365,86,149,4,22,41,47,40,101,141,23,21,10,16,10,46,33,217,11
2023-24,203501,Tim Hardaway Jr.,1610612742,DAL,32.0,79,49,30,2120.3283333333334,392,976,211,597,144,169,22,232,254,139,69,42,6,33,106,158,1139,13
2023-24,1641851,Timmy Allen,1610612763,MEM,24.0,5,0,5,125.45166666666667,6,23,0,7,1,2,4,13,17,5,2,4,0,1,18,5,13,-65
2023-24,202699,Tobias Harris,1610612755,PHI,31.0,70,41,29,2367.78,463,951,91,258,187,213,80,373,453,217,93,70,46,76,115,165,1204,224
2023-24,1628470,Torrey Craig,1610612741,CHI,33.0,53,22,31,1048.6016666666667,108,251,60,153,27,36,69,148,217,58,32,30,21,8,110,37,303,-181
2023-24,1641787,Tosan Evbuomwan,1610612765,DET,23.0,17,1,16,366.5783333333333,36,71,12,32,17,25,18,42,60,16,9,6,5,5,23,19,101,-128
2023-24,1641739,Toumani Camara,1610612757,POR,24.0,70,19,51,1739.32,197,438,58,172,75,99,139,204,343,87,84,66,33,27,174,115,527,-189
2023-24,1629027,Trae Young,1610612737,ATL,25.0,54,22,32,1941.7133333333334,433,1008,175,469,348,407,23,126,149,583,235,72,11,54,109,346,1389,-116
2023-24,1631218,Trayce Jackson-Davis,1610612744,GSW,24.0,68,39,29,1130.4516666666666,233,332,0,1,74,132,135,206,341,82,49,29,76,39,108,93,540,32
2023-24,1630200,Tre Jones,1610612759,SAS,24.0,77,21,56,2138.18,303,600,64,191,101,118,58,231,289,478,116,78,9,30,92,130,771,-22
2023-24,1630544,Tre Mann,1610612766,CHA,23.0,41,21,20,987.0983333333334,145,316,47,126,45,59,20,129,149,165,65,51,3,17,48,76,382,-127
2023-24,1630570,Trendon Watford,1610612751,BKN,23.0,63,25,38,856.52,164,311,27,68,77,97,52,142,194,81,63,23,19,25,106,78,432,-73
2023-24,1630235,Trent Forrest,1610612737,ATL,26.0,38,18,20,413.76166666666666,34,90,2,10,13,17,11,40,51,92,20,11,3,5,25,15,83,-94
2023-24,1630243,Trevelin Queen,1610612753,ORL,27.0,14,5,9,164.72666666666666,14,38,3,17,9,12,3,17,20,18,7,7,5,0,15,11,40,-9
2023-24,1641998,Trey Jemison III,1610612763,MEM,24.0,25,5,20,573.985,75,136,0,0,21,25,64,70,134,27,34,12,28,16,69,29,171,-110
2023-24,1626168,Trey Lyles,1610612758,SAC,28.0,58,33,25,1158.2183333333332,143,321,84,219,49,70,61,196,257,72,38,17,19,15,86,68,419,179
2023-24,1630530,Trey Murphy III,1610612740,NOP,24.0,57,35,22,1690.265,275,621,169,445,123,151,42,238,280,124,34,51,28,16,70,102,842,265
2023-24,202684,Tristan Thompson,1610612739,CLE,33.0,49,28,21,548.9166666666666,73,119,0,1,15,52,73,101,174,51,29,12,14,11,59,57,161,-13
2023-24,1641774,Tristan Vukcevic,1610612764,WAS,21.0,10,3,7,153.41166666666666,29,67,10,36,17,22,6,30,36,13,10,5,7,3,28,18,85,32
2023-24,1628972,Troy Brown Jr.,1610612765,DET,24.0,59,30,29,826.5116666666667,84,226,47,141,32,37,25,119,144,60,30,24,3,15,42,27,247,-127
2023-24,1629660,Ty Jerome,1610612739,CLE,26.0,2,1,1,14.816666666666666,2,4,0,1,0,0,1,0,1,3,1,0,0,0,2,0,4,-14
2023-24,1631102,TyTy Washington Jr.,1610612749,MIL,22.0,11,5,6,55.92166666666667,6,20,2,6,0,0,1,4,5,5,2,3,0,0,1,2,14,-13
2023-24,1629639,Tyler Herro,1610612748,MIA,24.0,42,23,19,1407.105,324,735,132,333,95,111,19,203,222,188,93,30,3,43,63,90,875,31
2023-24,1630169,Tyrese Haliburton,1610612754,IND,24.0,69,40,29,2223.5383333333334,500,1048,195,535,194,227,35,236,271,752,159,83,48,57,75,164,1389,294
2023-24,1630178,Tyrese Maxey,1610612755,PHI,23.0,70,43,27,2625.806666666667,638,1419,212,569,328,378,36,222,258,433,116,69,33,90,151,288,1816,303
2023-24,1626145,Tyus Jones,1610612764,WAS,28.0,66,11,55,1932.6666666666667,326,666,106,256,32,40,20,159,179,485,66,71,18,23,48,49,790,-497
2023-24,1628962,Udoka Azubuike,1610612756,PHX,24.0,16,12,4,112.82833333333333,16,23,0,0,3,13,11,21,32,3,4,1,6,3,17,9,35,-48
2023-24,1630586,Usman Garuba,1610612744,GSW,22.0,6,5,1,17.783333333333335,1,6,0,1,1,2,3,4,7,1,2,1,3,2,2,1,3,-11
2023-24,203995,Vasilije Micic,1610612766,CHA,30.0,60,34,26,1175.73,159,370,43,154,61,75,14,74,88,262,99,31,7,33,68,70,422,-74
2023-24,1641705,Victor Wembanyama,1610612759,SAS,20.0,71,19,52,2106.235,551,1186,128,394,292,367,161,594,755,274,260,88,254,27,153,381,1522,-143
2023-24,1631246,Vince Williams Jr.,1610612763,MEM,23.0,52,18,34,1436.53,169,379,79,209,104,130,59,231,290,175,92,47,34,22,135,133,521,-91
2023-24,1630249,Vít Krejčí,1610612737,ATL,24.0,22,9,13,541.32,51,104,28,68,5,6,11,41,52,50,20,13,6,7,48,11,135,1
2023-24,1631117,Walker Kessler,1610612762,UTA,22.0,64,26,38,1493.1066666666666,229,350,4,19,56,93,165,316,481,60,66,30,154,32,132,85,518,-149
2023-24,1628976,Wendell Carter Jr.,1610612753,ORL,25.0,55,30,25,1406.3033333333333,223,425,64,171,93,134,112,269,381,95,68,35,28,23,121,140,603,51
2023-24,1631111,Wendell Moore Jr.,1610612750,MIN,22.0,25,18,7,75.13166666666666,9,18,0,6,0,0,0,12,12,6,4,5,1,0,5,1,18,-6
2023-24,1629117,Wenyen Gabriel,1610612738,BOS,27.0,5,1,4,81.01666666666667,8,22,1,6,0,5,7,18,25,3,8,2,2,2,10,6,17,-16
2023-24,202083,Wesley Matthews,1610612737,ATL,37.0,36,11,25,412.87,34,97,24,69,18,24,9,44,53,23,8,16,11,6,43,20,110,-69
2023-24,1629875,Xavier Moon,1610612746,LAC,29.0,14,7,7,119.25,15,46,2,17,1,2,8,10,18,21,5,3,3,0,8,3,33,-37
2023-24,1630214,Xavier Tillman,1610612738,BOS,25.0,54,30,24,974.555,121,279,20,81,22,50,70,141,211,77,34,51,44,23,75,41,284,-60
2023-24,1629139,Yuta Watanabe,1610612763,MEM,29.0,34,18,16,464.37333333333333,41,116,25,85,10,17,11,43,54,15,19,12,7,6,39,14,117,-66
2023-24,1628380,Zach Collins,1610612759,SAS,26.0,69,19,50,1525.7283333333332,298,616,58,181,122,162,118,252,370,194,132,34,52,39,206,151,776,-393
2023-24,203897,Zach LaVine,1610612741,CHI,29.0,25,10,15,871.8616666666667,170,376,59,169,88,103,8,121,129,98,52,21,8,20,57,70,487,-92
2023-24,1630285,Zavier Simpson,1610612765,DET,27.0,7,1,6,161.38333333333333,17,54,5,17,3,4,4,16,20,25,10,7,3,7,11,3,42,-29
2023-24,1630192,Zeke Nnaji,1610612743,DEN,23.0,58,41,17,576.12,69,149,6,23,42,62,61,64,125,32,27,15,38,23,81,77,186,-168
2023-24,1630533,Ziaire Williams,1610612763,MEM,22.0,51,20,31,1037.6816666666666,150,378,58,189,62,75,35,145,180,75,66,36,9,27,85,74,420,-247
2023-24,1629627,Zion Williamson,1610612740,NOP,23.0,70,42,28,2206.923333333333,624,1094,6,18,347,494,122,284,406,352,193,76,47,121,159,362,1601,143
2024-25,1630639,A.J. Lawson,1610612761,TOR,24.0,26,14,12,486.41,80,190,33,101,43,63,20,66,86,31,15,13,6,12,44,38,236,-17
2024-25,1631260,AJ Green,1610612749,MIL,25.0,73,44,29,1659.1416666666667,182,424,155,363,22,27,18,156,174,108,40,37,7,3,157,50,541,227
2024-25,1642358,AJ Johnson,1610612764,WAS,20.0,29,8,21,638.3866666666667,82,213,24,90,32,37,8,51,59,76,35,12,3,18,50,27,220,-152
2024-25,203932,Aaron Gordon,1610612743,DEN,29.0,51,33,18,1446.7166666666667,264,497,75,172,145,179,80,167,247,164,73,23,14,37,82,137,748,301
2024-25,1628988,Aaron Holiday,1610612745,HOU,28.0,62,39,23,792.2466666666667,117,268,72,181,34,41,13,65,78,83,37,19,11,11,64,49,340,88
2024-25,1630174,Aaron Nesmith,1610612754,IND,25.0,45,29,16,1121.6183333333333,192,379,84,195,73,80,37,141,178,54,37,35,17,22,114,77,541,198
2024-25,1630598,Aaron Wiggins,1610612760,OKC,26.0,76,62,14,1743.9,355,728,130,339,74,89,81,214,295,134,69,60,18,39,101,68,914,514
2024-25,1641745,Adam Flagler,1610612760,OKC,25.0,37,34,3,202.965,25,96,14,72,1,2,7,20,27,12,4,8,3,2,15,1,65,7
2024-25,1641766,Adama Sanogo,1610612741,CHI,23.0,4,2,2,21.498333333333335,4,7,0,0,0,0,5,1,6,1,1,0,0,1,1,1,8,-5
2024-25,1641737,Adem Bona,1610612755,PHI,22.0,58,12,46,904.55,135,192,0,1,67,100,92,153,245,27,61,26,69,13,125,90,337,-112
2024-25,1642349,Ajay Mitchell,1610612760,OKC,23.0,36,31,5,596.955,91,184,23,60,29,35,18,50,68,64,29,25,4,11,68,55,234,127
2024-25,201143,Al Horford,1610612738,BOS,39.0,60,44,16,1658.5733333333333,195,461,114,314,34,38,79,290,369,128,46,36,51,8,81,35,538,397
2024-25,202692,Alec Burks,1610612748,MIA,33.0,49,26,23,863.4966666666667,115,271,88,207,38,49,15,109,124,55,29,28,7,9,37,43,356,110
2024-25,1627936,Alex Caruso,1610612760,OKC,31.0,54,44,10,1040.635,140,314,60,170,42,51,38,121,159,137,37,87,30,14,102,62,382,321
2024-25,1642505,Alex Ducas,1610612760,OKC,24.0,21,20,1,125.34166666666667,12,30,10,21,2,2,9,17,26,5,4,5,0,1,12,1,36,-22
2024-25,203458,Alex Len,1610612747,LAL,32.0,46,21,25,379.79,32,63,2,9,8,17,38,57,95,38,20,9,21,7,56,18,74,-153
2024-25,1642024,Alex Reese,1610612755,PHI,26.0,15,4,11,216.04666666666665,26,54,15,41,9,12,9,38,47,4,6,10,10,1,21,10,76,19
2024-25,1642259,Alex Sarr,1610612764,WAS,20.0,67,13,54,1814.2283333333332,326,828,105,341,112,165,124,311,435,161,114,44,101,39,146,123,869,-546
2024-25,1631214,Alondes Williams,1610612746,LAC,26.0,1,0,1,3.716666666666667,2,2,1,1,0,0,0,0,0,1,0,0,0,0,0,0,5,6
2024-25,1630578,Alperen Sengun,1610612745,HOU,22.0,76,52,24,2394.9766666666665,567,1143,21,90,296,428,262,524,786,372,194,84,61,84,209,406,1451,410
2024-25,1641708,Amen Thompson,1610612745,HOU,22.0,69,43,26,2225.415,388,697,25,91,169,247,192,372,564,265,138,97,89,45,167,175,970,268
2024-25,1629599,Amir Coffey,1610612746,LAC,28.0,72,41,31,1747.54,240,510,101,247,115,129,32,129,161,77,45,40,7,27,120,95,696,-66
2024-25,203083,Andre Drummond,1610612755,PHI,31.0,40,12,28,750.6333333333333,117,234,3,20,56,90,109,201,310,34,55,39,18,29,94,69,293,-245
2024-25,1641748,Andre Jackson Jr.,1610612749,MIL,23.0,67,39,28,980.0916666666667,94,197,30,76,12,24,65,117,182,83,58,34,14,7,114,27,230,-33
2024-25,1629614,Andrew Nembhard,1610612754,IND,25.0,65,44,21,1880.67,247,539,51,175,108,136,34,182,216,326,112,79,11,30,149,130,653,204
2024-25,203952,Andrew Wiggins,1610612748,MIA,30.0,60,27,33,1842.2816666666668,376,839,130,348,196,257,89,180,269,158,99,60,50,63,101,174,1078,-100
2024-25,1629014,Anfernee Simons,1610612757,POR,26.0,70,28,42,2291.8983333333335,479,1125,215,593,175,194,25,164,189,337,143,60,5,64,117,140,1348,-220
2024-25,1641710,Anthony Black,1610612753,ORL,21.0,78,39,39,1886.9933333333333,262,620,62,195,150,197,52,178,230,240,139,86,48,53,166,182,736,-40
2024-25,203076,Anthony Davis,1610612742,DAL,32.0,51,30,21,1705.4883333333332,470,910,35,124,286,369,134,456,590,181,113,59,110,39,98,273,1261,25
2024-25,1630162,Anthony Edwards,1610612750,MIN,23.0,79,48,31,2871.0583333333334,721,1612,320,811,415,496,61,389,450,359,249,91,51,55,150,343,2177,291
2024-25,1630264,Anthony Gill,1610612764,WAS,32.0,51,7,44,397.575,43,88,10,31,33,50,18,48,66,16,10,9,2,6,30,37,129,-73
2024-25,1641817,Anton Watson,1610612752,NYK,24.0,9,5,4,22.166666666666668,4,9,0,1,0,0,1,2,3,2,2,1,0,1,3,0,8,-9
2024-25,1641810,Antonio Reeves,1610612740,NOP,24.0,44,6,38,659.5583333333333,113,248,51,129,28,35,18,45,63,39,30,21,4,14,40,22,305,-150
2024-25,1630574,Ariel Hukporti,1610612752,NYK,23.0,25,17,8,217.365,21,31,0,0,6,13,14,37,51,11,21,1,15,2,32,13,48,-63
2024-25,1642422,Armel Traore,1610612747,LAL,22.0,9,5,4,66.66666666666667,6,19,0,7,2,7,2,13,15,1,3,4,2,1,6,5,14,-49
2024-25,1641709,Ausar Thompson,1610612765,DET,22.0,59,34,25,1327.715,246,460,11,49,91,142,111,192,303,134,80,98,40,42,164,130,594,67
2024-25,1630559,Austin Reaves,1610612747,LAL,27.0,73,46,27,2550.0916666666667,477,1037,200,531,321,366,61,268,329,421,177,81,22,47,151,321,1475,195
2024-25,1630245,Ayo Dosunmu,1610612741,CHI,25.0,46,17,29,1393.8833333333334,221,449,62,189,62,79,26,135,161,208,69,43,18,34,105,63,566,-234
2024-25,1628389,Bam Adebayo,1610612748,MIA,27.0,78,36,42,2673.693333333333,540,1113,79,221,251,328,185,564,749,337,161,98,53,46,162,309,1410,27
2024-25,1631248,Baylor Scheierman,1610612738,BOS,24.0,31,27,4,383.8883333333333,39,110,26,82,9,12,19,46,65,33,12,17,2,3,22,18,113,29
2024-25,1641767,Ben Sheppard,1610612754,IND,23.0,63,40,23,1229.5583333333334,120,287,68,199,24,27,44,133,177,85,22,38,14,13,125,35,332,-59
2024-25,1627732,Ben Simmons,1610612746,LAC,28.0,51,26,25,1119.6933333333334,116,223,0,0,24,33,47,194,241,285,102,38,23,10,107,58,256,-56
2024-25,1631097,Bennedict Mathurin,1610612754,IND,23.0,72,43,29,2149.318333333333,391,853,98,288,276,332,87,296,383,136,135,47,24,67,162,245,1156,94
2024-25,1641731,Bilal Coulibaly,1610612764,WAS,20.0,59,13,46,1947.5066666666667,263,624,63,224,138,185,91,203,294,199,125,78,41,46,139,143,727,-587
2024-25,202687,Bismack Biyombo,1610612759,SAS,32.0,28,10,18,527.4866666666667,67,114,0,0,10,25,43,115,158,31,27,16,23,11,52,28,144,-100
2024-25,1631104,Blake Wesley,1610612759,SAS,22.0,58,23,35,683.1066666666667,81,186,17,58,38,61,17,44,61,114,54,37,6,13,46,56,217,-9
2024-25,1626171,Bobby Portis,1610612749,MIL,30.0,49,30,19,1243.68,277,595,65,178,61,73,90,321,411,104,57,35,26,31,94,72,680,95
2024-25,1641752,Bobi Klintman,1610612765,DET,22.0,8,4,4,42.38166666666667,6,10,2,5,1,2,1,6,7,7,1,2,1,0,8,2,15,0
2024-25,203992,Bogdan Bogdanović,1610612746,LAC,32.0,54,33,21,1347.6583333333333,210,492,105,289,58,66,24,135,159,146,74,41,11,12,127,73,583,106
2024-25,1629626,Bol Bol,1610612756,PHX,25.0,36,10,26,448.48333333333335,96,183,32,93,20,26,20,84,104,22,20,9,25,0,20,18,244,-37
2024-25,1630538,Bones Hyland,1610612750,MIN,24.0,24,11,13,238.77,47,118,32,82,23,26,5,20,25,32,25,18,4,5,29,17,149,-31
2024-25,203078,Bradley Beal,1610612756,PHX,32.0,53,22,31,1702.1916666666666,345,694,102,264,110,137,34,143,177,195,99,58,28,21,136,115,902,-273
2024-25,1642382,Branden Carlson,1610612760,OKC,26.0,32,29,3,246.40333333333334,43,97,22,66,14,18,17,37,54,14,7,5,21,4,22,13,122,41
2024-25,1641764,Brandin Podziemski,1610612744,GSW,22.0,64,38,26,1716.3483333333334,280,629,115,309,72,95,65,260,325,220,75,69,13,26,95,123,747,261
2024-25,1630527,Brandon Boston,1610612740,NOP,23.0,42,8,34,992.78,166,381,49,140,67,85,28,106,134,92,52,53,9,24,73,67,448,-140
2024-25,1629634,Brandon Clarke,1610612763,MEM,28.0,64,40,24,1206.8616666666667,236,380,1,17,61,87,127,199,326,66,41,52,36,22,145,79,534,181
2024-25,1627742,Brandon Ingram,1610612761,TOR,27.0,18,5,13,595.0316666666666,155,333,43,115,47,55,17,83,100,93,69,16,11,21,45,66,400,-128
2024-25,1641706,Brandon Miller,1610612766,CHA,22.0,27,8,19,923.565,198,491,104,293,68,79,25,106,131,98,76,29,20,21,74,72,568,-124
2024-25,1630314,Brandon Williams,1610612742,DAL,25.0,33,15,18,487.13,98,188,24,60,55,66,12,46,58,76,39,24,5,20,33,57,275,10
2024-25,1630296,Braxton Key,1610612744,GSW,28.0,3,3,0,10.825,0,4,0,1,3,6,1,1,2,0,1,2,0,1,0,3,3,-8
2024-25,1641729,Brice Sensabaugh,1610612762,UTA,21.0,71,14,57,1431.9216666666666,275,599,157,372,65,73,42,168,210,110,107,46,8,27,111,54,772,-285
2024-25,1642355,Bronny James,1610612747,LAL,20.0,27,17,10,181.24333333333334,21,67,9,32,11,14,4,14,18,22,13,9,3,5,13,10,62,-71
2024-25,201572,Brook Lopez,1610612749,MIL,37.0,80,47,33,2546.07,394,774,139,373,114,138,113,288,401,143,84,50,148,20,171,135,1041,134
2024-25,1628971,Bruce Brown,1610612740,NOP,28.0,41,15,26,921.53,130,309,27,81,53,65,40,124,164,84,39,34,10,22,71,48,340,-226
2024-25,1628981,Bruno Fernando,1610612761,TOR,26.0,17,2,15,146.58,26,49,0,0,6,8,21,30,51,18,14,4,9,7,27,10,58,-22
2024-25,1631121,Bryce McGowens,1610612757,POR,22.0,13,8,5,32.016666666666666,4,14,0,4,5,6,2,1,3,2,4,1,0,1,3,5,13,-4
2024-25,1642267,Bub Carrington,1610612764,WAS,19.0,82,18,64,2457.79,300,748,138,407,69,85,33,308,341,364,141,54,21,23,190,111,807,-798
2024-25,1627741,Buddy Hield,1610612744,GSW,32.0,82,48,34,1862.9883333333332,328,786,203,549,53,64,51,213,264,134,91,69,23,31,132,46,912,141
2024-25,203468,CJ McCollum,1610612740,NOP,33.0,56,17,39,1831.6783333333333,444,1000,171,459,124,173,42,170,212,227,106,46,24,39,124,136,1183,-279
2024-25,1630595,Cade Cunningham,1610612765,DET,23.0,70,38,32,2451.9466666666667,684,1457,149,418,313,370,56,369,425,638,309,71,53,100,195,279,1830,175
2024-25,1631216,Caleb Houstan,1610612753,ORL,22.0,58,29,29,787.99,80,190,64,160,15,17,19,56,75,35,13,22,6,6,62,18,239,-66
2024-25,1628997,Caleb Martin,1610612742,DAL,29.0,45,17,28,1218.0166666666667,129,304,37,103,61,98,53,124,177,95,56,46,23,15,87,81,356,-155
2024-25,1642353,Cam Christie,1610612746,LAC,19.0,13,10,3,58.64833333333333,7,24,2,13,2,4,3,9,12,6,2,5,1,1,4,3,18,-10
2024-25,1629629,Cam Reddish,1610612747,LAL,25.0,33,15,18,589.45,38,94,13,47,16,26,17,49,66,22,12,33,10,5,43,23,105,-91
2024-25,1642285,Cam Spencer,1610612763,MEM,25.0,25,14,11,252.24333333333334,34,82,19,52,19,19,12,18,30,34,6,9,1,1,23,14,106,40
2024-25,1630560,Cam Thomas,1610612751,BKN,23.0,25,8,17,781.1566666666666,199,454,68,195,133,151,15,68,83,94,62,15,2,28,44,115,599,-92
2024-25,1641715,Cam Whitmore,1610612745,HOU,20.0,51,30,21,826.585,179,403,65,183,54,72,36,115,151,49,46,31,13,30,44,46,477,-1
2024-25,1629661,Cameron Johnson,1610612751,BKN,29.0,57,21,36,1799.7633333333333,355,747,159,408,201,225,54,193,247,194,99,53,25,36,104,170,1070,-200
2024-25,1626166,Cameron Payne,1610612752,NYK,30.0,72,46,26,1089.9766666666667,179,446,93,256,49,54,14,90,104,203,52,39,16,12,111,61,500,204
2024-25,1627747,Caris LeVert,1610612737,ATL,30.0,64,46,18,1596.1066666666666,280,599,106,284,110,155,41,162,203,215,76,57,33,27,99,109,776,258
2024-25,1641717,Cason Wallace,1610612760,OKC,21.0,68,55,13,1876.26,232,489,74,208,30,37,71,158,229,173,59,120,35,32,145,42,568,369
2024-25,1629646,Charles Bassey,1610612759,SAS,24.0,36,14,22,375.515,68,117,0,0,21,33,56,96,152,17,23,14,30,7,50,26,157,-129
2024-25,1631096,Chet Holmgren,1610612760,OKC,23.0,32,26,6,876.54,167,341,44,116,101,134,48,209,257,63,56,23,71,35,72,95,479,294
2024-25,1628449,Chris Boucher,1610612761,TOR,32.0,50,18,32,862.3,182,370,70,193,68,87,70,154,224,33,29,24,25,19,68,69,502,5
2024-25,1630537,Chris Duarte,1610612741,CHI,28.0,17,4,13,74.46833333333333,12,26,6,15,6,8,5,15,20,9,1,0,0,1,7,6,36,12
2024-25,1641753,Chris Livingston,1610612749,MIL,21.0,21,15,6,105.81,9,27,0,8,12,16,10,25,35,5,6,5,0,5,8,10,30,-29
2024-25,101108,Chris Paul,1610612759,SAS,40.0,82,34,48,2292.1633333333334,249,583,140,371,85,92,33,263,296,605,129,103,22,9,151,85,723,4
2024-25,1631128,Christian Braun,1610612743,DEN,24.0,79,48,31,2675.383333333333,476,821,89,224,177,214,98,312,410,205,81,85,37,62,170,143,1218,480
2024-25,1631132,Christian Koloko,1610612747,LAL,25.0,37,23,14,341.53,40,66,0,4,10,14,35,57,92,16,12,8,16,8,44,21,90,-7
2024-25,1629643,Chuma Okeke,1610612739,CLE,26.0,9,2,7,196.68,20,40,11,28,2,3,21,26,47,15,3,5,4,1,5,7,53,-28
2024-25,203991,Clint Capela,1610612737,ATL,31.0,55,27,28,1176.4333333333334,218,390,0,1,52,97,174,295,469,62,47,34,53,36,106,89,488,-79
2024-25,1629632,Coby White,1610612741,CHI,25.0,74,35,39,2450.2566666666667,508,1121,216,584,277,307,25,248,273,330,177,69,16,77,154,267,1509,-141
2024-25,1628998,Cody Martin,1610612756,PHX,29.0,53,16,37,1173.2066666666667,136,325,43,151,43,61,53,171,224,105,51,56,32,15,95,61,358,-105
2024-25,1642262,Cody Williams,1610612762,UTA,20.0,50,9,41,1059.6116666666667,83,257,35,135,29,40,27,86,113,59,44,23,16,17,95,31,230,-339
2024-25,1641732,Colby Jones,1610612764,WAS,23.0,39,12,27,514.6483333333333,59,129,16,49,23,35,21,66,87,44,23,26,13,10,37,33,157,-112
2024-25,1630175,Cole Anthony,1610612763,MEM,25.0,67,35,32,1234.1133333333332,230,543,77,218,93,113,46,158,204,191,103,45,32,14,151,105,630,-16
2024-25,1631306,Cole Swider,1610612754,IND,26.0,10,5,5,169.5,22,63,15,47,0,1,5,22,27,3,4,4,2,4,12,3,59,54
2024-25,1630658,Colin Castleton,1610612761,TOR,25.0,26,15,11,431.99,46,98,2,16,29,38,53,69,122,28,23,8,10,12,51,31,123,-30
2024-25,1631221,Collin Gillespie,1610612756,PHX,26.0,33,12,21,461.2183333333333,68,158,39,90,19,22,22,56,78,78,17,21,5,10,30,25,194,-29
2024-25,1629012,Collin Sexton,1610612762,UTA,26.0,63,14,49,1757.76,416,867,110,271,217,251,60,111,171,264,160,47,6,75,144,219,1159,-286
2024-25,1630557,Corey Kispert,1610612764,WAS,26.0,61,14,47,1601.5233333333333,255,565,120,330,75,88,36,145,181,103,64,26,14,34,98,60,705,-274
2024-25,202709,Cory Joseph,1610612753,ORL,33.0,50,26,24,611.7333333333333,62,154,39,107,14,18,17,57,74,72,18,26,4,5,50,38,177,35
2024-25,1641854,Craig Porter Jr.,1610612739,CLE,25.0,51,40,11,513.265,72,140,21,48,23,32,19,48,67,71,38,17,15,20,25,23,188,-45
2024-25,1642385,Cui Cui,1610612751,BKN,22.0,5,2,3,10.318333333333333,1,7,0,3,1,2,0,2,2,0,0,0,0,1,0,1,3,2
2024-25,1626156,D'Angelo Russell,1610612751,BKN,29.0,58,26,32,1480.4183333333333,249,638,113,360,121,145,20,142,162,297,108,56,23,14,115,139,732,0
2024-25,1630618,D.J. Carton,1610612761,TOR,24.0,4,1,3,33.38666666666666,1,7,0,3,1,1,0,4,4,3,4,2,0,2,1,1,3,12
2024-25,1629610,DaQuan Jeffries,1610612766,CHA,27.0,47,9,38,1071.5066666666667,118,291,55,164,24,30,37,98,135,53,35,26,25,17,99,28,315,-276
2024-25,1631342,Daeqwon Plowden,1610612737,ATL,26.0,6,3,3,71.55,16,25,9,17,2,2,4,7,11,2,4,0,0,0,10,1,43,29
2024-25,1630227,Daishen Nix,1610612750,MIN,23.0,3,3,0,13.233333333333333,0,1,0,1,1,2,0,4,4,3,4,0,0,0,1,1,1,9
2024-25,1630625,Dalano Banton,1610612757,POR,25.0,67,28,39,1119.945,198,507,72,222,91,125,30,105,135,160,86,43,34,35,58,92,559,-55
2024-25,1631207,Dalen Terry,1610612741,CHI,22.0,73,33,40,987.1783333333333,120,268,37,104,49,69,38,86,124,97,53,44,15,17,114,55,326,-172
2024-25,1642261,Dalton Knecht,1610612747,LAL,24.0,78,47,31,1493.795,257,557,128,340,64,84,37,179,216,66,37,24,8,27,93,58,706,-73
2024-25,203081,Damian Lillard,1610612749,MIL,34.0,58,32,26,2092.87,444,992,197,524,362,393,29,243,272,410,162,70,10,43,97,299,1447,53
2024-25,1641878,Damion Baugh,1610612766,CHA,24.0,15,1,14,370.48833333333334,42,130,12,56,13,15,14,36,50,56,31,15,2,9,22,18,109,-169
2024-25,1627814,Damion Lee,1610612756,PHX,32.0,25,6,19,144.01833333333335,27,74,9,37,20,21,3,17,20,11,10,6,0,3,6,12,83,25
2024-25,1629655,Daniel Gafford,1610612742,DAL,26.0,57,28,29,1226.095,283,403,0,0,135,196,155,233,388,80,66,23,102,30,152,155,701,35
2024-25,1628464,Daniel Theis,1610612740,NOP,33.0,38,10,28,621.2416666666667,61,129,9,37,31,37,44,120,164,60,25,18,20,7,70,45,162,-61
2024-25,1642450,Daniss Jenkins,1610612765,DET,23.0,7,3,4,22.748333333333335,3,10,1,7,0,2,0,2,2,3,1,0,0,0,2,2,7,-9
2024-25,203957,Dante Exum,1610612742,DAL,29.0,20,7,13,372.31,64,134,23,53,23,31,4,29,33,56,22,12,3,14,34,31,174,-48
2024-25,203967,Dario Saric,1610612743,DEN,31.0,16,7,9,210.38333333333333,21,58,7,26,7,10,14,36,50,23,15,7,1,8,19,15,56,-49
2024-25,1641727,Dariq Whitehead,1610612751,BKN,20.0,20,6,14,246.07833333333335,39,96,33,74,3,5,4,25,29,12,15,6,1,6,22,7,114,-64
2024-25,1629636,Darius Garland,1610612739,CLE,25.0,75,60,15,2300.77,554,1174,212,529,224,255,47,167,214,506,189,91,11,43,143,227,1544,499
2024-25,1630561,David Duke Jr.,1610612759,SAS,25.0,6,0,6,33.71666666666667,6,14,3,6,1,2,1,4,5,4,2,1,0,0,1,2,16,28
2024-25,1631223,David Roddy,1610612745,HOU,24.0,33,9,24,409.75333333333333,57,125,19,61,20,26,13,71,84,35,22,14,9,9,20,20,153,-76
2024-25,1630558,Davion Mitchell,1610612748,MIA,26.0,74,25,49,2027.3133333333333,223,476,84,211,58,84,35,132,167,363,128,72,16,24,185,132,588,-3
2024-25,1630549,Day'Ron Sharpe,1610612751,BKN,23.0,50,14,36,907.4583333333334,165,317,11,45,56,74,149,181,330,91,63,41,42,27,113,73,397,64
2024-25,1628368,De'Aaron Fox,1610612759,SAS,27.0,62,27,35,2241.1366666666668,539,1163,118,381,263,318,54,244,298,392,174,91,25,56,164,261,1459,-69
2024-25,1629631,De'Andre Hunter,1610612739,CLE,27.0,64,38,26,1740.015,358,762,157,388,215,254,44,214,258,92,82,50,13,39,155,211,1088,88
2024-25,1629001,De'Anthony Melton,1610612751,BKN,27.0,6,4,2,120.98333333333333,22,54,13,35,5,8,6,14,20,17,10,7,2,1,18,7,62,27
2024-25,201599,DeAndre Jordan,1610612743,DEN,36.0,56,37,19,690.7016666666667,91,140,0,0,27,64,84,200,284,53,40,16,27,14,74,68,209,-47
2024-25,201942,DeMar DeRozan,1610612758,SAC,35.0,77,38,39,2767.615,624,1308,84,256,378,441,50,248,298,342,105,62,32,57,150,316,1710,110
2024-25,1629731,Dean Wade,1610612739,CLE,28.0,59,47,12,1252.4516666666666,112,271,80,222,16,30,51,198,249,76,22,42,20,9,101,32,320,284
2024-25,1629028,Deandre Ayton,1610612757,POR,26.0,40,17,23,1205.62,265,468,6,32,40,60,124,282,406,64,69,31,39,15,88,59,576,-162
2024-25,1627749,Dejounte Murray,1610612740,NOP,28.0,31,9,22,1012.1483333333333,194,494,52,174,102,124,17,183,200,228,106,63,12,20,61,82,542,-207
2024-25,1626153,Delon Wright,1610612752,NYK,33.0,40,22,18,634.4966666666667,45,131,20,73,15,25,27,39,66,77,22,35,12,7,25,31,125,1
2024-25,1630166,Deni Avdija,1610612757,POR,24.0,72,33,39,2161.1483333333335,402,844,125,342,290,372,110,412,522,281,196,71,35,65,171,295,1219,-78
2024-25,203471,Dennis Schröder,1610612765,DET,31.0,75,37,38,2104.778333333333,336,827,127,371,181,216,27,171,198,404,142,66,12,57,180,211,980,-72
2024-25,1641726,Dereck Lively II,1610612742,DAL,21.0,36,21,15,832.7366666666667,134,191,0,0,46,73,104,166,270,85,41,20,56,23,100,51,314,121
2024-25,1627884,Derrick Jones Jr.,1610612746,LAC,28.0,77,48,29,1873.3883333333333,310,589,78,219,83,118,93,170,263,60,66,79,33,25,153,102,781,249
2024-25,1628401,Derrick White,1610612738,BOS,30.0,76,58,18,2573.615,424,959,265,691,135,161,67,274,341,361,131,72,80,23,138,164,1248,540
2024-25,1630217,Desmond Bane,1610612753,ORL,27.0,69,38,31,2205.225,493,1018,164,418,177,198,62,356,418,369,169,80,28,76,164,137,1327,143
2024-25,1626164,Devin Booker,1610612756,PHX,28.0,75,35,40,2794.9666666666667,654,1420,183,551,432,483,76,229,305,529,220,67,16,62,198,404,1923,-177
2024-25,1642269,Devin Carter,1610612758,SAC,23.0,36,18,18,395.9433333333333,47,127,18,61,26,44,19,57,76,41,18,21,4,5,39,47,138,43
2024-25,1630170,Devin Vassell,1610612759,SAS,24.0,64,24,40,1983.185,394,889,158,429,95,120,34,221,255,183,88,84,33,29,108,98,1041,-262
2024-25,1628415,Dillon Brooks,1610612745,HOU,29.0,75,49,26,2388.2616666666668,384,895,186,469,99,121,75,200,275,128,76,60,16,36,242,109,1053,207
2024-25,1641794,Dillon Jones,1610612760,OKC,23.0,54,45,9,551.4933333333333,51,133,16,63,17,28,30,91,121,58,28,16,4,11,54,21,135,75
2024-25,1627734,Domantas Sabonis,1610612758,SAC,29.0,70,36,34,2428.8766666666666,527,893,65,156,218,289,267,705,972,423,202,48,26,59,229,277,1337,144
2024-25,1631230,Dominick Barlow,1610612737,ATL,22.0,35,13,22,374.99833333333333,60,113,7,27,21,33,35,50,85,19,5,9,16,7,47,29,148,-2
2024-25,1642270,Donovan Clingan,1610612757,POR,21.0,67,29,38,1323.6433333333334,180,334,14,49,62,104,217,310,527,77,72,34,110,23,189,98,436,-2
2024-25,1628378,Donovan Mitchell,1610612739,CLE,28.0,71,55,16,2232.0333333333333,585,1320,233,633,298,362,57,265,322,354,149,95,17,50,140,278,1701,522
2024-25,1628978,Donte DiVincenzo,1610612750,MIN,28.0,62,37,25,1605.7333333333333,250,593,174,438,49,63,32,196,228,225,99,73,17,22,114,86,723,174
2024-25,1627827,Dorian Finney-Smith,1610612747,LAL,32.0,63,36,27,1818.6783333333333,195,435,129,314,30,45,80,167,247,90,56,58,23,24,136,42,549,309
2024-25,203926,Doug McDermott,1610612758,SAC,33.0,42,21,21,341.65166666666664,50,117,44,101,3,5,3,19,22,7,6,4,2,3,30,3,147,27
2024-25,203110,Draymond Green,1610612744,GSW,35.0,68,42,26,1983.3066666666666,216,509,80,246,101,147,74,340,414,383,174,99,70,21,219,176,613,275
2024-25,1629234,Drew Eubanks,1610612746,LAC,28.0,61,25,36,746.01,115,194,3,6,47,71,60,166,226,54,41,12,39,26,63,64,280,-126
2024-25,1641809,Drew Peterson,1610612738,BOS,25.0,25,17,8,186.14666666666668,17,41,13,33,7,9,9,31,40,13,8,5,2,3,18,7,54,46
2024-25,1631166,Drew Timme,1610612751,BKN,24.0,9,3,6,253.87833333333333,45,102,9,35,10,16,17,48,65,20,15,4,1,2,21,22,109,-66
2024-25,1630696,Dru Smith,1610612748,MIA,27.0,14,8,6,268.205,31,61,16,30,9,12,12,24,36,23,17,21,6,2,30,11,87,38
2024-25,1629130,Duncan Robinson,1610612748,MIA,31.0,74,30,44,1785.595,290,663,190,483,47,53,18,149,167,176,86,40,6,29,135,61,817,66
2024-25,1641871,Duop Reath,1610612757,POR,29.0,46,19,27,469.4266666666667,70,166,34,106,20,22,44,48,92,26,16,12,14,9,41,17,194,-55
2024-25,203939,Dwight Powell,1610612742,DAL,33.0,55,25,30,550.86,42,61,2,5,28,43,47,71,118,55,18,18,21,6,75,48,114,-14
2024-25,1630700,Dyson Daniels,1610612737,ATL,22.0,76,37,39,2571.17,455,923,80,235,83,140,124,325,449,333,155,229,55,45,175,131,1073,-65
2024-25,1630604,E.J. Liddell,1610612741,CHI,24.0,12,6,6,52.85666666666667,8,15,3,10,2,2,3,6,9,3,2,1,1,0,11,1,21,-8
2024-25,203901,Elfrid Payton,1610612740,NOP,31.0,24,3,21,510.805,40,122,1,6,4,7,15,64,79,166,59,24,11,10,36,11,85,-149
2024-25,1641989,Elijah Harkless,1610612762,UTA,25.0,10,1,9,138.0,11,35,7,25,3,6,9,12,21,8,3,10,1,0,18,12,32,31
2024-25,1641801,Emanuel Miller,1610612741,CHI,25.0,6,4,2,24.733333333333334,4,8,0,1,2,2,4,4,8,2,0,1,0,0,3,1,10,-8
2024-25,1641734,Emoni Bates,1610612739,CLE,21.0,10,9,1,74.78333333333333,13,38,11,30,0,0,0,7,7,8,2,1,1,0,4,0,37,-34
2024-25,1642402,Enrique Freeman,1610612754,IND,24.0,22,7,15,181.205,16,37,1,10,13,19,11,19,30,9,6,3,3,3,21,15,46,-19
2024-25,201569,Eric Gordon,1610612755,PHI,36.0,39,12,27,768.4916666666667,87,204,56,137,36,48,8,38,46,65,28,26,12,14,32,33,266,-72
2024-25,1630596,Evan Mobley,1610612739,CLE,24.0,71,58,13,2166.555,505,906,85,230,221,305,164,495,659,226,145,61,113,51,141,239,1316,546
2024-25,1630532,Franz Wagner,1610612753,ORL,23.0,60,33,27,2023.3066666666666,537,1161,104,352,271,311,56,286,342,284,138,75,21,75,147,252,1449,247
2024-25,1627832,Fred VanVleet,1610612745,HOU,31.0,60,41,19,2111.298333333333,287,759,159,461,111,137,32,189,221,333,87,94,25,22,140,116,844,264
2024-25,1641713,GG Jackson,1610612763,MEM,20.0,29,19,10,458.615,74,199,32,95,29,40,27,65,92,29,31,12,5,15,30,32,209,-68
2024-25,1629216,Gabe Vincent,1610612747,LAL,29.0,72,46,26,1527.265,168,420,109,309,15,21,20,72,92,98,41,51,13,12,152,45,460,48
2024-25,202066,Garrett Temple,1610612761,TOR,39.0,28,11,17,226.76833333333335,18,60,6,28,11,12,9,20,29,31,10,17,2,4,23,15,53,-28
2024-25,1629726,Garrison Mathews,1610612737,ATL,28.0,47,21,26,829.5083333333333,102,257,85,218,64,78,13,74,87,60,31,26,15,4,81,68,353,-60
2024-25,203914,Gary Harris,1610612753,ORL,30.0,48,28,20,710.71,51,133,36,101,7,12,20,44,64,30,17,26,12,7,45,7,145,86
2024-25,1627780,Gary Payton II,1610612744,GSW,32.0,62,36,26,927.1766666666666,171,298,31,95,27,38,53,132,185,83,39,52,17,20,108,36,400,45
2024-25,1629018,Gary Trent Jr.,1610612749,MIL,26.0,74,44,30,1893.395,283,657,180,433,78,92,20,148,168,87,42,72,4,11,124,71,824,70
2024-25,1627777,Georges Niang,1610612737,ATL,32.0,79,55,24,1697.2333333333333,286,620,166,409,46,58,47,225,272,111,82,28,14,21,201,58,784,194
2024-25,203507,Giannis Antetokounmpo,1610612749,MIL,30.0,67,40,27,2288.63,793,1319,14,63,436,707,147,651,798,433,206,58,78,76,155,507,2036,334
2024-25,1629048,Goga Bitadze,1610612753,ORL,25.0,70,38,32,1429.4616666666666,207,339,3,28,85,133,167,296,463,137,72,49,98,23,150,120,502,80
2024-25,1641711,Gradey Dick,1610612761,TOR,21.0,54,15,39,1587.3733333333332,265,647,114,326,133,155,44,149,193,98,83,48,10,36,120,127,777,-210
2024-25,1629684,Grant Williams,1610612766,CHA,26.0,16,6,10,479.025,54,123,27,74,31,37,18,64,82,37,28,18,13,6,46,43,166,10
2024-25,1628960,Grayson Allen,1610612756,PHX,29.0,64,29,35,1543.705,219,489,149,350,93,114,34,160,194,137,75,54,19,18,95,106,680,-79
2024-25,1627824,Guerschon Yabusele,1610612755,PHI,29.0,70,23,47,1894.7366666666667,282,563,104,274,100,138,134,261,395,148,87,58,24,31,164,131,768,-118
2024-25,1630611,Gui Santos,1610612744,GSW,23.0,56,36,20,761.5233333333333,82,179,34,103,29,42,72,100,172,80,42,25,10,9,91,41,227,165
2024-25,203084,Harrison Barnes,1610612759,SAS,33.0,82,34,48,2230.0633333333335,347,683,156,360,161,199,97,213,310,136,50,39,14,28,75,147,1011,-25
2024-25,1631127,Harrison Ingram,1610612759,SAS,22.0,5,0,5,34.75,2,4,0,1,0,0,2,7,9,3,1,3,0,0,2,0,4,30
2024-25,1629312,Haywood Highsmith,1610612748,MIA,28.0,74,35,39,1818.3266666666666,179,391,89,233,31,43,72,180,252,112,54,68,37,15,164,47,478,61
2024-25,1630529,Herbert Jones,1610612740,NOP,26.0,20,5,15,648.1316666666667,75,172,22,72,33,40,22,56,78,65,35,37,9,10,66,39,205,-20
2024-25,1641816,Hunter Tyson,1610612743,DEN,25.0,51,30,21,399.935,45,120,23,74,21,28,25,53,78,20,14,10,6,11,44,18,134,-98
2024-25,1630193,Immanuel Quickley,1610612761,TOR,26.0,33,12,21,917.7533333333333,184,438,85,225,111,128,16,101,117,191,58,23,4,25,61,95,564,-39
2024-25,1642403,Isaac Jones,1610612758,SAC,24.0,40,19,21,303.86333333333334,54,83,3,8,23,36,22,35,57,12,16,5,10,13,30,30,134,-64
2024-25,1630171,Isaac Okoro,1610612739,CLE,24.0,55,44,11,1053.2033333333334,124,267,56,151,33,46,49,81,130,68,23,32,16,19,104,44,337,253
2024-25,1642268,Isaiah Collier,1610612762,UTA,20.0,71,14,57,1839.1066666666666,234,555,42,169,105,154,32,203,235,446,208,66,16,55,149,135,615,-403
2024-25,1642384,Isaiah Crawford,1610612758,SAC,23.0,15,7,8,45.666666666666664,5,11,1,5,2,4,1,7,8,1,1,1,2,0,2,1,13,23
2024-25,1628392,Isaiah Hartenstein,1610612760,OKC,27.0,57,49,8,1589.6416666666667,279,480,0,19,79,117,163,448,611,219,96,47,62,31,171,94,637,417
2024-25,1630543,Isaiah Jackson,1610612754,IND,23.0,5,1,4,83.88,14,23,0,0,7,14,11,17,28,5,5,3,8,2,14,7,35,10
2024-25,1630198,Isaiah Joe,1610612760,OKC,25.0,74,63,11,1603.9766666666667,259,588,192,466,46,56,41,155,196,119,38,48,9,19,113,102,756,550
2024-25,1630600,Isaiah Mobley,1610612755,PHI,25.0,1,0,1,17.366666666666667,2,7,1,3,1,2,1,3,4,5,0,1,1,0,3,1,6,-6
2024-25,1641815,Isaiah Stevens,1610612748,MIA,24.0,3,3,0,5.55,0,2,0,1,0,0,0,2,2,0,0,1,0,0,0,0,0,4
2024-25,1630191,Isaiah Stewart,1610612765,DET,24.0,72,38,34,1433.8483333333334,176,315,17,53,66,87,130,269,399,123,68,28,101,12,183,93,435,9
2024-25,1631209,Isaiah Wong,1610612766,CHA,24.0,20,2,18,265.50333333333333,41,105,13,33,25,34,14,18,32,28,18,11,0,13,21,24,120,-6
2024-25,1627826,Ivica Zubac,1610612746,LAC,28.0,80,50,30,2624.1766666666667,592,942,0,0,156,236,300,710,1010,214,127,55,90,58,168,242,1340,514
2024-25,1631120,JD Davison,1610612738,BOS,22.0,16,13,3,92.915,12,34,4,18,5,7,2,11,13,13,13,5,1,0,2,5,33,-28
2024-25,1630550,JT Thor,1610612764,WAS,22.0,20,10,10,249.31666666666666,25,59,6,21,15,22,20,28,48,6,9,8,9,4,17,15,71,-96
2024-25,1629630,Ja Morant,1610612763,MEM,25.0,50,30,20,1519.11,404,889,88,285,263,319,34,171,205,364,185,61,12,51,113,249,1159,226
2024-25,1642266,Ja'Kobe Walter,1610612761,TOR,20.0,52,19,33,1103.235,159,393,65,186,66,83,59,101,160,81,50,43,10,39,95,72,449,-83
2024-25,1631095,Jabari Smith Jr.,1610612745,HOU,22.0,57,40,17,1715.5783333333334,248,566,98,277,104,126,105,294,399,60,61,25,41,30,123,120,698,250
2024-25,1631133,Jabari Walker,1610612757,POR,22.0,60,23,37,749.165,118,229,28,72,49,71,59,152,211,37,34,33,6,31,87,62,313,15
2024-25,1629098,Jack McVeigh,1610612745,HOU,29.0,9,5,4,43.25,5,17,4,13,0,0,2,3,5,1,2,0,2,0,3,0,14,-10
2024-25,1642050,Jackson Rowe,1610612744,GSW,28.0,6,4,2,51.73166666666667,8,17,3,10,3,6,3,8,11,4,1,4,0,0,4,3,22,23
2024-25,1631210,Jacob Toppin,1610612737,ATL,25.0,17,13,4,75.15,9,22,5,10,0,0,3,12,15,6,3,2,0,3,3,0,23,-25
2024-25,1630702,Jaden Hardy,1610612742,DAL,22.0,57,30,27,907.4383333333334,180,414,76,197,60,86,9,80,89,81,82,28,5,24,90,68,496,-65
2024-25,1631093,Jaden Ivey,1610612765,DET,23.0,30,14,16,898.0333333333333,190,413,63,154,85,116,40,84,124,119,89,28,11,26,67,95,528,-62
2024-25,1630183,Jaden McDaniels,1610612750,MIN,24.0,82,49,33,2614.41,398,834,100,303,104,128,129,341,470,163,95,110,74,41,225,136,1000,172
2024-25,1630531,Jaden Springer,1610612762,UTA,22.0,43,22,21,365.175,35,90,12,48,27,38,17,41,58,33,16,24,4,4,42,37,109,-32
2024-25,203109,Jae Crowder,1610612758,SAC,34.0,9,3,6,102.76166666666667,7,22,4,15,5,6,6,14,20,6,4,3,0,1,10,3,23,-18
2024-25,1630256,Jae'Sean Tate,1610612745,HOU,29.0,52,38,14,588.11,70,148,16,46,32,47,50,67,117,47,22,26,7,16,82,53,188,51
2024-25,1626143,Jahlil Okafor,1610612754,IND,29.0,1,0,1,3.3666666666666667,0,0,0,0,0,0,0,1,1,1,0,0,0,0,0,0,0,5
2024-25,1642443,Jahmir Young,1610612741,CHI,24.0,6,4,2,29.666666666666668,4,5,1,2,2,2,1,2,3,6,1,0,0,1,2,1,11,-7
2024-25,1631170,Jaime Jaquez Jr.,1610612748,MIA,24.0,66,32,34,1368.38,213,462,37,119,107,142,84,206,290,166,98,61,14,60,81,99,570,-152
2024-25,1631222,Jake LaRavia,1610612758,SAC,23.0,66,40,26,1349.28,160,337,60,142,78,115,90,169,259,158,86,62,23,26,132,91,458,126
2024-25,1627751,Jakob Poeltl,1610612761,TOR,29.0,57,21,36,1685.7483333333332,363,579,1,3,97,144,189,358,547,158,111,66,71,35,176,130,824,-37
2024-25,1641779,Jalen Bridges,1610612756,PHX,24.0,8,1,7,30.373333333333335,2,7,2,7,3,4,0,4,4,0,4,0,0,0,0,3,9,7
2024-25,1628973,Jalen Brunson,1610612752,NYK,28.0,65,40,25,2300.7083333333335,585,1200,152,397,368,448,27,160,187,475,164,60,8,50,138,410,1690,146
2024-25,1631105,Jalen Duren,1610612765,DET,21.0,78,43,35,2033.5483333333334,378,546,0,0,162,242,277,530,807,209,136,54,89,55,251,202,918,36
2024-25,1630224,Jalen Green,1610612745,HOU,23.0,82,52,30,2697.11,608,1437,234,661,273,336,45,332,377,282,203,71,27,106,127,248,1723,166
2024-25,1641720,Jalen Hood-Schifino,1610612755,PHI,22.0,15,3,12,314.6766666666667,37,98,14,46,18,21,3,24,27,37,18,5,7,4,25,17,106,-96
2024-25,1630552,Jalen Johnson,1610612737,ATL,23.0,36,18,18,1284.1783333333333,271,542,44,141,94,126,62,297,359,181,106,56,36,39,67,99,680,55
2024-25,1629667,Jalen McDaniels,1610612758,SAC,27.0,4,2,2,7.335,0,0,0,0,0,0,0,0,0,1,0,1,0,0,0,0,0,-1
2024-25,1629618,Jalen Pickett,1610612743,DEN,25.0,49,31,18,666.19,77,180,40,101,6,8,15,56,71,107,24,19,5,5,38,8,200,52
2024-25,1630188,Jalen Smith,1610612741,CHI,25.0,64,28,36,962.3833333333333,190,408,72,222,72,89,89,268,357,65,37,17,44,14,95,84,524,-36
2024-25,1630591,Jalen Suggs,1610612753,ORL,24.0,35,20,15,1002.4533333333334,197,481,76,242,97,110,23,118,141,129,102,51,33,17,98,129,567,3
2024-25,1631114,Jalen Williams,1610612760,OKC,24.0,69,55,14,2236.673333333333,565,1168,124,340,236,299,59,310,369,354,150,111,46,59,158,245,1490,456
2024-25,1630592,Jalen Wilson,1610612751,BKN,24.0,79,25,54,2031.3866666666668,246,620,122,362,135,165,75,195,270,145,79,40,5,37,164,122,749,-262
2024-25,1631288,Jamal Cain,1610612740,NOP,26.0,37,6,31,501.79833333333335,68,158,26,80,34,50,27,58,85,22,22,23,9,0,46,37,196,-132
2024-25,1627750,Jamal Murray,1610612743,DEN,28.0,67,41,26,2418.346666666667,531,1121,156,397,218,246,45,216,261,403,138,91,33,46,128,211,1436,331
2024-25,1642347,Jamal Shead,1610612761,TOR,22.0,75,28,47,1466.825,204,504,72,223,53,69,30,85,115,316,117,58,10,29,158,99,533,-234
2024-25,1631123,Jamaree Bouyea,1610612749,MIL,26.0,5,4,1,61.7,6,12,1,5,4,6,1,4,5,10,8,4,2,1,2,6,17,2
2024-25,201935,James Harden,1610612746,LAC,35.0,79,50,29,2789.036666666667,531,1295,235,668,505,578,55,401,456,687,341,118,55,65,162,371,1802,344
2024-25,201949,James Johnson,1610612754,IND,38.0,12,5,7,36.61666666666667,4,11,0,3,0,1,0,6,6,4,4,0,2,0,5,1,8,-9
2024-25,1630164,James Wiseman,1610612754,IND,24.0,1,1,0,4.633333333333334,2,4,0,1,2,2,0,1,1,0,0,0,0,0,0,1,6,-4
2024-25,1642419,Jamison Battle,1610612761,TOR,24.0,59,21,38,1041.6783333333333,149,347,105,259,16,18,37,121,158,53,27,17,10,14,92,25,419,-183
2024-25,1641716,Jarace Walker,1610612754,IND,21.0,75,45,30,1186.62,170,360,75,185,46,69,25,204,229,110,78,54,25,10,115,63,461,-146
2024-25,1630215,Jared Butler,1610612755,PHI,24.0,60,6,54,1043.735,203,453,60,169,75,91,25,85,110,220,80,42,13,38,97,74,541,-131
2024-25,1642272,Jared McCain,1610612755,PHI,21.0,23,7,16,591.7916666666666,126,274,51,133,49,56,13,43,56,60,37,15,0,11,37,45,352,-27
2024-25,1631197,Jared Rhoden,1610612761,TOR,25.0,14,8,6,226.16333333333333,42,87,12,39,22,25,14,28,42,16,9,10,2,6,20,15,118,64
2024-25,1628991,Jaren Jackson Jr.,1610612763,MEM,25.0,74,42,32,2206.951666666667,592,1213,146,389,311,398,91,326,417,148,153,92,113,87,257,334,1641,331
2024-25,1629020,Jarred Vanderbilt,1610612747,LAL,26.0,36,25,11,580.8583333333333,59,121,9,32,20,36,68,114,182,41,29,35,10,17,67,39,147,35
2024-25,1628386,Jarrett Allen,1610612739,CLE,27.0,82,64,18,2296.0533333333333,452,640,0,5,199,277,216,582,798,158,97,77,73,47,127,257,1103,514
2024-25,1629750,Javonte Green,1610612739,CLE,31.0,68,24,44,1257.8333333333333,123,287,46,141,55,76,59,159,218,56,32,65,31,14,98,72,347,-212
2024-25,1629637,Jaxson Hayes,1610612747,LAL,25.0,56,38,18,1092.6833333333334,161,223,0,3,61,98,78,191,269,58,43,31,51,11,136,112,383,87
2024-25,1630643,Jay Huff,1610612763,MEM,27.0,64,37,27,748.0316666666666,157,305,81,200,44,56,30,99,129,38,34,16,56,8,78,44,439,25
2024-25,1627759,Jaylen Brown,1610612738,BOS,28.0,63,46,17,2157.9283333333333,518,1118,116,358,246,322,82,286,368,286,162,73,19,68,154,292,1398,402
2024-25,1641740,Jaylen Clark,1610612750,MIN,23.0,40,28,12,521.9933333333333,56,120,22,51,29,37,26,27,53,26,8,36,2,10,61,30,163,44
2024-25,1641798,Jaylen Martin,1610612764,WAS,21.0,16,3,13,238.62666666666667,31,74,7,23,9,10,11,33,44,17,12,9,0,5,14,8,78,-131
2024-25,1629669,Jaylen Nowell,1610612764,WAS,25.0,8,1,7,168.075,26,73,8,27,7,11,6,14,20,18,8,1,4,3,9,9,67,-42
2024-25,1631301,Jaylen Sims,1610612766,CHA,26.0,6,0,6,111.80833333333334,12,28,6,15,12,15,3,3,6,12,8,3,1,1,10,11,42,-47
2024-25,1642377,Jaylen Wells,1610612763,MEM,21.0,79,47,32,2043.4816666666666,287,676,138,392,111,135,87,181,268,135,69,44,8,33,146,150,823,186
2024-25,1631119,Jaylin Williams,1610612760,OKC,23.0,47,40,7,784.055,97,221,61,153,23,30,48,214,262,120,35,22,29,5,79,42,278,302
2024-25,1642281,Jaylon Tyson,1610612739,CLE,22.0,47,37,10,452.96,64,149,20,58,19,24,37,59,96,44,26,13,3,11,50,25,167,-2
2024-25,1628369,Jayson Tatum,1610612738,BOS,27.0,72,53,19,2623.8166666666666,662,1465,250,728,358,440,48,575,623,431,209,76,38,56,157,307,1932,534
2024-25,1641789,Jazian Gortman,1610612742,DAL,22.0,16,8,8,56.61666666666667,9,23,4,11,2,4,1,4,5,6,5,2,1,1,9,2,24,11
2024-25,1630288,Jeff Dowtin Jr.,1610612755,PHI,28.0,41,10,31,620.77,112,230,28,70,33,45,12,48,60,78,15,24,12,12,29,38,285,-103
2024-25,201145,Jeff Green,1610612745,HOU,38.0,32,20,12,396.44666666666666,61,121,29,79,21,26,11,47,58,20,9,6,4,2,32,18,172,-38
2024-25,203924,Jerami Grant,1610612757,POR,31.0,47,22,25,1523.5866666666666,214,574,108,296,141,166,26,137,163,101,65,41,46,42,109,121,677,-202
2024-25,1630526,Jeremiah Robinson-Earl,1610612740,NOP,24.0,66,17,49,1238.9,158,347,56,164,46,55,110,205,315,88,51,39,7,18,79,49,418,-331
2024-25,1631110,Jeremy Sochan,1610612759,SAS,22.0,54,21,33,1363.9683333333332,251,469,28,91,87,125,127,225,352,128,84,45,27,46,131,105,617,-88
2024-25,1630579,Jericho Sims,1610612749,MIL,26.0,53,34,19,631.245,45,71,0,0,8,13,71,126,197,33,33,10,19,9,65,22,98,25
2024-25,1642399,Jesse Edwards,1610612750,MIN,25.0,2,2,0,4.666666666666667,0,0,0,0,0,0,0,0,0,1,0,0,0,0,2,1,0,-10
2024-25,1641724,Jett Howard,1610612753,ORL,21.0,60,29,31,701.1066666666667,98,262,55,186,16,23,20,50,70,44,36,13,11,6,68,18,267,-86
2024-25,1628975,Jevon Carter,1610612741,CHI,29.0,36,13,23,320.5733333333333,55,146,35,105,8,10,4,35,39,40,11,13,3,4,15,8,153,37
2024-25,202710,Jimmy Butler III,1610612744,GSW,35.0,55,36,19,1746.135,301,597,32,104,330,392,125,171,296,298,74,77,18,50,52,283,964,246
2024-25,1629111,Jock Landale,1610612745,HOU,29.0,42,26,16,500.0233333333333,81,152,11,26,27,40,56,81,137,37,21,13,10,17,49,35,200,-25
2024-25,204060,Joe Ingles,1610612750,MIN,37.0,19,12,7,114.08666666666667,6,23,3,15,0,0,2,9,11,23,9,2,0,1,12,5,15,2
2024-25,203954,Joel Embiid,1610612755,PHI,31.0,19,8,11,574.3933333333333,140,315,23,77,149,169,36,119,155,85,62,14,18,14,42,117,452,-57
2024-25,1628381,John Collins,1610612762,UTA,27.0,40,12,28,1220.4916666666666,280,531,59,148,139,164,89,238,327,80,103,39,40,54,116,155,758,-16
2024-25,1629723,John Konchar,1610612763,MEM,29.0,46,26,20,558.2233333333334,41,91,23,62,7,8,37,114,151,42,16,30,14,5,32,17,112,58
2024-25,1631098,Johnny Davis,1610612764,WAS,23.0,34,4,30,241.65833333333333,32,78,7,29,9,15,10,28,38,11,7,15,6,3,18,14,80,-26
2024-25,1642277,Johnny Furphy,1610612754,IND,20.0,50,31,19,379.49666666666667,35,92,15,50,18,22,23,48,71,19,12,18,11,11,41,23,103,22
2024-25,1630548,Johnny Juzang,1610612762,UTA,24.0,64,15,49,1269.83,204,475,118,314,45,53,42,142,184,68,36,39,8,15,126,43,571,-357
2024-25,202685,Jonas Valančiūnas,1610612758,SAC,33.0,81,23,58,1523.7633333333333,345,627,8,37,145,165,190,437,627,164,120,37,46,39,181,168,843,-304
2024-25,1628371,Jonathan Isaac,1610612753,ORL,27.0,71,35,36,1090.015,134,324,39,151,73,107,120,194,314,40,33,61,80,14,90,79,380,-38
2024-25,1630228,Jonathan Kuminga,1610612744,GSW,22.0,47,28,19,1144.08,258,568,46,151,157,235,56,161,217,104,71,38,21,48,90,145,719,8
2024-25,1642367,Jonathan Mogbo,1610612761,TOR,23.0,63,18,45,1285.655,156,356,17,70,60,82,109,202,311,146,70,55,34,31,136,70,389,-241
2024-25,203903,Jordan Clarkson,1610612762,UTA,33.0,37,10,27,962.47,201,493,84,232,114,143,25,93,118,138,86,31,9,37,52,110,600,-204
2024-25,1630692,Jordan Goodwin,1610612747,LAL,26.0,29,17,12,542.575,63,144,26,68,9,11,38,74,112,42,26,30,11,7,43,12,161,-11
2024-25,1641722,Jordan Hawkins,1610612740,NOP,23.0,56,18,38,1320.5,207,556,110,332,80,98,25,133,158,66,58,30,23,26,51,73,604,-317
2024-25,1629162,Jordan McLaughlin,1610612759,SAS,29.0,46,17,29,314.27666666666664,31,72,19,46,17,22,6,24,30,51,16,16,1,4,18,23,98,57
2024-25,1641757,Jordan Miller,1610612746,LAC,25.0,37,21,16,420.31,58,134,8,38,28,35,23,35,58,34,26,17,5,12,26,26,152,-63
2024-25,1629673,Jordan Poole,1610612764,WAS,26.0,68,15,53,2000.8866666666668,457,1057,235,622,242,274,31,172,203,303,204,86,27,68,201,287,1391,-558
2024-25,1641775,Jordan Walsh,1610612738,BOS,21.0,52,39,13,403.00333333333333,30,83,15,55,7,12,23,46,69,19,17,12,11,3,30,15,82,25
2024-25,1630631,Jose Alvarado,1610612740,NOP,27.0,56,19,37,1365.9,204,521,111,309,60,74,27,109,136,259,86,74,14,24,91,75,579,-232
2024-25,1630528,Josh Christopher,1610612748,MIA,23.0,14,9,5,69.35,11,31,2,11,4,6,0,9,9,8,6,5,3,1,2,4,28,-5
2024-25,1630581,Josh Giddey,1610612741,CHI,22.0,70,33,37,2116.641666666667,371,798,105,278,175,224,127,439,566,503,202,84,45,66,122,179,1022,-68
2024-25,1630182,Josh Green,1610612766,CHA,24.0,68,17,51,1887.5033333333333,180,421,97,248,49,72,56,116,172,108,70,74,15,26,165,87,506,-364
2024-25,1628404,Josh Hart,1610612752,NYK,30.0,77,48,29,2896.83,404,770,84,252,159,205,161,576,737,453,158,119,27,59,201,182,1051,203
2024-25,1631169,Josh Minott,1610612750,MIN,22.0,46,32,14,276.275,44,90,14,43,17,19,12,35,47,18,11,15,12,6,34,15,119,-16
2024-25,1629006,Josh Okogie,1610612766,CHA,26.0,40,11,29,624.9783333333334,94,212,32,92,63,85,45,68,113,33,31,48,19,21,47,68,283,-13
2024-25,1626196,Josh Richardson,1610612748,MIA,31.0,8,4,4,149.49,11,38,6,22,4,4,6,6,12,12,8,8,1,3,17,10,32,-31
2024-25,201950,Jrue Holiday,1610612738,BOS,35.0,62,47,15,1896.0683333333334,254,573,108,306,70,77,76,189,265,239,77,66,27,23,101,75,686,339
2024-25,1630577,Julian Champagnie,1610612759,SAS,24.0,82,34,48,1932.1283333333333,276,665,178,480,85,94,67,251,318,111,74,61,35,32,114,54,815,-67
2024-25,1641763,Julian Phillips,1610612741,CHI,21.0,79,37,42,1122.905,128,287,50,153,60,76,67,102,169,39,27,38,20,17,108,60,366,30
2024-25,1631124,Julian Strawther,1610612743,DEN,23.0,65,41,24,1383.47,210,486,94,269,74,90,17,125,142,83,57,39,16,19,151,97,588,-71
2024-25,203944,Julius Randle,1610612750,MIN,30.0,69,44,25,2225.5266666666666,455,939,108,314,270,335,144,343,487,323,196,47,16,60,175,257,1288,166
2024-25,1630551,Justin Champagnie,1610612764,WAS,24.0,62,16,46,1340.5333333333333,210,411,74,193,50,73,112,239,351,60,54,65,39,23,110,53,544,-288
2024-25,1642348,Justin Edwards,1610612755,PHI,21.0,44,11,33,1154.72,172,378,69,190,32,46,46,102,148,69,49,45,16,25,98,38,445,-280
2024-25,1631303,Justin Minaya,1610612757,POR,26.0,19,8,11,100.67333333333333,8,21,2,10,0,2,5,5,10,7,5,6,1,0,12,3,18,-12
2024-25,203994,Jusuf Nurkić,1610612766,CHA,30.0,51,18,33,1062.8266666666666,168,352,32,105,85,128,85,313,398,115,97,40,34,16,130,127,453,-184
2024-25,1630231,KJ Martin,1610612762,UTA,24.0,43,11,32,911.4983333333333,111,201,15,58,37,47,30,95,125,48,24,17,22,20,101,36,274,-142
2024-25,1642354,KJ Simpson,1610612766,CHA,22.0,36,3,33,842.0833333333334,104,301,33,130,41,50,39,70,109,112,56,34,6,18,56,77,282,-278
2024-25,1630539,Kai Jones,1610612742,DAL,24.0,40,20,20,468.37,87,109,1,5,23,32,40,85,125,25,18,15,23,3,50,27,198,-21
2024-25,1626157,Karl-Anthony Towns,1610612752,NYK,29.0,72,46,26,2516.72,639,1215,142,338,339,409,212,708,920,222,192,71,50,83,249,345,1759,378
2024-25,1631255,Karlo Matković,1610612740,NOP,24.0,42,12,30,790.585,135,235,21,66,34,44,64,145,209,46,43,22,41,11,106,40,325,-89
2024-25,202695,Kawhi Leonard,1610612746,LAC,34.0,37,26,11,1179.9566666666667,310,623,78,190,98,121,35,184,219,116,72,59,17,11,56,122,796,296
2024-25,1630811,Keaton Wallace,1610612737,ATL,26.0,31,15,16,501.1666666666667,65,162,27,82,11,11,7,43,50,81,33,28,9,3,39,12,168,-19
2024-25,1631099,Keegan Murray,1610612758,SAC,24.0,76,36,40,2610.173333333333,364,820,154,449,60,72,146,361,507,109,60,61,69,28,186,79,942,46
2024-25,1631232,Keion Brooks Jr.,1610612740,NOP,24.0,14,2,12,331.7816666666667,53,109,14,43,22,30,12,46,58,13,12,10,10,6,30,20,142,-145
2024-25,1642276,Kel'el Ware,1610612748,MIA,21.0,64,28,36,1422.4866666666667,257,464,35,111,46,67,116,357,473,60,57,39,71,17,111,55,595,39
2024-25,1629640,Keldon Johnson,1610612759,SAS,25.0,77,31,46,1837.9966666666667,371,770,87,274,150,194,112,259,371,125,77,49,22,37,115,140,979,-217
2024-25,203482,Kelly Olynyk,1610612740,NOP,34.0,44,12,32,890.9983333333333,134,268,33,79,83,108,62,144,206,128,76,33,19,13,123,96,384,-58
2024-25,1626162,Kelly Oubre Jr.,1610612755,PHI,29.0,60,21,39,2078.19,348,741,71,242,139,185,97,271,368,108,80,92,30,66,180,168,906,-258
2024-25,1629026,Kenrich Williams,1610612760,OKC,30.0,69,58,11,1131.5383333333334,171,354,66,171,28,39,65,176,241,97,39,43,10,22,110,54,436,329
2024-25,203484,Kentavious Caldwell-Pope,1610612763,MEM,32.0,77,38,39,2279.036666666667,239,544,113,330,82,95,33,136,169,136,62,99,34,10,136,105,673,11
2024-25,1631165,Keon Ellis,1610612758,SAC,25.0,80,39,41,1948.1916666666666,227,464,139,321,73,86,60,152,212,120,71,121,63,14,176,94,666,64
2024-25,1630553,Keon Johnson,1610612751,BKN,23.0,79,25,54,1925.2016666666666,303,779,126,401,107,139,63,234,297,175,116,82,30,75,209,120,839,-423
2024-25,1642352,Keshad Johnson,1610612748,MIA,24.0,16,10,6,98.125,18,26,3,7,4,9,6,22,28,4,4,5,4,3,11,6,43,5
2024-25,1630556,Kessler Edwards,1610612742,DAL,24.0,40,17,23,608.46,67,135,22,54,12,13,22,93,115,42,16,19,20,7,62,15,168,-158
2024-25,201142,Kevin Durant,1610612756,PHX,36.0,62,33,29,2264.685,592,1124,160,372,303,361,23,351,374,263,190,50,77,32,104,331,1647,-38
2024-25,1628989,Kevin Huerter,1610612741,CHI,26.0,69,39,30,1678.9933333333333,257,604,132,391,35,49,30,175,205,156,67,66,23,14,121,43,681,104
2024-25,1628995,Kevin Knox II,1610612744,GSW,25.0,14,11,3,83.65666666666667,18,36,4,15,6,8,7,10,17,5,4,2,4,1,6,6,46,-3
2024-25,201567,Kevin Love,1610612748,MIA,36.0,23,13,10,251.45333333333335,41,115,24,67,16,23,22,72,94,22,14,15,4,6,21,22,122,-25
2024-25,1641755,Kevin McCullar Jr.,1610612752,NYK,24.0,4,4,0,29.166666666666668,2,7,0,1,2,2,0,8,8,2,0,1,1,1,6,3,6,-2
2024-25,1629645,Kevin Porter Jr.,1610612749,MIL,25.0,75,43,32,1482.02,293,652,55,177,130,169,42,236,278,256,136,81,13,48,119,145,771,27
2024-25,1626172,Kevon Looney,1610612744,GSW,29.0,76,45,31,1142.155,143,278,2,5,56,99,185,277,462,118,39,46,37,17,154,84,344,117
2024-25,1641718,Keyonte George,1610612762,UTA,21.0,67,13,54,2108.475,359,919,174,507,233,285,26,227,253,377,183,46,9,71,111,227,1125,-512
2024-25,203114,Khris Middleton,1610612764,WAS,33.0,37,18,19,843.1816666666666,160,337,48,133,72,84,13,124,137,150,56,35,8,13,75,69,440,39
2024-25,1630165,Killian Hayes,1610612751,BKN,23.0,6,1,5,162.33333333333334,18,43,8,21,10,12,5,13,18,31,9,4,4,1,13,12,54,-24
2024-25,202691,Klay Thompson,1610612742,DAL,35.0,72,33,39,1964.5683333333334,361,877,216,553,67,74,44,202,246,145,88,50,30,21,81,51,1005,-79
2024-25,1641738,Kobe Brown,1610612746,LAC,25.0,40,25,15,272.22,33,72,6,26,5,7,19,46,65,24,12,7,4,3,23,11,77,-53
2024-25,1641723,Kobe Bufkin,1610612737,ATL,21.0,10,6,4,123.63666666666667,18,47,4,19,13,18,5,16,21,17,8,3,2,6,9,12,53,-23
2024-25,1627739,Kris Dunn,1610612746,LAC,31.0,74,45,29,1782.9183333333333,192,437,75,224,15,22,53,198,251,210,74,128,27,13,197,36,474,262
2024-25,1631200,Kris Murray,1610612757,POR,24.0,69,31,38,1040.3866666666668,117,279,27,120,26,57,76,106,182,68,43,35,17,20,66,42,287,-50
2024-25,204001,Kristaps Porziņģis,1610612738,BOS,29.0,42,30,12,1209.9633333333334,277,574,103,250,161,199,68,216,284,87,53,31,63,23,116,214,818,173
2024-25,203937,Kyle Anderson,1610612748,MIA,31.0,61,30,31,1002.0933333333334,142,303,25,70,48,65,53,153,206,145,37,40,33,17,81,60,357,-22
2024-25,1642271,Kyle Filipowski,1610612762,UTA,21.0,72,13,59,1521.54,260,518,77,220,93,143,112,328,440,140,102,48,22,40,171,125,690,-366
2024-25,1628398,Kyle Kuzma,1610612749,MIL,29.0,65,25,40,1936.415,370,848,96,313,128,202,54,316,370,152,146,36,19,39,119,159,964,-419
2024-25,200768,Kyle Lowry,1610612755,PHI,39.0,35,14,21,659.4483333333334,41,117,29,88,27,33,11,56,67,96,21,33,11,7,62,37,138,-71
2024-25,1630283,Kylor Kelley,1610612747,LAL,27.0,11,3,8,125.95666666666666,14,22,0,0,6,10,12,27,39,5,4,1,3,0,15,6,34,-75
2024-25,202681,Kyrie Irving,1610612742,DAL,33.0,50,28,22,1803.7966666666666,447,945,144,359,196,214,60,180,240,231,111,66,23,40,101,164,1234,124
2024-25,1642273,Kyshawn George,1610612764,WAS,21.0,68,15,53,1802.1833333333334,203,546,114,354,70,93,49,236,285,169,97,68,50,36,201,93,590,-361
2024-25,1630163,LaMelo Ball,1610612766,CHA,23.0,47,16,31,1504.475,406,1003,179,528,193,229,47,185,232,346,167,54,13,43,157,221,1184,-130
2024-25,1630205,Lamar Stevens,1610612763,MEM,27.0,17,7,10,155.535,29,63,8,27,8,11,4,34,38,8,10,5,3,8,15,8,74,67
2024-25,1629013,Landry Shamet,1610612752,NYK,28.0,50,30,20,761.6,106,230,62,156,12,18,11,50,61,27,22,23,2,12,52,36,286,88
2024-25,1626204,Larry Nance Jr.,1610612737,ATL,32.0,24,10,14,463.2266666666667,80,155,34,76,9,13,23,80,103,38,16,20,13,6,37,25,203,-95
2024-25,1628374,Lauri Markkanen,1610612762,UTA,28.0,47,9,38,1475.8433333333332,296,700,138,399,162,185,72,206,278,70,66,33,17,39,79,159,892,-186
2024-25,2544,LeBron James,1610612747,LAL,40.0,70,44,26,2444.4466666666667,651,1270,149,396,259,331,72,474,546,575,260,70,39,51,99,265,1710,-54
2024-25,1631159,Leonard Miller,1610612750,MIN,21.0,13,11,2,31.595,6,15,0,5,8,8,3,8,11,0,2,2,1,1,2,4,20,-12
2024-25,1631311,Lester Quinones,1610612740,NOP,24.0,13,3,10,183.36666666666667,31,78,13,44,11,13,4,15,19,24,14,3,2,3,18,18,86,-26
2024-25,1641857,Liam Robbins,1610612749,MIL,25.0,13,8,5,56.96666666666667,2,8,0,2,5,10,7,5,12,2,6,2,2,3,9,10,9,-5
2024-25,1630322,Lindy Waters III,1610612765,DET,27.0,52,27,25,778.41,92,249,64,186,8,11,20,90,110,52,20,27,11,10,62,17,256,13
2024-25,1629022,Lonnie Walker IV,1610612755,PHI,26.0,20,3,17,476.7033333333333,89,212,45,127,24,30,6,57,63,50,25,10,5,8,27,20,247,-142
2024-25,1628366,Lonzo Ball,1610612741,CHI,27.0,35,16,19,777.03,89,243,67,195,22,27,25,93,118,115,41,47,17,4,55,18,267,100
2024-25,1629652,Luguentz Dort,1610612760,OKC,26.0,71,57,14,2073.3,258,593,170,413,33,46,89,204,293,115,51,79,39,23,208,108,719,547
2024-25,1629029,Luka Dončić,1610612747,LAL,26.0,50,31,19,1768.55,461,1025,177,481,309,395,40,369,409,383,179,89,21,30,126,293,1408,344
2024-25,1630568,Luka Garza,1610612750,MIN,26.0,39,28,11,219.31,52,105,10,36,24,35,31,23,54,11,12,6,3,8,29,28,138,1
2024-25,1628379,Luke Kennard,1610612763,MEM,29.0,65,37,28,1471.6916666666666,206,431,113,261,51,57,37,146,183,215,72,50,5,11,59,45,576,122
2024-25,1628436,Luke Kornet,1610612738,BOS,29.0,73,53,20,1361.06,187,280,0,3,67,97,190,198,388,117,31,36,71,21,119,104,441,401
2024-25,1631247,Luke Travers,1610612739,CLE,23.0,12,10,2,87.86,5,20,0,9,2,2,8,12,20,8,8,1,1,4,6,1,12,-1
2024-25,1630644,Mac McClung,1610612753,ORL,26.0,2,1,1,10.233333333333333,0,2,0,1,0,0,0,1,1,3,0,0,0,0,2,1,0,-2
2024-25,1630201,Malachi Flynn,1610612759,SAS,27.0,4,2,2,43.68,5,13,1,4,5,6,3,4,7,7,4,3,0,0,4,5,16,1
2024-25,1631103,Malaki Branham,1610612759,SAS,22.0,47,18,29,426.555,87,190,34,84,27,33,7,44,51,38,34,11,2,13,29,23,235,-33
2024-25,1627763,Malcolm Brogdon,1610612764,WAS,32.0,24,6,18,564.0766666666667,104,240,16,56,81,92,21,70,91,98,38,13,5,19,30,68,305,-121
2024-25,1642502,Malevy Leons,1610612760,OKC,25.0,6,6,0,20.966666666666665,0,2,0,1,2,4,1,2,3,1,1,0,0,1,4,2,2,-18
2024-25,1627736,Malik Beasley,1610612765,DET,28.0,82,44,38,2282.9466666666667,461,1071,319,766,95,140,47,167,214,139,83,73,5,29,125,108,1336,175
2024-25,1628370,Malik Monk,1610612758,SAC,27.0,65,36,29,2054.11,412,939,139,428,154,178,30,215,245,362,159,61,38,54,158,149,1117,116
2024-25,1630699,MarJon Beauchamp,1610612752,NYK,24.0,35,19,16,156.28166666666667,27,65,10,29,15,20,11,33,44,11,15,4,1,5,14,12,79,9
2024-25,1630542,Marcus Bagley,1610612755,PHI,23.0,10,1,9,253.155,27,69,5,32,8,10,23,47,70,10,7,9,12,5,16,10,67,-84
2024-25,1630585,Marcus Garrett,1610612766,CHA,26.0,4,1,3,79.38333333333334,11,27,3,8,3,4,1,5,6,13,6,3,2,3,10,3,28,-39
2024-25,1631204,Marcus Sasser,1610612765,DET,24.0,57,30,27,810.7866666666666,137,296,58,152,43,51,18,51,69,133,54,37,4,16,72,49,375,41
2024-25,203935,Marcus Smart,1610612764,WAS,31.0,34,17,17,680.34,101,257,49,141,54,71,18,54,72,109,54,39,9,9,53,68,305,42
2024-25,1631109,Mark Williams,1610612766,CHA,23.0,44,9,35,1171.045,270,447,0,4,131,163,132,315,447,109,71,32,54,25,105,128,671,-301
2024-25,1628365,Markelle Fultz,1610612758,SAC,27.0,21,9,12,184.05833333333334,28,67,4,8,1,1,6,14,20,27,15,10,2,2,12,3,61,5
2024-25,202693,Markieff Morris,1610612747,LAL,35.0,15,7,8,164.43333333333334,21,70,9,36,5,6,3,20,23,21,5,2,3,2,16,5,56,-28
2024-25,1628963,Marvin Bagley III,1610612763,MEM,26.0,31,7,24,265.2266666666667,55,106,3,19,23,35,38,46,84,11,12,9,8,4,18,26,136,-10
2024-25,1630222,Mason Jones,1610612758,SAC,26.0,10,4,6,45.391666666666666,9,18,1,8,4,5,2,7,9,11,1,0,1,0,3,3,23,1
2024-25,203486,Mason Plumlee,1610612756,PHX,35.0,74,33,41,1300.045,125,202,0,4,83,128,116,339,455,134,59,33,47,26,154,110,333,54
2024-25,1641824,Matas Buzelis,1610612741,CHI,20.0,80,39,41,1511.295,252,555,96,266,88,108,55,223,278,79,74,29,75,29,128,80,688,-35
2024-25,1629680,Matisse Thybulle,1610612757,POR,28.0,15,8,7,312.2816666666667,42,88,21,48,7,15,14,38,52,28,13,33,9,3,14,13,112,1
2024-25,1630346,Matt Ryan,1610612740,NOP,28.0,19,14,5,67.82166666666667,10,31,6,19,2,2,0,8,8,3,3,2,0,2,1,2,28,-40
2024-25,1631108,Max Christie,1610612742,DAL,22.0,78,40,38,2127.141666666667,252,590,115,314,130,152,38,220,258,146,88,64,31,39,115,113,749,-83
2024-25,1629622,Max Strus,1610612739,CLE,29.0,50,39,11,1272.725,165,373,113,293,28,34,53,164,217,158,54,26,12,11,104,57,471,221
2024-25,1628467,Maxi Kleber,1610612747,LAL,33.0,34,18,16,636.875,37,96,13,49,16,21,25,70,95,43,23,9,17,7,66,29,103,-17
2024-25,1641721,Maxwell Lewis,1610612751,BKN,22.0,28,9,19,327.68833333333333,45,108,19,50,7,10,18,37,55,19,14,9,7,10,29,8,116,-68
2024-25,1630695,Micah Potter,1610612762,UTA,27.0,38,10,28,705.165,57,135,31,98,17,20,43,121,164,31,31,14,14,5,50,26,162,-104
2024-25,1629008,Michael Porter Jr.,1610612743,DEN,27.0,77,47,30,2593.2633333333333,528,1048,193,489,149,194,138,402,540,165,104,50,38,48,157,138,1398,265
2024-25,1628969,Mikal Bridges,1610612752,NYK,28.0,82,51,31,3036.076666666667,592,1183,164,463,96,118,71,188,259,306,132,75,43,24,127,130,1444,334
2024-25,201144,Mike Conley,1610612750,MIN,37.0,71,44,27,1755.85,187,468,127,310,81,90,32,150,182,319,75,79,14,18,111,100,582,265
2024-25,1628970,Miles Bridges,1610612766,CHA,27.0,64,16,48,2028.735,469,1089,141,450,221,254,72,409,481,248,136,44,45,72,93,181,1300,-259
2024-25,1630540,Miles McBride,1610612752,NYK,24.0,64,39,25,1593.455,222,547,115,312,52,64,47,114,161,187,41,67,17,33,108,69,611,211
2024-25,1641936,Miles Norris,1610612738,BOS,25.0,3,2,1,34.916666666666664,2,9,2,7,1,2,2,7,9,0,0,2,1,1,0,1,7,-14
2024-25,1629011,Mitchell Robinson,1610612752,NYK,27.0,17,10,7,290.12333333333333,37,56,0,0,13,19,52,49,101,13,10,16,18,1,26,17,87,23
2024-25,1628964,Mo Bamba,1610612740,NOP,27.0,32,19,13,413.485,52,112,15,54,19,27,32,113,145,18,20,9,31,6,56,19,138,-75
2024-25,1628420,Monte Morris,1610612756,PHX,30.0,45,21,24,570.77,83,195,31,86,36,42,12,55,67,73,21,20,3,14,23,29,233,47
2024-25,1629021,Moritz Wagner,1610612753,ORL,28.0,30,18,12,564.1566666666666,140,249,27,75,79,110,40,108,148,42,49,24,12,14,55,96,386,-17
2024-25,1629650,Moses Brown,1610612742,DAL,25.0,13,5,8,118.57666666666667,34,49,0,0,8,11,12,32,44,2,11,6,4,3,17,8,76,-14
2024-25,1630541,Moses Moody,1610612744,GSW,23.0,74,45,29,1649.15,246,568,126,337,106,133,52,137,189,96,54,59,31,36,116,104,724,132
2024-25,1631243,Mouhamed Gueye,1610612737,ATL,22.0,33,15,18,532.7566666666667,72,171,21,81,32,42,44,95,139,27,15,28,33,11,55,30,197,87
2024-25,1631217,Moussa Diabaté,1610612766,CHA,23.0,71,15,56,1240.6333333333334,167,280,0,6,69,116,187,251,438,56,61,46,40,24,109,115,403,-123
2024-25,1626167,Myles Turner,1610612754,IND,29.0,72,44,28,2173.6366666666668,390,811,156,394,184,238,90,381,471,111,123,54,144,37,183,204,1120,202
2024-25,1642368,N'Faly Dante,1610612745,HOU,23.0,4,0,4,50.61666666666667,10,13,0,0,4,5,6,15,21,2,2,1,5,0,9,3,24,-11
2024-25,1641772,Nae'Qwan Tomlin,1610612739,CLE,24.0,5,4,1,63.4,13,32,2,10,8,11,9,12,21,2,2,0,1,4,9,8,36,7
2024-25,1630230,Naji Marshall,1610612742,DAL,27.0,69,32,37,1919.0833333333333,362,712,60,218,130,160,76,252,328,208,112,70,11,37,109,118,914,-137
2024-25,1631466,Nate Williams,1610612745,HOU,26.0,20,14,6,146.62,27,62,6,26,5,8,5,8,13,9,14,8,4,0,16,7,65,-24
2024-25,1629675,Naz Reid,1610612750,MIN,25.0,80,47,33,2200.116666666667,426,923,175,462,111,143,92,388,480,181,108,58,72,41,189,119,1138,340
2024-25,1629674,Neemias Queta,1610612738,BOS,25.0,62,46,16,863.09,132,203,0,3,46,61,89,147,236,45,40,18,42,13,106,58,310,155
2024-25,1629651,Nic Claxton,1610612751,BKN,26.0,70,20,50,1881.7316666666666,320,568,5,21,79,154,157,358,515,157,87,62,100,30,150,179,724,-497
2024-25,1630208,Nick Richards,1610612756,PHX,27.0,57,17,40,1256.2233333333334,205,347,0,2,119,160,148,318,466,49,81,14,55,51,141,118,529,-235
2024-25,1641733,Nick Smith Jr.,1610612766,CHA,21.0,60,14,46,1368.7466666666667,222,568,104,306,43,46,13,115,128,145,82,17,6,23,79,40,591,-398
2024-25,1629638,Nickeil Alexander-Walker,1610612750,MIN,26.0,82,49,33,2073.1016666666665,270,616,141,370,92,118,54,211,265,223,99,50,34,24,139,139,773,270
2024-25,201587,Nicolas Batum,1610612746,LAC,36.0,78,47,31,1367.3733333333332,104,238,88,203,17,21,47,171,218,84,34,52,36,5,111,21,313,152
2024-25,203999,Nikola Jokić,1610612743,DEN,30.0,70,46,24,2570.765,786,1364,138,331,361,451,200,692,892,716,230,127,45,63,160,410,2071,594
2024-25,1631107,Nikola Jović,1610612748,MIA,22.0,46,21,25,1155.6766666666667,172,377,78,210,72,87,26,154,180,131,60,38,13,12,82,78,494,-20
2024-25,202696,Nikola Vučević,1610612741,CHI,34.0,73,34,39,2278.25,550,1038,129,321,120,149,178,557,735,256,119,61,52,38,163,164,1349,-98
2024-25,1641730,Noah Clowney,1610612751,BKN,20.0,46,11,35,1042.2866666666666,133,372,87,261,67,80,43,138,181,40,46,24,21,28,105,82,420,-261
2024-25,1626181,Norman Powell,1610612746,LAC,32.0,60,39,21,1957.9883333333332,457,945,179,428,213,265,21,169,190,125,108,73,9,52,114,208,1306,352
2024-25,1628384,OG Anunoby,1610612752,NYK,27.0,74,45,29,2705.7766666666666,489,1027,171,460,183,226,97,261,358,164,102,110,65,89,172,175,1332,301
2024-25,1630167,Obi Toppin,1610612754,IND,27.0,79,48,31,1544.815,317,599,110,301,89,114,56,262,318,128,68,46,28,25,108,89,833,-77
2024-25,1630534,Ochai Agbaji,1610612761,TOR,25.0,64,19,45,1738.67,266,534,101,253,34,48,61,181,242,98,54,58,30,36,125,48,667,-214
2024-25,1641765,Olivier-Maxence Prosper,1610612742,DAL,22.0,52,27,25,584.07,70,174,12,51,49,76,44,82,126,40,14,26,6,17,28,53,201,-104
2024-25,1630168,Onyeka Okongwu,1610612737,ATL,24.0,74,35,39,2063.9266666666667,388,684,48,148,164,216,220,440,660,168,90,69,68,50,193,167,988,40
2024-25,1631115,Orlando Robinson,1610612761,TOR,24.0,44,23,21,769.8016666666666,116,261,17,52,54,70,89,131,220,77,49,17,16,26,100,53,303,-87
2024-25,1631131,Oscar Tshiebwe,1610612762,UTA,25.0,14,3,11,255.17333333333335,42,70,0,0,23,31,46,76,122,9,10,13,1,10,24,22,107,-11
2024-25,1629052,Oshae Brissett,1610612755,PHI,27.0,6,1,5,142.24166666666667,19,39,6,18,8,14,7,15,22,4,8,4,3,3,14,12,52,-31
2024-25,1642345,Oso Ighodaro,1610612756,PHX,22.0,61,25,36,1045.545,113,187,0,2,29,50,66,156,222,71,39,28,29,15,102,47,255,-21
2024-25,1631172,Ousmane Dieng,1610612760,OKC,22.0,37,30,7,404.84166666666664,54,125,23,71,11,16,18,63,81,31,18,17,7,6,33,13,142,45
2024-25,200782,P.J. Tucker,1610612752,NYK,40.0,3,1,2,57.86833333333333,3,7,3,6,0,0,4,4,8,0,1,1,1,0,8,1,9,-22
2024-25,1629023,P.J. Washington,1610612742,DAL,26.0,57,31,26,1834.8583333333333,301,665,91,239,143,198,82,360,442,131,118,63,60,50,131,158,836,49
2024-25,1628408,PJ Dozier,1610612750,MIN,28.0,9,7,2,34.916666666666664,2,3,2,3,1,6,1,4,5,5,1,1,0,0,3,3,7,-4
2024-25,1641790,PJ Hall,1610612743,DEN,23.0,19,12,7,66.18333333333334,14,24,2,8,3,4,6,16,22,4,2,0,4,2,11,3,33,-2
2024-25,1642359,Pacôme Dadiet,1610612752,NYK,19.0,18,14,4,111.17833333333333,10,31,6,19,4,6,3,15,18,5,4,3,2,1,7,6,30,-16
2024-25,1631094,Paolo Banchero,1610612753,ORL,22.0,46,21,25,1581.53,412,911,87,272,280,385,51,294,345,219,136,36,28,51,97,265,1191,-21
2024-25,1627783,Pascal Siakam,1610612754,IND,31.0,78,47,31,2547.8533333333335,613,1182,126,324,226,308,133,407,540,263,109,70,42,45,189,267,1578,312
2024-25,1626192,Pat Connaughton,1610612749,MIL,32.0,41,19,22,602.8266666666667,83,177,26,81,24,31,19,90,109,70,24,9,11,10,45,31,216,-13
2024-25,1630311,Pat Spencer,1610612744,GSW,28.0,39,24,15,249.61166666666668,41,101,5,22,11,15,15,31,46,48,18,14,3,10,20,19,98,-17
2024-25,1631116,Patrick Baldwin Jr.,1610612746,LAC,22.0,24,3,21,106.74833333333333,19,35,13,23,2,4,5,20,25,3,5,3,2,2,7,3,53,29
2024-25,1630172,Patrick Williams,1610612741,CHI,23.0,63,31,32,1576.3266666666666,205,516,96,272,60,83,43,194,237,124,86,48,32,37,88,67,566,-182
2024-25,201988,Patty Mills,1610612746,LAC,36.0,29,12,17,320.655,36,96,26,75,13,14,4,18,22,26,17,13,3,3,24,18,111,-15
2024-25,202331,Paul George,1610612755,PHI,35.0,41,15,26,1333.5933333333332,245,570,96,268,79,97,24,195,219,178,106,75,20,20,101,110,665,-83
2024-25,1630194,Paul Reed,1610612765,DET,26.0,45,22,23,437.5366666666667,72,142,8,28,32,42,40,83,123,44,26,39,25,7,75,34,184,43
2024-25,1630202,Payton Pritchard,1610612738,BOS,27.0,80,59,21,2270.875,409,866,255,626,71,84,102,205,307,279,83,70,14,38,118,86,1144,430
2024-25,1641796,Pelle Larsson,1610612748,MIA,24.0,55,24,31,781.9466666666667,89,203,32,95,41,61,28,64,92,65,24,32,7,11,91,55,251,10
2024-25,1631250,Pete Nance,1610612749,MIL,25.0,13,8,5,138.16666666666666,14,32,9,24,1,2,5,16,21,10,4,2,2,1,17,1,38,-14
2024-25,1631212,Peyton Watson,1610612743,DEN,22.0,68,40,28,1655.7283333333332,204,428,48,136,95,137,47,186,233,94,56,48,93,36,123,94,551,-26
2024-25,1630762,Phillip Wheeler,1610612755,PHI,23.0,5,0,5,44.39666666666667,3,21,0,10,2,2,2,6,8,2,1,1,2,1,1,1,8,13
2024-25,1630173,Precious Achiuwa,1610612752,NYK,25.0,57,36,21,1169.6133333333332,164,327,10,36,41,69,101,216,317,55,45,47,42,24,81,51,379,-48
2024-25,1629656,Quentin Grimes,1610612755,PHI,25.0,75,29,46,2013.09,384,823,162,421,162,214,59,265,324,228,141,74,22,32,138,174,1092,-261
2024-25,1631245,Quenton Jackson,1610612754,IND,26.0,28,14,14,381.03833333333336,58,122,15,40,31,40,14,30,44,53,16,21,5,13,43,44,162,-1
2024-25,1642439,Quincy Olivari,1610612747,LAL,24.0,2,1,1,10.3,1,5,1,5,0,0,0,0,0,1,1,0,0,0,0,1,3,-18
2024-25,1642366,Quinten Post,1610612744,GSW,25.0,42,26,16,685.7566666666667,123,274,73,179,21,27,35,113,148,56,33,16,18,16,83,24,340,43
2024-25,1629628,RJ Barrett,1610612761,TOR,25.0,58,23,35,1868.8033333333333,460,982,107,306,196,311,61,305,366,314,166,46,17,81,137,233,1223,-139
2024-25,1642484,RayJ Dennis,1610612754,IND,24.0,11,7,4,70.38333333333334,11,33,6,21,2,2,2,10,12,14,5,7,2,3,7,2,30,44
2024-25,1641712,Rayan Rupert,1610612757,POR,21.0,52,23,29,459.5416666666667,58,142,16,59,23,30,26,44,70,25,30,16,4,15,37,24,155,-86
2024-25,1641736,Reece Beekman,1610612751,BKN,23.0,36,13,23,469.30333333333334,35,107,7,40,16,21,13,26,39,63,21,33,2,8,36,28,93,-117
2024-25,1642263,Reed Sheppard,1610612745,HOU,21.0,52,30,22,654.3516666666667,84,239,48,142,13,16,16,62,78,75,37,35,17,13,53,11,229,-50
2024-25,202704,Reggie Jackson,1610612755,PHI,35.0,31,11,20,383.9916666666667,52,133,25,74,7,9,8,34,42,45,17,16,3,3,34,8,136,-19
2024-25,1626158,Richaun Holmes,1610612764,WAS,31.0,31,9,22,534.135,90,139,0,3,50,60,62,115,177,42,21,9,23,10,49,53,230,-36
2024-25,1641741,Ricky Council IV,1610612755,PHI,23.0,73,16,57,1250.015,177,463,55,213,123,153,51,163,214,97,52,32,13,25,67,117,532,-159
2024-25,1642434,Riley Minix,1610612759,SAS,24.0,1,0,1,6.75,0,1,0,1,0,0,0,2,2,0,0,0,0,0,0,0,0,0
2024-25,1642265,Rob Dillingham,1610612750,MIN,20.0,49,30,19,515.975,93,211,25,74,8,15,12,38,50,98,53,20,1,8,37,28,219,19
2024-25,1629057,Robert Williams III,1610612757,POR,27.0,20,7,13,351.33,50,78,1,3,15,17,35,83,118,21,17,13,33,6,31,13,116,-17
2024-25,1631199,Ron Harper Jr.,1610612765,DET,25.0,1,0,1,17.0,1,8,0,6,2,2,4,3,7,2,0,0,0,0,0,2,4,-1
2024-25,1641842,Ronald Holland II,1610612765,DET,19.0,81,44,37,1266.3216666666667,197,416,36,151,92,122,40,178,218,82,72,49,17,23,141,112,522,-55
2024-25,1626220,Royce O'Neale,1610612756,PHX,32.0,75,33,42,1836.8733333333332,241,570,179,441,19,26,53,296,349,163,65,67,33,19,151,31,680,-155
2024-25,203497,Rudy Gobert,1610612750,MIN,33.0,72,43,29,2388.423333333333,341,510,0,0,184,273,265,520,785,127,89,56,104,54,182,260,866,327
2024-25,1629060,Rui Hachimura,1610612747,LAL,27.0,59,37,22,1868.825,293,576,102,247,87,113,79,216,295,83,49,45,26,40,105,85,775,158
2024-25,201566,Russell Westbrook,1610612743,DEN,36.0,75,43,32,2092.2916666666665,373,831,94,291,154,233,102,268,370,457,242,106,37,53,188,172,994,-24
2024-25,1642346,Ryan Dunn,1610612756,PHX,22.0,74,32,42,1410.4166666666667,205,477,82,264,19,39,92,175,267,57,40,44,40,21,162,28,511,-169
2024-25,1631157,Ryan Rollins,1610612749,MIL,22.0,56,30,26,819.525,132,271,49,120,36,45,21,87,108,104,53,42,17,21,88,47,349,83
2024-25,1630573,Sam Hauser,1610612738,BOS,27.0,71,52,19,1541.1333333333334,214,474,166,399,11,11,44,180,224,64,23,41,13,4,87,29,605,325
2024-25,1630241,Sam Merrill,1610612739,CLE,29.0,71,54,17,1401.2816666666668,172,424,137,368,28,29,38,119,157,108,35,53,14,15,124,55,509,321
2024-25,1630572,Sandro Mamukelashvili,1610612759,SAS,26.0,61,23,38,681.2083333333334,141,281,60,161,43,58,62,125,187,48,26,22,17,10,60,43,385,-28
2024-25,1630583,Santi Aldama,1610612763,MEM,24.0,65,38,27,1659.6483333333333,313,648,120,326,65,94,94,322,416,188,71,52,29,21,76,83,811,149
2024-25,1630703,Scoot Henderson,1610612757,POR,21.0,66,30,36,1759.0716666666667,287,685,105,297,158,206,52,146,198,335,177,68,13,44,181,182,837,-38
2024-25,1630567,Scottie Barnes,1610612761,TOR,23.0,65,26,39,2134.13,474,1063,76,280,228,302,109,393,502,378,184,93,63,40,113,246,1252,-130
2024-25,1630590,Scotty Pippen Jr.,1610612763,MEM,24.0,79,46,33,1682.88,285,594,87,219,122,171,65,194,259,347,138,103,30,43,203,186,779,44
2024-25,203552,Seth Curry,1610612766,CHA,34.0,68,17,51,1061.9566666666667,164,343,83,182,33,39,24,89,113,60,32,27,7,7,59,52,444,-171
2024-25,1631101,Shaedon Sharpe,1610612757,POR,22.0,72,32,40,2252.33,499,1104,147,472,190,242,68,256,324,198,150,62,16,48,120,189,1335,-138
2024-25,1628983,Shai Gilgeous-Alexander,1610612760,OKC,26.0,76,63,13,2597.63,860,1656,163,435,601,669,67,312,379,486,183,131,77,77,164,467,2484,918
2024-25,1629003,Shake Milton,1610612747,LAL,28.0,57,29,28,836.2766666666666,115,254,38,106,47,59,31,73,104,102,40,25,4,19,67,64,315,-118
2024-25,1631321,Sidy Cissoko,1610612757,POR,21.0,22,11,11,114.46333333333334,13,30,3,13,3,9,8,13,21,15,11,2,1,5,10,7,32,8
2024-25,1631323,Simone Fontecchio,1610612765,DET,29.0,75,38,37,1236.6816666666666,150,373,76,227,70,84,52,163,215,65,54,31,12,18,95,69,446,16
2024-25,1627746,Skal Labissiere,1610612758,SAC,29.0,4,2,2,11.96,2,4,1,1,0,0,1,2,3,1,0,0,0,0,1,0,5,-1
2024-25,203915,Spencer Dinwiddie,1610612742,DAL,32.0,79,37,42,2136.085,284,682,109,326,195,243,18,191,209,349,102,70,17,23,121,197,872,-222
2024-25,1642461,Spencer Jones,1610612743,DEN,24.0,20,13,7,124.625,11,34,1,17,3,3,8,9,17,5,5,5,5,0,17,2,26,-45
2024-25,1630649,Stanley Umude,1610612749,MIL,26.0,22,15,7,85.77666666666667,5,26,3,15,2,4,4,13,17,4,3,3,6,1,8,2,15,-15
2024-25,201939,Stephen Curry,1610612744,GSW,37.0,70,41,29,2252.45,564,1258,311,784,279,299,40,270,310,421,200,80,30,47,95,247,1718,299
2024-25,1642264,Stephon Castle,1610612759,SAS,20.0,81,33,48,2162.0216666666665,423,988,95,333,249,344,89,208,297,332,177,74,22,66,164,262,1190,-239
2024-25,203500,Steven Adams,1610612745,HOU,31.0,58,38,20,794.0666666666667,91,167,0,2,43,93,166,161,327,66,54,22,28,10,60,103,225,172
2024-25,1629004,Svi Mykhailiuk,1610612762,UTA,28.0,38,6,32,760.3066666666666,118,302,70,203,28,35,22,68,90,76,52,19,7,16,43,30,334,-106
2024-25,204456,T.J. McConnell,1610612754,IND,33.0,79,49,30,1415.4333333333334,324,624,15,49,57,77,44,149,193,351,109,83,21,42,79,95,720,-56
2024-25,201959,Taj Gibson,1610612766,CHA,40.0,37,10,27,408.85,47,95,1,2,12,20,51,69,120,21,25,9,18,12,54,20,107,-124
2024-25,1629659,Talen Horton-Tucker,1610612741,CHI,24.0,58,26,32,723.695,133,291,41,122,72,98,19,81,100,83,40,21,11,17,59,67,379,19
2024-25,1631106,Tari Eason,1610612745,HOU,24.0,57,36,21,1420.1933333333334,272,559,63,184,79,104,128,234,362,83,65,97,50,45,136,76,686,145
2024-25,1627752,Taurean Prince,1610612749,MIL,31.0,80,46,34,2165.86,235,514,147,335,39,48,34,253,287,155,82,76,15,22,165,60,656,-22
2024-25,1641707,Taylor Hendricks,1610612762,UTA,21.0,3,0,3,74.51666666666667,4,18,3,12,3,4,5,10,15,2,2,5,4,0,8,2,14,-22
2024-25,1631386,Taze Moore,1610612757,POR,27.0,2,0,2,19.85,2,10,1,4,1,2,4,4,8,1,2,2,0,1,0,1,6,-7
2024-25,1629611,Terance Mann,1610612737,ATL,28.0,67,37,30,1414.25,205,413,60,163,47,68,68,131,199,121,47,47,15,28,128,64,517,-95
2024-25,1629056,Terence Davis,1610612758,SAC,28.0,1,1,0,7.883333333333334,0,2,0,1,0,0,0,1,1,1,0,0,0,0,0,0,0,-3
2024-25,1630545,Terrence Shannon Jr.,1610612750,MIN,24.0,32,21,11,338.8283333333333,55,114,11,31,17,21,10,37,47,32,15,7,5,18,27,16,138,11
2024-25,1626179,Terry Rozier,1610612748,MIA,31.0,64,27,37,1658.22,248,635,91,308,92,108,44,194,238,167,78,37,14,36,73,98,679,-141
2024-25,1630678,Terry Taylor,1610612758,SAC,25.0,3,1,2,6.333333333333333,0,1,0,0,0,0,1,0,1,2,0,0,0,0,0,0,0,9
2024-25,1628418,Thomas Bryant,1610612754,IND,27.0,66,44,22,963.0166666666667,163,321,48,148,55,64,83,168,251,53,30,28,41,17,76,62,429,-37
2024-25,1642275,Tidjane Salaün,1610612766,CHA,19.0,60,12,48,1244.3533333333332,114,345,58,205,67,94,70,210,280,74,58,29,14,29,84,79,353,-321
2024-25,203501,Tim Hardaway Jr.,1610612765,DET,33.0,77,41,36,2152.795,276,680,168,457,124,145,18,165,183,123,48,38,7,19,96,151,844,25
2024-25,202699,Tobias Harris,1610612765,DET,32.0,73,40,33,2305.4133333333334,384,805,91,264,143,166,65,367,432,162,85,74,57,46,138,121,1002,187
2024-25,1642449,Tolu Smith,1610612765,DET,24.0,1,0,1,22.35,6,9,0,0,2,3,4,4,8,0,2,0,0,2,3,4,14,7
2024-25,1628396,Tony Bradley,1610612754,IND,27.0,14,11,3,112.73833333333333,29,45,1,3,2,6,18,24,42,6,5,2,9,4,11,10,61,44
2024-25,1628470,Torrey Craig,1610612738,BOS,34.0,26,16,10,313.94666666666666,38,90,24,66,8,12,27,46,73,17,8,8,12,3,34,10,108,-49
2024-25,1641787,Tosan Evbuomwan,1610612751,BKN,24.0,28,8,20,664.93,94,220,24,77,55,73,32,88,120,55,39,24,10,21,55,59,267,-66
2024-25,1641739,Toumani Camara,1610612757,POR,25.0,78,33,45,2548.0516666666667,328,716,135,360,91,126,173,277,450,175,109,116,50,28,230,221,882,-114
2024-25,1629027,Trae Young,1610612737,ATL,26.0,76,36,40,2739.06,566,1376,218,642,491,561,36,200,236,880,355,91,12,66,145,430,1841,34
2024-25,1631218,Trayce Jackson-Davis,1610612744,GSW,25.0,62,33,29,966.7866666666666,174,302,0,3,59,102,122,189,311,104,45,23,38,43,73,75,407,-61
2024-25,1630200,Tre Jones,1610612741,CHI,25.0,46,21,25,904.9716666666667,128,238,19,48,55,67,31,85,116,192,35,37,10,18,55,67,330,-31
2024-25,1630544,Tre Mann,1610612766,CHA,24.0,13,6,7,319.045,70,161,24,60,19,21,12,26,38,39,25,7,4,13,24,21,183,-55
2024-25,1630570,Trendon Watford,1610612751,BKN,24.0,44,16,28,912.6766666666666,164,350,29,88,93,122,37,123,160,115,83,27,12,36,95,106,450,-65
2024-25,1642280,Trentyn Flowers,1610612746,LAC,20.0,6,4,2,26.515,4,11,0,2,3,3,1,3,4,0,1,0,0,0,4,2,11,-6
2024-25,1630243,Trevelin Queen,1610612753,ORL,28.0,31,15,16,430.28,56,147,22,77,18,21,26,28,54,38,22,31,10,11,38,17,152,-86
2024-25,1641725,Trey Alexander,1610612743,DEN,22.0,24,14,10,117.22166666666666,13,41,3,17,3,4,1,11,12,11,5,2,1,1,10,4,32,-25
2024-25,1641998,Trey Jemison III,1610612747,LAL,25.0,38,17,21,392.0233333333333,41,74,0,0,13,33,44,61,105,16,24,9,15,10,69,20,95,-18
2024-25,1626168,Trey Lyles,1610612758,SAC,29.0,69,34,35,1349.5216666666668,157,374,81,238,56,80,80,236,316,82,39,41,23,12,86,79,451,-70
2024-25,1630530,Trey Murphy III,1610612740,NOP,25.0,53,14,39,1854.23,381,839,158,438,204,230,47,221,268,188,103,56,39,29,112,186,1124,-384
2024-25,202684,Tristan Thompson,1610612739,CLE,34.0,40,31,9,328.17,31,71,0,3,7,30,32,102,134,24,14,2,11,7,36,22,69,-85
2024-25,1641774,Tristan Vukcevic,1610612764,WAS,22.0,35,7,28,512.51,120,242,38,102,52,67,26,104,130,39,42,11,23,9,57,58,330,-125
2024-25,1641783,Tristan da Silva,1610612753,ORL,24.0,74,35,39,1628.6116666666667,199,483,80,239,55,63,73,172,245,113,56,33,18,24,94,57,533,-127
2024-25,1641803,Tristen Newton,1610612750,MIN,24.0,8,2,6,16.145,1,8,0,3,1,1,2,2,4,2,2,1,0,1,4,1,3,-5
2024-25,1629660,Ty Jerome,1610612739,CLE,27.0,70,55,15,1392.4,319,618,111,253,129,148,50,123,173,237,92,78,3,27,102,124,878,302
2024-25,1631102,TyTy Washington Jr.,1610612756,PHX,23.0,16,4,12,118.34833333333333,14,45,4,21,3,6,4,9,13,16,3,3,0,0,4,4,35,2
2024-25,1629639,Tyler Herro,1610612748,MIA,25.0,77,37,40,2725.08,651,1378,251,670,287,327,35,364,399,424,198,69,17,75,85,227,1840,99
2024-25,1642278,Tyler Kolek,1610612752,NYK,24.0,41,27,14,296.15166666666664,27,82,14,47,13,17,8,19,27,70,18,12,4,3,26,21,81,-1
2024-25,1641890,Tyler Smith,1610612749,MIL,20.0,23,12,11,121.57333333333334,24,50,13,30,6,8,6,19,25,4,8,3,4,1,11,7,67,8
2024-25,1630169,Tyrese Haliburton,1610612754,IND,25.0,73,46,27,2450.391666666667,476,1006,218,562,189,222,42,216,258,673,120,105,49,23,92,175,1359,222
2024-25,1631213,Tyrese Martin,1610612751,BKN,26.0,60,16,44,1315.32,189,465,99,282,46,58,58,161,219,122,74,34,9,15,77,50,523,-258
2024-25,1630178,Tyrese Maxey,1610612755,PHI,24.0,52,20,32,1960.195,477,1091,161,478,254,289,15,159,174,317,124,91,21,61,116,224,1369,-124
2024-25,1630623,Tyson Etienne,1610612751,BKN,25.0,7,1,6,151.08166666666668,17,52,13,44,8,10,3,6,9,12,8,3,1,2,17,8,55,-70
2024-25,1626145,Tyus Jones,1610612756,PHX,29.0,81,36,45,2173.516666666667,306,683,166,401,51,57,40,156,196,429,91,69,8,26,63,76,829,-92
2024-25,1642279,Ulrich Chomche,1610612761,TOR,19.0,7,3,4,32.175,2,5,0,0,1,2,4,4,8,2,2,0,1,0,5,1,5,-24
2024-25,203995,Vasilije Micic,1610612756,PHX,31.0,41,8,33,784.9083333333333,95,273,45,125,34,41,20,69,89,128,77,15,0,23,45,48,269,-122
2024-25,1641705,Victor Wembanyama,1610612759,SAS,21.0,46,21,25,1527.2533333333333,408,857,142,403,158,189,82,424,506,168,149,52,176,27,105,226,1116,102
2024-25,1631246,Vince Williams Jr.,1610612763,MEM,24.0,27,10,17,498.5466666666667,67,167,26,95,19,24,22,76,98,55,33,12,7,7,45,34,179,6
2024-25,1628427,Vlatko Čančar,1610612743,DEN,28.0,13,2,11,135.82833333333335,10,26,4,15,0,0,6,26,32,9,11,3,2,2,10,4,24,-18
2024-25,1630249,Vít Krejčí,1610612737,ATL,25.0,57,28,29,1152.6316666666667,145,292,90,206,32,45,22,134,156,147,50,36,26,8,105,41,412,-66
2024-25,1631117,Walker Kessler,1610612762,UTA,23.0,58,14,44,1740.32,278,419,6,34,79,152,266,441,707,97,86,36,138,41,130,129,641,-329
2024-25,1628976,Wendell Carter Jr.,1610612753,ORL,26.0,68,31,37,1758.2683333333334,226,491,37,158,129,175,151,341,492,134,77,52,41,31,199,177,618,-13
2024-25,1631111,Wendell Moore Jr.,1610612766,CHA,23.0,36,11,25,498.9166666666667,59,126,14,41,18,22,30,65,95,42,27,20,5,12,31,19,150,-134
2024-25,1630214,Xavier Tillman,1610612738,BOS,26.0,33,26,7,230.90333333333334,13,53,5,32,3,4,10,33,43,7,14,11,5,4,18,5,34,-12
2024-25,1642530,Yuki Kawamura,1610612763,MEM,24.0,22,17,5,92.66666666666667,11,30,7,23,7,9,0,12,12,19,5,2,0,0,8,6,36,27
2024-25,1641879,Yuri Collins,1610612744,GSW,24.0,2,2,0,16.3,1,3,0,0,0,0,2,1,3,4,0,2,0,0,5,1,2,-5
2024-25,1642274,Yves Missi,1610612740,NOP,21.0,73,19,54,1955.79,269,492,0,1,127,204,255,346,601,99,82,37,98,65,145,166,665,-514
2024-25,1642258,Zaccharie Risacher,1610612737,ATL,20.0,75,38,37,1843.3866666666668,357,779,122,344,106,149,86,182,268,92,92,52,37,53,149,106,942,-121
2024-25,1628380,Zach Collins,1610612741,CHI,27.0,64,34,30,977.06,153,302,32,106,69,78,102,186,288,111,60,29,29,19,132,84,407,-29
2024-25,1641744,Zach Edey,1610612763,MEM,23.0,66,35,31,1415.765,251,433,18,52,90,127,232,316,548,65,88,36,85,31,182,118,610,164
2024-25,203897,Zach LaVine,1610612758,SAC,30.0,74,32,42,2602.48,625,1223,239,536,235,285,22,293,315,310,208,58,12,48,121,228,1724,-70
2024-25,1630192,Zeke Nnaji,1610612743,DEN,24.0,57,36,21,607.9666666666667,70,141,17,52,27,44,33,57,90,23,14,25,38,13,62,38,184,-23
2024-25,1630533,Ziaire Williams,1610612751,BKN,23.0,63,22,41,1541.4033333333334,214,520,103,302,101,123,61,226,287,84,67,62,28,38,149,116,632,-330
2024-25,1629627,Zion Williamson,1610612740,NOP,24.0,30,10,20,857.2766666666666,288,508,3,13,158,241,76,140,216,159,90,37,27,61,82,170,737,-42
2024-25,1642389,Zyon Pullin,1610612763,MEM,24.0,3,1,2,2.6016666666666666,0,1,0,0,0,0,0,0,0,0,0,0,0,0,0,0,0,1
