season,PLAYER_ID,PLAYER_NAME,AGE
2016-17,1627773,AJ Hammons,24.0
2016-17,201166,Aaron Brooks,32.0
2016-17,203932,Aaron Gordon,21.0
2016-17,1626151,Aaron Harrison,22.0
2016-17,203940,Adreian Payne,26.0
2016-17,201143,Al Horford,31.0
2016-17,2744,Al Jefferson,32.0
2016-17,202329,Al-Farouq Aminu,26.0
2016-17,101187,Alan Anderson,34.0
2016-17,1626210,Alan Williams,24.0
2016-17,202692,Alec Burks,25.0
2016-17,203518,Alex Abrines,23.0
2016-17,203458,Alex Len,24.0
2016-17,1627816,Alex Poythress,23.0
2016-17,201582,Alexis Ajinca,29.0
2016-17,203459,Allen Crabbe,25.0
2016-17,202087,Alonzo Gee,30.0
2016-17,101161,Amir Johnson,30.0
2016-17,2760,Anderson Varejao,34.0
2016-17,203083,Andre Drummond,23.0
2016-17,2738,Andre Iguodala,33.0
2016-17,203460,Andre Roberson,25.0
2016-17,101106,Andrew Bogut,32.0
2016-17,1626150,Andrew Harrison,22.0
2016-17,203094,Andrew Nicholson,27.0
2016-17,203952,Andrew Wiggins,22.0
2016-17,203461,Anthony Bennett,24.0
2016-17,1626148,Anthony Brown,24.0
2016-17,203076,Anthony Davis,24.0
2016-17,201627,Anthony Morrow,31.0
2016-17,201229,Anthony Tolliver,32.0
2016-17,203462,Archie Goodwin,22.0
2016-17,202620,Arinze Onuaku,29.0
2016-17,203382,Aron Baynes,30.0
2016-17,201167,Arron Afflalo,31.0
2016-17,203085,Austin Rivers,24.0
2016-17,202340,Avery Bradley,26.0
2016-17,1626253,Axel Toupane,24.0
2016-17,1627791,Ben Bentil,22.0
2016-17,203463,Ben McLemore,24.0
2016-17,2757,Beno Udrih,34.0
2016-17,202687,Bismack Biyombo,24.0
2016-17,201933,Blake Griffin,28.0
2016-17,1626246,Boban Marjanovic,28.0
2016-17,201628,Bobby Brown,32.0
2016-17,1626171,Bobby Portis,22.0
2016-17,202711,Bojan Bogdanovic,28.0
2016-17,2564,Boris Diaw,35.0
2016-17,203078,Bradley Beal,24.0
2016-17,201148,Brandan Wright,29.0
2016-17,101138,Brandon Bass,32.0
2016-17,1627742,Brandon Ingram,19.0
2016-17,201943,Brandon Jennings,27.0
2016-17,202688,Brandon Knight,25.0
2016-17,201575,Brandon Rush,31.0
2016-17,203148,Brian Roberts,31.0
2016-17,1627362,Briante Weber,24.0
2016-17,1627744,Brice Johnson,23.0
2016-17,201572,Brook Lopez,29.0
2016-17,203998,Bruno Caboclo,21.0
2016-17,1627854,Bryn Forbes,23.0
2016-17,1627741,Buddy Hield,24.0
2016-17,201228,C.J. Watson,33.0
2016-17,203912,C.J. Wilcox,26.0
2016-17,203468,CJ McCollum,25.0
2016-17,101139,CJ Miles,30.0
2016-17,1626166,Cameron Payne,22.0
2016-17,1627747,Caris LeVert,22.0
2016-17,2546,Carmelo Anthony,33.0
2016-17,202718,Chandler Parsons,28.0
2016-17,101112,Channing Frye,34.0
2016-17,1626184,Chasson Randle,24.0
2016-17,1627767,Cheick Diallo,20.0
2016-17,1627778,Chinanu Onuaku,20.0
2016-17,2365,Chris Andersen,38.0
2016-17,1626191,Chris McCullough,22.0
2016-17,101108,Chris Paul,32.0
2016-17,1626174,Christian Wood,21.0
2016-17,203991,Clint Capela,23.0
2016-17,203469,Cody Zeller,24.0
2016-17,202332,Cole Aldrich,28.0
2016-17,201147,Corey Brewer,31.0
2016-17,202709,Cory Joseph,25.0
2016-17,201584,Courtney Lee,31.0
2016-17,1626245,Cristiano Felicio,24.0
2016-17,1626156,D'Angelo Russell,21.0
2016-17,201571,D.J. Augustin,29.0
2016-17,2563,Dahntay Jones,36.0
2016-17,1627745,Damian Jones,22.0
2016-17,203081,Damian Lillard,26.0
2016-17,204014,Damjan Rudez,31.0
2016-17,1627849,Daniel Ochefu,23.0
2016-17,201568,Danilo Gallinari,28.0
2016-17,201980,Danny Green,30.0
2016-17,201967,Dante Cunningham,30.0
2016-17,203957,Dante Exum,21.0
2016-17,1627863,Danuel House Jr.,24.0
2016-17,203967,Dario Saric,23.0
2016-17,201589,Darrell Arthur,29.0
2016-17,201954,Darren Collison,29.0
2016-17,1626199,Darrun Hilliard,24.0
2016-17,101135,David Lee,34.0
2016-17,1628021,David Nwaba,24.0
2016-17,2561,David West,36.0
2016-17,202722,Davis Bertans,24.0
2016-17,201599,DeAndre Jordan,28.0
2016-17,202732,DeAndre Liggins,29.0
2016-17,1627761,DeAndre' Bembry,22.0
2016-17,201942,DeMar DeRozan,27.0
2016-17,202326,DeMarcus Cousins,26.0
2016-17,201960,DeMarre Carroll,30.0
2016-17,1627749,Dejounte Murray,20.0
2016-17,1626153,Delon Wright,25.0
2016-17,1627743,Demetrius Jackson,22.0
2016-17,203471,Dennis Schröder,23.0
2016-17,1627756,Denzel Valentine,23.0
2016-17,101114,Deron Williams,33.0
2016-17,202324,Derrick Favors,25.0
2016-17,1627884,Derrick Jones Jr.,20.0
2016-17,201565,Derrick Rose,28.0
2016-17,202682,Derrick Williams,26.0
2016-17,1626164,Devin Booker,20.0
2016-17,2734,Devin Harris,34.0
2016-17,203473,Dewayne Dedmon,27.0
2016-17,1627738,Deyonta Davis,20.0
2016-17,1627754,Diamond Stone,20.0
2016-17,203079,Dion Waiters,25.0
2016-17,1717,Dirk Nowitzki,39.0
2016-17,1627734,Domantas Sabonis,21.0
2016-17,202700,Donatas Motiejunas,26.0
2016-17,1627827,Dorian Finney-Smith,24.0
2016-17,203926,Doug McDermott,25.0
2016-17,1627733,Dragan Bender,19.0
2016-17,203110,Draymond Green,27.0
2016-17,2730,Dwight Howard,31.0
2016-17,203939,Dwight Powell,25.0
2016-17,2548,Dwyane Wade,35.0
2016-17,202734,E'Twaun Moore,28.0
2016-17,202334,Ed Davis,28.0
2016-17,204002,Edy Tavares,25.0
2016-17,203901,Elfrid Payton,23.0
2016-17,202407,Elijah Millsap,29.0
2016-17,1626144,Emmanuel Mudiay,21.0
2016-17,202683,Enes Freedom,25.0
2016-17,202339,Eric Bledsoe,27.0
2016-17,201569,Eric Gordon,28.0
2016-17,101141,Ersan Ilyasova,30.0
2016-17,203095,Evan Fournier,24.0
2016-17,202323,Evan Turner,28.0
2016-17,1626163,Frank Kaminsky,24.0
2016-17,1627832,Fred VanVleet,23.0
2016-17,202066,Garrett Temple,31.0
2016-17,203914,Gary Harris,22.0
2016-17,202390,Gary Neal,32.0
2016-17,1627780,Gary Payton II,24.0
2016-17,201588,George Hill,31.0
2016-17,1627777,Georges Niang,24.0
2016-17,1627834,Georgios Papagiannis,19.0
2016-17,101123,Gerald Green,31.0
2016-17,201945,Gerald Henderson,29.0
2016-17,203507,Giannis Antetokounmpo,22.0
2016-17,203922,Glenn Robinson III,23.0
2016-17,201609,Goran Dragic,31.0
2016-17,202330,Gordon Hayward,27.0
2016-17,203476,Gorgui Dieng,27.0
2016-17,202328,Greg Monroe,27.0
2016-17,202349,Greivis Vasquez,30.0
2016-17,203084,Harrison Barnes,25.0
2016-17,202355,Hassan Whiteside,28.0
2016-17,1627740,Henry Ellenson,20.0
2016-17,203138,Hollis Thompson,26.0
2016-17,203546,Ian Clark,26.0
2016-17,101133,Ian Mahinmi,30.0
2016-17,202697,Iman Shumpert,27.0
2016-17,203477,Isaiah Canaan,26.0
2016-17,1627819,Isaiah Taylor,22.0
2016-17,202738,Isaiah Thomas,28.0
2016-17,1627785,Isaiah Whitehead,22.0
2016-17,202397,Ish Smith,28.0
2016-17,1627826,Ivica Zubac,20.0
2016-17,200826,J.J. Barea,33.0
2016-17,200755,JJ Redick,33.0
2016-17,2747,JR Smith,31.0
2016-17,203210,JaMychal Green,27.0
2016-17,201580,JaVale McGee,29.0
2016-17,203953,Jabari Parker,22.0
2016-17,203109,Jae Crowder,26.0
2016-17,1626143,Jahlil Okafor,21.0
2016-17,1627774,Jake Layman,23.0
2016-17,1627751,Jakob Poeltl,21.0
2016-17,2037,Jamal Crawford,37.0
2016-17,1627750,Jamal Murray,20.0
2016-17,2749,Jameer Nelson,35.0
2016-17,203516,James Ennis III,26.0
2016-17,201935,James Harden,27.0
2016-17,201949,James Johnson,30.0
2016-17,2592,James Jones,36.0
2016-17,203949,James Michael McAdoo,24.0
2016-17,203923,James Young,21.0
2016-17,201162,Jared Dudley,31.0
2016-17,203096,Jared Sullinger,25.0
2016-17,204067,Jarell Eddie,25.0
2016-17,1626185,Jarell Martin,23.0
2016-17,203950,Jarnell Stokes,23.0
2016-17,101127,Jarrett Jack,33.0
2016-17,1627784,Jarrod Uthoff,24.0
2016-17,201160,Jason Smith,31.0
2016-17,1891,Jason Terry,39.0
2016-17,1627759,Jaylen Brown,20.0
2016-17,201145,Jeff Green,30.0
2016-17,201952,Jeff Teague,29.0
2016-17,203481,Jeff Withey,27.0
2016-17,203924,Jerami Grant,23.0
2016-17,203087,Jeremy Lamb,25.0
2016-17,202391,Jeremy Lin,28.0
2016-17,1626170,Jerian Grant,24.0
2016-17,201573,Jerryd Bayless,28.0
2016-17,202710,Jimmy Butler III,27.0
2016-17,201149,Joakim Noah,32.0
2016-17,201975,Jodie Meeks,29.0
2016-17,203925,Joe Harris,25.0
2016-17,204060,Joe Ingles,29.0
2016-17,2207,Joe Johnson,36.0
2016-17,1626202,Joe Young,25.0
2016-17,201202,Joel Anthony,34.0
2016-17,1627762,Joel Bolomboy,23.0
2016-17,203954,Joel Embiid,23.0
2016-17,203530,Joffrey Lauvergne,25.0
2016-17,203089,John Henson,26.0
2016-17,203098,John Jenkins,26.0
2016-17,101249,John Lucas III,34.0
2016-17,202322,John Wall,26.0
2016-17,203948,Johnny O'Bryant III,24.0
2016-17,202720,Jon Leuer,28.0
2016-17,201973,Jonas Jerebko,30.0
2016-17,202685,Jonas Valančiūnas,25.0
2016-17,1626780,Jonathan Gibson,29.0
2016-17,203613,Jonathon Simmons,27.0
2016-17,203903,Jordan Clarkson,25.0
2016-17,202348,Jordan Crawford,28.0
2016-17,200770,Jordan Farmar,30.0
2016-17,201941,Jordan Hill,29.0
2016-17,203895,Jordan McRae,26.0
2016-17,1626175,Jordan Mickey,22.0
2016-17,101181,Jose Calderon,35.0
2016-17,203962,Josh Huestis,25.0
2016-17,201177,Josh McRoberts,30.0
2016-17,1626196,Josh Richardson,23.0
2016-17,201950,Jrue Holiday,27.0
2016-17,1627823,Juancho Hernangomez,21.0
2016-17,203944,Julius Randle,22.0
2016-17,1626147,Justin Anderson,23.0
2016-17,203120,Justin Hamilton,27.0
2016-17,202712,Justin Harper,27.0
2016-17,203200,Justin Holiday,28.0
2016-17,1626159,Justise Winslow,21.0
2016-17,203994,Jusuf Nurkić,22.0
2016-17,203909,KJ McDaniels,24.0
2016-17,1626157,Karl-Anthony Towns,21.0
2016-17,202695,Kawhi Leonard,26.0
2016-17,1627770,Kay Felder,22.0
2016-17,203482,Kelly Olynyk,26.0
2016-17,1626162,Kelly Oubre Jr.,21.0
2016-17,202689,Kemba Walker,27.0
2016-17,202702,Kenneth Faried,27.0
2016-17,203145,Kent Bazemore,27.0
2016-17,203484,Kentavious Caldwell-Pope,24.0
2016-17,201142,Kevin Durant,28.0
2016-17,201567,Kevin Love,28.0
2016-17,202338,Kevin Seraphin,27.0
2016-17,1626172,Kevon Looney,21.0
2016-17,203114,Khris Middleton,25.0
2016-17,202691,Klay Thompson,27.0
2016-17,201585,Kosta Koufos,28.0
2016-17,1627739,Kris Dunn,23.0
2016-17,2743,Kris Humphries,32.0
2016-17,204001,Kristaps Porziņģis,21.0
2016-17,203937,Kyle Anderson,23.0
2016-17,2594,Kyle Korver,36.0
2016-17,200768,Kyle Lowry,31.0
2016-17,203124,Kyle O'Quinn,27.0
2016-17,202713,Kyle Singler,29.0
2016-17,1627787,Kyle Wiltjer,24.0
2016-17,202681,Kyrie Irving,25.0
2016-17,200746,LaMarcus Aldridge,31.0
2016-17,203934,Lamar Patterson,25.0
2016-17,202362,Lance Stephenson,26.0
2016-17,202498,Lance Thomas,29.0
2016-17,204038,Langston Galloway,25.0
2016-17,1626204,Larry Nance Jr.,24.0
2016-17,202336,Larry Sanders,28.0
2016-17,202730,Lavoy Allen,28.0
2016-17,2544,LeBron James,32.0
2016-17,2571,Leandro Barbosa,34.0
2016-17,101150,Lou Williams,30.0
2016-17,201601,Luc Mbah a Moute,30.0
2016-17,203512,Lucas Nogueira,24.0
2016-17,2449,Luis Scola,37.0
2016-17,202337,Luke Babbitt,28.0
2016-17,2736,Luol Deng,32.0
2016-17,1627781,Malachi Richardson,21.0
2016-17,1627763,Malcolm Brogdon,24.0
2016-17,1627098,Malcolm Delaney,28.0
2016-17,1627736,Malik Beasley,20.0
2016-17,202412,Manny Harris,27.0
2016-17,1938,Manu Ginobili,39.0
2016-17,201188,Marc Gasol,32.0
2016-17,1626273,Marcelo Huertas,34.0
2016-17,101162,Marcin Gortat,33.0
2016-17,201158,Marco Belinelli,31.0
2016-17,1627875,Marcus Georges-Hunt,23.0
2016-17,202694,Marcus Morris Sr.,27.0
2016-17,203935,Marcus Smart,23.0
2016-17,201977,Marcus Thornton,30.0
2016-17,1626209,Mario Hezonja,22.0
2016-17,202693,Markieff Morris,27.0
2016-17,1627737,Marquese Chriss,19.0
2016-17,201578,Marreese Speights,29.0
2016-17,1627850,Marshall Plumlee,24.0
2016-17,101107,Marvin Williams,31.0
2016-17,203486,Mason Plumlee,27.0
2016-17,2440,Matt Barnes,37.0
2016-17,203521,Matthew Dellavedova,26.0
2016-17,203090,Maurice Harkless,24.0
2016-17,1626254,Maurice Ndour,25.0
2016-17,1897,Metta World Peace,37.0
2016-17,203086,Meyers Leonard,25.0
2016-17,201563,Michael Beasley,28.0
2016-17,203487,Michael Carter-Williams,25.0
2016-17,1627771,Michael Gbinije,25.0
2016-17,203077,Michael Kidd-Gilchrist,23.0
2016-17,201144,Mike Conley,29.0
2016-17,2399,Mike Dunleavy,36.0
2016-17,2034,Mike Miller,37.0
2016-17,203488,Mike Muscala,25.0
2016-17,203118,Mike Scott,28.0
2016-17,1627861,Mike Tobey,22.0
2016-17,203101,Miles Plumlee,28.0
2016-17,1627851,Mindaugas Kuzminskas,27.0
2016-17,203141,Mirza Teletovic,31.0
2016-17,101145,Monta Ellis,31.0
2016-17,1626149,Montrezl Harrell,23.0
2016-17,1626167,Myles Turner,21.0
2016-17,202357,Nemanja Bjelica,29.0
2016-17,2403,Nene,34.0
2016-17,203457,Nerlens Noel,23.0
2016-17,2555,Nick Collison,36.0
2016-17,201156,Nick Young,32.0
2016-17,201587,Nicolas Batum,28.0
2016-17,1627852,Nicolas Brussino,24.0
2016-17,1627879,Nicolas Laprovittola,27.0
2016-17,203917,Nik Stauskas,23.0
2016-17,203999,Nikola Jokić,22.0
2016-17,202703,Nikola Mirotic,26.0
2016-17,202696,Nikola Vučević,26.0
2016-17,203943,Noah Vonleh,21.0
2016-17,1626181,Norman Powell,24.0
2016-17,202708,Norris Cole,28.0
2016-17,1627855,Okaro White,24.0
2016-17,201600,Omer Asik,30.0
2016-17,201956,Omri Casspi,29.0
2016-17,203490,Otto Porter Jr.,24.0
2016-17,200782,P.J. Tucker,32.0
2016-17,1627783,Pascal Siakam,23.0
2016-17,1626192,Pat Connaughton,24.0
2016-17,1627868,Patricio Garino,24.0
2016-17,201976,Patrick Beverley,28.0
2016-17,1627775,Patrick McCaw,21.0
2016-17,202335,Patrick Patterson,28.0
2016-17,201988,Patty Mills,28.0
2016-17,2200,Pau Gasol,36.0
2016-17,202331,Paul George,27.0
2016-17,200794,Paul Millsap,32.0
2016-17,1718,Paul Pierce,39.0
2016-17,1627835,Paul Zipser,23.0
2016-17,203510,Pierre Jackson,25.0
2016-17,203112,Quincy Acy,26.0
2016-17,1626188,Quinn Cook,24.0
2016-17,1626154,RJ Hunter,23.0
2016-17,200765,Rajon Rondo,31.0
2016-17,1626176,Rakeem Christmas,25.0
2016-17,201196,Ramon Sessions,31.0
2016-17,200751,Randy Foye,33.0
2016-17,1626173,Rashad Vaughn,20.0
2016-17,203526,Raul Neto,25.0
2016-17,101109,Raymond Felton,33.0
2016-17,203493,Reggie Bullock Jr.,26.0
2016-17,202704,Reggie Jackson,27.0
2016-17,202130,Reggie Williams,30.0
2016-17,2210,Richard Jefferson,37.0
2016-17,1626158,Richaun Holmes,23.0
2016-17,201937,Ricky Rubio,26.0
2016-17,203496,Robert Covington,26.0
2016-17,201577,Robin Lopez,29.0
2016-17,203918,Rodney Hood,24.0
2016-17,203585,Rodney McGruder,25.0
2016-17,201155,Rodney Stuckey,31.0
2016-17,1627758,Ron Baker,24.0
2016-17,1626178,Rondae Hollis-Jefferson,22.0
2016-17,101179,Ronnie Price,34.0
2016-17,201579,Roy Hibbert,30.0
2016-17,200752,Rudy Gay,30.0
2016-17,203497,Rudy Gobert,25.0
2016-17,201566,Russell Westbrook,28.0
2016-17,201583,Ryan Anderson,29.0
2016-17,203527,Ryan Kelly,26.0
2016-17,1626257,Salah Mejri,31.0
2016-17,1626155,Sam Dekker,23.0
2016-17,2756,Sasha Vujacic,33.0
2016-17,203930,Sean Kilpatrick,27.0
2016-17,203902,Semaj Christon,24.0
2016-17,201586,Serge Ibaka,27.0
2016-17,200771,Sergio Rodriguez,31.0
2016-17,203552,Seth Curry,26.0
2016-17,203498,Shabazz Muhammad,24.0
2016-17,203894,Shabazz Napier,25.0
2016-17,2733,Shaun Livingston,31.0
2016-17,1627848,Shawn Long,24.0
2016-17,1627815,Sheldon Mac,24.0
2016-17,202714,Shelvin Mack,27.0
2016-17,1627746,Skal Labissiere,21.0
2016-17,203524,Solomon Hill,26.0
2016-17,203915,Spencer Dinwiddie,24.0
2016-17,201150,Spencer Hawes,29.0
2016-17,1626169,Stanley Johnson,21.0
2016-17,201939,Stephen Curry,29.0
2016-17,1627757,Stephen Zimmerman,20.0
2016-17,200779,Steve Novak,34.0
2016-17,203500,Steven Adams,23.0
2016-17,204456,T.J. McConnell,25.0
2016-17,203933,T.J. Warren,23.0
2016-17,201959,Taj Gibson,32.0
2016-17,204028,Tarik Black,25.0
2016-17,1627752,Taurean Prince,23.0
2016-17,203093,Terrence Jones,25.0
2016-17,203082,Terrence Ross,26.0
2016-17,1626179,Terry Rozier,23.0
2016-17,200757,Thabo Sefolosha,33.0
2016-17,201152,Thaddeus Young,29.0
2016-17,203080,Thomas Robinson,26.0
2016-17,1627748,Thon Maker,20.0
2016-17,201168,Tiago Splitter,32.0
2016-17,204025,Tim Frazier,26.0
2016-17,203501,Tim Hardaway Jr.,25.0
2016-17,1627817,Tim Quarterman,22.0
2016-17,202389,Timofey Mozgov,30.0
2016-17,1627789,Timothe Luwawu-Cabarrot,22.0
2016-17,202699,Tobias Harris,24.0
2016-17,203107,Tomas Satoransky,25.0
2016-17,201962,Toney Douglas,31.0
2016-17,2754,Tony Allen,35.0
2016-17,2225,Tony Parker,35.0
2016-17,203503,Tony Snell,25.0
2016-17,1626203,Treveon Graham,23.0
2016-17,2772,Trevor Ariza,32.0
2016-17,202344,Trevor Booker,29.0
2016-17,203504,Trey Burke,24.0
2016-17,1626168,Trey Lyles,21.0
2016-17,202684,Tristan Thompson,26.0
2016-17,203584,Troy Daniels,25.0
2016-17,1627786,Troy Williams,22.0
2016-17,201951,Ty Lawson,29.0
2016-17,203898,Tyler Ennis,22.0
2016-17,204020,Tyler Johnson,25.0
2016-17,1627755,Tyler Ulis,21.0
2016-17,203092,Tyler Zeller,27.0
2016-17,201936,Tyreke Evans,27.0
2016-17,2199,Tyson Chandler,34.0
2016-17,1626145,Tyus Jones,21.0
2016-17,2617,Udonis Haslem,37.0
2016-17,203506,Victor Oladipo,25.0
2016-17,1713,Vince Carter,40.0
2016-17,1627735,Wade Baldwin IV,21.0
2016-17,201961,Wayne Ellington,29.0
2016-17,1627782,Wayne Selden,22.0
2016-17,202325,Wesley Johnson,29.0
2016-17,202083,Wesley Matthews,30.0
2016-17,203115,Will Barton,26.0
2016-17,1626161,Willie Cauley-Stein,23.0
2016-17,203186,Willie Reed,27.0
2016-17,1626195,Willy Hernangomez,23.0
2016-17,201163,Wilson Chandler,30.0
2016-17,1627812,Yogi Ferrell,24.0
2016-17,203897,Zach LaVine,22.0
2016-17,2216,Zach Randolph,35.0
2016-17,2585,Zaza Pachulia,33.0
2017-18,201166,Aaron Brooks,33.0
2017-18,203932,Aaron Gordon,22.0
2017-18,1626151,Aaron Harrison,23.0
2017-18,1628935,Aaron Jackson,32.0
2017-18,1627846,Abdel Nader,24.0
2017-18,203940,Adreian Payne,27.0
2017-18,201143,Al Horford,32.0
2017-18,2744,Al Jefferson,33.0
2017-18,202329,Al-Farouq Aminu,27.0
2017-18,1626210,Alan Williams,25.0
2017-18,202692,Alec Burks,26.0
2017-18,1628409,Alec Peters,23.0
2017-18,203518,Alex Abrines,24.0
2017-18,1627936,Alex Caruso,24.0
2017-18,203458,Alex Len,25.0
2017-18,1627816,Alex Poythress,24.0
2017-18,1628035,Alfonzo McKinnie,25.0
2017-18,203459,Allen Crabbe,26.0
2017-18,101161,Amir Johnson,31.0
2017-18,203083,Andre Drummond,24.0
2017-18,2738,Andre Iguodala,34.0
2017-18,201281,Andre Ingram,32.0
2017-18,203460,Andre Roberson,26.0
2017-18,101106,Andrew Bogut,33.0
2017-18,1626150,Andrew Harrison,23.0
2017-18,1628510,Andrew White III,25.0
2017-18,203952,Andrew Wiggins,23.0
2017-18,1627790,Ante Zizic,21.0
2017-18,1626148,Anthony Brown,25.0
2017-18,203076,Anthony Davis,25.0
2017-18,201229,Anthony Tolliver,33.0
2017-18,1628469,Antonio Blakeney,21.0
2017-18,1628499,Antonius Cleveland,24.0
2017-18,203382,Aron Baynes,31.0
2017-18,201167,Arron Afflalo,32.0
2017-18,203085,Austin Rivers,25.0
2017-18,202340,Avery Bradley,27.0
2017-18,1628389,Bam Adebayo,20.0
2017-18,203463,Ben McLemore,25.0
2017-18,1628500,Ben Moore,23.0
2017-18,1627732,Ben Simmons,21.0
2017-18,202687,Bismack Biyombo,25.0
2017-18,201933,Blake Griffin,29.0
2017-18,1626246,Boban Marjanovic,29.0
2017-18,201628,Bobby Brown,33.0
2017-18,1626171,Bobby Portis,23.0
2017-18,203992,Bogdan Bogdanović,25.0
2017-18,202711,Bojan Bogdanovic,29.0
2017-18,203078,Bradley Beal,25.0
2017-18,201148,Brandan Wright,30.0
2017-18,1627742,Brandon Ingram,20.0
2017-18,201943,Brandon Jennings,28.0
2017-18,203464,Brandon Paul,27.0
2017-18,1627362,Briante Weber,25.0
2017-18,1627744,Brice Johnson,24.0
2017-18,201572,Brook Lopez,30.0
2017-18,203998,Bruno Caboclo,22.0
2017-18,1627854,Bryn Forbes,24.0
2017-18,1627741,Buddy Hield,25.0
2017-18,203710,C.J. Williams,28.0
2017-18,203468,CJ McCollum,26.0
2017-18,101139,CJ Miles,31.0
2017-18,1628403,Caleb Swanigan,21.0
2017-18,1626166,Cameron Payne,23.0
2017-18,1627747,Caris LeVert,23.0
2017-18,2546,Carmelo Anthony,34.0
2017-18,1626224,Cedi Osman,23.0
2017-18,202718,Chandler Parsons,29.0
2017-18,101112,Channing Frye,35.0
2017-18,1628429,Charles Cooke,23.0
2017-18,1627767,Cheick Diallo,21.0
2017-18,1627778,Chinanu Onuaku,21.0
2017-18,1628449,Chris Boucher,25.0
2017-18,1626191,Chris McCullough,23.0
2017-18,101108,Chris Paul,33.0
2017-18,203991,Clint Capela,24.0
2017-18,203469,Cody Zeller,25.0
2017-18,202332,Cole Aldrich,29.0
2017-18,201147,Corey Brewer,32.0
2017-18,202709,Cory Joseph,26.0
2017-18,201584,Courtney Lee,32.0
2017-18,1626245,Cristiano Felicio,25.0
2017-18,1626156,D'Angelo Russell,22.0
2017-18,201571,D.J. Augustin,30.0
2017-18,1628391,D.J. Wilson,22.0
2017-18,1626177,Dakari Johnson,22.0
2017-18,1627745,Damian Jones,23.0
2017-18,203081,Damian Lillard,27.0
2017-18,2863,Damien Wilkins,38.0
2017-18,1627814,Damion Lee,25.0
2017-18,1628422,Damyean Dotson,24.0
2017-18,1627772,Daniel Hamilton,22.0
2017-18,1628464,Daniel Theis,26.0
2017-18,201568,Danilo Gallinari,29.0
2017-18,201980,Danny Green,31.0
2017-18,201967,Dante Cunningham,31.0
2017-18,203957,Dante Exum,22.0
2017-18,1627863,Danuel House Jr.,25.0
2017-18,203967,Dario Saric,24.0
2017-18,203121,Darius Miller,28.0
2017-18,201589,Darrell Arthur,30.0
2017-18,201954,Darren Collison,30.0
2017-18,1626199,Darrun Hilliard,25.0
2017-18,1628021,David Nwaba,25.0
2017-18,204065,David Stockton,27.0
2017-18,2561,David West,37.0
2017-18,202722,Davis Bertans,25.0
2017-18,1628432,Davon Reed,23.0
2017-18,1628368,De'Aaron Fox,20.0
2017-18,201599,DeAndre Jordan,29.0
2017-18,202732,DeAndre Liggins,30.0
2017-18,1627761,DeAndre' Bembry,23.0
2017-18,201942,DeMar DeRozan,28.0
2017-18,202326,DeMarcus Cousins,27.0
2017-18,201960,DeMarre Carroll,31.0
2017-18,1627749,Dejounte Murray,21.0
2017-18,1626153,Delon Wright,26.0
2017-18,1627743,Demetrius Jackson,23.0
2017-18,203471,Dennis Schröder,24.0
2017-18,1628372,Dennis Smith Jr.,20.0
2017-18,1627756,Denzel Valentine,24.0
2017-18,202324,Derrick Favors,26.0
2017-18,1627884,Derrick Jones Jr.,21.0
2017-18,201565,Derrick Rose,29.0
2017-18,1628476,Derrick Walton Jr.,23.0
2017-18,1628401,Derrick White,23.0
2017-18,202682,Derrick Williams,27.0
2017-18,1626164,Devin Booker,21.0
2017-18,2734,Devin Harris,35.0
2017-18,1628421,Devin Robinson,23.0
2017-18,203473,Dewayne Dedmon,28.0
2017-18,1627738,Deyonta Davis,21.0
2017-18,1628415,Dillon Brooks,22.0
2017-18,203079,Dion Waiters,26.0
2017-18,1717,Dirk Nowitzki,40.0
2017-18,1627734,Domantas Sabonis,22.0
2017-18,1628378,Donovan Mitchell,21.0
2017-18,1627827,Dorian Finney-Smith,25.0
2017-18,203926,Doug McDermott,26.0
2017-18,1627733,Dragan Bender,20.0
2017-18,203110,Draymond Green,28.0
2017-18,1628407,Dwayne Bacon,22.0
2017-18,202779,Dwight Buycks,29.0
2017-18,2730,Dwight Howard,32.0
2017-18,203939,Dwight Powell,26.0
2017-18,2548,Dwyane Wade,36.0
2017-18,202734,E'Twaun Moore,29.0
2017-18,202334,Ed Davis,29.0
2017-18,1628410,Edmond Sumner,22.0
2017-18,202327,Ekpe Udoh,31.0
2017-18,203901,Elfrid Payton,24.0
2017-18,2731,Emeka Okafor,35.0
2017-18,1626144,Emmanuel Mudiay,22.0
2017-18,202683,Enes Freedom,26.0
2017-18,202339,Eric Bledsoe,28.0
2017-18,201569,Eric Gordon,29.0
2017-18,203961,Eric Moreland,26.0
2017-18,1628571,Erik McCree,24.0
2017-18,101141,Ersan Ilyasova,31.0
2017-18,203095,Evan Fournier,25.0
2017-18,202323,Evan Turner,29.0
2017-18,1626163,Frank Kaminsky,25.0
2017-18,1628412,Frank Mason III,24.0
2017-18,1628373,Frank Ntilikina,19.0
2017-18,1627832,Fred VanVleet,24.0
2017-18,1627788,Furkan Korkmaz,20.0
2017-18,202066,Garrett Temple,32.0
2017-18,203914,Gary Harris,23.0
2017-18,1627780,Gary Payton II,25.0
2017-18,201588,George Hill,32.0
2017-18,1627777,Georges Niang,25.0
2017-18,1627834,Georgios Papagiannis,20.0
2017-18,101123,Gerald Green,32.0
2017-18,1628492,Gian Clavell,24.0
2017-18,203507,Giannis Antetokounmpo,23.0
2017-18,203922,Glenn Robinson III,24.0
2017-18,201609,Goran Dragic,32.0
2017-18,202330,Gordon Hayward,28.0
2017-18,203476,Gorgui Dieng,28.0
2017-18,202328,Greg Monroe,28.0
2017-18,1627824,Guerschon Yabusele,22.0
2017-18,203084,Harrison Barnes,26.0
2017-18,202355,Hassan Whiteside,29.0
2017-18,1627740,Henry Ellenson,21.0
2017-18,203546,Ian Clark,27.0
2017-18,101133,Ian Mahinmi,31.0
2017-18,1628387,Ike Anigbogu,19.0
2017-18,202697,Iman Shumpert,28.0
2017-18,203477,Isaiah Canaan,27.0
2017-18,1628439,Isaiah Hicks,23.0
2017-18,1627819,Isaiah Taylor,23.0
2017-18,202738,Isaiah Thomas,29.0
2017-18,1627785,Isaiah Whitehead,23.0
2017-18,202397,Ish Smith,29.0
2017-18,1628397,Ivan Rabb,21.0
2017-18,1627826,Ivica Zubac,21.0
2017-18,200826,J.J. Barea,34.0
2017-18,200755,JJ Redick,34.0
2017-18,2747,JR Smith,32.0
2017-18,203960,JaKarr Sampson,25.0
2017-18,203210,JaMychal Green,28.0
2017-18,201580,JaVale McGee,30.0
2017-18,1628444,Jabari Bird,23.0
2017-18,203953,Jabari Parker,23.0
2017-18,204022,Jack Cooley,27.0
2017-18,1626643,Jacob Pullen,28.0
2017-18,1628451,Jacob Wiley,23.0
2017-18,203109,Jae Crowder,27.0
2017-18,1626143,Jahlil Okafor,22.0
2017-18,1627774,Jake Layman,24.0
2017-18,1627751,Jakob Poeltl,22.0
2017-18,1627883,Jalen Jones,25.0
2017-18,2037,Jamal Crawford,38.0
2017-18,1627750,Jamal Murray,21.0
2017-18,1627866,Jameel Warney,24.0
2017-18,2749,Jameer Nelson,36.0
2017-18,1628503,Jamel Artis,25.0
2017-18,203516,James Ennis III,27.0
2017-18,201935,James Harden,28.0
2017-18,201949,James Johnson,31.0
2017-18,203949,James Michael McAdoo,25.0
2017-18,1627821,James Webb III,24.0
2017-18,203923,James Young,22.0
2017-18,203966,Jamil Wilson,27.0
2017-18,201162,Jared Dudley,32.0
2017-18,204067,Jarell Eddie,26.0
2017-18,1626185,Jarell Martin,24.0
2017-18,1628386,Jarrett Allen,20.0
2017-18,101127,Jarrett Jack,34.0
2017-18,201160,Jason Smith,32.0
2017-18,1891,Jason Terry,40.0
2017-18,1628393,Jawun Evans,21.0
2017-18,1627759,Jaylen Brown,21.0
2017-18,1628537,Jaylen Morris,22.0
2017-18,1628369,Jayson Tatum,20.0
2017-18,201145,Jeff Green,31.0
2017-18,201952,Jeff Teague,30.0
2017-18,203481,Jeff Withey,28.0
2017-18,203924,Jerami Grant,24.0
2017-18,202379,Jeremy Evans,30.0
2017-18,203087,Jeremy Lamb,26.0
2017-18,202391,Jeremy Lin,29.0
2017-18,1626170,Jerian Grant,25.0
2017-18,201573,Jerryd Bayless,29.0
2017-18,202710,Jimmy Butler III,28.0
2017-18,201149,Joakim Noah,33.0
2017-18,201975,Jodie Meeks,30.0
2017-18,203925,Joe Harris,26.0
2017-18,204060,Joe Ingles,30.0
2017-18,2207,Joe Johnson,37.0
2017-18,1626202,Joe Young,26.0
2017-18,1627762,Joel Bolomboy,24.0
2017-18,203954,Joel Embiid,24.0
2017-18,203530,Joffrey Lauvergne,26.0
2017-18,1628381,John Collins,20.0
2017-18,203089,John Henson,27.0
2017-18,204066,John Holland,29.0
2017-18,202322,John Wall,27.0
2017-18,1628405,Johnathan Motley,23.0
2017-18,203948,Johnny O'Bryant III,25.0
2017-18,202720,Jon Leuer,29.0
2017-18,201973,Jonas Jerebko,31.0
2017-18,202685,Jonas Valančiūnas,26.0
2017-18,1626780,Jonathan Gibson,30.0
2017-18,1628371,Jonathan Isaac,20.0
2017-18,203613,Jonathon Simmons,28.0
2017-18,1628395,Jordan Bell,23.0
2017-18,203903,Jordan Clarkson,26.0
2017-18,202348,Jordan Crawford,29.0
2017-18,1626175,Jordan Mickey,23.0
2017-18,101181,Jose Calderon,36.0
2017-18,1627982,Josh Gray,24.0
2017-18,1628404,Josh Hart,23.0
2017-18,203962,Josh Huestis,26.0
2017-18,1628367,Josh Jackson,21.0
2017-18,203705,Josh Magette,28.0
2017-18,201177,Josh McRoberts,31.0
2017-18,1626196,Josh Richardson,24.0
2017-18,2746,Josh Smith,32.0
2017-18,201950,Jrue Holiday,28.0
2017-18,1627823,Juancho Hernangomez,22.0
2017-18,203944,Julius Randle,23.0
2017-18,202933,Julyan Stone,29.0
2017-18,1626147,Justin Anderson,24.0
2017-18,203200,Justin Holiday,29.0
2017-18,1628382,Justin Jackson,23.0
2017-18,1628383,Justin Patton,21.0
2017-18,1626159,Justise Winslow,22.0
2017-18,203994,Jusuf Nurkić,23.0
2017-18,1628443,Kadeem Allen,25.0
2017-18,1626157,Karl-Anthony Towns,22.0
2017-18,202695,Kawhi Leonard,27.0
2017-18,1627770,Kay Felder,23.0
2017-18,203482,Kelly Olynyk,27.0
2017-18,1626162,Kelly Oubre Jr.,22.0
2017-18,202689,Kemba Walker,28.0
2017-18,2570,Kendrick Perkins,33.0
2017-18,202702,Kenneth Faried,28.0
2017-18,203145,Kent Bazemore,28.0
2017-18,203484,Kentavious Caldwell-Pope,25.0
2017-18,201142,Kevin Durant,29.0
2017-18,201567,Kevin Love,29.0
2017-18,1626172,Kevon Looney,22.0
2017-18,203920,Khem Birch,25.0
2017-18,203114,Khris Middleton,26.0
2017-18,202691,Klay Thompson,28.0
2017-18,1628424,Kobi Simmons,20.0
2017-18,201585,Kosta Koufos,29.0
2017-18,1627739,Kris Dunn,24.0
2017-18,204001,Kristaps Porziņģis,22.0
2017-18,203937,Kyle Anderson,24.0
2017-18,1627858,Kyle Collinsworth,26.0
2017-18,2594,Kyle Korver,37.0
2017-18,1628398,Kyle Kuzma,22.0
2017-18,200768,Kyle Lowry,32.0
2017-18,203124,Kyle O'Quinn,28.0
2017-18,202713,Kyle Singler,30.0
2017-18,202681,Kyrie Irving,26.0
2017-18,200746,LaMarcus Aldridge,32.0
2017-18,202362,Lance Stephenson,27.0
2017-18,202498,Lance Thomas,30.0
2017-18,204038,Langston Galloway,26.0
2017-18,203580,Larry Drew II,28.0
2017-18,1626204,Larry Nance Jr.,25.0
2017-18,1628374,Lauri Markkanen,21.0
2017-18,2544,LeBron James,33.0
2017-18,1628506,London Perrantes,23.0
2017-18,1628366,Lonzo Ball,20.0
2017-18,203485,Lorenzo Brown,27.0
2017-18,101150,Lou Williams,31.0
2017-18,201601,Luc Mbah a Moute,31.0
2017-18,203512,Lucas Nogueira,25.0
2017-18,1626242,Luis Montero,25.0
2017-18,202337,Luke Babbitt,29.0
2017-18,1628379,Luke Kennard,22.0
2017-18,1628436,Luke Kornet,22.0
2017-18,2736,Luol Deng,33.0
2017-18,1627781,Malachi Richardson,22.0
2017-18,1627763,Malcolm Brogdon,25.0
2017-18,1627098,Malcolm Delaney,29.0
2017-18,1626259,Malcolm Miller,25.0
2017-18,1627736,Malik Beasley,21.0
2017-18,1628370,Malik Monk,20.0
2017-18,1628493,Mangok Mathiang,25.0
2017-18,1938,Manu Ginobili,40.0
2017-18,202705,MarShon Brooks,29.0
2017-18,201188,Marc Gasol,33.0
2017-18,101162,Marcin Gortat,34.0
2017-18,201158,Marco Belinelli,32.0
2017-18,1627875,Marcus Georges-Hunt,24.0
2017-18,202694,Marcus Morris Sr.,28.0
2017-18,1627779,Marcus Paige,24.0
2017-18,203935,Marcus Smart,24.0
2017-18,201596,Mario Chalmers,32.0
2017-18,1626209,Mario Hezonja,23.0
2017-18,203900,Markel Brown,26.0
2017-18,1628365,Markelle Fultz,20.0
2017-18,202693,Markieff Morris,28.0
2017-18,1627737,Marquese Chriss,20.0
2017-18,203104,Marquis Teague,25.0
2017-18,201578,Marreese Speights,30.0
2017-18,1627850,Marshall Plumlee,25.0
2017-18,101107,Marvin Williams,32.0
2017-18,203486,Mason Plumlee,28.0
2017-18,1627856,Matt Costello,24.0
2017-18,1628475,Matt Williams Jr.,24.0
2017-18,203521,Matthew Dellavedova,27.0
2017-18,203090,Maurice Harkless,25.0
2017-18,1628467,Maxi Kleber,26.0
2017-18,203086,Meyers Leonard,26.0
2017-18,201563,Michael Beasley,29.0
2017-18,203487,Michael Carter-Williams,26.0
2017-18,203077,Michael Kidd-Gilchrist,24.0
2017-18,201144,Mike Conley,30.0
2017-18,1628455,Mike James,27.0
2017-18,203488,Mike Muscala,26.0
2017-18,203118,Mike Scott,29.0
2017-18,203101,Miles Plumlee,29.0
2017-18,1628462,Milos Teodosic,31.0
2017-18,1628495,Milton Doyle,24.0
2017-18,1627851,Mindaugas Kuzminskas,28.0
2017-18,203141,Mirza Teletovic,32.0
2017-18,1628420,Monte Morris,23.0
2017-18,1626149,Montrezl Harrell,24.0
2017-18,1627988,Myke Henry,25.0
2017-18,1626167,Myles Turner,22.0
2017-18,203489,Nate Wolters,27.0
2017-18,1628513,Naz Mitrou-Long,24.0
2017-18,202357,Nemanja Bjelica,30.0
2017-18,2403,Nene,35.0
2017-18,203457,Nerlens Noel,24.0
2017-18,2555,Nick Collison,37.0
2017-18,201156,Nick Young,33.0
2017-18,201587,Nicolas Batum,29.0
2017-18,1627852,Nicolas Brussino,25.0
2017-18,1628502,Nigel Hayes-Davis,23.0
2017-18,203917,Nik Stauskas,24.0
2017-18,203999,Nikola Jokić,23.0
2017-18,202703,Nikola Mirotic,27.0
2017-18,202696,Nikola Vučević,27.0
2017-18,203943,Noah Vonleh,22.0
2017-18,1626181,Norman Powell,25.0
2017-18,1628384,OG Anunoby,20.0
2017-18,1627855,Okaro White,25.0
2017-18,204179,Omari Johnson,29.0
2017-18,201600,Omer Asik,31.0
2017-18,201956,Omri Casspi,30.0
2017-18,203490,Otto Porter Jr.,25.0
2017-18,200782,P.J. Tucker,33.0
2017-18,1628408,PJ Dozier,21.0
2017-18,1627783,Pascal Siakam,24.0
2017-18,1626192,Pat Connaughton,25.0
2017-18,201976,Patrick Beverley,29.0
2017-18,1627775,Patrick McCaw,22.0
2017-18,202335,Patrick Patterson,29.0
2017-18,201988,Patty Mills,29.0
2017-18,2200,Pau Gasol,37.0
2017-18,202331,Paul George,28.0
2017-18,200794,Paul Millsap,33.0
2017-18,1627835,Paul Zipser,24.0
2017-18,203112,Quincy Acy,27.0
2017-18,202347,Quincy Pondexter,30.0
2017-18,1626188,Quinn Cook,25.0
2017-18,1626154,RJ Hunter,24.0
2017-18,200765,Rajon Rondo,32.0
2017-18,201196,Ramon Sessions,32.0
2017-18,1626173,Rashad Vaughn,21.0
2017-18,203526,Raul Neto,26.0
2017-18,101109,Raymond Felton,34.0
2017-18,203493,Reggie Bullock Jr.,27.0
2017-18,203687,Reggie Hearn,26.0
2017-18,202704,Reggie Jackson,28.0
2017-18,2210,Richard Jefferson,38.0
2017-18,1626158,Richaun Holmes,24.0
2017-18,201937,Ricky Rubio,27.0
2017-18,203496,Robert Covington,27.0
2017-18,201577,Robin Lopez,30.0
2017-18,203918,Rodney Hood,25.0
2017-18,203585,Rodney McGruder,26.0
2017-18,1628681,Rodney Purvis,24.0
2017-18,1627758,Ron Baker,25.0
2017-18,1626178,Rondae Hollis-Jefferson,23.0
2017-18,1626220,Royce O'Neale,25.0
2017-18,200752,Rudy Gay,31.0
2017-18,203497,Rudy Gobert,26.0
2017-18,201566,Russell Westbrook,29.0
2017-18,201583,Ryan Anderson,30.0
2017-18,1627853,Ryan Arcidiacono,24.0
2017-18,1626257,Salah Mejri,32.0
2017-18,1626155,Sam Dekker,24.0
2017-18,203816,Scotty Hopson,28.0
2017-18,203930,Sean Kilpatrick,28.0
2017-18,1628400,Semi Ojeleye,23.0
2017-18,201586,Serge Ibaka,28.0
2017-18,203498,Shabazz Muhammad,25.0
2017-18,203894,Shabazz Napier,26.0
2017-18,203499,Shane Larkin,25.0
2017-18,1627885,Shaquille Harrison,24.0
2017-18,2733,Shaun Livingston,32.0
2017-18,202714,Shelvin Mack,28.0
2017-18,1628414,Sindarius Thornwell,23.0
2017-18,1627746,Skal Labissiere,22.0
2017-18,203524,Solomon Hill,27.0
2017-18,203915,Spencer Dinwiddie,25.0
2017-18,1626169,Stanley Johnson,22.0
2017-18,201939,Stephen Curry,30.0
2017-18,1628425,Sterling Brown,23.0
2017-18,203500,Steven Adams,24.0
2017-18,1628388,T.J. Leaf,21.0
2017-18,204456,T.J. McConnell,26.0
2017-18,203933,T.J. Warren,24.0
2017-18,201959,Taj Gibson,33.0
2017-18,204028,Tarik Black,26.0
2017-18,1627752,Taurean Prince,24.0
2017-18,1628390,Terrance Ferguson,20.0
2017-18,203082,Terrence Ross,27.0
2017-18,1626179,Terry Rozier,24.0
2017-18,200757,Thabo Sefolosha,34.0
2017-18,201152,Thaddeus Young,30.0
2017-18,1628418,Thomas Bryant,20.0
2017-18,1627748,Thon Maker,21.0
2017-18,204025,Tim Frazier,27.0
2017-18,203501,Tim Hardaway Jr.,26.0
2017-18,1627817,Tim Quarterman,23.0
2017-18,202389,Timofey Mozgov,31.0
2017-18,1627789,Timothe Luwawu-Cabarrot,23.0
2017-18,202699,Tobias Harris,25.0
2017-18,203107,Tomas Satoransky,26.0
2017-18,2754,Tony Allen,36.0
2017-18,1628396,Tony Bradley,20.0
2017-18,2225,Tony Parker,36.0
2017-18,203503,Tony Snell,26.0
2017-18,1628470,Torrey Craig,27.0
2017-18,204037,Travis Wear,27.0
2017-18,1626203,Treveon Graham,24.0
2017-18,2772,Trevor Ariza,33.0
2017-18,202344,Trevor Booker,30.0
2017-18,203504,Trey Burke,25.0
2017-18,1626168,Trey Lyles,22.0
2017-18,203590,Trey McKinney-Jones,27.0
2017-18,202684,Tristan Thompson,27.0
2017-18,203584,Troy Daniels,26.0
2017-18,1627786,Troy Williams,23.0
2017-18,1628463,Tyler Cavanaugh,24.0
2017-18,1628416,Tyler Dorsey,22.0
2017-18,203898,Tyler Ennis,23.0
2017-18,204020,Tyler Johnson,26.0
2017-18,1628399,Tyler Lydon,22.0
2017-18,1627755,Tyler Ulis,22.0
2017-18,203092,Tyler Zeller,28.0
2017-18,201936,Tyreke Evans,28.0
2017-18,1627820,Tyrone Wallace,24.0
2017-18,2199,Tyson Chandler,35.0
2017-18,1626145,Tyus Jones,22.0
2017-18,2617,Udonis Haslem,38.0
2017-18,203505,Vander Blue,25.0
2017-18,203506,Victor Oladipo,26.0
2017-18,1713,Vince Carter,41.0
2017-18,1626205,Vincent Hunter,23.0
2017-18,1627735,Wade Baldwin IV,22.0
2017-18,1627215,Walt Lemon Jr.,25.0
2017-18,201961,Wayne Ellington,30.0
2017-18,1627782,Wayne Selden,23.0
2017-18,1628411,Wes Iwundu,23.0
2017-18,202325,Wesley Johnson,30.0
2017-18,202083,Wesley Matthews,31.0
2017-18,203115,Will Barton,27.0
2017-18,1626161,Willie Cauley-Stein,24.0
2017-18,203186,Willie Reed,28.0
2017-18,1626195,Willy Hernangomez,24.0
2017-18,201163,Wilson Chandler,31.0
2017-18,204098,Xavier Munford,26.0
2017-18,1628504,Xavier Rathan-Mayes,24.0
2017-18,202918,Xavier Silas,30.0
2017-18,1627812,Yogi Ferrell,25.0
2017-18,1628380,Zach Collins,20.0
2017-18,203897,Zach LaVine,23.0
2017-18,2216,Zach Randolph,36.0
2017-18,2585,Zaza Pachulia,34.0
2017-18,1627753,Zhou Qi,22.0
2018-19,203932,Aaron Gordon,23.0
2018-19,1628988,Aaron Holiday,22.0
2018-19,1627846,Abdel Nader,25.0
2018-19,201143,Al Horford,33.0
2018-19,202329,Al-Farouq Aminu,28.0
2018-19,1626210,Alan Williams,26.0
2018-19,202692,Alec Burks,27.0
2018-19,203518,Alex Abrines,25.0
2018-19,1627936,Alex Caruso,25.0
2018-19,203458,Alex Len,26.0
2018-19,1627816,Alex Poythress,25.0
2018-19,1628035,Alfonzo McKinnie,26.0
2018-19,1628993,Alize Johnson,23.0
2018-19,203459,Allen Crabbe,27.0
2018-19,1629019,Allonzo Trier,23.0
2018-19,1628518,Amile Jefferson,26.0
2018-19,101161,Amir Johnson,32.0
2018-19,203083,Andre Drummond,25.0
2018-19,2738,Andre Iguodala,35.0
2018-19,201281,Andre Ingram,33.0
2018-19,101106,Andrew Bogut,34.0
2018-19,1626150,Andrew Harrison,24.0
2018-19,203952,Andrew Wiggins,24.0
2018-19,1629014,Anfernee Simons,20.0
2018-19,1629116,Angel Delgado,24.0
2018-19,1627790,Ante Zizic,22.0
2018-19,203076,Anthony Davis,26.0
2018-19,201229,Anthony Tolliver,34.0
2018-19,1628469,Antonio Blakeney,22.0
2018-19,203382,Aron Baynes,32.0
2018-19,203085,Austin Rivers,26.0
2018-19,202340,Avery Bradley,28.0
2018-19,1629168,BJ Johnson,23.0
2018-19,1628389,Bam Adebayo,21.0
2018-19,203463,Ben McLemore,26.0
2018-19,1627732,Ben Simmons,22.0
2018-19,1628656,Billy Garrett,24.0
2018-19,202687,Bismack Biyombo,26.0
2018-19,201933,Blake Griffin,30.0
2018-19,1626246,Boban Marjanovic,30.0
2018-19,1626171,Bobby Portis,24.0
2018-19,203992,Bogdan Bogdanović,26.0
2018-19,202711,Bojan Bogdanovic,30.0
2018-19,1629045,Bonzie Colson,23.0
2018-19,202954,Brad Wanamaker,29.0
2018-19,203078,Bradley Beal,26.0
2018-19,1629164,Brandon Goodwin,23.0
2018-19,1627742,Brandon Ingram,21.0
2018-19,202688,Brandon Knight,27.0
2018-19,1629102,Brandon Sampson,22.0
2018-19,201572,Brook Lopez,31.0
2018-19,1628971,Bruce Brown,22.0
2018-19,203998,Bruno Caboclo,23.0
2018-19,1627854,Bryn Forbes,25.0
2018-19,1627741,Buddy Hield,26.0
2018-19,203710,C.J. Williams,29.0
2018-19,203468,CJ McCollum,27.0
2018-19,101139,CJ Miles,32.0
2018-19,1628403,Caleb Swanigan,22.0
2018-19,1629244,Cam Reynolds,24.0
2018-19,1626166,Cameron Payne,24.0
2018-19,1627747,Caris LeVert,24.0
2018-19,2546,Carmelo Anthony,35.0
2018-19,1626224,Cedi Osman,24.0
2018-19,1628990,Chandler Hutchison,23.0
2018-19,202718,Chandler Parsons,30.0
2018-19,101112,Channing Frye,36.0
2018-19,1626184,Chasson Randle,26.0
2018-19,1627767,Cheick Diallo,22.0
2018-19,1629002,Chimezie Metu,22.0
2018-19,1628449,Chris Boucher,26.0
2018-19,1629185,Chris Chiozza,23.0
2018-19,101108,Chris Paul,34.0
2018-19,1626174,Christian Wood,23.0
2018-19,203991,Clint Capela,25.0
2018-19,203469,Cody Zeller,26.0
2018-19,1629012,Collin Sexton,20.0
2018-19,201147,Corey Brewer,33.0
2018-19,202709,Cory Joseph,27.0
2018-19,201584,Courtney Lee,33.0
2018-19,1626245,Cristiano Felicio,26.0
2018-19,1626156,D'Angelo Russell,23.0
2018-19,201571,D.J. Augustin,31.0
2018-19,1628391,D.J. Wilson,23.0
2018-19,203474,DJ Stephens,28.0
2018-19,1629541,Dairis Bertans,29.0
2018-19,1627745,Damian Jones,24.0
2018-19,203081,Damian Lillard,28.0
2018-19,1627814,Damion Lee,26.0
2018-19,1628422,Damyean Dotson,25.0
2018-19,1627772,Daniel Hamilton,23.0
2018-19,1628464,Daniel Theis,27.0
2018-19,201568,Danilo Gallinari,30.0
2018-19,201980,Danny Green,32.0
2018-19,201967,Dante Cunningham,32.0
2018-19,203957,Dante Exum,23.0
2018-19,1627863,Danuel House Jr.,26.0
2018-19,203967,Dario Saric,25.0
2018-19,203121,Darius Miller,29.0
2018-19,201954,Darren Collison,31.0
2018-19,1629133,Daryl Macon,23.0
2018-19,1628021,David Nwaba,26.0
2018-19,202722,Davis Bertans,26.0
2018-19,1628432,Davon Reed,24.0
2018-19,1628368,De'Aaron Fox,21.0
2018-19,1629001,De'Anthony Melton,21.0
2018-19,201599,DeAndre Jordan,30.0
2018-19,1627761,DeAndre' Bembry,24.0
2018-19,201942,DeMar DeRozan,29.0
2018-19,202326,DeMarcus Cousins,28.0
2018-19,201960,DeMarre Carroll,32.0
2018-19,1629152,DeVaughn Akoon-Purcell,26.0
2018-19,1629028,Deandre Ayton,20.0
2018-19,1626153,Delon Wright,27.0
2018-19,1627743,Demetrius Jackson,24.0
2018-19,1629061,Deng Adel,22.0
2018-19,203471,Dennis Schröder,25.0
2018-19,1628372,Dennis Smith Jr.,21.0
2018-19,1629126,Deonte Burton,25.0
2018-19,202324,Derrick Favors,27.0
2018-19,1627884,Derrick Jones Jr.,22.0
2018-19,201565,Derrick Rose,30.0
2018-19,1628401,Derrick White,24.0
2018-19,1626164,Devin Booker,22.0
2018-19,2734,Devin Harris,36.0
2018-19,1628421,Devin Robinson,24.0
2018-19,1628984,Devonte' Graham,24.0
2018-19,203473,Dewayne Dedmon,29.0
2018-19,1627738,Deyonta Davis,22.0
2018-19,1628415,Dillon Brooks,23.0
2018-19,203079,Dion Waiters,27.0
2018-19,1717,Dirk Nowitzki,41.0
2018-19,1627734,Domantas Sabonis,23.0
2018-19,202700,Donatas Motiejunas,28.0
2018-19,1628378,Donovan Mitchell,22.0
2018-19,1628978,Donte DiVincenzo,22.0
2018-19,1629055,Donte Grantham,24.0
2018-19,1627827,Dorian Finney-Smith,26.0
2018-19,203926,Doug McDermott,27.0
2018-19,1627733,Dragan Bender,21.0
2018-19,203110,Draymond Green,29.0
2018-19,1629234,Drew Eubanks,22.0
2018-19,1629130,Duncan Robinson,25.0
2018-19,1628605,Dusty Hannahs,25.0
2018-19,1628407,Dwayne Bacon,23.0
2018-19,2730,Dwight Howard,33.0
2018-19,203939,Dwight Powell,27.0
2018-19,2548,Dwyane Wade,37.0
2018-19,1629058,Dzanan Musa,20.0
2018-19,202734,E'Twaun Moore,30.0
2018-19,202334,Ed Davis,30.0
2018-19,1628410,Edmond Sumner,23.0
2018-19,202327,Ekpe Udoh,32.0
2018-19,203901,Elfrid Payton,25.0
2018-19,1629059,Elie Okobo,21.0
2018-19,1629150,Emanuel Terry,22.0
2018-19,1626144,Emmanuel Mudiay,23.0
2018-19,202683,Enes Freedom,27.0
2018-19,202339,Eric Bledsoe,29.0
2018-19,201569,Eric Gordon,30.0
2018-19,203961,Eric Moreland,27.0
2018-19,101141,Ersan Ilyasova,32.0
2018-19,203095,Evan Fournier,26.0
2018-19,202323,Evan Turner,30.0
2018-19,1628402,Frank Jackson,21.0
2018-19,1626163,Frank Kaminsky,26.0
2018-19,1628412,Frank Mason III,25.0
2018-19,1628373,Frank Ntilikina,20.0
2018-19,1627832,Fred VanVleet,25.0
2018-19,1627788,Furkan Korkmaz,21.0
2018-19,202066,Garrett Temple,33.0
2018-19,1629109,Gary Clark,24.0
2018-19,203914,Gary Harris,24.0
2018-19,1627780,Gary Payton II,26.0
2018-19,1629018,Gary Trent Jr.,20.0
2018-19,201588,George Hill,33.0
2018-19,1628994,George King,25.0
2018-19,1627777,Georges Niang,26.0
2018-19,101123,Gerald Green,33.0
2018-19,203507,Giannis Antetokounmpo,24.0
2018-19,203922,Glenn Robinson III,25.0
2018-19,201609,Goran Dragic,33.0
2018-19,202330,Gordon Hayward,29.0
2018-19,203476,Gorgui Dieng,29.0
2018-19,1628960,Grayson Allen,23.0
2018-19,202328,Greg Monroe,29.0
2018-19,1627824,Guerschon Yabusele,23.0
2018-19,1628977,Hamidou Diallo,20.0
2018-19,203084,Harrison Barnes,27.0
2018-19,1628385,Harry Giles III,21.0
2018-19,202355,Hassan Whiteside,30.0
2018-19,1629312,Haywood Highsmith,22.0
2018-19,1627740,Henry Ellenson,22.0
2018-19,203546,Ian Clark,28.0
2018-19,101133,Ian Mahinmi,32.0
2018-19,1628387,Ike Anigbogu,20.0
2018-19,202697,Iman Shumpert,29.0
2018-19,1629067,Isaac Bonga,19.0
2018-19,1629353,Isaac Humphries,21.0
2018-19,1628515,Isaiah Briscoe,23.0
2018-19,203477,Isaiah Canaan,28.0
2018-19,1628392,Isaiah Hartenstein,21.0
2018-19,1628439,Isaiah Hicks,24.0
2018-19,202738,Isaiah Thomas,30.0
2018-19,202397,Ish Smith,30.0
2018-19,1628397,Ivan Rabb,22.0
2018-19,1627826,Ivica Zubac,22.0
2018-19,200826,J.J. Barea,35.0
2018-19,1629122,J.P. Macura,24.0
2018-19,200755,JJ Redick,35.0
2018-19,2747,JR Smith,33.0
2018-19,203960,JaKarr Sampson,26.0
2018-19,203210,JaMychal Green,29.0
2018-19,201580,JaVale McGee,31.0
2018-19,203953,Jabari Parker,24.0
2018-19,1628980,Jacob Evans,22.0
2018-19,203109,Jae Crowder,28.0
2018-19,1626143,Jahlil Okafor,23.0
2018-19,1627774,Jake Layman,25.0
2018-19,1627751,Jakob Poeltl,23.0
2018-19,1628973,Jalen Brunson,22.0
2018-19,1627883,Jalen Jones,26.0
2018-19,2037,Jamal Crawford,39.0
2018-19,1627750,Jamal Murray,22.0
2018-19,203516,James Ennis III,28.0
2018-19,201935,James Harden,29.0
2018-19,201949,James Johnson,32.0
2018-19,203263,James Nunnally,28.0
2018-19,201162,Jared Dudley,33.0
2018-19,1629123,Jared Terrell,24.0
2018-19,1626185,Jarell Martin,25.0
2018-19,1628991,Jaren Jackson Jr.,19.0
2018-19,1628417,Jaron Blossomgame,25.0
2018-19,1629020,Jarred Vanderbilt,20.0
2018-19,1628386,Jarrett Allen,21.0
2018-19,201160,Jason Smith,33.0
2018-19,1628393,Jawun Evans,22.0
2018-19,1629121,Jaylen Adams,23.0
2018-19,1627759,Jaylen Brown,22.0
2018-19,1628537,Jaylen Morris,23.0
2018-19,1628369,Jayson Tatum,21.0
2018-19,201145,Jeff Green,32.0
2018-19,201952,Jeff Teague,31.0
2018-19,1629203,Jemerrio Jones,24.0
2018-19,203924,Jerami Grant,25.0
2018-19,203087,Jeremy Lamb,27.0
2018-19,202391,Jeremy Lin,30.0
2018-19,1626170,Jerian Grant,26.0
2018-19,1629010,Jerome Robinson,22.0
2018-19,201573,Jerryd Bayless,30.0
2018-19,1628975,Jevon Carter,23.0
2018-19,202690,Jimmer Fredette,30.0
2018-19,202710,Jimmy Butler III,29.0
2018-19,201149,Joakim Noah,34.0
2018-19,201975,Jodie Meeks,31.0
2018-19,1629147,Joe Chealey,23.0
2018-19,203925,Joe Harris,27.0
2018-19,204060,Joe Ingles,31.0
2018-19,203954,Joel Embiid,25.0
2018-19,1628381,John Collins,21.0
2018-19,203089,John Henson,28.0
2018-19,204066,John Holland,30.0
2018-19,203098,John Jenkins,28.0
2018-19,202322,John Wall,28.0
2018-19,1628405,Johnathan Motley,24.0
2018-19,1629140,Johnathan Williams,24.0
2018-19,202720,Jon Leuer,30.0
2018-19,1628413,Jonah Bolden,23.0
2018-19,201973,Jonas Jerebko,32.0
2018-19,202685,Jonas Valančiūnas,27.0
2018-19,1628371,Jonathan Isaac,21.0
2018-19,203613,Jonathon Simmons,29.0
2018-19,1628395,Jordan Bell,24.0
2018-19,203903,Jordan Clarkson,27.0
2018-19,1628070,Jordan Loyd,25.0
2018-19,203895,Jordan McRae,28.0
2018-19,1626296,Jordan Sibert,26.0
2018-19,101181,Jose Calderon,37.0
2018-19,1628404,Josh Hart,24.0
2018-19,1628367,Josh Jackson,22.0
2018-19,1629006,Josh Okogie,20.0
2018-19,1626196,Josh Richardson,25.0
2018-19,201950,Jrue Holiday,29.0
2018-19,1627823,Juancho Hernangomez,23.0
2018-19,1627395,Julian Washburn,27.0
2018-19,203944,Julius Randle,24.0
2018-19,1626147,Justin Anderson,25.0
2018-19,203200,Justin Holiday,30.0
2018-19,1628382,Justin Jackson,24.0
2018-19,1628383,Justin Patton,22.0
2018-19,1626159,Justise Winslow,23.0
2018-19,203994,Jusuf Nurkić,24.0
2018-19,1628443,Kadeem Allen,26.0
2018-19,203564,Kalin Lucas,30.0
2018-19,1626157,Karl-Anthony Towns,23.0
2018-19,202695,Kawhi Leonard,28.0
2018-19,1628966,Keita Bates-Diop,23.0
2018-19,203482,Kelly Olynyk,28.0
2018-19,1626162,Kelly Oubre Jr.,23.0
2018-19,202689,Kemba Walker,29.0
2018-19,202702,Kenneth Faried,29.0
2018-19,1629026,Kenrich Williams,24.0
2018-19,203145,Kent Bazemore,29.0
2018-19,203484,Kentavious Caldwell-Pope,26.0
2018-19,201142,Kevin Durant,30.0
2018-19,1628989,Kevin Huerter,20.0
2018-19,1628995,Kevin Knox II,19.0
2018-19,201567,Kevin Love,30.0
2018-19,1626172,Kevon Looney,23.0
2018-19,203920,Khem Birch,26.0
2018-19,203114,Khris Middleton,27.0
2018-19,1629017,Khyri Thomas,23.0
2018-19,202691,Klay Thompson,29.0
2018-19,1628424,Kobi Simmons,21.0
2018-19,201585,Kosta Koufos,30.0
2018-19,1628961,Kostas Antetokounmpo,21.0
2018-19,1627739,Kris Dunn,25.0
2018-19,203937,Kyle Anderson,25.0
2018-19,2594,Kyle Korver,38.0
2018-19,1628398,Kyle Kuzma,23.0
2018-19,200768,Kyle Lowry,33.0
2018-19,203124,Kyle O'Quinn,29.0
2018-19,202681,Kyrie Irving,27.0
2018-19,200746,LaMarcus Aldridge,33.0
2018-19,202362,Lance Stephenson,28.0
2018-19,202498,Lance Thomas,31.0
2018-19,1629013,Landry Shamet,22.0
2018-19,204038,Langston Galloway,27.0
2018-19,1626204,Larry Nance Jr.,26.0
2018-19,1628374,Lauri Markkanen,22.0
2018-19,2544,LeBron James,34.0
2018-19,1629022,Lonnie Walker IV,20.0
2018-19,1628366,Lonzo Ball,21.0
2018-19,203485,Lorenzo Brown,28.0
2018-19,101150,Lou Williams,32.0
2018-19,201601,Luc Mbah a Moute,32.0
2018-19,1629029,Luka Dončić,20.0
2018-19,1628379,Luke Kennard,23.0
2018-19,1628436,Luke Kornet,23.0
2018-19,2736,Luol Deng,34.0
2018-19,1627781,Malachi Richardson,23.0
2018-19,1627763,Malcolm Brogdon,26.0
2018-19,1626259,Malcolm Miller,26.0
2018-19,1627736,Malik Beasley,22.0
2018-19,1628370,Malik Monk,21.0
2018-19,202705,MarShon Brooks,30.0
2018-19,201188,Marc Gasol,34.0
2018-19,101162,Marcin Gortat,35.0
2018-19,201158,Marco Belinelli,33.0
2018-19,1629094,Marcus Derrickson,23.0
2018-19,202694,Marcus Morris Sr.,29.0
2018-19,203935,Marcus Smart,25.0
2018-19,1626209,Mario Hezonja,24.0
2018-19,1628365,Markelle Fultz,21.0
2018-19,202693,Markieff Morris,29.0
2018-19,1627737,Marquese Chriss,21.0
2018-19,1628963,Marvin Bagley III,20.0
2018-19,101107,Marvin Williams,33.0
2018-19,203486,Mason Plumlee,29.0
2018-19,203521,Matthew Dellavedova,28.0
2018-19,203090,Maurice Harkless,26.0
2018-19,1628467,Maxi Kleber,27.0
2018-19,1628982,Melvin Frazier Jr.,22.0
2018-19,203086,Meyers Leonard,27.0
2018-19,201563,Michael Beasley,30.0
2018-19,203487,Michael Carter-Williams,27.0
2018-19,203077,Michael Kidd-Gilchrist,25.0
2018-19,1628969,Mikal Bridges,22.0
2018-19,201144,Mike Conley,31.0
2018-19,203488,Mike Muscala,27.0
2018-19,203118,Mike Scott,30.0
2018-19,1628970,Miles Bridges,21.0
2018-19,203101,Miles Plumlee,30.0
2018-19,1628462,Milos Teodosic,32.0
2018-19,1628249,Mitchell Creek,27.0
2018-19,1629011,Mitchell Robinson,21.0
2018-19,1628964,Mo Bamba,21.0
2018-19,1628420,Monte Morris,24.0
2018-19,1626149,Montrezl Harrell,25.0
2018-19,1629021,Moritz Wagner,22.0
2018-19,1626167,Myles Turner,23.0
2018-19,1628513,Naz Mitrou-Long,25.0
2018-19,202357,Nemanja Bjelica,31.0
2018-19,2403,Nene,36.0
2018-19,203457,Nerlens Noel,25.0
2018-19,201156,Nick Young,34.0
2018-19,201587,Nicolas Batum,30.0
2018-19,203917,Nik Stauskas,25.0
2018-19,203999,Nikola Jokić,24.0
2018-19,202703,Nikola Mirotic,28.0
2018-19,202696,Nikola Vučević,28.0
2018-19,203943,Noah Vonleh,23.0
2018-19,1626181,Norman Powell,26.0
2018-19,1628384,OG Anunoby,21.0
2018-19,1627855,Okaro White,26.0
2018-19,1629016,Omari Spellman,21.0
2018-19,201956,Omri Casspi,31.0
2018-19,203490,Otto Porter Jr.,26.0
2018-19,200782,P.J. Tucker,34.0
2018-19,1628408,PJ Dozier,22.0
2018-19,1627783,Pascal Siakam,25.0
2018-19,1626192,Pat Connaughton,26.0
2018-19,201976,Patrick Beverley,30.0
2018-19,1627775,Patrick McCaw,23.0
2018-19,202335,Patrick Patterson,30.0
2018-19,201988,Patty Mills,30.0
2018-19,2200,Pau Gasol,38.0
2018-19,202331,Paul George,29.0
2018-19,200794,Paul Millsap,34.0
2018-19,203112,Quincy Acy,28.0
2018-19,202347,Quincy Pondexter,31.0
2018-19,1626188,Quinn Cook,26.0
2018-19,1626154,RJ Hunter,25.0
2018-19,200765,Rajon Rondo,33.0
2018-19,203526,Raul Neto,27.0
2018-19,1628959,Rawle Alkins,21.0
2018-19,1629034,Ray Spalding,22.0
2018-19,101109,Raymond Felton,35.0
2018-19,203493,Reggie Bullock Jr.,28.0
2018-19,202704,Reggie Jackson,29.0
2018-19,1626158,Richaun Holmes,25.0
2018-19,201937,Ricky Rubio,28.0
2018-19,203496,Robert Covington,28.0
2018-19,1629057,Robert Williams III,21.0
2018-19,201577,Robin Lopez,31.0
2018-19,1629066,Rodions Kurucs,21.0
2018-19,203918,Rodney Hood,26.0
2018-19,203585,Rodney McGruder,27.0
2018-19,1627758,Ron Baker,26.0
2018-19,1626178,Rondae Hollis-Jefferson,24.0
2018-19,1626220,Royce O'Neale,26.0
2018-19,200752,Rudy Gay,32.0
2018-19,203497,Rudy Gobert,27.0
2018-19,201566,Russell Westbrook,30.0
2018-19,201583,Ryan Anderson,31.0
2018-19,1627853,Ryan Arcidiacono,25.0
2018-19,1629151,Ryan Broekhoff,28.0
2018-19,1626257,Salah Mejri,33.0
2018-19,1626155,Sam Dekker,25.0
2018-19,203159,Scott Machado,29.0
2018-19,1628400,Semi Ojeleye,24.0
2018-19,201586,Serge Ibaka,29.0
2018-19,203552,Seth Curry,28.0
2018-19,203894,Shabazz Napier,27.0
2018-19,1628983,Shai Gilgeous-Alexander,20.0
2018-19,1629003,Shake Milton,22.0
2018-19,1627885,Shaquille Harrison,25.0
2018-19,2733,Shaun Livingston,33.0
2018-19,202714,Shelvin Mack,29.0
2018-19,1628414,Sindarius Thornwell,24.0
2018-19,1627746,Skal Labissiere,23.0
2018-19,203524,Solomon Hill,28.0
2018-19,203915,Spencer Dinwiddie,26.0
2018-19,1626169,Stanley Johnson,23.0
2018-19,201939,Stephen Curry,31.0
2018-19,1628425,Sterling Brown,24.0
2018-19,203500,Steven Adams,25.0
2018-19,1629004,Svi Mykhailiuk,22.0
2018-19,1628388,T.J. Leaf,22.0
2018-19,204456,T.J. McConnell,27.0
2018-19,203933,T.J. Warren,25.0
2018-19,1628769,Tahjere McCall,24.0
2018-19,201959,Taj Gibson,34.0
2018-19,1627752,Taurean Prince,25.0
2018-19,1628390,Terrance Ferguson,21.0
2018-19,203093,Terrence Jones,27.0
2018-19,203082,Terrence Ross,28.0
2018-19,1626179,Terry Rozier,25.0
2018-19,200757,Thabo Sefolosha,35.0
2018-19,201152,Thaddeus Young,31.0
2018-19,1629033,Theo Pinson,23.0
2018-19,1628418,Thomas Bryant,21.0
2018-19,1629118,Thomas Welsh,23.0
2018-19,1627748,Thon Maker,22.0
2018-19,204025,Tim Frazier,28.0
2018-19,203501,Tim Hardaway Jr.,27.0
2018-19,1627789,Timothe Luwawu-Cabarrot,24.0
2018-19,202699,Tobias Harris,26.0
2018-19,203107,Tomas Satoransky,27.0
2018-19,1628396,Tony Bradley,21.0
2018-19,2225,Tony Parker,37.0
2018-19,203503,Tony Snell,27.0
2018-19,1628470,Torrey Craig,28.0
2018-19,1629027,Trae Young,20.0
2018-19,1626203,Treveon Graham,25.0
2018-19,1628979,Trevon Duval,20.0
2018-19,2772,Trevor Ariza,33.0
2018-19,203504,Trey Burke,26.0
2018-19,1626168,Trey Lyles,23.0
2018-19,202684,Tristan Thompson,28.0
2018-19,1628972,Troy Brown Jr.,19.0
2018-19,1628505,Troy Caupain,23.0
2018-19,203584,Troy Daniels,27.0
2018-19,1627786,Troy Williams,24.0
2018-19,1628463,Tyler Cavanaugh,25.0
2018-19,1629093,Tyler Davis,22.0
2018-19,1628416,Tyler Dorsey,23.0
2018-19,204020,Tyler Johnson,27.0
2018-19,1628399,Tyler Lydon,23.0
2018-19,1627755,Tyler Ulis,23.0
2018-19,203092,Tyler Zeller,29.0
2018-19,201936,Tyreke Evans,29.0
2018-19,1627820,Tyrone Wallace,25.0
2018-19,2199,Tyson Chandler,36.0
2018-19,1626145,Tyus Jones,23.0
2018-19,2617,Udonis Haslem,39.0
2018-19,203506,Victor Oladipo,27.0
2018-19,1713,Vince Carter,42.0
2018-19,1629053,Vincent Edwards,23.0
2018-19,1627735,Wade Baldwin IV,23.0
2018-19,1627215,Walt Lemon Jr.,26.0
2018-19,201961,Wayne Ellington,31.0
2018-19,1627782,Wayne Selden,24.0
2018-19,1628976,Wendell Carter Jr.,20.0
2018-19,1628411,Wes Iwundu,24.0
2018-19,202325,Wesley Johnson,31.0
2018-19,202083,Wesley Matthews,32.0
2018-19,203115,Will Barton,28.0
2018-19,1626161,Willie Cauley-Stein,25.0
2018-19,1626195,Willy Hernangomez,25.0
2018-19,201163,Wilson Chandler,32.0
2018-19,1628999,Yante Maten,22.0
2018-19,1627812,Yogi Ferrell,26.0
2018-19,1629139,Yuta Watanabe,24.0
2018-19,1628380,Zach Collins,21.0
2018-19,203897,Zach LaVine,24.0
2018-19,1629155,Zach Lofton,26.0
2018-19,2585,Zaza Pachulia,35.0
2018-19,1629015,Zhaire Smith,20.0
2018-19,1627753,Zhou Qi,23.0
2019-20,203932,Aaron Gordon,24.0
2019-20,1628988,Aaron Holiday,23.0
2019-20,1627846,Abdel Nader,26.0
2019-20,1629690,Adam Mokoka,21.0
2019-20,1629678,Admiral Schofield,23.0
2019-20,201143,Al Horford,34.0
2019-20,202329,Al-Farouq Aminu,29.0
2019-20,202692,Alec Burks,28.0
2019-20,1629346,Alen Smailagic,19.0
2019-20,1627936,Alex Caruso,26.0
2019-20,203458,Alex Len,27.0
2019-20,1628035,Alfonzo McKinnie,27.0
2019-20,1628993,Alize Johnson,24.0
2019-20,203459,Allen Crabbe,28.0
2019-20,1629019,Allonzo Trier,24.0
2019-20,1628518,Amile Jefferson,27.0
2019-20,1629599,Amir Coffey,23.0
2019-20,203083,Andre Drummond,26.0
2019-20,2738,Andre Iguodala,36.0
2019-20,203460,Andre Roberson,28.0
2019-20,203952,Andrew Wiggins,25.0
2019-20,1629014,Anfernee Simons,21.0
2019-20,1627790,Ante Zizic,23.0
2019-20,203076,Anthony Davis,27.0
2019-20,201229,Anthony Tolliver,35.0
2019-20,1628499,Antonius Cleveland,26.0
2019-20,1628394,Anžejs Pasečņiks,24.0
2019-20,203382,Aron Baynes,33.0
2019-20,203085,Austin Rivers,27.0
2019-20,202340,Avery Bradley,29.0
2019-20,1629168,BJ Johnson,24.0
2019-20,1628389,Bam Adebayo,22.0
2019-20,203463,Ben McLemore,27.0
2019-20,1627732,Ben Simmons,23.0
2019-20,202687,Bismack Biyombo,27.0
2019-20,201933,Blake Griffin,31.0
2019-20,1626246,Boban Marjanovic,31.0
2019-20,1626171,Bobby Portis,25.0
2019-20,203992,Bogdan Bogdanović,27.0
2019-20,202711,Bojan Bogdanovic,31.0
2019-20,1629626,Bol Bol,20.0
2019-20,202954,Brad Wanamaker,30.0
2019-20,203078,Bradley Beal,27.0
2019-20,1629634,Brandon Clarke,23.0
2019-20,1629164,Brandon Goodwin,24.0
2019-20,1627742,Brandon Ingram,22.0
2019-20,202688,Brandon Knight,28.0
2019-20,1628968,Brian Bowen II,21.0
2019-20,201572,Brook Lopez,32.0
2019-20,1628971,Bruce Brown,23.0
2019-20,203998,Bruno Caboclo,24.0
2019-20,1628981,Bruno Fernando,21.0
2019-20,1627854,Bryn Forbes,26.0
2019-20,1627741,Buddy Hield,27.0
2019-20,203468,CJ McCollum,28.0
2019-20,101139,CJ Miles,33.0
2019-20,1628997,Caleb Martin,24.0
2019-20,1628403,Caleb Swanigan,23.0
2019-20,1629629,Cam Reddish,20.0
2019-20,1629661,Cameron Johnson,24.0
2019-20,1626166,Cameron Payne,25.0
2019-20,1627747,Caris LeVert,25.0
2019-20,2546,Carmelo Anthony,36.0
2019-20,1629035,Carsen Edwards,22.0
2019-20,1626224,Cedi Osman,25.0
2019-20,1628990,Chandler Hutchison,24.0
2019-20,202718,Chandler Parsons,31.0
2019-20,1629718,Charlie Brown Jr.,23.0
2019-20,1626184,Chasson Randle,27.0
2019-20,1627767,Cheick Diallo,23.0
2019-20,1629002,Chimezie Metu,23.0
2019-20,1628449,Chris Boucher,27.0
2019-20,1629185,Chris Chiozza,24.0
2019-20,1629598,Chris Clemons,22.0
2019-20,101108,Chris Paul,35.0
2019-20,1629735,Chris Silva,23.0
2019-20,1626174,Christian Wood,24.0
2019-20,203991,Clint Capela,26.0
2019-20,1629632,Coby White,20.0
2019-20,1628998,Cody Martin,24.0
2019-20,203469,Cody Zeller,27.0
2019-20,1629012,Collin Sexton,21.0
2019-20,201147,Corey Brewer,34.0
2019-20,202709,Cory Joseph,28.0
2019-20,201584,Courtney Lee,34.0
2019-20,1626245,Cristiano Felicio,27.0
2019-20,1626156,D'Angelo Russell,24.0
2019-20,201571,D.J. Augustin,32.0
2019-20,1628391,D.J. Wilson,24.0
2019-20,1629610,DaQuan Jeffries,22.0
2019-20,1627745,Damian Jones,25.0
2019-20,203081,Damian Lillard,29.0
2019-20,1627814,Damion Lee,27.0
2019-20,1628422,Damyean Dotson,26.0
2019-20,1629655,Daniel Gafford,21.0
2019-20,1628464,Daniel Theis,28.0
2019-20,201568,Danilo Gallinari,31.0
2019-20,201980,Danny Green,33.0
2019-20,203957,Dante Exum,24.0
2019-20,1627863,Danuel House Jr.,27.0
2019-20,203967,Dario Saric,26.0
2019-20,1629647,Darius Bazley,20.0
2019-20,1629636,Darius Garland,20.0
2019-20,1629133,Daryl Macon,24.0
2019-20,1628021,David Nwaba,27.0
2019-20,202722,Davis Bertans,27.0
2019-20,1628368,De'Aaron Fox,22.0
2019-20,1629631,De'Andre Hunter,22.0
2019-20,1629001,De'Anthony Melton,22.0
2019-20,201599,DeAndre Jordan,31.0
2019-20,1627761,DeAndre' Bembry,25.0
2019-20,201942,DeMar DeRozan,30.0
2019-20,201960,DeMarre Carroll,33.0
2019-20,1629731,Dean Wade,23.0
2019-20,1629028,Deandre Ayton,21.0
2019-20,1627749,Dejounte Murray,23.0
2019-20,1626153,Delon Wright,28.0
2019-20,203471,Dennis Schröder,26.0
2019-20,1628372,Dennis Smith Jr.,22.0
2019-20,1627756,Denzel Valentine,26.0
2019-20,1629126,Deonte Burton,26.0
2019-20,202324,Derrick Favors,28.0
2019-20,1627884,Derrick Jones Jr.,23.0
2019-20,201565,Derrick Rose,31.0
2019-20,1628476,Derrick Walton Jr.,25.0
2019-20,1628401,Derrick White,25.0
2019-20,1626164,Devin Booker,23.0
2019-20,1628985,Devon Hall,24.0
2019-20,1629719,Devontae Cacok,23.0
2019-20,1628984,Devonte' Graham,25.0
2019-20,1629608,Dewan Hernandez,23.0
2019-20,203473,Dewayne Dedmon,30.0
2019-20,1628415,Dillon Brooks,24.0
2019-20,203079,Dion Waiters,28.0
2019-20,1627734,Domantas Sabonis,24.0
2019-20,1628378,Donovan Mitchell,23.0
2019-20,1629743,Donta Hall,22.0
2019-20,1628978,Donte DiVincenzo,23.0
2019-20,1627827,Dorian Finney-Smith,27.0
2019-20,203926,Doug McDermott,28.0
2019-20,1627733,Dragan Bender,22.0
2019-20,203110,Draymond Green,30.0
2019-20,1629234,Drew Eubanks,23.0
2019-20,1629130,Duncan Robinson,26.0
2019-20,1628605,Dusty Hannahs,26.0
2019-20,1628407,Dwayne Bacon,24.0
2019-20,2730,Dwight Howard,34.0
2019-20,203939,Dwight Powell,28.0
2019-20,1629058,Dzanan Musa,21.0
2019-20,202734,E'Twaun Moore,31.0
2019-20,202334,Ed Davis,31.0
2019-20,1628410,Edmond Sumner,24.0
2019-20,203901,Elfrid Payton,26.0
2019-20,1629059,Elie Okobo,22.0
2019-20,1626144,Emmanuel Mudiay,24.0
2019-20,202683,Enes Freedom,28.0
2019-20,202339,Eric Bledsoe,30.0
2019-20,201569,Eric Gordon,31.0
2019-20,1628450,Eric Mika,25.0
2019-20,1629672,Eric Paschall,23.0
2019-20,101141,Ersan Ilyasova,33.0
2019-20,203095,Evan Fournier,27.0
2019-20,202323,Evan Turner,31.0
2019-20,1628402,Frank Jackson,22.0
2019-20,1626163,Frank Kaminsky,27.0
2019-20,1628412,Frank Mason III,26.0
2019-20,1628373,Frank Ntilikina,21.0
2019-20,1627832,Fred VanVleet,26.0
2019-20,1627788,Furkan Korkmaz,22.0
2019-20,1629216,Gabe Vincent,24.0
2019-20,202066,Garrett Temple,34.0
2019-20,1629726,Garrison Mathews,23.0
2019-20,1629109,Gary Clark,25.0
2019-20,203914,Gary Harris,25.0
2019-20,1627780,Gary Payton II,27.0
2019-20,1629018,Gary Trent Jr.,21.0
2019-20,201588,George Hill,34.0
2019-20,1627777,Georges Niang,27.0
2019-20,203507,Giannis Antetokounmpo,25.0
2019-20,203922,Glenn Robinson III,26.0
2019-20,1629048,Goga Bitadze,20.0
2019-20,201609,Goran Dragic,34.0
2019-20,202330,Gordon Hayward,30.0
2019-20,203476,Gorgui Dieng,30.0
2019-20,1629684,Grant Williams,21.0
2019-20,1628960,Grayson Allen,24.0
2019-20,1628977,Hamidou Diallo,21.0
2019-20,203084,Harrison Barnes,28.0
2019-20,1628385,Harry Giles III,22.0
2019-20,202355,Hassan Whiteside,31.0
2019-20,1627740,Henry Ellenson,23.0
2019-20,101133,Ian Mahinmi,33.0
2019-20,1629649,Ignas Brazdeikis,21.0
2019-20,202697,Iman Shumpert,30.0
2019-20,1629067,Isaac Bonga,20.0
2019-20,1628392,Isaiah Hartenstein,22.0
2019-20,1629676,Isaiah Roby,22.0
2019-20,202738,Isaiah Thomas,31.0
2019-20,202397,Ish Smith,31.0
2019-20,1627826,Ivica Zubac,23.0
2019-20,200826,J.J. Barea,36.0
2019-20,1629122,J.P. Macura,25.0
2019-20,200755,JJ Redick,36.0
2019-20,2747,JR Smith,34.0
2019-20,1629630,Ja Morant,20.0
2019-20,203960,JaKarr Sampson,27.0
2019-20,203210,JaMychal Green,30.0
2019-20,201580,JaVale McGee,32.0
2019-20,203953,Jabari Parker,25.0
2019-20,1628980,Jacob Evans,23.0
2019-20,203109,Jae Crowder,29.0
2019-20,1626143,Jahlil Okafor,24.0
2019-20,1627774,Jake Layman,26.0
2019-20,1627751,Jakob Poeltl,24.0
2019-20,1628973,Jalen Brunson,23.0
2019-20,1629665,Jalen Lecque,20.0
2019-20,1629667,Jalen McDaniels,22.0
2019-20,2037,Jamal Crawford,40.0
2019-20,1627750,Jamal Murray,23.0
2019-20,203516,James Ennis III,29.0
2019-20,201935,James Harden,30.0
2019-20,201949,James Johnson,33.0
2019-20,201162,Jared Dudley,34.0
2019-20,1629607,Jared Harper,22.0
2019-20,1628991,Jaren Jackson Jr.,20.0
2019-20,1629020,Jarred Vanderbilt,21.0
2019-20,1629714,Jarrell Brantley,24.0
2019-20,1628386,Jarrett Allen,22.0
2019-20,1629633,Jarrett Culver,21.0
2019-20,1627784,Jarrod Uthoff,27.0
2019-20,1629750,Javonte Green,26.0
2019-20,1629637,Jaxson Hayes,20.0
2019-20,1627759,Jaylen Brown,23.0
2019-20,1629658,Jaylen Hoard,21.0
2019-20,1629669,Jaylen Nowell,20.0
2019-20,1628369,Jayson Tatum,22.0
2019-20,201145,Jeff Green,33.0
2019-20,201952,Jeff Teague,32.0
2019-20,203924,Jerami Grant,26.0
2019-20,1629725,Jeremiah Martin,24.0
2019-20,203087,Jeremy Lamb,28.0
2019-20,202951,Jeremy Pargo,34.0
2019-20,1626170,Jerian Grant,27.0
2019-20,1629010,Jerome Robinson,23.0
2019-20,1628975,Jevon Carter,24.0
2019-20,202710,Jimmy Butler III,30.0
2019-20,201149,Joakim Noah,35.0
2019-20,1629147,Joe Chealey,24.0
2019-20,203925,Joe Harris,28.0
2019-20,204060,Joe Ingles,32.0
2019-20,203954,Joel Embiid,26.0
2019-20,1628381,John Collins,22.0
2019-20,203089,John Henson,29.0
2019-20,1629723,John Konchar,24.0
2019-20,1628405,Johnathan Motley,25.0
2019-20,1629140,Johnathan Williams,25.0
2019-20,1628413,Jonah Bolden,24.0
2019-20,202685,Jonas Valančiūnas,28.0
2019-20,1628371,Jonathan Isaac,22.0
2019-20,1628395,Jordan Bell,25.0
2019-20,1629648,Jordan Bone,22.0
2019-20,203903,Jordan Clarkson,28.0
2019-20,1629162,Jordan McLaughlin,24.0
2019-20,203895,Jordan McRae,29.0
2019-20,1629673,Jordan Poole,21.0
2019-20,1627982,Josh Gray,26.0
2019-20,1628404,Josh Hart,25.0
2019-20,1628367,Josh Jackson,23.0
2019-20,203705,Josh Magette,30.0
2019-20,1629006,Josh Okogie,21.0
2019-20,1629729,Josh Reaves,23.0
2019-20,1626196,Josh Richardson,26.0
2019-20,201950,Jrue Holiday,30.0
2019-20,1629308,Juan Toscano-Anderson,27.0
2019-20,1627823,Juancho Hernangomez,24.0
2019-20,203944,Julius Randle,25.0
2019-20,1626147,Justin Anderson,26.0
2019-20,203200,Justin Holiday,31.0
2019-20,1628382,Justin Jackson,25.0
2019-20,1629713,Justin James,23.0
2019-20,1628383,Justin Patton,23.0
2019-20,1629620,Justin Robinson,22.0
2019-20,1629625,Justin Wright-Foreman,22.0
2019-20,1626159,Justise Winslow,24.0
2019-20,203994,Jusuf Nurkić,25.0
2019-20,1629752,Juwan Morgan,23.0
2019-20,1629644,KZ Okpala,21.0
2019-20,1628443,Kadeem Allen,27.0
2019-20,1626157,Karl-Anthony Towns,24.0
2019-20,202695,Kawhi Leonard,29.0
2019-20,1628966,Keita Bates-Diop,24.0
2019-20,1629103,Kelan Martin,24.0
2019-20,1629640,Keldon Johnson,20.0
2019-20,203482,Kelly Olynyk,29.0
2019-20,1626162,Kelly Oubre Jr.,24.0
2019-20,202689,Kemba Walker,30.0
2019-20,1629134,Kendrick Nunn,24.0
2019-20,1629026,Kenrich Williams,25.0
2019-20,203145,Kent Bazemore,30.0
2019-20,203484,Kentavious Caldwell-Pope,27.0
2019-20,1628987,Kevin Hervey,23.0
2019-20,1628989,Kevin Huerter,21.0
2019-20,1628995,Kevin Knox II,20.0
2019-20,201567,Kevin Love,31.0
2019-20,1629645,Kevin Porter Jr.,20.0
2019-20,1626172,Kevon Looney,24.0
2019-20,203920,Khem Birch,27.0
2019-20,203114,Khris Middleton,28.0
2019-20,1629017,Khyri Thomas,24.0
2019-20,1628961,Kostas Antetokounmpo,22.0
2019-20,1627739,Kris Dunn,26.0
2019-20,204001,Kristaps Porziņģis,24.0
2019-20,1629065,Ky Bowman,23.0
2019-20,1629734,Kyle Alexander,23.0
2019-20,203937,Kyle Anderson,26.0
2019-20,1629657,Kyle Guy,22.0
2019-20,2594,Kyle Korver,39.0
2019-20,1628398,Kyle Kuzma,24.0
2019-20,200768,Kyle Lowry,34.0
2019-20,203124,Kyle O'Quinn,30.0
2019-20,202681,Kyrie Irving,28.0
2019-20,200746,LaMarcus Aldridge,34.0
2019-20,202498,Lance Thomas,32.0
2019-20,1629013,Landry Shamet,23.0
2019-20,204038,Langston Galloway,28.0
2019-20,1626204,Larry Nance Jr.,27.0
2019-20,1628374,Lauri Markkanen,23.0
2019-20,2544,LeBron James,35.0
2019-20,1629022,Lonnie Walker IV,21.0
2019-20,1628366,Lonzo Ball,22.0
2019-20,101150,Lou Williams,33.0
2019-20,1629663,Louis King,21.0
2019-20,201601,Luc Mbah a Moute,33.0
2019-20,1629652,Luguentz Dort,21.0
2019-20,1629029,Luka Dončić,21.0
2019-20,1629677,Luka Samanic,20.0
2019-20,1628379,Luke Kennard,24.0
2019-20,1628436,Luke Kornet,24.0
2019-20,1627763,Malcolm Brogdon,27.0
2019-20,1626259,Malcolm Miller,27.0
2019-20,1627736,Malik Beasley,23.0
2019-20,1628370,Malik Monk,22.0
2019-20,1629005,Malik Newman,23.0
2019-20,201188,Marc Gasol,35.0
2019-20,201158,Marco Belinelli,34.0
2019-20,202694,Marcus Morris Sr.,30.0
2019-20,203935,Marcus Smart,26.0
2019-20,1629621,Marial Shayok,24.0
2019-20,1626209,Mario Hezonja,25.0
2019-20,1628365,Markelle Fultz,22.0
2019-20,202693,Markieff Morris,30.0
2019-20,1629741,Marko Guduric,25.0
2019-20,1629716,Marques Bolden,22.0
2019-20,1627737,Marquese Chriss,22.0
2019-20,1628963,Marvin Bagley III,21.0
2019-20,101107,Marvin Williams,34.0
2019-20,203486,Mason Plumlee,30.0
2019-20,1629680,Matisse Thybulle,23.0
2019-20,1629760,Matt Mooney,25.0
2019-20,1629744,Matt Thomas,25.0
2019-20,203521,Matthew Dellavedova,29.0
2019-20,203090,Maurice Harkless,27.0
2019-20,1629622,Max Strus,24.0
2019-20,1628467,Maxi Kleber,28.0
2019-20,1628982,Melvin Frazier Jr.,23.0
2019-20,203086,Meyers Leonard,28.0
2019-20,1629662,Mfiondu Kabengele,22.0
2019-20,203487,Michael Carter-Williams,28.0
2019-20,1626187,Michael Frazier II,26.0
2019-20,203077,Michael Kidd-Gilchrist,26.0
2019-20,1629008,Michael Porter Jr.,22.0
2019-20,1628969,Mikal Bridges,23.0
2019-20,201144,Mike Conley,32.0
2019-20,203488,Mike Muscala,28.0
2019-20,203118,Mike Scott,31.0
2019-20,1628970,Miles Bridges,22.0
2019-20,1629011,Mitchell Robinson,22.0
2019-20,1629671,Miye Oni,22.0
2019-20,1628964,Mo Bamba,22.0
2019-20,1628420,Monte Morris,25.0
2019-20,1626149,Montrezl Harrell,26.0
2019-20,1629021,Moritz Wagner,23.0
2019-20,1629650,Moses Brown,20.0
2019-20,1628539,Mychal Mulder,26.0
2019-20,1626167,Myles Turner,24.0
2019-20,1629642,Nassir Little,20.0
2019-20,1628513,Naz Mitrou-Long,26.0
2019-20,1629675,Naz Reid,20.0
2019-20,202357,Nemanja Bjelica,32.0
2019-20,203457,Nerlens Noel,26.0
2019-20,1629651,Nic Claxton,21.0
2019-20,1629638,Nickeil Alexander-Walker,21.0
2019-20,201587,Nicolas Batum,31.0
2019-20,1629740,Nicolo Melli,29.0
2019-20,1628430,Nigel Williams-Goss,25.0
2019-20,203999,Nikola Jokić,25.0
2019-20,202696,Nikola Vučević,29.0
2019-20,203943,Noah Vonleh,24.0
2019-20,1626181,Norman Powell,27.0
2019-20,203658,Norvel Pelle,27.0
2019-20,1628384,OG Anunoby,22.0
2019-20,1629016,Omari Spellman,22.0
2019-20,1629052,Oshae Brissett,22.0
2019-20,203490,Otto Porter Jr.,27.0
2019-20,200782,P.J. Tucker,35.0
2019-20,1629023,P.J. Washington,21.0
2019-20,1628408,PJ Dozier,23.0
2019-20,1627783,Pascal Siakam,26.0
2019-20,1626192,Pat Connaughton,27.0
2019-20,201976,Patrick Beverley,31.0
2019-20,1627775,Patrick McCaw,24.0
2019-20,202335,Patrick Patterson,31.0
2019-20,201988,Patty Mills,31.0
2019-20,202331,Paul George,30.0
2019-20,200794,Paul Millsap,35.0
2019-20,1628778,Paul Watson,25.0
2019-20,1626188,Quinn Cook,27.0
2019-20,1629683,Quinndary Weatherspoon,23.0
2019-20,1629628,RJ Barrett,20.0
2019-20,200765,Rajon Rondo,34.0
2019-20,203526,Raul Neto,28.0
2019-20,1629730,Rayjon Tucker,22.0
2019-20,203493,Reggie Bullock Jr.,29.0
2019-20,202704,Reggie Jackson,30.0
2019-20,1626158,Richaun Holmes,26.0
2019-20,201937,Ricky Rubio,29.0
2019-20,203496,Robert Covington,29.0
2019-20,1629057,Robert Williams III,22.0
2019-20,201577,Robin Lopez,32.0
2019-20,1629066,Rodions Kurucs,22.0
2019-20,203918,Rodney Hood,27.0
2019-20,203585,Rodney McGruder,28.0
2019-20,1629641,Romeo Langford,20.0
2019-20,1626178,Rondae Hollis-Jefferson,25.0
2019-20,1626220,Royce O'Neale,27.0
2019-20,200752,Rudy Gay,33.0
2019-20,203497,Rudy Gobert,28.0
2019-20,1629060,Rui Hachimura,22.0
2019-20,201566,Russell Westbrook,31.0
2019-20,201583,Ryan Anderson,32.0
2019-20,1627853,Ryan Arcidiacono,26.0
2019-20,1629151,Ryan Broekhoff,29.0
2019-20,1629635,Sekou Doumbouya,19.0
2019-20,1628400,Semi Ojeleye,25.0
2019-20,201586,Serge Ibaka,30.0
2019-20,203552,Seth Curry,29.0
2019-20,203894,Shabazz Napier,28.0
2019-20,1628983,Shai Gilgeous-Alexander,21.0
2019-20,1629003,Shake Milton,23.0
2019-20,1629044,Shamorie Ponds,22.0
2019-20,1627885,Shaquille Harrison,26.0
2019-20,1628414,Sindarius Thornwell,25.0
2019-20,1627746,Skal Labissiere,24.0
2019-20,203524,Solomon Hill,29.0
2019-20,203915,Spencer Dinwiddie,27.0
2019-20,1626169,Stanley Johnson,24.0
2019-20,1629742,Stanton Kidd,28.0
2019-20,201939,Stephen Curry,32.0
2019-20,1628425,Sterling Brown,25.0
2019-20,203500,Steven Adams,26.0
2019-20,1629004,Svi Mykhailiuk,23.0
2019-20,1628388,T.J. Leaf,23.0
2019-20,204456,T.J. McConnell,28.0
2019-20,203933,T.J. Warren,26.0
2019-20,1629605,Tacko Fall,24.0
2019-20,201959,Taj Gibson,35.0
2019-20,1629659,Talen Horton-Tucker,19.0
2019-20,1629745,Tariq Owens,25.0
2019-20,1627752,Taurean Prince,26.0
2019-20,1629611,Terance Mann,23.0
2019-20,1629056,Terence Davis,23.0
2019-20,1628390,Terrance Ferguson,22.0
2019-20,203082,Terrence Ross,29.0
2019-20,1626179,Terry Rozier,26.0
2019-20,200757,Thabo Sefolosha,36.0
2019-20,201152,Thaddeus Young,32.0
2019-20,203648,Thanasis Antetokounmpo,27.0
2019-20,1629033,Theo Pinson,24.0
2019-20,1628418,Thomas Bryant,22.0
2019-20,1627748,Thon Maker,23.0
2019-20,204025,Tim Frazier,29.0
2019-20,203501,Tim Hardaway Jr.,28.0
2019-20,1627789,Timothe Luwawu-Cabarrot,25.0
2019-20,202699,Tobias Harris,27.0
2019-20,203107,Tomas Satoransky,28.0
2019-20,1628396,Tony Bradley,22.0
2019-20,203503,Tony Snell,28.0
2019-20,1628470,Torrey Craig,29.0
2019-20,1629027,Trae Young,21.0
2019-20,1629682,Tremont Waters,22.0
2019-20,1626203,Treveon Graham,26.0
2019-20,2772,Trevor Ariza,35.0
2019-20,203504,Trey Burke,27.0
2019-20,1626168,Trey Lyles,24.0
2019-20,202684,Tristan Thompson,29.0
2019-20,1628972,Troy Brown Jr.,20.0
2019-20,203584,Troy Daniels,28.0
2019-20,1629660,Ty Jerome,22.0
2019-20,1629076,Tyler Cook,22.0
2019-20,1629639,Tyler Herro,20.0
2019-20,204020,Tyler Johnson,28.0
2019-20,203092,Tyler Zeller,30.0
2019-20,1627820,Tyrone Wallace,26.0
2019-20,2199,Tyson Chandler,37.0
2019-20,1626145,Tyus Jones,24.0
2019-20,2617,Udonis Haslem,40.0
2019-20,1629724,Vic Law,24.0
2019-20,203506,Victor Oladipo,28.0
2019-20,1713,Vince Carter,43.0
2019-20,1629738,Vincent Poirier,26.0
2019-20,1628427,Vlatko Čančar,23.0
2019-20,201961,Wayne Ellington,32.0
2019-20,1628976,Wendell Carter Jr.,21.0
2019-20,1629117,Wenyen Gabriel,23.0
2019-20,1628411,Wes Iwundu,25.0
2019-20,202083,Wesley Matthews,33.0
2019-20,203115,Will Barton,29.0
2019-20,1629739,William Howard,26.0
2019-20,1626161,Willie Cauley-Stein,26.0
2019-20,1626195,Willy Hernangomez,26.0
2019-20,201163,Wilson Chandler,33.0
2019-20,1627812,Yogi Ferrell,27.0
2019-20,1629139,Yuta Watanabe,25.0
2019-20,1628380,Zach Collins,22.0
2019-20,203897,Zach LaVine,25.0
2019-20,1629668,Zach Norvell Jr.,22.0
2019-20,1629015,Zhaire Smith,21.0
2019-20,1629627,Zion Williamson,19.0
2019-20,1629597,Zylan Cheatham,24.0
2020-21,203932,Aaron Gordon,25.0
2020-21,1628988,Aaron Holiday,24.0
2020-21,1630174,Aaron Nesmith,21.0
2020-21,1627846,Abdel Nader,27.0
2020-21,1629690,Adam Mokoka,22.0
2020-21,201143,Al Horford,35.0
2020-21,202329,Al-Farouq Aminu,30.0
2020-21,202692,Alec Burks,29.0
2020-21,1630197,Aleksej Pokusevski,19.0
2020-21,1629346,Alen Smailagic,20.0
2020-21,1627936,Alex Caruso,27.0
2020-21,203458,Alex Len,28.0
2020-21,1628035,Alfonzo McKinnie,28.0
2020-21,1628993,Alize Johnson,25.0
2020-21,1628578,Amida Brimah,27.0
2020-21,1629599,Amir Coffey,24.0
2020-21,2760,Anderson Varejao,38.0
2020-21,203083,Andre Drummond,27.0
2020-21,2738,Andre Iguodala,37.0
2020-21,203460,Andre Roberson,29.0
2020-21,203952,Andrew Wiggins,26.0
2020-21,1629014,Anfernee Simons,22.0
2020-21,203076,Anthony Davis,28.0
2020-21,1630162,Anthony Edwards,19.0
2020-21,1630264,Anthony Gill,28.0
2020-21,1630237,Anthony Lamb,23.0
2020-21,201229,Anthony Tolliver,36.0
2020-21,1628394,Anžejs Pasečņiks,25.0
2020-21,1629717,Armoni Brooks,23.0
2020-21,203382,Aron Baynes,34.0
2020-21,1630204,Ashton Hagans,21.0
2020-21,203085,Austin Rivers,28.0
2020-21,202340,Avery Bradley,30.0
2020-21,1626253,Axel Toupane,28.0
2020-21,1628389,Bam Adebayo,23.0
2020-21,203463,Ben McLemore,28.0
2020-21,1627732,Ben Simmons,24.0
2020-21,202687,Bismack Biyombo,28.0
2020-21,201933,Blake Griffin,32.0
2020-21,1626246,Boban Marjanovic,32.0
2020-21,1626171,Bobby Portis,26.0
2020-21,203992,Bogdan Bogdanović,28.0
2020-21,202711,Bojan Bogdanovic,32.0
2020-21,1629626,Bol Bol,21.0
2020-21,202954,Brad Wanamaker,31.0
2020-21,203078,Bradley Beal,28.0
2020-21,1629634,Brandon Clarke,24.0
2020-21,1629164,Brandon Goodwin,25.0
2020-21,1627742,Brandon Ingram,23.0
2020-21,1628968,Brian Bowen II,22.0
2020-21,1630271,Brodric Thomas,24.0
2020-21,201572,Brook Lopez,33.0
2020-21,1628971,Bruce Brown,24.0
2020-21,203998,Bruno Caboclo,25.0
2020-21,1628981,Bruno Fernando,22.0
2020-21,1627854,Bryn Forbes,27.0
2020-21,1627741,Buddy Hield,28.0
2020-21,1629604,CJ Elleby,21.0
2020-21,203468,CJ McCollum,29.0
2020-21,1628997,Caleb Martin,25.0
2020-21,1629629,Cam Reddish,21.0
2020-21,1629244,Cam Reynolds,26.0
2020-21,1629661,Cameron Johnson,25.0
2020-21,1628419,Cameron Oliver,24.0
2020-21,1626166,Cameron Payne,26.0
2020-21,1627747,Caris LeVert,26.0
2020-21,2546,Carmelo Anthony,37.0
2020-21,1629035,Carsen Edwards,23.0
2020-21,1630199,Cassius Stanley,21.0
2020-21,1630216,Cassius Winston,23.0
2020-21,1626224,Cedi Osman,26.0
2020-21,1628990,Chandler Hutchison,25.0
2020-21,1629718,Charlie Brown Jr.,24.0
2020-21,1626184,Chasson Randle,28.0
2020-21,1629002,Chimezie Metu,24.0
2020-21,1628449,Chris Boucher,28.0
2020-21,1629185,Chris Chiozza,25.0
2020-21,101108,Chris Paul,36.0
2020-21,1629735,Chris Silva,24.0
2020-21,1626174,Christian Wood,25.0
2020-21,1629643,Chuma Okeke,22.0
2020-21,203991,Clint Capela,27.0
2020-21,1629632,Coby White,21.0
2020-21,1628998,Cody Martin,25.0
2020-21,203469,Cody Zeller,28.0
2020-21,1630175,Cole Anthony,21.0
2020-21,1629012,Collin Sexton,22.0
2020-21,202709,Cory Joseph,29.0
2020-21,1626245,Cristiano Felicio,28.0
2020-21,1626156,D'Angelo Russell,25.0
2020-21,201571,D.J. Augustin,33.0
2020-21,1628391,D.J. Wilson,25.0
2020-21,1629610,DaQuan Jeffries,23.0
2020-21,1629751,Dakota Mathias,25.0
2020-21,1627745,Damian Jones,26.0
2020-21,203081,Damian Lillard,30.0
2020-21,1627814,Damion Lee,28.0
2020-21,1628422,Damyean Dotson,27.0
2020-21,1629655,Daniel Gafford,22.0
2020-21,1630187,Daniel Oturu,21.0
2020-21,1628464,Daniel Theis,29.0
2020-21,201568,Danilo Gallinari,32.0
2020-21,201980,Danny Green,34.0
2020-21,203957,Dante Exum,25.0
2020-21,1627863,Danuel House Jr.,28.0
2020-21,203967,Dario Saric,27.0
2020-21,1629647,Darius Bazley,21.0
2020-21,1629636,Darius Garland,21.0
2020-21,203121,Darius Miller,31.0
2020-21,1628021,David Nwaba,28.0
2020-21,202722,Davis Bertans,28.0
2020-21,1628368,De'Aaron Fox,23.0
2020-21,1629631,De'Andre Hunter,23.0
2020-21,1629001,De'Anthony Melton,23.0
2020-21,201599,DeAndre Jordan,32.0
2020-21,1627761,DeAndre' Bembry,26.0
2020-21,201942,DeMar DeRozan,31.0
2020-21,202326,DeMarcus Cousins,30.0
2020-21,1629731,Dean Wade,24.0
2020-21,1629028,Deandre Ayton,22.0
2020-21,1629686,Deividas Sirvydis,21.0
2020-21,1627749,Dejounte Murray,24.0
2020-21,1626153,Delon Wright,29.0
2020-21,1630166,Deni Avdija,20.0
2020-21,203471,Dennis Schröder,27.0
2020-21,1628372,Dennis Smith Jr.,23.0
2020-21,1627756,Denzel Valentine,27.0
2020-21,202324,Derrick Favors,29.0
2020-21,1627884,Derrick Jones Jr.,24.0
2020-21,201565,Derrick Rose,32.0
2020-21,1628401,Derrick White,26.0
2020-21,1630217,Desmond Bane,23.0
2020-21,1626164,Devin Booker,24.0
2020-21,1629962,Devin Cannady,25.0
2020-21,1630170,Devin Vassell,20.0
2020-21,1629653,Devon Dotson,21.0
2020-21,1629719,Devontae Cacok,24.0
2020-21,1628984,Devonte' Graham,26.0
2020-21,203473,Dewayne Dedmon,31.0
2020-21,1629712,Didi Louzada,21.0
2020-21,1628415,Dillon Brooks,25.0
2020-21,1627734,Domantas Sabonis,25.0
2020-21,1628378,Donovan Mitchell,24.0
2020-21,1629743,Donta Hall,23.0
2020-21,1628978,Donte DiVincenzo,24.0
2020-21,1627827,Dorian Finney-Smith,28.0
2020-21,203926,Doug McDermott,29.0
2020-21,203110,Draymond Green,31.0
2020-21,1629234,Drew Eubanks,24.0
2020-21,1629130,Duncan Robinson,27.0
2020-21,1628407,Dwayne Bacon,25.0
2020-21,2730,Dwight Howard,35.0
2020-21,203939,Dwight Powell,29.0
2020-21,1629685,Dylan Windler,24.0
2020-21,202734,E'Twaun Moore,32.0
2020-21,202334,Ed Davis,32.0
2020-21,1628410,Edmond Sumner,25.0
2020-21,203901,Elfrid Payton,27.0
2020-21,1629091,Elijah Bryant,26.0
2020-21,1630190,Elijah Hughes,23.0
2020-21,202683,Enes Freedom,29.0
2020-21,202339,Eric Bledsoe,31.0
2020-21,201569,Eric Gordon,32.0
2020-21,1629672,Eric Paschall,24.0
2020-21,101141,Ersan Ilyasova,34.0
2020-21,203095,Evan Fournier,28.0
2020-21,1630267,Facundo Campazzo,30.0
2020-21,1628402,Frank Jackson,23.0
2020-21,1626163,Frank Kaminsky,28.0
2020-21,1628412,Frank Mason III,27.0
2020-21,1628373,Frank Ntilikina,22.0
2020-21,1627832,Fred VanVleet,27.0
2020-21,1630273,Freddie Gillespie,24.0
2020-21,1627788,Furkan Korkmaz,23.0
2020-21,1629216,Gabe Vincent,25.0
2020-21,1630466,Gabriel Deck,26.0
2020-21,202066,Garrett Temple,35.0
2020-21,1629726,Garrison Mathews,24.0
2020-21,1629109,Gary Clark,26.0
2020-21,203914,Gary Harris,26.0
2020-21,1627780,Gary Payton II,28.0
2020-21,1629018,Gary Trent Jr.,22.0
2020-21,201588,George Hill,35.0
2020-21,1627777,Georges Niang,28.0
2020-21,203507,Giannis Antetokounmpo,26.0
2020-21,203922,Glenn Robinson III,27.0
2020-21,1629048,Goga Bitadze,21.0
2020-21,201609,Goran Dragic,35.0
2020-21,202330,Gordon Hayward,31.0
2020-21,203476,Gorgui Dieng,31.0
2020-21,1630203,Grant Riller,24.0
2020-21,1629684,Grant Williams,22.0
2020-21,1628960,Grayson Allen,25.0
2020-21,204222,Greg Whittington,28.0
2020-21,1628977,Hamidou Diallo,22.0
2020-21,203084,Harrison Barnes,29.0
2020-21,1628385,Harry Giles III,23.0
2020-21,202355,Hassan Whiteside,32.0
2020-21,1627740,Henry Ellenson,24.0
2020-21,1629649,Ignas Brazdeikis,22.0
2020-21,202697,Iman Shumpert,31.0
2020-21,1630193,Immanuel Quickley,22.0
2020-21,1629067,Isaac Bonga,21.0
2020-21,1630171,Isaac Okoro,20.0
2020-21,1628392,Isaiah Hartenstein,23.0
2020-21,1630198,Isaiah Joe,21.0
2020-21,1629676,Isaiah Roby,23.0
2020-21,1630191,Isaiah Stewart,20.0
2020-21,202738,Isaiah Thomas,32.0
2020-21,202397,Ish Smith,32.0
2020-21,1627826,Ivica Zubac,24.0
2020-21,200755,JJ Redick,37.0
2020-21,1629630,Ja Morant,21.0
2020-21,203960,JaKarr Sampson,28.0
2020-21,203210,JaMychal Green,31.0
2020-21,201580,JaVale McGee,33.0
2020-21,203953,Jabari Parker,26.0
2020-21,1630183,Jaden McDaniels,20.0
2020-21,203109,Jae Crowder,30.0
2020-21,1630256,Jae'Sean Tate,25.0
2020-21,1626143,Jahlil Okafor,25.0
2020-21,1630186,Jahmi'us Ramsey,20.0
2020-21,1627774,Jake Layman,27.0
2020-21,1627751,Jakob Poeltl,25.0
2020-21,1628973,Jalen Brunson,24.0
2020-21,1630223,Jalen Harris,22.0
2020-21,1629665,Jalen Lecque,21.0
2020-21,1629667,Jalen McDaniels,23.0
2020-21,1630188,Jalen Smith,21.0
2020-21,1627750,Jamal Murray,24.0
2020-21,203516,James Ennis III,30.0
2020-21,201935,James Harden,31.0
2020-21,201949,James Johnson,34.0
2020-21,203263,James Nunnally,30.0
2020-21,1630164,James Wiseman,20.0
2020-21,201162,Jared Dudley,35.0
2020-21,1629607,Jared Harper,23.0
2020-21,1628991,Jaren Jackson Jr.,21.0
2020-21,1629020,Jarred Vanderbilt,22.0
2020-21,1629714,Jarrell Brantley,25.0
2020-21,1628386,Jarrett Allen,23.0
2020-21,1629633,Jarrett Culver,22.0
2020-21,1629750,Javonte Green,27.0
2020-21,1629637,Jaxson Hayes,21.0
2020-21,1630206,Jay Scrubb,20.0
2020-21,1629121,Jaylen Adams,25.0
2020-21,1627759,Jaylen Brown,24.0
2020-21,1629658,Jaylen Hoard,22.0
2020-21,1629669,Jaylen Nowell,21.0
2020-21,1628369,Jayson Tatum,23.0
2020-21,201145,Jeff Green,34.0
2020-21,201952,Jeff Teague,33.0
2020-21,203924,Jerami Grant,27.0
2020-21,1629725,Jeremiah Martin,25.0
2020-21,203087,Jeremy Lamb,29.0
2020-21,1629010,Jerome Robinson,24.0
2020-21,1628975,Jevon Carter,25.0
2020-21,202710,Jimmy Butler III,31.0
2020-21,203925,Joe Harris,29.0
2020-21,204060,Joe Ingles,33.0
2020-21,203954,Joel Embiid,27.0
2020-21,1628381,John Collins,23.0
2020-21,1629723,John Konchar,25.0
2020-21,202322,John Wall,30.0
2020-21,202685,Jonas Valančiūnas,29.0
2020-21,1629007,Jontay Porter,21.0
2020-21,1628395,Jordan Bell,26.0
2020-21,1629648,Jordan Bone,23.0
2020-21,203903,Jordan Clarkson,29.0
2020-21,1629162,Jordan McLaughlin,25.0
2020-21,1629670,Jordan Nwora,22.0
2020-21,1629673,Jordan Poole,22.0
2020-21,1630182,Josh Green,20.0
2020-21,1630221,Josh Hall,20.0
2020-21,1628404,Josh Hart,26.0
2020-21,1628367,Josh Jackson,24.0
2020-21,1629006,Josh Okogie,22.0
2020-21,1626196,Josh Richardson,27.0
2020-21,201950,Jrue Holiday,31.0
2020-21,1629308,Juan Toscano-Anderson,28.0
2020-21,1627823,Juancho Hernangomez,25.0
2020-21,203944,Julius Randle,26.0
2020-21,203200,Justin Holiday,32.0
2020-21,1628382,Justin Jackson,26.0
2020-21,1629713,Justin James,24.0
2020-21,1628383,Justin Patton,24.0
2020-21,1629620,Justin Robinson,23.0
2020-21,1626159,Justise Winslow,25.0
2020-21,203994,Jusuf Nurkić,26.0
2020-21,1629752,Juwan Morgan,24.0
2020-21,1630231,KJ Martin,20.0
2020-21,1629644,KZ Okpala,22.0
2020-21,1630211,Karim Mane,21.0
2020-21,1626157,Karl-Anthony Towns,25.0
2020-21,202695,Kawhi Leonard,30.0
2020-21,1628966,Keita Bates-Diop,25.0
2020-21,1629103,Kelan Martin,25.0
2020-21,1629640,Keldon Johnson,21.0
2020-21,1629833,Keljin Blevins,25.0
2020-21,203482,Kelly Olynyk,30.0
2020-21,1626162,Kelly Oubre Jr.,25.0
2020-21,202689,Kemba Walker,31.0
2020-21,1629134,Kendrick Nunn,25.0
2020-21,1629026,Kenrich Williams,26.0
2020-21,203145,Kent Bazemore,31.0
2020-21,203484,Kentavious Caldwell-Pope,28.0
2020-21,201142,Kevin Durant,32.0
2020-21,1628989,Kevin Huerter,22.0
2020-21,1628995,Kevin Knox II,21.0
2020-21,201567,Kevin Love,32.0
2020-21,1629645,Kevin Porter Jr.,21.0
2020-21,1626172,Kevon Looney,25.0
2020-21,203920,Khem Birch,28.0
2020-21,203114,Khris Middleton,29.0
2020-21,1629017,Khyri Thomas,25.0
2020-21,1630165,Killian Hayes,19.0
2020-21,1629681,Killian Tillie,23.0
2020-21,1630184,Kira Lewis Jr.,20.0
2020-21,1628961,Kostas Antetokounmpo,23.0
2020-21,1627739,Kris Dunn,27.0
2020-21,204001,Kristaps Porziņģis,25.0
2020-21,203937,Kyle Anderson,27.0
2020-21,1629657,Kyle Guy,23.0
2020-21,1628398,Kyle Kuzma,25.0
2020-21,200768,Kyle Lowry,35.0
2020-21,202681,Kyrie Irving,29.0
2020-21,200746,LaMarcus Aldridge,35.0
2020-21,1630163,LaMelo Ball,19.0
2020-21,1630205,Lamar Stevens,23.0
2020-21,1629013,Landry Shamet,24.0
2020-21,204038,Langston Galloway,29.0
2020-21,1626204,Larry Nance Jr.,28.0
2020-21,1628374,Lauri Markkanen,24.0
2020-21,2544,LeBron James,36.0
2020-21,1629022,Lonnie Walker IV,22.0
2020-21,1628366,Lonzo Ball,23.0
2020-21,101150,Lou Williams,34.0
2020-21,1629663,Louis King,22.0
2020-21,1629652,Luguentz Dort,22.0
2020-21,1629029,Luka Dončić,22.0
2020-21,1629677,Luka Samanic,21.0
2020-21,1628379,Luke Kennard,25.0
2020-21,1628436,Luke Kornet,25.0
2020-21,1630201,Malachi Flynn,23.0
2020-21,1627763,Malcolm Brogdon,28.0
2020-21,1627736,Malik Beasley,24.0
2020-21,1630238,Malik Fitts,23.0
2020-21,1628370,Malik Monk,23.0
2020-21,1629603,Mamadi Diakite,24.0
2020-21,201188,Marc Gasol,36.0
2020-21,202694,Marcus Morris Sr.,31.0
2020-21,203935,Marcus Smart,27.0
2020-21,1628365,Markelle Fultz,23.0
2020-21,202693,Markieff Morris,31.0
2020-21,1630210,Markus Howard,22.0
2020-21,1629716,Marques Bolden,23.0
2020-21,1627737,Marquese Chriss,23.0
2020-21,1628963,Marvin Bagley III,22.0
2020-21,1630222,Mason Jones,22.0
2020-21,203486,Mason Plumlee,31.0
2020-21,1629680,Matisse Thybulle,24.0
2020-21,1629744,Matt Thomas,26.0
2020-21,203521,Matthew Dellavedova,30.0
2020-21,203090,Maurice Harkless,28.0
2020-21,1629622,Max Strus,25.0
2020-21,1628467,Maxi Kleber,29.0
2020-21,203086,Meyers Leonard,29.0
2020-21,1629662,Mfiondu Kabengele,23.0
2020-21,203487,Michael Carter-Williams,29.0
2020-21,1629008,Michael Porter Jr.,23.0
2020-21,1628969,Mikal Bridges,24.0
2020-21,201144,Mike Conley,33.0
2020-21,1628455,Mike James,30.0
2020-21,203488,Mike Muscala,29.0
2020-21,203118,Mike Scott,32.0
2020-21,1628970,Miles Bridges,23.0
2020-21,1629011,Mitchell Robinson,23.0
2020-21,1629671,Miye Oni,23.0
2020-21,1628964,Mo Bamba,23.0
2020-21,1628420,Monte Morris,26.0
2020-21,1626149,Montrezl Harrell,27.0
2020-21,1629021,Moritz Wagner,24.0
2020-21,1629650,Moses Brown,21.0
2020-21,1628539,Mychal Mulder,27.0
2020-21,1626167,Myles Turner,25.0
2020-21,1630230,Naji Marshall,23.0
2020-21,1629642,Nassir Little,21.0
2020-21,1630268,Nate Darling,22.0
2020-21,1630207,Nate Hinton,22.0
2020-21,1630233,Nathan Knight,23.0
2020-21,1629675,Naz Reid,21.0
2020-21,202357,Nemanja Bjelica,33.0
2020-21,203457,Nerlens Noel,27.0
2020-21,1629651,Nic Claxton,22.0
2020-21,1630208,Nick Richards,23.0
2020-21,1629638,Nickeil Alexander-Walker,22.0
2020-21,1630185,Nico Mannion,20.0
2020-21,201587,Nicolas Batum,32.0
2020-21,1629740,Nicolo Melli,30.0
2020-21,203999,Nikola Jokić,26.0
2020-21,202696,Nikola Vučević,30.0
2020-21,203943,Noah Vonleh,25.0
2020-21,1626181,Norman Powell,28.0
2020-21,203658,Norvel Pelle,28.0
2020-21,1628384,OG Anunoby,23.0
2020-21,1630167,Obi Toppin,23.0
2020-21,1630168,Onyeka Okongwu,20.0
2020-21,1629052,Oshae Brissett,23.0
2020-21,203490,Otto Porter Jr.,28.0
2020-21,200782,P.J. Tucker,36.0
2020-21,1629023,P.J. Washington,22.0
2020-21,1628408,PJ Dozier,24.0
2020-21,1627783,Pascal Siakam,27.0
2020-21,1626192,Pat Connaughton,28.0
2020-21,201976,Patrick Beverley,32.0
2020-21,1627775,Patrick McCaw,25.0
2020-21,202335,Patrick Patterson,32.0
2020-21,1630172,Patrick Williams,19.0
2020-21,201988,Patty Mills,32.0
2020-21,202331,Paul George,31.0
2020-21,200794,Paul Millsap,36.0
2020-21,1630194,Paul Reed,22.0
2020-21,1628778,Paul Watson,26.0
2020-21,1630202,Payton Pritchard,23.0
2020-21,1630173,Precious Achiuwa,21.0
2020-21,1626188,Quinn Cook,28.0
2020-21,1629683,Quinndary Weatherspoon,24.0
2020-21,1630181,R.J. Hampton,20.0
2020-21,1629628,RJ Barrett,21.0
2020-21,200765,Rajon Rondo,35.0
2020-21,203526,Raul Neto,29.0
2020-21,1629034,Ray Spalding,24.0
2020-21,1629730,Rayjon Tucker,23.0
2020-21,203493,Reggie Bullock Jr.,30.0
2020-21,202704,Reggie Jackson,31.0
2020-21,1629617,Reggie Perry,21.0
2020-21,1626158,Richaun Holmes,27.0
2020-21,201937,Ricky Rubio,30.0
2020-21,203496,Robert Covington,30.0
2020-21,1629606,Robert Franks,24.0
2020-21,1629057,Robert Williams III,23.0
2020-21,1630218,Robert Woodard II,21.0
2020-21,201577,Robin Lopez,33.0
2020-21,1629066,Rodions Kurucs,23.0
2020-21,203918,Rodney Hood,28.0
2020-21,203585,Rodney McGruder,29.0
2020-21,1629641,Romeo Langford,21.0
2020-21,1626178,Rondae Hollis-Jefferson,26.0
2020-21,1626220,Royce O'Neale,28.0
2020-21,200752,Rudy Gay,34.0
2020-21,203497,Rudy Gobert,29.0
2020-21,1629060,Rui Hachimura,23.0
2020-21,201566,Russell Westbrook,32.0
2020-21,1627853,Ryan Arcidiacono,27.0
2020-21,1630240,Saben Lee,22.0
2020-21,1630180,Saddiq Bey,22.0
2020-21,1630241,Sam Merrill,25.0
2020-21,1630253,Sean McDermott,24.0
2020-21,1629635,Sekou Doumbouya,20.0
2020-21,1628400,Semi Ojeleye,26.0
2020-21,201586,Serge Ibaka,31.0
2020-21,203552,Seth Curry,30.0
2020-21,1628983,Shai Gilgeous-Alexander,22.0
2020-21,1629003,Shake Milton,24.0
2020-21,1627885,Shaquille Harrison,27.0
2020-21,1628414,Sindarius Thornwell,26.0
2020-21,1630219,Skylar Mays,23.0
2020-21,203524,Solomon Hill,30.0
2020-21,203915,Spencer Dinwiddie,28.0
2020-21,1626169,Stanley Johnson,25.0
2020-21,201939,Stephen Curry,33.0
2020-21,1628425,Sterling Brown,26.0
2020-21,203500,Steven Adams,27.0
2020-21,1629004,Svi Mykhailiuk,24.0
2020-21,1628388,T.J. Leaf,24.0
2020-21,204456,T.J. McConnell,29.0
2020-21,203933,T.J. Warren,27.0
2020-21,1629605,Tacko Fall,25.0
2020-21,201959,Taj Gibson,36.0
2020-21,1629659,Talen Horton-Tucker,20.0
2020-21,1627752,Taurean Prince,27.0
2020-21,1629611,Terance Mann,24.0
2020-21,1629056,Terence Davis,24.0
2020-21,1628390,Terrance Ferguson,23.0
2020-21,203082,Terrence Ross,30.0
2020-21,1626179,Terry Rozier,27.0
2020-21,201152,Thaddeus Young,33.0
2020-21,203648,Thanasis Antetokounmpo,28.0
2020-21,1630177,Theo Maledon,20.0
2020-21,1629033,Theo Pinson,25.0
2020-21,1628418,Thomas Bryant,23.0
2020-21,1627748,Thon Maker,24.0
2020-21,204025,Tim Frazier,30.0
2020-21,203501,Tim Hardaway Jr.,29.0
2020-21,1627789,Timothe Luwawu-Cabarrot,26.0
2020-21,202699,Tobias Harris,28.0
2020-21,203107,Tomas Satoransky,29.0
2020-21,1628396,Tony Bradley,23.0
2020-21,203503,Tony Snell,29.0
2020-21,1628470,Torrey Craig,30.0
2020-21,1629027,Trae Young,22.0
2020-21,1630200,Tre Jones,21.0
2020-21,1629682,Tremont Waters,23.0
2020-21,1630235,Trent Forrest,23.0
2020-21,2772,Trevor Ariza,36.0
2020-21,203504,Trey Burke,28.0
2020-21,1626168,Trey Lyles,25.0
2020-21,202684,Tristan Thompson,30.0
2020-21,1628972,Troy Brown Jr.,21.0
2020-21,1629660,Ty Jerome,23.0
2020-21,1630234,Ty-Shon Alexander,22.0
2020-21,1630189,Tyler Bey,23.0
2020-21,1629076,Tyler Cook,23.0
2020-21,1629639,Tyler Herro,21.0
2020-21,204020,Tyler Johnson,29.0
2020-21,1630179,Tyrell Terry,20.0
2020-21,1630169,Tyrese Haliburton,21.0
2020-21,1630178,Tyrese Maxey,20.0
2020-21,1626145,Tyus Jones,25.0
2020-21,1628962,Udoka Azubuike,21.0
2020-21,2617,Udonis Haslem,41.0
2020-21,1630176,Vernon Carey Jr.,20.0
2020-21,203506,Victor Oladipo,29.0
2020-21,1629738,Vincent Poirier,27.0
2020-21,1628427,Vlatko Čančar,24.0
2020-21,201961,Wayne Ellington,33.0
2020-21,1628976,Wendell Carter Jr.,22.0
2020-21,1629117,Wenyen Gabriel,24.0
2020-21,1628411,Wes Iwundu,26.0
2020-21,202083,Wesley Matthews,34.0
2020-21,203115,Will Barton,30.0
2020-21,1630266,Will Magnay,23.0
2020-21,1626161,Willie Cauley-Stein,27.0
2020-21,1626195,Willy Hernangomez,27.0
2020-21,1630214,Xavier Tillman,22.0
2020-21,1627812,Yogi Ferrell,28.0
2020-21,1629139,Yuta Watanabe,26.0
2020-21,203897,Zach LaVine,26.0
2020-21,1630192,Zeke Nnaji,20.0
2020-21,1629627,Zion Williamson,20.0
2021-22,203932,Aaron Gordon,26.0
2021-22,1630565,Aaron Henry,22.0
2021-22,1628988,Aaron Holiday,25.0
2021-22,1630174,Aaron Nesmith,22.0
2021-22,1630598,Aaron Wiggins,23.0
2021-22,1627846,Abdel Nader,28.0
2021-22,1630278,Ade Murkey,24.0
2021-22,1629678,Admiral Schofield,25.0
2021-22,1629958,Ahmad Caver,25.0
2021-22,201143,Al Horford,36.0
2021-22,202692,Alec Burks,30.0
2021-22,1630758,Aleem Ford,24.0
2021-22,1630197,Aleksej Pokusevski,20.0
2021-22,1627936,Alex Caruso,28.0
2021-22,203458,Alex Len,29.0
2021-22,1628035,Alfonzo McKinnie,29.0
2021-22,1628993,Alize Johnson,26.0
2021-22,1630578,Alperen Sengun,19.0
2021-22,1629599,Amir Coffey,25.0
2021-22,203083,Andre Drummond,28.0
2021-22,2738,Andre Iguodala,38.0
2021-22,203952,Andrew Wiggins,27.0
2021-22,1629014,Anfernee Simons,23.0
2021-22,203076,Anthony Davis,29.0
2021-22,1630162,Anthony Edwards,20.0
2021-22,1630264,Anthony Gill,29.0
2021-22,1630237,Anthony Lamb,24.0
2021-22,1629717,Armoni Brooks,24.0
2021-22,1629083,Arnoldas Kulboka,24.0
2021-22,1630559,Austin Reaves,24.0
2021-22,203085,Austin Rivers,29.0
2021-22,202340,Avery Bradley,31.0
2021-22,1630245,Ayo Dosunmu,22.0
2021-22,1629168,BJ Johnson,26.0
2021-22,1628389,Bam Adebayo,24.0
2021-22,203463,Ben McLemore,29.0
2021-22,202687,Bismack Biyombo,29.0
2021-22,201933,Blake Griffin,33.0
2021-22,1626246,Boban Marjanovic,33.0
2021-22,1626171,Bobby Portis,27.0
2021-22,203992,Bogdan Bogdanović,29.0
2021-22,202711,Bojan Bogdanovic,33.0
2021-22,1629626,Bol Bol,22.0
2021-22,1630538,Bones Hyland,21.0
2021-22,202954,Brad Wanamaker,32.0
2021-22,203078,Bradley Beal,29.0
2021-22,1630527,Brandon Boston,20.0
2021-22,1629634,Brandon Clarke,25.0
2021-22,1629164,Brandon Goodwin,26.0
2021-22,1627742,Brandon Ingram,24.0
2021-22,202688,Brandon Knight,30.0
2021-22,1630314,Brandon Williams,22.0
2021-22,1630296,Braxton Key,25.0
2021-22,1630271,Brodric Thomas,25.0
2021-22,201572,Brook Lopez,34.0
2021-22,1628971,Bruce Brown,25.0
2021-22,1628981,Bruno Fernando,23.0
2021-22,1627854,Bryn Forbes,28.0
2021-22,1627741,Buddy Hield,29.0
2021-22,1629604,CJ Elleby,22.0
2021-22,203468,CJ McCollum,30.0
2021-22,101139,CJ Miles,35.0
2021-22,1630595,Cade Cunningham,20.0
2021-22,1628997,Caleb Martin,26.0
2021-22,1629629,Cam Reddish,22.0
2021-22,1630560,Cam Thomas,20.0
2021-22,1629661,Cameron Johnson,26.0
2021-22,1630787,Cameron McGriff,24.0
2021-22,1628419,Cameron Oliver,25.0
2021-22,1626166,Cameron Payne,27.0
2021-22,1627747,Caris LeVert,27.0
2021-22,1630637,Carlik Jones,24.0
2021-22,2546,Carmelo Anthony,38.0
2021-22,1629035,Carsen Edwards,24.0
2021-22,1630199,Cassius Stanley,22.0
2021-22,1630216,Cassius Winston,24.0
2021-22,1627760,Cat Barber,27.0
2021-22,1626224,Cedi Osman,27.0
2021-22,1628990,Chandler Hutchison,26.0
2021-22,1629646,Charles Bassey,21.0
2021-22,1629718,Charlie Brown Jr.,25.0
2021-22,1630602,Chaundee Brown Jr.,23.0
2021-22,1627767,Cheick Diallo,25.0
2021-22,1629002,Chimezie Metu,25.0
2021-22,1628449,Chris Boucher,29.0
2021-22,1629185,Chris Chiozza,26.0
2021-22,1630537,Chris Duarte,25.0
2021-22,101108,Chris Paul,37.0
2021-22,1629735,Chris Silva,25.0
2021-22,1626174,Christian Wood,26.0
2021-22,1629643,Chuma Okeke,23.0
2021-22,203991,Clint Capela,28.0
2021-22,1629632,Coby White,22.0
2021-22,1628998,Cody Martin,26.0
2021-22,203469,Cody Zeller,29.0
2021-22,1630175,Cole Anthony,22.0
2021-22,1629012,Collin Sexton,23.0
2021-22,1630557,Corey Kispert,23.0
2021-22,202709,Cory Joseph,30.0
2021-22,1628591,Craig Sword,28.0
2021-22,1626156,D'Angelo Russell,26.0
2021-22,201571,D.J. Augustin,34.0
2021-22,1628391,D.J. Wilson,26.0
2021-22,1629610,DaQuan Jeffries,24.0
2021-22,1630227,Daishen Nix,20.0
2021-22,1629751,Dakota Mathias,26.0
2021-22,1630625,Dalano Banton,22.0
2021-22,1627745,Damian Jones,27.0
2021-22,203081,Damian Lillard,31.0
2021-22,1627814,Damion Lee,29.0
2021-22,1628422,Damyean Dotson,28.0
2021-22,1629655,Daniel Gafford,23.0
2021-22,1630187,Daniel Oturu,22.0
2021-22,1628464,Daniel Theis,30.0
2021-22,201568,Danilo Gallinari,33.0
2021-22,201980,Danny Green,35.0
2021-22,1627863,Danuel House Jr.,29.0
2021-22,1629647,Darius Bazley,22.0
2021-22,1629636,Darius Garland,22.0
2021-22,201954,Darren Collison,34.0
2021-22,1630561,David Duke Jr.,22.0
2021-22,1630525,David Johnson,21.0
2021-22,1628021,David Nwaba,29.0
2021-22,1630558,Davion Mitchell,23.0
2021-22,202722,Davis Bertans,29.0
2021-22,1628432,Davon Reed,27.0
2021-22,1630549,Day'Ron Sharpe,20.0
2021-22,1628368,De'Aaron Fox,24.0
2021-22,1629631,De'Andre Hunter,24.0
2021-22,1629001,De'Anthony Melton,24.0
2021-22,201599,DeAndre Jordan,33.0
2021-22,1627761,DeAndre' Bembry,27.0
2021-22,1630610,DeJon Jarreau,24.0
2021-22,201942,DeMar DeRozan,32.0
2021-22,202326,DeMarcus Cousins,31.0
2021-22,1629731,Dean Wade,25.0
2021-22,1629028,Deandre Ayton,23.0
2021-22,1629686,Deividas Sirvydis,22.0
2021-22,1627749,Dejounte Murray,25.0
2021-22,1626153,Delon Wright,30.0
2021-22,1630166,Deni Avdija,21.0
2021-22,203471,Dennis Schröder,28.0
2021-22,1628372,Dennis Smith Jr.,24.0
2021-22,1627756,Denzel Valentine,28.0
2021-22,202324,Derrick Favors,30.0
2021-22,1627884,Derrick Jones Jr.,25.0
2021-22,201565,Derrick Rose,33.0
2021-22,1628476,Derrick Walton Jr.,27.0
2021-22,1628401,Derrick White,27.0
2021-22,1630217,Desmond Bane,24.0
2021-22,1626164,Devin Booker,25.0
2021-22,1629962,Devin Cannady,26.0
2021-22,1630170,Devin Vassell,21.0
2021-22,1629653,Devon Dotson,22.0
2021-22,1629719,Devontae Cacok,25.0
2021-22,1628984,Devonte' Graham,27.0
2021-22,203473,Dewayne Dedmon,32.0
2021-22,1629712,Didi Louzada,22.0
2021-22,1628415,Dillon Brooks,26.0
2021-22,1627734,Domantas Sabonis,26.0
2021-22,1628378,Donovan Mitchell,25.0
2021-22,1628978,Donte DiVincenzo,25.0
2021-22,1627827,Dorian Finney-Smith,29.0
2021-22,203926,Doug McDermott,30.0
2021-22,203110,Draymond Green,32.0
2021-22,1629234,Drew Eubanks,25.0
2021-22,1630613,Duane Washington Jr.,22.0
2021-22,1629130,Duncan Robinson,28.0
2021-22,2730,Dwight Howard,36.0
2021-22,203939,Dwight Powell,30.0
2021-22,1629685,Dylan Windler,25.0
2021-22,202334,Ed Davis,33.0
2021-22,203901,Elfrid Payton,28.0
2021-22,1630190,Elijah Hughes,24.0
2021-22,1629150,Emanuel Terry,25.0
2021-22,1626144,Emmanuel Mudiay,26.0
2021-22,202683,Enes Freedom,30.0
2021-22,202339,Eric Bledsoe,32.0
2021-22,201569,Eric Gordon,33.0
2021-22,1629672,Eric Paschall,25.0
2021-22,1630647,Eugene Omoruyi,25.0
2021-22,203095,Evan Fournier,29.0
2021-22,1630596,Evan Mobley,21.0
2021-22,1630267,Facundo Campazzo,31.0
2021-22,1630624,Feron Hunt,22.0
2021-22,1628402,Frank Jackson,24.0
2021-22,1626163,Frank Kaminsky,29.0
2021-22,1628373,Frank Ntilikina,23.0
2021-22,1630532,Franz Wagner,20.0
2021-22,1627832,Fred VanVleet,28.0
2021-22,1630273,Freddie Gillespie,25.0
2021-22,1627788,Furkan Korkmaz,24.0
2021-22,1629216,Gabe Vincent,26.0
2021-22,1628221,Gabe York,28.0
2021-22,1630466,Gabriel Deck,27.0
2021-22,1630994,Gabriel Lundberg,27.0
2021-22,202066,Garrett Temple,36.0
2021-22,1629726,Garrison Mathews,25.0
2021-22,1629109,Gary Clark,27.0
2021-22,203914,Gary Harris,27.0
2021-22,1627780,Gary Payton II,29.0
2021-22,1629018,Gary Trent Jr.,23.0
2021-22,201588,George Hill,36.0
2021-22,1628994,George King,28.0
2021-22,1627777,Georges Niang,29.0
2021-22,1630686,Georgios Kalaitzakis,23.0
2021-22,203507,Giannis Antetokounmpo,27.0
2021-22,1629048,Goga Bitadze,22.0
2021-22,201609,Goran Dragic,36.0
2021-22,202330,Gordon Hayward,32.0
2021-22,203476,Gorgui Dieng,32.0
2021-22,1629684,Grant Williams,23.0
2021-22,1628960,Grayson Allen,26.0
2021-22,1630535,Greg Brown III,20.0
2021-22,202328,Greg Monroe,32.0
2021-22,1628977,Hamidou Diallo,23.0
2021-22,203084,Harrison Barnes,30.0
2021-22,202355,Hassan Whiteside,33.0
2021-22,1629755,Hassani Gravett,25.0
2021-22,1629312,Haywood Highsmith,25.0
2021-22,1630529,Herbert Jones,23.0
2021-22,1629649,Ignas Brazdeikis,23.0
2021-22,1630193,Immanuel Quickley,23.0
2021-22,1629067,Isaac Bonga,22.0
2021-22,1630171,Isaac Okoro,21.0
2021-22,1628392,Isaiah Hartenstein,24.0
2021-22,1630543,Isaiah Jackson,20.0
2021-22,1630198,Isaiah Joe,22.0
2021-22,1630587,Isaiah Livers,23.0
2021-22,1629676,Isaiah Roby,24.0
2021-22,1630191,Isaiah Stewart,21.0
2021-22,202738,Isaiah Thomas,33.0
2021-22,1630225,Isaiah Todd,20.0
2021-22,202397,Ish Smith,33.0
2021-22,1630688,Ish Wainright,27.0
2021-22,1627826,Ivica Zubac,25.0
2021-22,1630550,JT Thor,19.0
2021-22,1629630,Ja Morant,22.0
2021-22,203210,JaMychal Green,32.0
2021-22,1630605,JaQuori McLaughlin,24.0
2021-22,201580,JaVale McGee,34.0
2021-22,203953,Jabari Parker,27.0
2021-22,1630183,Jaden McDaniels,21.0
2021-22,1630531,Jaden Springer,19.0
2021-22,203109,Jae Crowder,31.0
2021-22,1630256,Jae'Sean Tate,26.0
2021-22,1630186,Jahmi'us Ramsey,21.0
2021-22,1630693,Jaime Echenique,25.0
2021-22,1627774,Jake Layman,28.0
2021-22,1627751,Jakob Poeltl,26.0
2021-22,1628973,Jalen Brunson,25.0
2021-22,1630224,Jalen Green,20.0
2021-22,1630552,Jalen Johnson,20.0
2021-22,1629667,Jalen McDaniels,24.0
2021-22,1630188,Jalen Smith,22.0
2021-22,1630591,Jalen Suggs,21.0
2021-22,1630547,James Bouknight,21.0
2021-22,203516,James Ennis III,31.0
2021-22,201935,James Harden,32.0
2021-22,201949,James Johnson,35.0
2021-22,1630691,Jamorko Pickett,24.0
2021-22,1630215,Jared Butler,21.0
2021-22,1629607,Jared Harper,24.0
2021-22,1628991,Jaren Jackson Jr.,22.0
2021-22,1629020,Jarred Vanderbilt,23.0
2021-22,1628386,Jarrett Allen,24.0
2021-22,1629633,Jarrett Culver,23.0
2021-22,1629600,Jarron Cumberland,24.0
2021-22,1629602,Javin DeLaurier,24.0
2021-22,1629750,Javonte Green,28.0
2021-22,1630606,Javonte Smart,23.0
2021-22,1629637,Jaxson Hayes,22.0
2021-22,1630643,Jay Huff,24.0
2021-22,1630206,Jay Scrubb,21.0
2021-22,1627759,Jaylen Brown,25.0
2021-22,1629658,Jaylen Hoard,23.0
2021-22,1628537,Jaylen Morris,26.0
2021-22,1629669,Jaylen Nowell,22.0
2021-22,1629873,Jaysean Paige,27.0
2021-22,1628369,Jayson Tatum,24.0
2021-22,1630288,Jeff Dowtin Jr.,25.0
2021-22,201145,Jeff Green,35.0
2021-22,1629203,Jemerrio Jones,27.0
2021-22,203924,Jerami Grant,28.0
2021-22,1630526,Jeremiah Robinson-Earl,21.0
2021-22,203087,Jeremy Lamb,30.0
2021-22,1630579,Jericho Sims,23.0
2021-22,1628975,Jevon Carter,26.0
2021-22,202710,Jimmy Butler III,32.0
2021-22,1629111,Jock Landale,26.0
2021-22,203925,Joe Harris,30.0
2021-22,204060,Joe Ingles,34.0
2021-22,2207,Joe Johnson,41.0
2021-22,1630580,Joe Wieskamp,22.0
2021-22,1630555,Joel Ayayi,22.0
2021-22,203954,Joel Embiid,28.0
2021-22,1628381,John Collins,24.0
2021-22,1629723,John Konchar,26.0
2021-22,1630257,Jon Teske,25.0
2021-22,202685,Jonas Valančiūnas,30.0
2021-22,1630228,Jonathan Kuminga,19.0
2021-22,1628395,Jordan Bell,27.0
2021-22,203903,Jordan Clarkson,30.0
2021-22,1630692,Jordan Goodwin,23.0
2021-22,1629162,Jordan McLaughlin,26.0
2021-22,1629670,Jordan Nwora,23.0
2021-22,1629673,Jordan Poole,23.0
2021-22,1630648,Jordan Schakel,24.0
2021-22,1630631,Jose Alvarado,24.0
2021-22,1630528,Josh Christopher,20.0
2021-22,1630581,Josh Giddey,19.0
2021-22,1630182,Josh Green,21.0
2021-22,1628404,Josh Hart,27.0
2021-22,1628367,Josh Jackson,25.0
2021-22,1629006,Josh Okogie,23.0
2021-22,1626196,Josh Richardson,28.0
2021-22,1630563,Joshua Primo,19.0
2021-22,201950,Jrue Holiday,32.0
2021-22,1629308,Juan Toscano-Anderson,29.0
2021-22,1627823,Juancho Hernangomez,26.0
2021-22,203944,Julius Randle,27.0
2021-22,1626147,Justin Anderson,28.0
2021-22,1630551,Justin Champagnie,21.0
2021-22,203200,Justin Holiday,33.0
2021-22,1628382,Justin Jackson,27.0
2021-22,1629620,Justin Robinson,24.0
2021-22,1626159,Justise Winslow,26.0
2021-22,203994,Jusuf Nurkić,27.0
2021-22,1629752,Juwan Morgan,25.0
2021-22,1630231,KJ Martin,21.0
2021-22,1629644,KZ Okpala,23.0
2021-22,1630539,Kai Jones,21.0
2021-22,1626157,Karl-Anthony Towns,26.0
2021-22,1626208,Keifer Sykes,28.0
2021-22,1628966,Keita Bates-Diop,26.0
2021-22,1629103,Kelan Martin,26.0
2021-22,1629640,Keldon Johnson,22.0
2021-22,1629833,Keljin Blevins,26.0
2021-22,203482,Kelly Olynyk,31.0
2021-22,1626162,Kelly Oubre Jr.,26.0
2021-22,202689,Kemba Walker,32.0
2021-22,1629026,Kenrich Williams,27.0
2021-22,203145,Kent Bazemore,32.0
2021-22,203484,Kentavious Caldwell-Pope,29.0
2021-22,1630553,Keon Johnson,20.0
2021-22,1630556,Kessler Edwards,21.0
2021-22,201142,Kevin Durant,33.0
2021-22,1628989,Kevin Huerter,23.0
2021-22,1628995,Kevin Knox II,22.0
2021-22,201567,Kevin Love,33.0
2021-22,1630698,Kevin Pangos,29.0
2021-22,1629645,Kevin Porter Jr.,22.0
2021-22,1626172,Kevon Looney,26.0
2021-22,203920,Khem Birch,29.0
2021-22,203114,Khris Middleton,30.0
2021-22,1630165,Killian Hayes,20.0
2021-22,1629681,Killian Tillie,24.0
2021-22,1630184,Kira Lewis Jr.,21.0
2021-22,202691,Klay Thompson,32.0
2021-22,1627739,Kris Dunn,28.0
2021-22,204001,Kristaps Porziņģis,26.0
2021-22,203937,Kyle Anderson,28.0
2021-22,1629657,Kyle Guy,24.0
2021-22,1628398,Kyle Kuzma,26.0
2021-22,200768,Kyle Lowry,36.0
2021-22,202681,Kyrie Irving,30.0
2021-22,200746,LaMarcus Aldridge,36.0
2021-22,1630163,LaMelo Ball,20.0
2021-22,1630205,Lamar Stevens,24.0
2021-22,202362,Lance Stephenson,31.0
2021-22,1629013,Landry Shamet,25.0
2021-22,204038,Langston Galloway,30.0
2021-22,1626204,Larry Nance Jr.,29.0
2021-22,1628374,Lauri Markkanen,25.0
2021-22,2544,LeBron James,37.0
2021-22,1630195,Leandro Bolmaro,21.0
2021-22,1629623,Lindell Wigginton,24.0
2021-22,1630322,Lindy Waters III,24.0
2021-22,1629022,Lonnie Walker IV,23.0
2021-22,1628366,Lonzo Ball,24.0
2021-22,101150,Lou Williams,35.0
2021-22,1629663,Louis King,23.0
2021-22,1629652,Luguentz Dort,23.0
2021-22,1629029,Luka Dončić,23.0
2021-22,1630568,Luka Garza,23.0
2021-22,1628379,Luke Kennard,26.0
2021-22,1628436,Luke Kornet,26.0
2021-22,1630640,MJ Walker,24.0
2021-22,1630644,Mac McClung,23.0
2021-22,1630201,Malachi Flynn,24.0
2021-22,1627763,Malcolm Brogdon,29.0
2021-22,1630792,Malcolm Hill,26.0
2021-22,1627736,Malik Beasley,25.0
2021-22,1630238,Malik Fitts,24.0
2021-22,1628370,Malik Monk,24.0
2021-22,1629005,Malik Newman,25.0
2021-22,1629603,Mamadi Diakite,25.0
2021-22,1630585,Marcus Garrett,23.0
2021-22,202694,Marcus Morris Sr.,32.0
2021-22,203935,Marcus Smart,28.0
2021-22,1628365,Markelle Fultz,24.0
2021-22,202693,Markieff Morris,32.0
2021-22,1630250,Marko Simonovic,22.0
2021-22,1630210,Markus Howard,23.0
2021-22,1627737,Marquese Chriss,24.0
2021-22,1628963,Marvin Bagley III,23.0
2021-22,1630222,Mason Jones,23.0
2021-22,203486,Mason Plumlee,32.0
2021-22,1629680,Matisse Thybulle,25.0
2021-22,1629760,Matt Mooney,27.0
2021-22,1630346,Matt Ryan,25.0
2021-22,1629744,Matt Thomas,27.0
2021-22,203090,Maurice Harkless,29.0
2021-22,1629622,Max Strus,26.0
2021-22,1628467,Maxi Kleber,30.0
2021-22,1630593,McKinley Wright IV,23.0
2021-22,1628982,Melvin Frazier Jr.,25.0
2021-22,1630695,Micah Potter,24.0
2021-22,1629008,Michael Porter Jr.,24.0
2021-22,1628969,Mikal Bridges,25.0
2021-22,201144,Mike Conley,34.0
2021-22,203488,Mike Muscala,30.0
2021-22,1628970,Miles Bridges,24.0
2021-22,1630540,Miles McBride,21.0
2021-22,1629011,Mitchell Robinson,24.0
2021-22,1629671,Miye Oni,24.0
2021-22,1628964,Mo Bamba,24.0
2021-22,1628420,Monte Morris,27.0
2021-22,1626149,Montrezl Harrell,28.0
2021-22,1629021,Moritz Wagner,25.0
2021-22,1629650,Moses Brown,22.0
2021-22,1630541,Moses Moody,20.0
2021-22,1630589,Moses Wright,23.0
2021-22,1628539,Mychal Mulder,28.0
2021-22,1629619,Myles Powell,24.0
2021-22,1626167,Myles Turner,26.0
2021-22,1630230,Naji Marshall,24.0
2021-22,1629642,Nassir Little,22.0
2021-22,1630207,Nate Hinton,23.0
2021-22,1630233,Nathan Knight,24.0
2021-22,1629675,Naz Reid,22.0
2021-22,1629674,Neemias Queta,22.0
2021-22,202357,Nemanja Bjelica,34.0
2021-22,203457,Nerlens Noel,28.0
2021-22,1629651,Nic Claxton,23.0
2021-22,1630208,Nick Richards,24.0
2021-22,1629638,Nickeil Alexander-Walker,23.0
2021-22,201587,Nicolas Batum,33.0
2021-22,203917,Nik Stauskas,28.0
2021-22,203999,Nikola Jokić,27.0
2021-22,202696,Nikola Vučević,31.0
2021-22,1626181,Norman Powell,29.0
2021-22,203658,Norvel Pelle,29.0
2021-22,1628384,OG Anunoby,24.0
2021-22,1630167,Obi Toppin,24.0
2021-22,1630846,Olivier Sarr,23.0
2021-22,1630209,Omer Yurtseven,24.0
2021-22,1630168,Onyeka Okongwu,21.0
2021-22,1629052,Oshae Brissett,24.0
2021-22,203490,Otto Porter Jr.,29.0
2021-22,200782,P.J. Tucker,37.0
2021-22,1629023,P.J. Washington,23.0
2021-22,1628408,PJ Dozier,25.0
2021-22,1628238,Paris Bass,26.0
2021-22,1627783,Pascal Siakam,28.0
2021-22,1626192,Pat Connaughton,29.0
2021-22,201976,Patrick Beverley,33.0
2021-22,1630172,Patrick Williams,20.0
2021-22,201988,Patty Mills,33.0
2021-22,202331,Paul George,32.0
2021-22,200794,Paul Millsap,37.0
2021-22,1630194,Paul Reed,23.0
2021-22,1628778,Paul Watson,27.0
2021-22,1630202,Payton Pritchard,24.0
2021-22,1627822,Petr Cornelie,26.0
2021-22,1630173,Precious Achiuwa,22.0
2021-22,1629656,Quentin Grimes,22.0
2021-22,1629683,Quinndary Weatherspoon,25.0
2021-22,1630181,R.J. Hampton,21.0
2021-22,1629628,RJ Barrett,22.0
2021-22,200765,Rajon Rondo,36.0
2021-22,203526,Raul Neto,30.0
2021-22,1629730,Rayjon Tucker,24.0
2021-22,203493,Reggie Bullock Jr.,31.0
2021-22,202704,Reggie Jackson,32.0
2021-22,1629617,Reggie Perry,22.0
2021-22,1626158,Richaun Holmes,28.0
2021-22,201937,Ricky Rubio,31.0
2021-22,1630306,Rob Edwards,25.0
2021-22,203496,Robert Covington,31.0
2021-22,1629057,Robert Williams III,24.0
2021-22,1630218,Robert Woodard II,22.0
2021-22,201577,Robin Lopez,34.0
2021-22,203918,Rodney Hood,29.0
2021-22,203585,Rodney McGruder,30.0
2021-22,1629641,Romeo Langford,22.0
2021-22,1626220,Royce O'Neale,29.0
2021-22,1630612,Ruben Nembhard Jr.,23.0
2021-22,200752,Rudy Gay,35.0
2021-22,203497,Rudy Gobert,30.0
2021-22,1629060,Rui Hachimura,24.0
2021-22,201566,Russell Westbrook,33.0
2021-22,1627853,Ryan Arcidiacono,28.0
2021-22,1630240,Saben Lee,23.0
2021-22,1630180,Saddiq Bey,23.0
2021-22,1626155,Sam Dekker,28.0
2021-22,1630573,Sam Hauser,24.0
2021-22,1630241,Sam Merrill,26.0
2021-22,1630572,Sandro Mamukelashvili,23.0
2021-22,1630583,Santi Aldama,21.0
2021-22,1630567,Scottie Barnes,20.0
2021-22,1630575,Scottie Lewis,22.0
2021-22,203816,Scotty Hopson,32.0
2021-22,1629635,Sekou Doumbouya,21.0
2021-22,1628400,Semi Ojeleye,27.0
2021-22,201586,Serge Ibaka,32.0
2021-22,203552,Seth Curry,31.0
2021-22,1628983,Shai Gilgeous-Alexander,23.0
2021-22,1629003,Shake Milton,25.0
2021-22,1629783,Shaq Buchanan,25.0
2021-22,1627885,Shaquille Harrison,28.0
2021-22,1630536,Sharife Cooper,21.0
2021-22,1630219,Skylar Mays,24.0
2021-22,203524,Solomon Hill,31.0
2021-22,203915,Spencer Dinwiddie,29.0
2021-22,1626169,Stanley Johnson,26.0
2021-22,201939,Stephen Curry,34.0
2021-22,1628425,Sterling Brown,27.0
2021-22,203500,Steven Adams,28.0
2021-22,1629004,Svi Mykhailiuk,25.0
2021-22,204456,T.J. McConnell,30.0
2021-22,1629605,Tacko Fall,26.0
2021-22,201959,Taj Gibson,37.0
2021-22,1629659,Talen Horton-Tucker,21.0
2021-22,1627752,Taurean Prince,28.0
2021-22,1629611,Terance Mann,25.0
2021-22,1629056,Terence Davis,25.0
2021-22,203082,Terrence Ross,31.0
2021-22,1626179,Terry Rozier,28.0
2021-22,1630678,Terry Taylor,22.0
2021-22,201152,Thaddeus Young,34.0
2021-22,203648,Thanasis Antetokounmpo,29.0
2021-22,1630177,Theo Maledon,21.0
2021-22,1629033,Theo Pinson,26.0
2021-22,1628418,Thomas Bryant,24.0
2021-22,204025,Tim Frazier,31.0
2021-22,203501,Tim Hardaway Jr.,30.0
2021-22,1627789,Timothe Luwawu-Cabarrot,27.0
2021-22,202699,Tobias Harris,29.0
2021-22,203107,Tomas Satoransky,30.0
2021-22,1628396,Tony Bradley,24.0
2021-22,203503,Tony Snell,30.0
2021-22,1628470,Torrey Craig,31.0
2021-22,1629027,Trae Young,23.0
2021-22,1629309,Trayvon Palmer,27.0
2021-22,1630200,Tre Jones,22.0
2021-22,1630544,Tre Mann,21.0
2021-22,1629682,Tremont Waters,24.0
2021-22,1630570,Trendon Watford,21.0
2021-22,1630235,Trent Forrest,24.0
2021-22,1630243,Trevelin Queen,25.0
2021-22,1630286,Trevon Scott,25.0
2021-22,2772,Trevor Ariza,37.0
2021-22,203504,Trey Burke,29.0
2021-22,1626168,Trey Lyles,26.0
2021-22,1630530,Trey Murphy III,22.0
2021-22,202684,Tristan Thompson,31.0
2021-22,1628972,Troy Brown Jr.,22.0
2021-22,1629660,Ty Jerome,24.0
2021-22,1629076,Tyler Cook,24.0
2021-22,1629788,Tyler Hall,25.0
2021-22,1629639,Tyler Herro,22.0
2021-22,204020,Tyler Johnson,30.0
2021-22,1630179,Tyrell Terry,21.0
2021-22,1630169,Tyrese Haliburton,22.0
2021-22,1630178,Tyrese Maxey,21.0
2021-22,1627820,Tyrone Wallace,28.0
2021-22,1626145,Tyus Jones,26.0
2021-22,1628962,Udoka Azubuike,22.0
2021-22,2617,Udonis Haslem,42.0
2021-22,1630586,Usman Garuba,20.0
2021-22,1630176,Vernon Carey Jr.,21.0
2021-22,203506,Victor Oladipo,30.0
2021-22,1628427,Vlatko Čančar,25.0
2021-22,1630249,Vít Krejčí,22.0
2021-22,201961,Wayne Ellington,34.0
2021-22,1627782,Wayne Selden,27.0
2021-22,1628976,Wendell Carter Jr.,23.0
2021-22,1629117,Wenyen Gabriel,25.0
2021-22,1628411,Wes Iwundu,27.0
2021-22,202083,Wesley Matthews,35.0
2021-22,203115,Will Barton,31.0
2021-22,1626161,Willie Cauley-Stein,28.0
2021-22,1626195,Willy Hernangomez,28.0
2021-22,1629875,Xavier Moon,27.0
2021-22,1630270,Xavier Sneed,24.0
2021-22,1630214,Xavier Tillman,23.0
2021-22,1629139,Yuta Watanabe,27.0
2021-22,1630582,Yves Pons,23.0
2021-22,1628380,Zach Collins,24.0
2021-22,203897,Zach LaVine,27.0
2021-22,1630285,Zavier Simpson,25.0
2021-22,1630192,Zeke Nnaji,21.0
2021-22,1630533,Ziaire Williams,20.0
2021-22,1629597,Zylan Cheatham,26.0
2022-23,1630639,A.J. Lawson,22.0
2022-23,1631260,AJ Green,23.0
2022-23,1631100,AJ Griffin,19.0
2022-23,203932,Aaron Gordon,27.0
2022-23,1628988,Aaron Holiday,26.0
2022-23,1630174,Aaron Nesmith,23.0
2022-23,1630598,Aaron Wiggins,24.0
2022-23,1629678,Admiral Schofield,26.0
2022-23,201143,Al Horford,37.0
2022-23,202692,Alec Burks,31.0
2022-23,1630197,Aleksej Pokusevski,21.0
2022-23,1627936,Alex Caruso,29.0
2022-23,203458,Alex Len,30.0
2022-23,1628993,Alize Johnson,27.0
2022-23,1631214,Alondes Williams,24.0
2022-23,1630578,Alperen Sengun,20.0
2022-23,1629599,Amir Coffey,26.0
2022-23,203083,Andre Drummond,29.0
2022-23,2738,Andre Iguodala,39.0
2022-23,1629614,Andrew Nembhard,23.0
2022-23,203952,Andrew Wiggins,28.0
2022-23,1629014,Anfernee Simons,24.0
2022-23,203076,Anthony Davis,30.0
2022-23,1630162,Anthony Edwards,21.0
2022-23,1630264,Anthony Gill,30.0
2022-23,1630237,Anthony Lamb,25.0
2022-23,1630559,Austin Reaves,25.0
2022-23,203085,Austin Rivers,30.0
2022-23,1630245,Ayo Dosunmu,23.0
2022-23,1628389,Bam Adebayo,25.0
2022-23,1627732,Ben Simmons,26.0
2022-23,1631097,Bennedict Mathurin,21.0
2022-23,202687,Bismack Biyombo,30.0
2022-23,201933,Blake Griffin,34.0
2022-23,1631104,Blake Wesley,20.0
2022-23,1626246,Boban Marjanovic,34.0
2022-23,1626171,Bobby Portis,28.0
2022-23,203992,Bogdan Bogdanović,30.0
2022-23,202711,Bojan Bogdanovic,34.0
2022-23,1629626,Bol Bol,23.0
2022-23,1630538,Bones Hyland,22.0
2022-23,203078,Bradley Beal,30.0
2022-23,1630527,Brandon Boston,21.0
2022-23,1629634,Brandon Clarke,26.0
2022-23,1627742,Brandon Ingram,25.0
2022-23,1630296,Braxton Key,26.0
2022-23,201572,Brook Lopez,35.0
2022-23,1628971,Bruce Brown,26.0
2022-23,1628981,Bruno Fernando,24.0
2022-23,1631121,Bryce McGowens,20.0
2022-23,1627854,Bryn Forbes,29.0
2022-23,1631205,Buddy Boeheim,23.0
2022-23,1627741,Buddy Hield,30.0
2022-23,203468,CJ McCollum,31.0
2022-23,1630595,Cade Cunningham,21.0
2022-23,1631216,Caleb Houstan,20.0
2022-23,1628997,Caleb Martin,27.0
2022-23,1629629,Cam Reddish,23.0
2022-23,1630560,Cam Thomas,21.0
2022-23,1629661,Cameron Johnson,27.0
2022-23,1626166,Cameron Payne,28.0
2022-23,1627747,Caris LeVert,28.0
2022-23,1630637,Carlik Jones,25.0
2022-23,1626224,Cedi Osman,28.0
2022-23,1628435,Chance Comanche,27.0
2022-23,1629646,Charles Bassey,22.0
2022-23,1631320,Chima Moneke,27.0
2022-23,1629002,Chimezie Metu,26.0
2022-23,1628449,Chris Boucher,30.0
2022-23,1630537,Chris Duarte,26.0
2022-23,101108,Chris Paul,38.0
2022-23,1629735,Chris Silva,26.0
2022-23,1631128,Christian Braun,22.0
2022-23,1631132,Christian Koloko,23.0
2022-23,1626174,Christian Wood,27.0
2022-23,1629643,Chuma Okeke,24.0
2022-23,203991,Clint Capela,29.0
2022-23,1629632,Coby White,23.0
2022-23,1628998,Cody Martin,27.0
2022-23,203469,Cody Zeller,30.0
2022-23,1630175,Cole Anthony,23.0
2022-23,1631306,Cole Swider,24.0
2022-23,1629012,Collin Sexton,24.0
2022-23,1630557,Corey Kispert,24.0
2022-23,202709,Cory Joseph,31.0
2022-23,1626156,D'Angelo Russell,27.0
2022-23,1630227,Daishen Nix,21.0
2022-23,1630625,Dalano Banton,23.0
2022-23,1631207,Dalen Terry,20.0
2022-23,1627745,Damian Jones,28.0
2022-23,203081,Damian Lillard,32.0
2022-23,1627814,Damion Lee,30.0
2022-23,1629655,Daniel Gafford,24.0
2022-23,1628464,Daniel Theis,31.0
2022-23,201980,Danny Green,36.0
2022-23,1627863,Danuel House Jr.,30.0
2022-23,203967,Dario Saric,29.0
2022-23,1629647,Darius Bazley,23.0
2022-23,1630620,Darius Days,23.0
2022-23,1629636,Darius Garland,23.0
2022-23,1630561,David Duke Jr.,23.0
2022-23,1631223,David Roddy,22.0
2022-23,1630558,Davion Mitchell,24.0
2022-23,202722,Davis Bertans,30.0
2022-23,1628432,Davon Reed,28.0
2022-23,1630549,Day'Ron Sharpe,21.0
2022-23,1628368,De'Aaron Fox,25.0
2022-23,1629631,De'Andre Hunter,25.0
2022-23,1629001,De'Anthony Melton,25.0
2022-23,201599,DeAndre Jordan,34.0
2022-23,201942,DeMar DeRozan,33.0
2022-23,1629731,Dean Wade,26.0
2022-23,1629028,Deandre Ayton,24.0
2022-23,1627749,Dejounte Murray,26.0
2022-23,1626153,Delon Wright,31.0
2022-23,1630166,Deni Avdija,22.0
2022-23,203471,Dennis Schröder,29.0
2022-23,1628372,Dennis Smith Jr.,25.0
2022-23,1629126,Deonte Burton,29.0
2022-23,1631220,Dereon Seabron,23.0
2022-23,1627884,Derrick Jones Jr.,26.0
2022-23,201565,Derrick Rose,34.0
2022-23,1628401,Derrick White,28.0
2022-23,1630217,Desmond Bane,25.0
2022-23,1626164,Devin Booker,26.0
2022-23,1630170,Devin Vassell,22.0
2022-23,1629653,Devon Dotson,23.0
2022-23,1628984,Devonte' Graham,28.0
2022-23,203473,Dewayne Dedmon,33.0
2022-23,1628415,Dillon Brooks,27.0
2022-23,1627734,Domantas Sabonis,27.0
2022-23,1631230,Dominick Barlow,20.0
2022-23,1628378,Donovan Mitchell,26.0
2022-23,1631495,Donovan Williams,21.0
2022-23,1628978,Donte DiVincenzo,26.0
2022-23,1627827,Dorian Finney-Smith,30.0
2022-23,203926,Doug McDermott,31.0
2022-23,203110,Draymond Green,33.0
2022-23,1629234,Drew Eubanks,26.0
2022-23,1630696,Dru Smith,25.0
2022-23,1630613,Duane Washington Jr.,23.0
2022-23,1629130,Duncan Robinson,29.0
2022-23,203939,Dwight Powell,31.0
2022-23,1629685,Dylan Windler,26.0
2022-23,1630700,Dyson Daniels,20.0
2022-23,1628410,Edmond Sumner,27.0
2022-23,201569,Eric Gordon,34.0
2022-23,1630647,Eugene Omoruyi,26.0
2022-23,203095,Evan Fournier,30.0
2022-23,1630596,Evan Mobley,22.0
2022-23,1630267,Facundo Campazzo,32.0
2022-23,1628402,Frank Jackson,25.0
2022-23,1626163,Frank Kaminsky,30.0
2022-23,1628373,Frank Ntilikina,24.0
2022-23,1630532,Franz Wagner,21.0
2022-23,1627832,Fred VanVleet,29.0
2022-23,1627788,Furkan Korkmaz,25.0
2022-23,1629216,Gabe Vincent,27.0
2022-23,1628221,Gabe York,29.0
2022-23,202066,Garrett Temple,37.0
2022-23,1629726,Garrison Mathews,26.0
2022-23,203914,Gary Harris,28.0
2022-23,1627780,Gary Payton II,30.0
2022-23,1629018,Gary Trent Jr.,24.0
2022-23,201588,George Hill,37.0
2022-23,1627777,Georges Niang,30.0
2022-23,203507,Giannis Antetokounmpo,28.0
2022-23,1629048,Goga Bitadze,23.0
2022-23,201609,Goran Dragic,37.0
2022-23,202330,Gordon Hayward,33.0
2022-23,203476,Gorgui Dieng,33.0
2022-23,1629684,Grant Williams,24.0
2022-23,1628960,Grayson Allen,27.0
2022-23,1630535,Greg Brown III,21.0
2022-23,1628977,Hamidou Diallo,24.0
2022-23,203084,Harrison Barnes,31.0
2022-23,1629312,Haywood Highsmith,26.0
2022-23,1630529,Herbert Jones,24.0
2022-23,1630193,Immanuel Quickley,24.0
2022-23,1630171,Isaac Okoro,22.0
2022-23,1628392,Isaiah Hartenstein,25.0
2022-23,1630543,Isaiah Jackson,21.0
2022-23,1630198,Isaiah Joe,23.0
2022-23,1630587,Isaiah Livers,24.0
2022-23,1630600,Isaiah Mobley,23.0
2022-23,1629676,Isaiah Roby,25.0
2022-23,1630191,Isaiah Stewart,22.0
2022-23,1630225,Isaiah Todd,21.0
2022-23,202397,Ish Smith,34.0
2022-23,1630688,Ish Wainright,28.0
2022-23,1627826,Ivica Zubac,26.0
2022-23,1631120,JD Davison,20.0
2022-23,1630550,JT Thor,20.0
2022-23,1629630,Ja Morant,23.0
2022-23,203210,JaMychal Green,33.0
2022-23,201580,JaVale McGee,35.0
2022-23,1631095,Jabari Smith Jr.,20.0
2022-23,1631133,Jabari Walker,20.0
2022-23,1631298,Jack White,25.0
2022-23,1631367,Jacob Gilyard,24.0
2022-23,1630702,Jaden Hardy,20.0
2022-23,1631093,Jaden Ivey,21.0
2022-23,1630183,Jaden McDaniels,22.0
2022-23,1630531,Jaden Springer,20.0
2022-23,203109,Jae Crowder,32.0
2022-23,1630256,Jae'Sean Tate,27.0
2022-23,1631222,Jake LaRavia,21.0
2022-23,1627751,Jakob Poeltl,27.0
2022-23,1628973,Jalen Brunson,26.0
2022-23,1631105,Jalen Duren,19.0
2022-23,1630224,Jalen Green,21.0
2022-23,1630552,Jalen Johnson,21.0
2022-23,1629667,Jalen McDaniels,25.0
2022-23,1630188,Jalen Smith,23.0
2022-23,1630591,Jalen Suggs,22.0
2022-23,1631114,Jalen Williams,22.0
2022-23,1631288,Jamal Cain,24.0
2022-23,1627750,Jamal Murray,26.0
2022-23,1631123,Jamaree Bouyea,24.0
2022-23,1630547,James Bouknight,22.0
2022-23,201935,James Harden,33.0
2022-23,201949,James Johnson,36.0
2022-23,1630164,James Wiseman,22.0
2022-23,1630215,Jared Butler,22.0
2022-23,1631197,Jared Rhoden,23.0
2022-23,1628991,Jaren Jackson Jr.,23.0
2022-23,1629020,Jarred Vanderbilt,24.0
2022-23,1629714,Jarrell Brantley,27.0
2022-23,1628386,Jarrett Allen,25.0
2022-23,1629633,Jarrett Culver,24.0
2022-23,1630554,Jason Preston,23.0
2022-23,1629750,Javonte Green,29.0
2022-23,1629637,Jaxson Hayes,23.0
2022-23,1630643,Jay Huff,25.0
2022-23,1630206,Jay Scrubb,22.0
2022-23,1627759,Jaylen Brown,26.0
2022-23,1629669,Jaylen Nowell,23.0
2022-23,1631119,Jaylin Williams,21.0
2022-23,1628369,Jayson Tatum,25.0
2022-23,1630288,Jeff Dowtin Jr.,26.0
2022-23,201145,Jeff Green,36.0
2022-23,203924,Jerami Grant,29.0
2022-23,1630526,Jeremiah Robinson-Earl,22.0
2022-23,1631110,Jeremy Sochan,20.0
2022-23,1630579,Jericho Sims,24.0
2022-23,1628975,Jevon Carter,27.0
2022-23,202710,Jimmy Butler III,33.0
2022-23,1629111,Jock Landale,27.0
2022-23,203925,Joe Harris,31.0
2022-23,204060,Joe Ingles,35.0
2022-23,1630580,Joe Wieskamp,23.0
2022-23,203954,Joel Embiid,29.0
2022-23,1631219,John Butler Jr.,20.0
2022-23,1628381,John Collins,25.0
2022-23,1629723,John Konchar,27.0
2022-23,202322,John Wall,32.0
2022-23,1631098,Johnny Davis,21.0
2022-23,1630548,Johnny Juzang,22.0
2022-23,202685,Jonas Valančiūnas,31.0
2022-23,1628371,Jonathan Isaac,25.0
2022-23,1630228,Jonathan Kuminga,20.0
2022-23,203903,Jordan Clarkson,31.0
2022-23,1630692,Jordan Goodwin,24.0
2022-23,1631160,Jordan Hall,21.0
2022-23,1629162,Jordan McLaughlin,27.0
2022-23,1629670,Jordan Nwora,24.0
2022-23,1629673,Jordan Poole,24.0
2022-23,1630648,Jordan Schakel,25.0
2022-23,1630631,Jose Alvarado,25.0
2022-23,1630528,Josh Christopher,21.0
2022-23,1630581,Josh Giddey,20.0
2022-23,1630182,Josh Green,22.0
2022-23,1628404,Josh Hart,28.0
2022-23,1631169,Josh Minott,20.0
2022-23,1629006,Josh Okogie,24.0
2022-23,1626196,Josh Richardson,29.0
2022-23,1630563,Joshua Primo,20.0
2022-23,201950,Jrue Holiday,33.0
2022-23,1629308,Juan Toscano-Anderson,30.0
2022-23,1627823,Juancho Hernangomez,27.0
2022-23,1630577,Julian Champagnie,22.0
2022-23,203944,Julius Randle,28.0
2022-23,1630551,Justin Champagnie,22.0
2022-23,203200,Justin Holiday,34.0
2022-23,1628382,Justin Jackson,28.0
2022-23,1631303,Justin Minaya,24.0
2022-23,1626159,Justise Winslow,27.0
2022-23,203994,Jusuf Nurkić,28.0
2022-23,1630231,KJ Martin,22.0
2022-23,1629644,KZ Okpala,24.0
2022-23,1630539,Kai Jones,22.0
2022-23,1626157,Karl-Anthony Towns,27.0
2022-23,202695,Kawhi Leonard,32.0
2022-23,1631099,Keegan Murray,22.0
2022-23,1628966,Keita Bates-Diop,27.0
2022-23,1629640,Keldon Johnson,23.0
2022-23,203482,Kelly Olynyk,32.0
2022-23,1626162,Kelly Oubre Jr.,27.0
2022-23,202689,Kemba Walker,33.0
2022-23,1631112,Kendall Brown,20.0
2022-23,1629134,Kendrick Nunn,27.0
2022-23,1631113,Kennedy Chandler,20.0
2022-23,1631254,Kenneth Lofton Jr.,20.0
2022-23,1629026,Kenrich Williams,28.0
2022-23,203484,Kentavious Caldwell-Pope,30.0
2022-23,1631165,Keon Ellis,23.0
2022-23,1630553,Keon Johnson,21.0
2022-23,1630556,Kessler Edwards,22.0
2022-23,201142,Kevin Durant,34.0
2022-23,1628989,Kevin Huerter,24.0
2022-23,1628995,Kevin Knox II,23.0
2022-23,201567,Kevin Love,34.0
2022-23,1629645,Kevin Porter Jr.,23.0
2022-23,1630284,Kevon Harris,26.0
2022-23,1626172,Kevon Looney,27.0
2022-23,203920,Khem Birch,30.0
2022-23,203114,Khris Middleton,31.0
2022-23,1630165,Killian Hayes,21.0
2022-23,1630184,Kira Lewis Jr.,22.0
2022-23,202691,Klay Thompson,33.0
2022-23,1628424,Kobi Simmons,25.0
2022-23,1627739,Kris Dunn,29.0
2022-23,204001,Kristaps Porziņģis,27.0
2022-23,203937,Kyle Anderson,29.0
2022-23,1628398,Kyle Kuzma,27.0
2022-23,200768,Kyle Lowry,37.0
2022-23,202681,Kyrie Irving,31.0
2022-23,1630163,LaMelo Ball,21.0
2022-23,1630205,Lamar Stevens,25.0
2022-23,1629013,Landry Shamet,26.0
2022-23,1626204,Larry Nance Jr.,30.0
2022-23,1628374,Lauri Markkanen,26.0
2022-23,2544,LeBron James,38.0
2022-23,1630195,Leandro Bolmaro,22.0
2022-23,1631311,Lester Quinones,22.0
2022-23,1629623,Lindell Wigginton,25.0
2022-23,1630322,Lindy Waters III,25.0
2022-23,1629022,Lonnie Walker IV,24.0
2022-23,1629663,Louis King,24.0
2022-23,1629652,Luguentz Dort,24.0
2022-23,1629029,Luka Dončić,24.0
2022-23,1630568,Luka Garza,24.0
2022-23,1629677,Luka Samanic,23.0
2022-23,1628379,Luke Kennard,27.0
2022-23,1628436,Luke Kornet,27.0
2022-23,1630644,Mac McClung,24.0
2022-23,1630201,Malachi Flynn,25.0
2022-23,1631103,Malaki Branham,20.0
2022-23,1627763,Malcolm Brogdon,30.0
2022-23,1630792,Malcolm Hill,27.0
2022-23,1627736,Malik Beasley,26.0
2022-23,1628370,Malik Monk,25.0
2022-23,1629603,Mamadi Diakite,26.0
2022-23,1630699,MarJon Beauchamp,22.0
2022-23,202694,Marcus Morris Sr.,33.0
2022-23,203935,Marcus Smart,29.0
2022-23,1631109,Mark Williams,21.0
2022-23,1628365,Markelle Fultz,25.0
2022-23,202693,Markieff Morris,33.0
2022-23,1630250,Marko Simonovic,23.0
2022-23,1628963,Marvin Bagley III,24.0
2022-23,203486,Mason Plumlee,33.0
2022-23,1629680,Matisse Thybulle,26.0
2022-23,1630346,Matt Ryan,26.0
2022-23,203521,Matthew Dellavedova,32.0
2022-23,1631108,Max Christie,20.0
2022-23,1629622,Max Strus,27.0
2022-23,1628467,Maxi Kleber,31.0
2022-23,1630593,McKinley Wright IV,24.0
2022-23,203086,Meyers Leonard,31.0
2022-23,1629662,Mfiondu Kabengele,25.0
2022-23,1630695,Micah Potter,25.0
2022-23,203487,Michael Carter-Williams,31.0
2022-23,1630701,Michael Foster Jr.,20.0
2022-23,1629008,Michael Porter Jr.,25.0
2022-23,1628969,Mikal Bridges,26.0
2022-23,201144,Mike Conley,35.0
2022-23,203488,Mike Muscala,31.0
2022-23,1630540,Miles McBride,22.0
2022-23,1629011,Mitchell Robinson,25.0
2022-23,1628964,Mo Bamba,25.0
2022-23,1628420,Monte Morris,28.0
2022-23,1626149,Montrezl Harrell,29.0
2022-23,1629021,Moritz Wagner,26.0
2022-23,1629650,Moses Brown,23.0
2022-23,1630541,Moses Moody,21.0
2022-23,1631217,Moussa Diabaté,21.0
2022-23,1626167,Myles Turner,27.0
2022-23,1630230,Naji Marshall,25.0
2022-23,1629642,Nassir Little,23.0
2022-23,1631466,Nate Williams,24.0
2022-23,1630233,Nathan Knight,25.0
2022-23,1629675,Naz Reid,23.0
2022-23,1629674,Neemias Queta,23.0
2022-23,203457,Nerlens Noel,29.0
2022-23,1629651,Nic Claxton,24.0
2022-23,1630208,Nick Richards,25.0
2022-23,1629638,Nickeil Alexander-Walker,24.0
2022-23,201587,Nicolas Batum,34.0
2022-23,203999,Nikola Jokić,28.0
2022-23,1631107,Nikola Jović,20.0
2022-23,202696,Nikola Vučević,32.0
2022-23,203943,Noah Vonleh,27.0
2022-23,1626181,Norman Powell,30.0
2022-23,1628384,OG Anunoby,25.0
2022-23,1630167,Obi Toppin,25.0
2022-23,1630534,Ochai Agbaji,23.0
2022-23,1630846,Olivier Sarr,24.0
2022-23,1630209,Omer Yurtseven,25.0
2022-23,1630168,Onyeka Okongwu,22.0
2022-23,1631115,Orlando Robinson,22.0
2022-23,1629052,Oshae Brissett,25.0
2022-23,203490,Otto Porter Jr.,30.0
2022-23,1631172,Ousmane Dieng,20.0
2022-23,200782,P.J. Tucker,38.0
2022-23,1629023,P.J. Washington,24.0
2022-23,1628408,PJ Dozier,26.0
2022-23,1631094,Paolo Banchero,20.0
2022-23,1627783,Pascal Siakam,29.0
2022-23,1626192,Pat Connaughton,30.0
2022-23,1631116,Patrick Baldwin Jr.,20.0
2022-23,201976,Patrick Beverley,34.0
2022-23,1630172,Patrick Williams,21.0
2022-23,201988,Patty Mills,34.0
2022-23,202331,Paul George,33.0
2022-23,1630194,Paul Reed,24.0
2022-23,1630202,Payton Pritchard,25.0
2022-23,1631212,Peyton Watson,20.0
2022-23,1630173,Precious Achiuwa,23.0
2022-23,1629656,Quentin Grimes,23.0
2022-23,1631245,Quenton Jackson,24.0
2022-23,1630181,R.J. Hampton,22.0
2022-23,1629628,RJ Barrett,23.0
2022-23,1630564,RaiQuan Gray,23.0
2022-23,203526,Raul Neto,31.0
2022-23,203493,Reggie Bullock Jr.,32.0
2022-23,202704,Reggie Jackson,33.0
2022-23,1626158,Richaun Holmes,29.0
2022-23,201937,Ricky Rubio,32.0
2022-23,203496,Robert Covington,32.0
2022-23,1629057,Robert Williams III,25.0
2022-23,201577,Robin Lopez,35.0
2022-23,203585,Rodney McGruder,31.0
2022-23,1629641,Romeo Langford,23.0
2022-23,1631199,Ron Harper Jr.,23.0
2022-23,1626220,Royce O'Neale,30.0
2022-23,200752,Rudy Gay,36.0
2022-23,203497,Rudy Gobert,31.0
2022-23,1629060,Rui Hachimura,25.0
2022-23,201566,Russell Westbrook,34.0
2022-23,1627853,Ryan Arcidiacono,29.0
2022-23,1631157,Ryan Rollins,20.0
2022-23,1630240,Saben Lee,24.0
2022-23,1630180,Saddiq Bey,24.0
2022-23,1630573,Sam Hauser,25.0
2022-23,1630241,Sam Merrill,27.0
2022-23,1630572,Sandro Mamukelashvili,24.0
2022-23,1630583,Santi Aldama,22.0
2022-23,1630567,Scottie Barnes,21.0
2022-23,1630590,Scotty Pippen Jr.,22.0
2022-23,201586,Serge Ibaka,33.0
2022-23,203552,Seth Curry,32.0
2022-23,1631101,Shaedon Sharpe,20.0
2022-23,1628983,Shai Gilgeous-Alexander,24.0
2022-23,1629003,Shake Milton,26.0
2022-23,1627885,Shaquille Harrison,29.0
2022-23,1631323,Simone Fontecchio,27.0
2022-23,1630219,Skylar Mays,25.0
2022-23,203915,Spencer Dinwiddie,30.0
2022-23,1626169,Stanley Johnson,27.0
2022-23,1630649,Stanley Umude,24.0
2022-23,201939,Stephen Curry,35.0
2022-23,1628425,Sterling Brown,28.0
2022-23,203500,Steven Adams,29.0
2022-23,1629004,Svi Mykhailiuk,26.0
2022-23,204456,T.J. McConnell,31.0
2022-23,203933,T.J. Warren,29.0
2022-23,201959,Taj Gibson,38.0
2022-23,1629659,Talen Horton-Tucker,22.0
2022-23,1631106,Tari Eason,22.0
2022-23,1627752,Taurean Prince,29.0
2022-23,1629611,Terance Mann,26.0
2022-23,1629056,Terence Davis,26.0
2022-23,203082,Terrence Ross,32.0
2022-23,1626179,Terry Rozier,29.0
2022-23,1630678,Terry Taylor,23.0
2022-23,201152,Thaddeus Young,35.0
2022-23,203648,Thanasis Antetokounmpo,30.0
2022-23,1630177,Theo Maledon,22.0
2022-23,1629033,Theo Pinson,27.0
2022-23,1628418,Thomas Bryant,25.0
2022-23,203501,Tim Hardaway Jr.,31.0
2022-23,202699,Tobias Harris,30.0
2022-23,1628396,Tony Bradley,25.0
2022-23,1628470,Torrey Craig,32.0
2022-23,1629027,Trae Young,24.0
2022-23,1630200,Tre Jones,23.0
2022-23,1630544,Tre Mann,22.0
2022-23,1630570,Trendon Watford,22.0
2022-23,1630235,Trent Forrest,25.0
2022-23,1630243,Trevelin Queen,26.0
2022-23,1631309,Trevor Hudgins,24.0
2022-23,1631211,Trevor Keels,19.0
2022-23,1626168,Trey Lyles,27.0
2022-23,1630530,Trey Murphy III,23.0
2022-23,1628972,Troy Brown Jr.,23.0
2022-23,1629660,Ty Jerome,25.0
2022-23,1631102,TyTy Washington Jr.,21.0
2022-23,1628416,Tyler Dorsey,27.0
2022-23,1629639,Tyler Herro,23.0
2022-23,1630169,Tyrese Haliburton,23.0
2022-23,1631213,Tyrese Martin,24.0
2022-23,1630178,Tyrese Maxey,22.0
2022-23,1626145,Tyus Jones,27.0
2022-23,1628962,Udoka Azubuike,23.0
2022-23,2617,Udonis Haslem,43.0
2022-23,1630586,Usman Garuba,21.0
2022-23,1630176,Vernon Carey Jr.,22.0
2022-23,203506,Victor Oladipo,31.0
2022-23,1631246,Vince Williams Jr.,22.0
2022-23,1628427,Vlatko Čančar,26.0
2022-23,1630249,Vít Krejčí,23.0
2022-23,1631117,Walker Kessler,21.0
2022-23,1628976,Wendell Carter Jr.,24.0
2022-23,1631111,Wendell Moore Jr.,21.0
2022-23,1629117,Wenyen Gabriel,26.0
2022-23,202083,Wesley Matthews,36.0
2022-23,203115,Will Barton,32.0
2022-23,1626195,Willy Hernangomez,29.0
2022-23,1641645,Xavier Cooks,27.0
2022-23,1629875,Xavier Moon,28.0
2022-23,1630270,Xavier Sneed,25.0
2022-23,1630214,Xavier Tillman,24.0
2022-23,1629139,Yuta Watanabe,28.0
2022-23,1628380,Zach Collins,25.0
2022-23,203897,Zach LaVine,28.0
2022-23,1630192,Zeke Nnaji,22.0
2022-23,1630533,Ziaire Williams,21.0
2022-23,1629627,Zion Williamson,22.0
2023-24,1630639,A.J. Lawson,23.0
2023-24,1631260,AJ Green,24.0
2023-24,1631100,AJ Griffin,20.0
2023-24,203932,Aaron Gordon,28.0
2023-24,1628988,Aaron Holiday,27.0
2023-24,1630174,Aaron Nesmith,24.0
2023-24,1630598,Aaron Wiggins,25.0
2023-24,1641745,Adam Flagler,24.0
2023-24,1641766,Adama Sanogo,22.0
2023-24,1629678,Admiral Schofield,27.0
2023-24,201143,Al Horford,38.0
2023-24,202692,Alec Burks,32.0
2023-24,1630197,Aleksej Pokusevski,22.0
2023-24,1627936,Alex Caruso,30.0
2023-24,1641788,Alex Fudge,21.0
2023-24,203458,Alex Len,31.0
2023-24,1631214,Alondes Williams,25.0
2023-24,1630578,Alperen Sengun,21.0
2023-24,1641735,Amari Bailey,20.0
2023-24,1641708,Amen Thompson,21.0
2023-24,1629599,Amir Coffey,27.0
2023-24,203083,Andre Drummond,30.0
2023-24,1641748,Andre Jackson Jr.,22.0
2023-24,1641847,Andrew Funk,24.0
2023-24,1629614,Andrew Nembhard,24.0
2023-24,203952,Andrew Wiggins,29.0
2023-24,1629014,Anfernee Simons,25.0
2023-24,1641710,Anthony Black,20.0
2023-24,203076,Anthony Davis,31.0
2023-24,1630162,Anthony Edwards,22.0
2023-24,1630264,Anthony Gill,31.0
2023-24,1629717,Armoni Brooks,26.0
2023-24,1630204,Ashton Hagans,24.0
2023-24,1641709,Ausar Thompson,21.0
2023-24,1630559,Austin Reaves,26.0
2023-24,1630245,Ayo Dosunmu,24.0
2023-24,1628389,Bam Adebayo,26.0
2023-24,1641767,Ben Sheppard,22.0
2023-24,1627732,Ben Simmons,27.0
2023-24,1631097,Bennedict Mathurin,22.0
2023-24,1641731,Bilal Coulibaly,19.0
2023-24,202687,Bismack Biyombo,31.0
2023-24,1631104,Blake Wesley,21.0
2023-24,1626246,Boban Marjanovic,35.0
2023-24,1626171,Bobby Portis,29.0
2023-24,203992,Bogdan Bogdanović,31.0
2023-24,202711,Bojan Bogdanovic,35.0
2023-24,1629626,Bol Bol,24.0
2023-24,1630538,Bones Hyland,23.0
2023-24,203078,Bradley Beal,31.0
2023-24,1641764,Brandin Podziemski,21.0
2023-24,1630527,Brandon Boston,22.0
2023-24,1629634,Brandon Clarke,27.0
2023-24,1627742,Brandon Ingram,26.0
2023-24,1641706,Brandon Miller,21.0
2023-24,1630314,Brandon Williams,24.0
2023-24,1630296,Braxton Key,27.0
2023-24,1641729,Brice Sensabaugh,20.0
2023-24,201572,Brook Lopez,36.0
2023-24,1628971,Bruce Brown,27.0
2023-24,1628981,Bruno Fernando,25.0
2023-24,1631121,Bryce McGowens,21.0
2023-24,1631205,Buddy Boeheim,24.0
2023-24,1627741,Buddy Hield,31.0
2023-24,203468,CJ McCollum,32.0
2023-24,1630595,Cade Cunningham,22.0
2023-24,1631216,Caleb Houstan,21.0
2023-24,1628997,Caleb Martin,28.0
2023-24,1629629,Cam Reddish,24.0
2023-24,1630560,Cam Thomas,22.0
2023-24,1641715,Cam Whitmore,19.0
2023-24,1629661,Cameron Johnson,28.0
2023-24,1626166,Cameron Payne,29.0
2023-24,1627747,Caris LeVert,29.0
2023-24,1641717,Cason Wallace,20.0
2023-24,1626224,Cedi Osman,29.0
2023-24,1629646,Charles Bassey,23.0
2023-24,1629718,Charlie Brown Jr.,27.0
2023-24,1631096,Chet Holmgren,22.0
2023-24,1629002,Chimezie Metu,27.0
2023-24,1628449,Chris Boucher,31.0
2023-24,1630537,Chris Duarte,27.0
2023-24,1641753,Chris Livingston,20.0
2023-24,101108,Chris Paul,39.0
2023-24,1631128,Christian Braun,23.0
2023-24,1626174,Christian Wood,28.0
2023-24,1629643,Chuma Okeke,25.0
2023-24,203991,Clint Capela,30.0
2023-24,1629632,Coby White,24.0
2023-24,1628998,Cody Martin,28.0
2023-24,203469,Cody Zeller,31.0
2023-24,1641732,Colby Jones,22.0
2023-24,1630175,Cole Anthony,24.0
2023-24,1631306,Cole Swider,25.0
2023-24,1630658,Colin Castleton,24.0
2023-24,1631221,Collin Gillespie,25.0
2023-24,1629012,Collin Sexton,25.0
2023-24,1630557,Corey Kispert,25.0
2023-24,202709,Cory Joseph,32.0
2023-24,1641854,Craig Porter Jr.,24.0
2023-24,1626156,D'Angelo Russell,28.0
2023-24,1641793,D'Moi Hodge,25.0
2023-24,1630618,D.J. Carton,23.0
2023-24,1628391,D.J. Wilson,28.0
2023-24,1629610,DaQuan Jeffries,26.0
2023-24,1630227,Daishen Nix,22.0
2023-24,1630625,Dalano Banton,24.0
2023-24,1631207,Dalen Terry,21.0
2023-24,1627745,Damian Jones,29.0
2023-24,203081,Damian Lillard,33.0
2023-24,1629655,Daniel Gafford,25.0
2023-24,1628464,Daniel Theis,32.0
2023-24,201568,Danilo Gallinari,35.0
2023-24,201980,Danny Green,37.0
2023-24,203957,Dante Exum,28.0
2023-24,1627863,Danuel House Jr.,31.0
2023-24,203967,Dario Saric,30.0
2023-24,1641727,Dariq Whitehead,19.0
2023-24,1629647,Darius Bazley,24.0
2023-24,1629636,Darius Garland,24.0
2023-24,1630561,David Duke Jr.,24.0
2023-24,1631223,David Roddy,23.0
2023-24,1630558,Davion Mitchell,25.0
2023-24,202722,Davis Bertans,31.0
2023-24,1630549,Day'Ron Sharpe,22.0
2023-24,1628368,De'Aaron Fox,26.0
2023-24,1629631,De'Andre Hunter,26.0
2023-24,1629001,De'Anthony Melton,26.0
2023-24,201599,DeAndre Jordan,35.0
2023-24,1630610,DeJon Jarreau,26.0
2023-24,201942,DeMar DeRozan,34.0
2023-24,1629731,Dean Wade,27.0
2023-24,1629028,Deandre Ayton,25.0
2023-24,1627749,Dejounte Murray,27.0
2023-24,1626153,Delon Wright,32.0
2023-24,1630166,Deni Avdija,23.0
2023-24,203471,Dennis Schröder,30.0
2023-24,1628372,Dennis Smith Jr.,26.0
2023-24,1641726,Dereck Lively II,20.0
2023-24,1631220,Dereon Seabron,24.0
2023-24,1627884,Derrick Jones Jr.,27.0
2023-24,201565,Derrick Rose,35.0
2023-24,1628401,Derrick White,29.0
2023-24,1630217,Desmond Bane,26.0
2023-24,1626164,Devin Booker,27.0
2023-24,1630170,Devin Vassell,23.0
2023-24,1628984,Devonte' Graham,29.0
2023-24,1641926,Dexter Dennis,25.0
2023-24,1628415,Dillon Brooks,28.0
2023-24,1631376,Dmytro Skapintsev,26.0
2023-24,1627734,Domantas Sabonis,28.0
2023-24,1631230,Dominick Barlow,21.0
2023-24,1628378,Donovan Mitchell,27.0
2023-24,1628978,Donte DiVincenzo,27.0
2023-24,1627827,Dorian Finney-Smith,31.0
2023-24,203926,Doug McDermott,32.0
2023-24,203110,Draymond Green,34.0
2023-24,1629234,Drew Eubanks,27.0
2023-24,1641809,Drew Peterson,24.0
2023-24,1630696,Dru Smith,26.0
2023-24,1629130,Duncan Robinson,30.0
2023-24,1641871,Duop Reath,28.0
2023-24,203939,Dwight Powell,32.0
2023-24,1629685,Dylan Windler,27.0
2023-24,1630700,Dyson Daniels,21.0
2023-24,1630604,E.J. Liddell,23.0
2023-24,1641734,Emoni Bates,20.0
2023-24,201569,Eric Gordon,35.0
2023-24,1630647,Eugene Omoruyi,27.0
2023-24,203095,Evan Fournier,31.0
2023-24,1630596,Evan Mobley,23.0
2023-24,1630196,Filip Petrusev,24.0
2023-24,1628373,Frank Ntilikina,25.0
2023-24,1630532,Franz Wagner,22.0
2023-24,1627832,Fred VanVleet,30.0
2023-24,1627788,Furkan Korkmaz,26.0
2023-24,1641713,GG Jackson,19.0
2023-24,1629216,Gabe Vincent,28.0
2023-24,202066,Garrett Temple,38.0
2023-24,1629726,Garrison Mathews,27.0
2023-24,203914,Gary Harris,29.0
2023-24,1627780,Gary Payton II,31.0
2023-24,1629018,Gary Trent Jr.,25.0
2023-24,1627777,Georges Niang,31.0
2023-24,203507,Giannis Antetokounmpo,29.0
2023-24,1629048,Goga Bitadze,24.0
2023-24,202330,Gordon Hayward,34.0
2023-24,1641711,Gradey Dick,20.0
2023-24,1629684,Grant Williams,25.0
2023-24,1628960,Grayson Allen,28.0
2023-24,1630535,Greg Brown III,22.0
2023-24,1630611,Gui Santos,22.0
2023-24,1628977,Hamidou Diallo,25.0
2023-24,203084,Harrison Barnes,32.0
2023-24,1628385,Harry Giles III,26.0
2023-24,1629312,Haywood Highsmith,27.0
2023-24,1630929,Henri Drell,24.0
2023-24,1630529,Herbert Jones,25.0
2023-24,1641816,Hunter Tyson,24.0
2023-24,1630641,Ibou Badji,21.0
2023-24,1630193,Immanuel Quickley,25.0
2023-24,1630171,Isaac Okoro,23.0
2023-24,1628392,Isaiah Hartenstein,26.0
2023-24,1630543,Isaiah Jackson,22.0
2023-24,1630198,Isaiah Joe,24.0
2023-24,1630587,Isaiah Livers,25.0
2023-24,1630600,Isaiah Mobley,24.0
2023-24,1630191,Isaiah Stewart,23.0
2023-24,202738,Isaiah Thomas,35.0
2023-24,1631209,Isaiah Wong,23.0
2023-24,202397,Ish Smith,35.0
2023-24,1630688,Ish Wainright,29.0
2023-24,1627826,Ivica Zubac,27.0
2023-24,1631167,Izaiah Brockington,24.0
2023-24,1631120,JD Davison,21.0
2023-24,1630550,JT Thor,21.0
2023-24,1629630,Ja Morant,24.0
2023-24,201580,JaVale McGee,36.0
2023-24,1631095,Jabari Smith Jr.,21.0
2023-24,1631133,Jabari Walker,21.0
2023-24,1631298,Jack White,26.0
2023-24,1631367,Jacob Gilyard,25.0
2023-24,1631210,Jacob Toppin,24.0
2023-24,1630702,Jaden Hardy,21.0
2023-24,1631093,Jaden Ivey,22.0
2023-24,1630183,Jaden McDaniels,23.0
2023-24,1630531,Jaden Springer,21.0
2023-24,203109,Jae Crowder,33.0
2023-24,1630256,Jae'Sean Tate,28.0
2023-24,1630186,Jahmi'us Ramsey,23.0
2023-24,1631170,Jaime Jaquez Jr.,23.0
2023-24,1631222,Jake LaRavia,22.0
2023-24,1627751,Jakob Poeltl,28.0
2023-24,1628973,Jalen Brunson,27.0
2023-24,1630622,Jalen Crutcher,24.0
2023-24,1631105,Jalen Duren,20.0
2023-24,1630224,Jalen Green,22.0
2023-24,1641720,Jalen Hood-Schifino,21.0
2023-24,1630552,Jalen Johnson,22.0
2023-24,1629667,Jalen McDaniels,26.0
2023-24,1629618,Jalen Pickett,24.0
2023-24,1641771,Jalen Slawson,24.0
2023-24,1630188,Jalen Smith,24.0
2023-24,1630591,Jalen Suggs,23.0
2023-24,1631114,Jalen Williams,23.0
2023-24,1630592,Jalen Wilson,23.0
2023-24,1631288,Jamal Cain,25.0
2023-24,1627750,Jamal Murray,27.0
2023-24,1631123,Jamaree Bouyea,25.0
2023-24,1630547,James Bouknight,23.0
2023-24,201935,James Harden,34.0
2023-24,201949,James Johnson,37.0
2023-24,1630164,James Wiseman,23.0
2023-24,1641716,Jarace Walker,20.0
2023-24,1630215,Jared Butler,23.0
2023-24,1631197,Jared Rhoden,24.0
2023-24,1628991,Jaren Jackson Jr.,24.0
2023-24,1629020,Jarred Vanderbilt,25.0
2023-24,1628386,Jarrett Allen,26.0
2023-24,1630554,Jason Preston,24.0
2023-24,1631241,Javon Freeman-Liberty,24.0
2023-24,1629750,Javonte Green,30.0
2023-24,1630606,Javonte Smart,25.0
2023-24,1629637,Jaxson Hayes,24.0
2023-24,1630643,Jay Huff,26.0
2023-24,1627759,Jaylen Brown,27.0
2023-24,1629669,Jaylen Nowell,24.0
2023-24,1631119,Jaylin Williams,22.0
2023-24,1628369,Jayson Tatum,26.0
2023-24,1630288,Jeff Dowtin Jr.,27.0
2023-24,201145,Jeff Green,37.0
2023-24,203924,Jerami Grant,30.0
2023-24,1630526,Jeremiah Robinson-Earl,23.0
2023-24,1631110,Jeremy Sochan,21.0
2023-24,1630579,Jericho Sims,25.0
2023-24,1631257,Jermaine Samuels Jr.,25.0
2023-24,1629010,Jerome Robinson,27.0
2023-24,1641724,Jett Howard,20.0
2023-24,1628975,Jevon Carter,28.0
2023-24,202710,Jimmy Butler III,34.0
2023-24,1629111,Jock Landale,28.0
2023-24,203925,Joe Harris,32.0
2023-24,204060,Joe Ingles,36.0
2023-24,203954,Joel Embiid,30.0
2023-24,1628381,John Collins,26.0
2023-24,1629723,John Konchar,28.0
2023-24,1631098,Johnny Davis,22.0
2023-24,1630548,Johnny Juzang,23.0
2023-24,202685,Jonas Valančiūnas,32.0
2023-24,1628371,Jonathan Isaac,26.0
2023-24,1630228,Jonathan Kuminga,21.0
2023-24,1629007,Jontay Porter,24.0
2023-24,203903,Jordan Clarkson,32.0
2023-24,1630259,Jordan Ford,26.0
2023-24,1630692,Jordan Goodwin,25.0
2023-24,1641722,Jordan Hawkins,22.0
2023-24,1629162,Jordan McLaughlin,28.0
2023-24,1641757,Jordan Miller,24.0
2023-24,1629670,Jordan Nwora,25.0
2023-24,1629673,Jordan Poole,25.0
2023-24,1641775,Jordan Walsh,20.0
2023-24,1630631,Jose Alvarado,26.0
2023-24,1630581,Josh Giddey,21.0
2023-24,1630182,Josh Green,23.0
2023-24,1628404,Josh Hart,29.0
2023-24,1631169,Josh Minott,21.0
2023-24,1629006,Josh Okogie,25.0
2023-24,1626196,Josh Richardson,30.0
2023-24,1630563,Joshua Primo,21.0
2023-24,201950,Jrue Holiday,34.0
2023-24,1629308,Juan Toscano-Anderson,31.0
2023-24,1631262,Jules Bernard,24.0
2023-24,1630577,Julian Champagnie,23.0
2023-24,1641763,Julian Phillips,20.0
2023-24,1631124,Julian Strawther,22.0
2023-24,203944,Julius Randle,29.0
2023-24,1630551,Justin Champagnie,23.0
2023-24,203200,Justin Holiday,35.0
2023-24,1628382,Justin Jackson,29.0
2023-24,1631303,Justin Minaya,25.0
2023-24,203994,Jusuf Nurkić,29.0
2023-24,1630231,KJ Martin,23.0
2023-24,1629232,Kaiser Gates,27.0
2023-24,1626157,Karl-Anthony Towns,28.0
2023-24,202695,Kawhi Leonard,33.0
2023-24,1631099,Keegan Murray,23.0
2023-24,1628966,Keita Bates-Diop,28.0
2023-24,1629640,Keldon Johnson,24.0
2023-24,203482,Kelly Olynyk,33.0
2023-24,1626162,Kelly Oubre Jr.,28.0
2023-24,1631112,Kendall Brown,21.0
2023-24,1631254,Kenneth Lofton Jr.,21.0
2023-24,1629026,Kenrich Williams,29.0
2023-24,203484,Kentavious Caldwell-Pope,31.0
2023-24,1631165,Keon Ellis,24.0
2023-24,1630553,Keon Johnson,22.0
2023-24,1630556,Kessler Edwards,23.0
2023-24,201142,Kevin Durant,35.0
2023-24,1628989,Kevin Huerter,25.0
2023-24,1628995,Kevin Knox II,24.0
2023-24,201567,Kevin Love,35.0
2023-24,1630284,Kevon Harris,27.0
2023-24,1626172,Kevon Looney,28.0
2023-24,1641749,Keyontae Johnson,24.0
2023-24,1641718,Keyonte George,20.0
2023-24,203114,Khris Middleton,32.0
2023-24,1630165,Killian Hayes,22.0
2023-24,1630184,Kira Lewis Jr.,23.0
2023-24,202691,Klay Thompson,34.0
2023-24,1641738,Kobe Brown,24.0
2023-24,1641723,Kobe Bufkin,20.0
2023-24,1628424,Kobi Simmons,26.0
2023-24,1627739,Kris Dunn,30.0
2023-24,1631200,Kris Murray,23.0
2023-24,204001,Kristaps Porziņģis,28.0
2023-24,203937,Kyle Anderson,30.0
2023-24,1628398,Kyle Kuzma,28.0
2023-24,200768,Kyle Lowry,38.0
2023-24,202681,Kyrie Irving,32.0
2023-24,1630163,LaMelo Ball,22.0
2023-24,1630205,Lamar Stevens,26.0
2023-24,1629013,Landry Shamet,27.0
2023-24,1626204,Larry Nance Jr.,31.0
2023-24,1628374,Lauri Markkanen,27.0
2023-24,2544,LeBron James,39.0
2023-24,1641778,Leaky Black,25.0
2023-24,1631159,Leonard Miller,20.0
2023-24,1631311,Lester Quinones,23.0
2023-24,1629623,Lindell Wigginton,26.0
2023-24,1630322,Lindy Waters III,26.0
2023-24,1629022,Lonnie Walker IV,25.0
2023-24,1629652,Luguentz Dort,25.0
2023-24,1629029,Luka Dončić,25.0
2023-24,1630568,Luka Garza,25.0
2023-24,1629677,Luka Samanic,24.0
2023-24,1628379,Luke Kennard,28.0
2023-24,1628436,Luke Kornet,28.0
2023-24,1630201,Malachi Flynn,26.0
2023-24,1631103,Malaki Branham,21.0
2023-24,1627763,Malcolm Brogdon,31.0
2023-24,1630608,Malcolm Cazalon,22.0
2023-24,1627736,Malik Beasley,27.0
2023-24,1628370,Malik Monk,26.0
2023-24,1642013,Malik Williams,25.0
2023-24,1629603,Mamadi Diakite,27.0
2023-24,1641970,Maozinha Pereira,23.0
2023-24,1630699,MarJon Beauchamp,23.0
2023-24,202694,Marcus Morris Sr.,34.0
2023-24,1631204,Marcus Sasser,23.0
2023-24,203935,Marcus Smart,30.0
2023-24,1631109,Mark Williams,22.0
2023-24,1628365,Markelle Fultz,26.0
2023-24,202693,Markieff Morris,34.0
2023-24,1641806,Markquis Nowell,24.0
2023-24,1629716,Marques Bolden,26.0
2023-24,1628963,Marvin Bagley III,25.0
2023-24,1630222,Mason Jones,25.0
2023-24,203486,Mason Plumlee,34.0
2023-24,1629680,Matisse Thybulle,27.0
2023-24,1630562,Matt Hurt,24.0
2023-24,1630346,Matt Ryan,27.0
2023-24,1631108,Max Christie,21.0
2023-24,1629622,Max Strus,28.0
2023-24,1628467,Maxi Kleber,32.0
2023-24,1641721,Maxwell Lewis,21.0
2023-24,1630695,Micah Potter,26.0
2023-24,1629008,Michael Porter Jr.,26.0
2023-24,1628969,Mikal Bridges,27.0
2023-24,201144,Mike Conley,36.0
2023-24,203488,Mike Muscala,33.0
2023-24,1628970,Miles Bridges,26.0
2023-24,1630540,Miles McBride,23.0
2023-24,1629011,Mitchell Robinson,26.0
2023-24,1628964,Mo Bamba,26.0
2023-24,1628420,Monte Morris,29.0
2023-24,1629021,Moritz Wagner,27.0
2023-24,1629650,Moses Brown,24.0
2023-24,1630541,Moses Moody,22.0
2023-24,1631338,Mouhamadou Gueye,25.0
2023-24,1631243,Mouhamed Gueye,21.0
2023-24,1631217,Moussa Diabaté,22.0
2023-24,1626167,Myles Turner,28.0
2023-24,1630230,Naji Marshall,26.0
2023-24,1629642,Nassir Little,24.0
2023-24,1630207,Nate Hinton,25.0
2023-24,1631466,Nate Williams,25.0
2023-24,1641877,Nathan Mensah,26.0
2023-24,1629675,Naz Reid,24.0
2023-24,1629674,Neemias Queta,24.0
2023-24,1629651,Nic Claxton,25.0
2023-24,1630208,Nick Richards,26.0
2023-24,1641733,Nick Smith Jr.,20.0
2023-24,1629638,Nickeil Alexander-Walker,25.0
2023-24,201587,Nicolas Batum,35.0
2023-24,203999,Nikola Jokić,29.0
2023-24,1631107,Nikola Jović,21.0
2023-24,202696,Nikola Vučević,33.0
2023-24,1641730,Noah Clowney,19.0
2023-24,1626181,Norman Powell,31.0
2023-24,1628384,OG Anunoby,26.0
2023-24,1630167,Obi Toppin,26.0
2023-24,1630534,Ochai Agbaji,24.0
2023-24,1630846,Olivier Sarr,25.0
2023-24,1641765,Olivier-Maxence Prosper,21.0
2023-24,1630209,Omer Yurtseven,26.0
2023-24,1641931,Onuralp Bitim,25.0
2023-24,1630168,Onyeka Okongwu,23.0
2023-24,1631115,Orlando Robinson,23.0
2023-24,1631131,Oscar Tshiebwe,24.0
2023-24,1629052,Oshae Brissett,26.0
2023-24,203490,Otto Porter Jr.,31.0
2023-24,1631172,Ousmane Dieng,21.0
2023-24,200782,P.J. Tucker,39.0
2023-24,1629023,P.J. Washington,25.0
2023-24,1631094,Paolo Banchero,21.0
2023-24,1627783,Pascal Siakam,30.0
2023-24,1626192,Pat Connaughton,31.0
2023-24,1630311,Pat Spencer,27.0
2023-24,1631116,Patrick Baldwin Jr.,21.0
2023-24,201976,Patrick Beverley,35.0
2023-24,1630172,Patrick Williams,22.0
2023-24,201988,Patty Mills,35.0
2023-24,202331,Paul George,34.0
2023-24,1630194,Paul Reed,25.0
2023-24,1630202,Payton Pritchard,26.0
2023-24,1631250,Pete Nance,24.0
2023-24,1631212,Peyton Watson,21.0
2023-24,1630173,Precious Achiuwa,24.0
2023-24,1629656,Quentin Grimes,24.0
2023-24,1631245,Quenton Jackson,25.0
2023-24,1630181,R.J. Hampton,23.0
2023-24,1629628,RJ Barrett,24.0
2023-24,1630564,RaiQuan Gray,24.0
2023-24,1641712,Rayan Rupert,20.0
2023-24,203493,Reggie Bullock Jr.,33.0
2023-24,202704,Reggie Jackson,34.0
2023-24,1626158,Richaun Holmes,30.0
2023-24,1641741,Ricky Council IV,22.0
2023-24,203496,Robert Covington,33.0
2023-24,1629057,Robert Williams III,26.0
2023-24,201577,Robin Lopez,36.0
2023-24,1631199,Ron Harper Jr.,24.0
2023-24,1626220,Royce O'Neale,31.0
2023-24,203497,Rudy Gobert,32.0
2023-24,1629060,Rui Hachimura,26.0
2023-24,201566,Russell Westbrook,35.0
2023-24,1627853,Ryan Arcidiacono,30.0
2023-24,1631157,Ryan Rollins,21.0
2023-24,1630240,Saben Lee,25.0
2023-24,1630180,Saddiq Bey,25.0
2023-24,1630573,Sam Hauser,26.0
2023-24,1630241,Sam Merrill,28.0
2023-24,1630572,Sandro Mamukelashvili,25.0
2023-24,1630583,Santi Aldama,23.0
2023-24,1628426,Sasha Vezenkov,28.0
2023-24,1630703,Scoot Henderson,20.0
2023-24,1630567,Scottie Barnes,22.0
2023-24,1630590,Scotty Pippen Jr.,23.0
2023-24,203552,Seth Curry,33.0
2023-24,1641754,Seth Lundy,24.0
2023-24,1631101,Shaedon Sharpe,21.0
2023-24,1628983,Shai Gilgeous-Alexander,25.0
2023-24,1629003,Shake Milton,27.0
2023-24,1627885,Shaquille Harrison,30.0
2023-24,1631321,Sidy Cissoko,20.0
2023-24,1631323,Simone Fontecchio,28.0
2023-24,1630219,Skylar Mays,26.0
2023-24,203915,Spencer Dinwiddie,31.0
2023-24,1630649,Stanley Umude,25.0
2023-24,201939,Stephen Curry,36.0
2023-24,1629004,Svi Mykhailiuk,27.0
2023-24,204456,T.J. McConnell,32.0
2023-24,203933,T.J. Warren,30.0
2023-24,201959,Taj Gibson,39.0
2023-24,1629659,Talen Horton-Tucker,23.0
2023-24,1631106,Tari Eason,23.0
2023-24,1627752,Taurean Prince,30.0
2023-24,1641707,Taylor Hendricks,20.0
2023-24,1631386,Taze Moore,26.0
2023-24,1629611,Terance Mann,27.0
2023-24,1631173,Terquavion Smith,21.0
2023-24,1626179,Terry Rozier,30.0
2023-24,1630678,Terry Taylor,24.0
2023-24,201152,Thaddeus Young,36.0
2023-24,203648,Thanasis Antetokounmpo,31.0
2023-24,1630177,Theo Maledon,23.0
2023-24,1628418,Thomas Bryant,26.0
2023-24,203501,Tim Hardaway Jr.,32.0
2023-24,1641851,Timmy Allen,24.0
2023-24,202699,Tobias Harris,31.0
2023-24,1628470,Torrey Craig,33.0
2023-24,1641787,Tosan Evbuomwan,23.0
2023-24,1641739,Toumani Camara,24.0
2023-24,1629027,Trae Young,25.0
2023-24,1631218,Trayce Jackson-Davis,24.0
2023-24,1630200,Tre Jones,24.0
2023-24,1630544,Tre Mann,23.0
2023-24,1630570,Trendon Watford,23.0
2023-24,1630235,Trent Forrest,26.0
2023-24,1630243,Trevelin Queen,27.0
2023-24,1641998,Trey Jemison III,24.0
2023-24,1626168,Trey Lyles,28.0
2023-24,1630530,Trey Murphy III,24.0
2023-24,202684,Tristan Thompson,33.0
2023-24,1641774,Tristan Vukcevic,21.0
2023-24,1628972,Troy Brown Jr.,24.0
2023-24,1629660,Ty Jerome,26.0
2023-24,1631102,TyTy Washington Jr.,22.0
2023-24,1629639,Tyler Herro,24.0
2023-24,1630169,Tyrese Haliburton,24.0
2023-24,1630178,Tyrese Maxey,23.0
2023-24,1626145,Tyus Jones,28.0
2023-24,1628962,Udoka Azubuike,24.0
2023-24,1630586,Usman Garuba,22.0
2023-24,203995,Vasilije Micic,30.0
2023-24,1641705,Victor Wembanyama,20.0
2023-24,1631246,Vince Williams Jr.,23.0
2023-24,1630249,Vít Krejčí,24.0
2023-24,1631117,Walker Kessler,22.0
2023-24,1628976,Wendell Carter Jr.,25.0
2023-24,1631111,Wendell Moore Jr.,22.0
2023-24,1629117,Wenyen Gabriel,27.0
2023-24,202083,Wesley Matthews,37.0
2023-24,1629875,Xavier Moon,29.0
2023-24,1630214,Xavier Tillman,25.0
2023-24,1629139,Yuta Watanabe,29.0
2023-24,1628380,Zach Collins,26.0
2023-24,203897,Zach LaVine,29.0
2023-24,1630285,Zavier Simpson,27.0
2023-24,1630192,Zeke Nnaji,23.0
2023-24,1630533,Ziaire Williams,22.0
2023-24,1629627,Zion Williamson,23.0
2024-25,1630639,A.J. Lawson,24.0
2024-25,1631260,AJ Green,25.0
2024-25,1642358,AJ Johnson,20.0
2024-25,203932,Aaron Gordon,29.0
2024-25,1628988,Aaron Holiday,28.0
2024-25,1630174,Aaron Nesmith,25.0
2024-25,1630598,Aaron Wiggins,26.0
2024-25,1641745,Adam Flagler,25.0
2024-25,1641766,Adama Sanogo,23.0
2024-25,1641737,Adem Bona,22.0
2024-25,1642349,Ajay Mitchell,23.0
2024-25,201143,Al Horford,39.0
2024-25,202692,Alec Burks,33.0
2024-25,1627936,Alex Caruso,31.0
2024-25,1642505,Alex Ducas,24.0
2024-25,203458,Alex Len,32.0
2024-25,1642024,Alex Reese,26.0
2024-25,1642259,Alex Sarr,20.0
2024-25,1631214,Alondes Williams,26.0
2024-25,1630578,Alperen Sengun,22.0
2024-25,1641708,Amen Thompson,22.0
2024-25,1629599,Amir Coffey,28.0
2024-25,203083,Andre Drummond,31.0
2024-25,1641748,Andre Jackson Jr.,23.0
2024-25,1629614,Andrew Nembhard,25.0
2024-25,203952,Andrew Wiggins,30.0
2024-25,1629014,Anfernee Simons,26.0
2024-25,1641710,Anthony Black,21.0
2024-25,203076,Anthony Davis,32.0
2024-25,1630162,Anthony Edwards,23.0
2024-25,1630264,Anthony Gill,32.0
2024-25,1641817,Anton Watson,24.0
2024-25,1641810,Antonio Reeves,24.0
2024-25,1630574,Ariel Hukporti,23.0
2024-25,1642422,Armel Traore,22.0
2024-25,1641709,Ausar Thompson,22.0
2024-25,1630559,Austin Reaves,27.0
2024-25,1630245,Ayo Dosunmu,25.0
2024-25,1628389,Bam Adebayo,27.0
2024-25,1631248,Baylor Scheierman,24.0
2024-25,1641767,Ben Sheppard,23.0
2024-25,1627732,Ben Simmons,28.0
2024-25,1631097,Bennedict Mathurin,23.0
2024-25,1641731,Bilal Coulibaly,20.0
2024-25,202687,Bismack Biyombo,32.0
2024-25,1631104,Blake Wesley,22.0
2024-25,1626171,Bobby Portis,30.0
2024-25,1641752,Bobi Klintman,22.0
2024-25,203992,Bogdan Bogdanović,32.0
2024-25,1629626,Bol Bol,25.0
2024-25,1630538,Bones Hyland,24.0
2024-25,203078,Bradley Beal,32.0
2024-25,1642382,Branden Carlson,26.0
2024-25,1641764,Brandin Podziemski,22.0
2024-25,1630527,Brandon Boston,23.0
2024-25,1629634,Brandon Clarke,28.0
2024-25,1627742,Brandon Ingram,27.0
2024-25,1641706,Brandon Miller,22.0
2024-25,1630314,Brandon Williams,25.0
2024-25,1630296,Braxton Key,28.0
2024-25,1641729,Brice Sensabaugh,21.0
2024-25,1642355,Bronny James,20.0
2024-25,201572,Brook Lopez,37.0
2024-25,1628971,Bruce Brown,28.0
2024-25,1628981,Bruno Fernando,26.0
2024-25,1631121,Bryce McGowens,22.0
2024-25,1642267,Bub Carrington,19.0
2024-25,1627741,Buddy Hield,32.0
2024-25,203468,CJ McCollum,33.0
2024-25,1630595,Cade Cunningham,23.0
2024-25,1631216,Caleb Houstan,22.0
2024-25,1628997,Caleb Martin,29.0
2024-25,1642353,Cam Christie,19.0
2024-25,1629629,Cam Reddish,25.0
2024-25,1642285,Cam Spencer,25.0
2024-25,1630560,Cam Thomas,23.0
2024-25,1641715,Cam Whitmore,20.0
2024-25,1629661,Cameron Johnson,29.0
2024-25,1626166,Cameron Payne,30.0
2024-25,1627747,Caris LeVert,30.0
2024-25,1641717,Cason Wallace,21.0
2024-25,1629646,Charles Bassey,24.0
2024-25,1631096,Chet Holmgren,23.0
2024-25,1628449,Chris Boucher,32.0
2024-25,1630537,Chris Duarte,28.0
2024-25,1641753,Chris Livingston,21.0
2024-25,101108,Chris Paul,40.0
2024-25,1631128,Christian Braun,24.0
2024-25,1631132,Christian Koloko,25.0
2024-25,1629643,Chuma Okeke,26.0
2024-25,203991,Clint Capela,31.0
2024-25,1629632,Coby White,25.0
2024-25,1628998,Cody Martin,29.0
2024-25,1642262,Cody Williams,20.0
2024-25,1641732,Colby Jones,23.0
2024-25,1630175,Cole Anthony,25.0
2024-25,1631306,Cole Swider,26.0
2024-25,1630658,Colin Castleton,25.0
2024-25,1631221,Collin Gillespie,26.0
2024-25,1629012,Collin Sexton,26.0
2024-25,1630557,Corey Kispert,26.0
2024-25,202709,Cory Joseph,33.0
2024-25,1641854,Craig Porter Jr.,25.0
2024-25,1642385,Cui Cui,22.0
2024-25,1626156,D'Angelo Russell,29.0
2024-25,1630618,D.J. Carton,24.0
2024-25,1629610,DaQuan Jeffries,27.0
2024-25,1631342,Daeqwon Plowden,26.0
2024-25,1630227,Daishen Nix,23.0
2024-25,1630625,Dalano Banton,25.0
2024-25,1631207,Dalen Terry,22.0
2024-25,1642261,Dalton Knecht,24.0
2024-25,203081,Damian Lillard,34.0
2024-25,1641878,Damion Baugh,24.0
2024-25,1627814,Damion Lee,32.0
2024-25,1629655,Daniel Gafford,26.0
2024-25,1628464,Daniel Theis,33.0
2024-25,1642450,Daniss Jenkins,23.0
2024-25,203957,Dante Exum,29.0
2024-25,203967,Dario Saric,31.0
2024-25,1641727,Dariq Whitehead,20.0
2024-25,1629636,Darius Garland,25.0
2024-25,1630561,David Duke Jr.,25.0
2024-25,1631223,David Roddy,24.0
2024-25,1630558,Davion Mitchell,26.0
2024-25,1630549,Day'Ron Sharpe,23.0
2024-25,1628368,De'Aaron Fox,27.0
2024-25,1629631,De'Andre Hunter,27.0
2024-25,1629001,De'Anthony Melton,27.0
2024-25,201599,DeAndre Jordan,36.0
2024-25,201942,DeMar DeRozan,35.0
2024-25,1629731,Dean Wade,28.0
2024-25,1629028,Deandre Ayton,26.0
2024-25,1627749,Dejounte Murray,28.0
2024-25,1626153,Delon Wright,33.0
2024-25,1630166,Deni Avdija,24.0
2024-25,203471,Dennis Schröder,31.0
2024-25,1641726,Dereck Lively II,21.0
2024-25,1627884,Derrick Jones Jr.,28.0
2024-25,1628401,Derrick White,30.0
2024-25,1630217,Desmond Bane,27.0
2024-25,1626164,Devin Booker,28.0
2024-25,1642269,Devin Carter,23.0
2024-25,1630170,Devin Vassell,24.0
2024-25,1628415,Dillon Brooks,29.0
2024-25,1641794,Dillon Jones,23.0
2024-25,1627734,Domantas Sabonis,29.0
2024-25,1631230,Dominick Barlow,22.0
2024-25,1642270,Donovan Clingan,21.0
2024-25,1628378,Donovan Mitchell,28.0
2024-25,1628978,Donte DiVincenzo,28.0
2024-25,1627827,Dorian Finney-Smith,32.0
2024-25,203926,Doug McDermott,33.0
2024-25,203110,Draymond Green,35.0
2024-25,1629234,Drew Eubanks,28.0
2024-25,1641809,Drew Peterson,25.0
2024-25,1631166,Drew Timme,24.0
2024-25,1630696,Dru Smith,27.0
2024-25,1629130,Duncan Robinson,31.0
2024-25,1641871,Duop Reath,29.0
2024-25,203939,Dwight Powell,33.0
2024-25,1630700,Dyson Daniels,22.0
2024-25,1630604,E.J. Liddell,24.0
2024-25,203901,Elfrid Payton,31.0
2024-25,1641989,Elijah Harkless,25.0
2024-25,1641801,Emanuel Miller,25.0
2024-25,1641734,Emoni Bates,21.0
2024-25,1642402,Enrique Freeman,24.0
2024-25,201569,Eric Gordon,36.0
2024-25,1630596,Evan Mobley,24.0
2024-25,1630532,Franz Wagner,23.0
2024-25,1627832,Fred VanVleet,31.0
2024-25,1641713,GG Jackson,20.0
2024-25,1629216,Gabe Vincent,29.0
2024-25,202066,Garrett Temple,39.0
2024-25,1629726,Garrison Mathews,28.0
2024-25,203914,Gary Harris,30.0
2024-25,1627780,Gary Payton II,32.0
2024-25,1629018,Gary Trent Jr.,26.0
2024-25,1627777,Georges Niang,32.0
2024-25,203507,Giannis Antetokounmpo,30.0
2024-25,1629048,Goga Bitadze,25.0
2024-25,1641711,Gradey Dick,21.0
2024-25,1629684,Grant Williams,26.0
2024-25,1628960,Grayson Allen,29.0
2024-25,1627824,Guerschon Yabusele,29.0
2024-25,1630611,Gui Santos,23.0
2024-25,203084,Harrison Barnes,33.0
2024-25,1631127,Harrison Ingram,22.0
2024-25,1629312,Haywood Highsmith,28.0
2024-25,1630529,Herbert Jones,26.0
2024-25,1641816,Hunter Tyson,25.0
2024-25,1630193,Immanuel Quickley,26.0
2024-25,1642403,Isaac Jones,24.0
2024-25,1630171,Isaac Okoro,24.0
2024-25,1642268,Isaiah Collier,20.0
2024-25,1642384,Isaiah Crawford,23.0
2024-25,1628392,Isaiah Hartenstein,27.0
2024-25,1630543,Isaiah Jackson,23.0
2024-25,1630198,Isaiah Joe,25.0
2024-25,1630600,Isaiah Mobley,25.0
2024-25,1641815,Isaiah Stevens,24.0
2024-25,1630191,Isaiah Stewart,24.0
2024-25,1631209,Isaiah Wong,24.0
2024-25,1627826,Ivica Zubac,28.0
2024-25,1631120,JD Davison,22.0
2024-25,1630550,JT Thor,22.0
2024-25,1629630,Ja Morant,25.0
2024-25,1642266,Ja'Kobe Walter,20.0
2024-25,1631095,Jabari Smith Jr.,22.0
2024-25,1631133,Jabari Walker,22.0
2024-25,1629098,Jack McVeigh,29.0
2024-25,1642050,Jackson Rowe,28.0
2024-25,1631210,Jacob Toppin,25.0
2024-25,1630702,Jaden Hardy,22.0
2024-25,1631093,Jaden Ivey,23.0
2024-25,1630183,Jaden McDaniels,24.0
2024-25,1630531,Jaden Springer,22.0
2024-25,203109,Jae Crowder,34.0
2024-25,1630256,Jae'Sean Tate,29.0
2024-25,1626143,Jahlil Okafor,29.0
2024-25,1642443,Jahmir Young,24.0
2024-25,1631170,Jaime Jaquez Jr.,24.0
2024-25,1631222,Jake LaRavia,23.0
2024-25,1627751,Jakob Poeltl,29.0
2024-25,1641779,Jalen Bridges,24.0
2024-25,1628973,Jalen Brunson,28.0
2024-25,1631105,Jalen Duren,21.0
2024-25,1630224,Jalen Green,23.0
2024-25,1641720,Jalen Hood-Schifino,22.0
2024-25,1630552,Jalen Johnson,23.0
2024-25,1629667,Jalen McDaniels,27.0
2024-25,1629618,Jalen Pickett,25.0
2024-25,1630188,Jalen Smith,25.0
2024-25,1630591,Jalen Suggs,24.0
2024-25,1631114,Jalen Williams,24.0
2024-25,1630592,Jalen Wilson,24.0
2024-25,1631288,Jamal Cain,26.0
2024-25,1627750,Jamal Murray,28.0
2024-25,1642347,Jamal Shead,22.0
2024-25,1631123,Jamaree Bouyea,26.0
2024-25,201935,James Harden,35.0
2024-25,201949,James Johnson,38.0
2024-25,1630164,James Wiseman,24.0
2024-25,1642419,Jamison Battle,24.0
2024-25,1641716,Jarace Walker,21.0
2024-25,1630215,Jared Butler,24.0
2024-25,1642272,Jared McCain,21.0
2024-25,1631197,Jared Rhoden,25.0
2024-25,1628991,Jaren Jackson Jr.,25.0
2024-25,1629020,Jarred Vanderbilt,26.0
2024-25,1628386,Jarrett Allen,27.0
2024-25,1629750,Javonte Green,31.0
2024-25,1629637,Jaxson Hayes,25.0
2024-25,1630643,Jay Huff,27.0
2024-25,1627759,Jaylen Brown,28.0
2024-25,1641740,Jaylen Clark,23.0
2024-25,1641798,Jaylen Martin,21.0
2024-25,1629669,Jaylen Nowell,25.0
2024-25,1631301,Jaylen Sims,26.0
2024-25,1642377,Jaylen Wells,21.0
2024-25,1631119,Jaylin Williams,23.0
2024-25,1642281,Jaylon Tyson,22.0
2024-25,1628369,Jayson Tatum,27.0
2024-25,1641789,Jazian Gortman,22.0
2024-25,1630288,Jeff Dowtin Jr.,28.0
2024-25,201145,Jeff Green,38.0
2024-25,203924,Jerami Grant,31.0
2024-25,1630526,Jeremiah Robinson-Earl,24.0
2024-25,1631110,Jeremy Sochan,22.0
2024-25,1630579,Jericho Sims,26.0
2024-25,1642399,Jesse Edwards,25.0
2024-25,1641724,Jett Howard,21.0
2024-25,1628975,Jevon Carter,29.0
2024-25,202710,Jimmy Butler III,35.0
2024-25,1629111,Jock Landale,29.0
2024-25,204060,Joe Ingles,37.0
2024-25,203954,Joel Embiid,31.0
2024-25,1628381,John Collins,27.0
2024-25,1629723,John Konchar,29.0
2024-25,1631098,Johnny Davis,23.0
2024-25,1642277,Johnny Furphy,20.0
2024-25,1630548,Johnny Juzang,24.0
2024-25,202685,Jonas Valančiūnas,33.0
2024-25,1628371,Jonathan Isaac,27.0
2024-25,1630228,Jonathan Kuminga,22.0
2024-25,1642367,Jonathan Mogbo,23.0
2024-25,203903,Jordan Clarkson,33.0
2024-25,1630692,Jordan Goodwin,26.0
2024-25,1641722,Jordan Hawkins,23.0
2024-25,1629162,Jordan McLaughlin,29.0
2024-25,1641757,Jordan Miller,25.0
2024-25,1629673,Jordan Poole,26.0
2024-25,1641775,Jordan Walsh,21.0
2024-25,1630631,Jose Alvarado,27.0
2024-25,1630528,Josh Christopher,23.0
2024-25,1630581,Josh Giddey,22.0
2024-25,1630182,Josh Green,24.0
2024-25,1628404,Josh Hart,30.0
2024-25,1631169,Josh Minott,22.0
2024-25,1629006,Josh Okogie,26.0
2024-25,1626196,Josh Richardson,31.0
2024-25,201950,Jrue Holiday,35.0
2024-25,1630577,Julian Champagnie,24.0
2024-25,1641763,Julian Phillips,21.0
2024-25,1631124,Julian Strawther,23.0
2024-25,203944,Julius Randle,30.0
2024-25,1630551,Justin Champagnie,24.0
2024-25,1642348,Justin Edwards,21.0
2024-25,1631303,Justin Minaya,26.0
2024-25,203994,Jusuf Nurkić,30.0
2024-25,1630231,KJ Martin,24.0
2024-25,1642354,KJ Simpson,22.0
2024-25,1630539,Kai Jones,24.0
2024-25,1626157,Karl-Anthony Towns,29.0
2024-25,1631255,Karlo Matković,24.0
2024-25,202695,Kawhi Leonard,34.0
2024-25,1630811,Keaton Wallace,26.0
2024-25,1631099,Keegan Murray,24.0
2024-25,1631232,Keion Brooks Jr.,24.0
2024-25,1642276,Kel'el Ware,21.0
2024-25,1629640,Keldon Johnson,25.0
2024-25,203482,Kelly Olynyk,34.0
2024-25,1626162,Kelly Oubre Jr.,29.0
2024-25,1629026,Kenrich Williams,30.0
2024-25,203484,Kentavious Caldwell-Pope,32.0
2024-25,1631165,Keon Ellis,25.0
2024-25,1630553,Keon Johnson,23.0
2024-25,1642352,Keshad Johnson,24.0
2024-25,1630556,Kessler Edwards,24.0
2024-25,201142,Kevin Durant,36.0
2024-25,1628989,Kevin Huerter,26.0
2024-25,1628995,Kevin Knox II,25.0
2024-25,201567,Kevin Love,36.0
2024-25,1641755,Kevin McCullar Jr.,24.0
2024-25,1629645,Kevin Porter Jr.,25.0
2024-25,1626172,Kevon Looney,29.0
2024-25,1641718,Keyonte George,21.0
2024-25,203114,Khris Middleton,33.0
2024-25,1630165,Killian Hayes,23.0
2024-25,202691,Klay Thompson,35.0
2024-25,1641738,Kobe Brown,25.0
2024-25,1641723,Kobe Bufkin,21.0
2024-25,1627739,Kris Dunn,31.0
2024-25,1631200,Kris Murray,24.0
2024-25,204001,Kristaps Porziņģis,29.0
2024-25,203937,Kyle Anderson,31.0
2024-25,1642271,Kyle Filipowski,21.0
2024-25,1628398,Kyle Kuzma,29.0
2024-25,200768,Kyle Lowry,39.0
2024-25,1630283,Kylor Kelley,27.0
2024-25,202681,Kyrie Irving,33.0
2024-25,1642273,Kyshawn George,21.0
2024-25,1630163,LaMelo Ball,23.0
2024-25,1630205,Lamar Stevens,27.0
2024-25,1629013,Landry Shamet,28.0
2024-25,1626204,Larry Nance Jr.,32.0
2024-25,1628374,Lauri Markkanen,28.0
2024-25,2544,LeBron James,40.0
2024-25,1631159,Leonard Miller,21.0
2024-25,1631311,Lester Quinones,24.0
2024-25,1641857,Liam Robbins,25.0
2024-25,1630322,Lindy Waters III,27.0
2024-25,1629022,Lonnie Walker IV,26.0
2024-25,1628366,Lonzo Ball,27.0
2024-25,1629652,Luguentz Dort,26.0
2024-25,1629029,Luka Dončić,26.0
2024-25,1630568,Luka Garza,26.0
2024-25,1628379,Luke Kennard,29.0
2024-25,1628436,Luke Kornet,29.0
2024-25,1631247,Luke Travers,23.0
2024-25,1630644,Mac McClung,26.0
2024-25,1630201,Malachi Flynn,27.0
2024-25,1631103,Malaki Branham,22.0
2024-25,1627763,Malcolm Brogdon,32.0
2024-25,1642502,Malevy Leons,25.0
2024-25,1627736,Malik Beasley,28.0
2024-25,1628370,Malik Monk,27.0
2024-25,1630699,MarJon Beauchamp,24.0
2024-25,1630542,Marcus Bagley,23.0
2024-25,1630585,Marcus Garrett,26.0
2024-25,1631204,Marcus Sasser,24.0
2024-25,203935,Marcus Smart,31.0
2024-25,1631109,Mark Williams,23.0
2024-25,1628365,Markelle Fultz,27.0
2024-25,202693,Markieff Morris,35.0
2024-25,1628963,Marvin Bagley III,26.0
2024-25,1630222,Mason Jones,26.0
2024-25,203486,Mason Plumlee,35.0
2024-25,1641824,Matas Buzelis,20.0
2024-25,1629680,Matisse Thybulle,28.0
2024-25,1630346,Matt Ryan,28.0
2024-25,1631108,Max Christie,22.0
2024-25,1629622,Max Strus,29.0
2024-25,1628467,Maxi Kleber,33.0
2024-25,1641721,Maxwell Lewis,22.0
2024-25,1630695,Micah Potter,27.0
2024-25,1629008,Michael Porter Jr.,27.0
2024-25,1628969,Mikal Bridges,28.0
2024-25,201144,Mike Conley,37.0
2024-25,1628970,Miles Bridges,27.0
2024-25,1630540,Miles McBride,24.0
2024-25,1641936,Miles Norris,25.0
2024-25,1629011,Mitchell Robinson,27.0
2024-25,1628964,Mo Bamba,27.0
2024-25,1628420,Monte Morris,30.0
2024-25,1629021,Moritz Wagner,28.0
2024-25,1629650,Moses Brown,25.0
2024-25,1630541,Moses Moody,23.0
2024-25,1631243,Mouhamed Gueye,22.0
2024-25,1631217,Moussa Diabaté,23.0
2024-25,1626167,Myles Turner,29.0
2024-25,1642368,N'Faly Dante,23.0
2024-25,1641772,Nae'Qwan Tomlin,24.0
2024-25,1630230,Naji Marshall,27.0
2024-25,1631466,Nate Williams,26.0
2024-25,1629675,Naz Reid,25.0
2024-25,1629674,Neemias Queta,25.0
2024-25,1629651,Nic Claxton,26.0
2024-25,1630208,Nick Richards,27.0
2024-25,1641733,Nick Smith Jr.,21.0
2024-25,1629638,Nickeil Alexander-Walker,26.0
2024-25,201587,Nicolas Batum,36.0
2024-25,203999,Nikola Jokić,30.0
2024-25,1631107,Nikola Jović,22.0
2024-25,202696,Nikola Vučević,34.0
2024-25,1641730,Noah Clowney,20.0
2024-25,1626181,Norman Powell,32.0
2024-25,1628384,OG Anunoby,27.0
2024-25,1630167,Obi Toppin,27.0
2024-25,1630534,Ochai Agbaji,25.0
2024-25,1641765,Olivier-Maxence Prosper,22.0
2024-25,1630168,Onyeka Okongwu,24.0
2024-25,1631115,Orlando Robinson,24.0
2024-25,1631131,Oscar Tshiebwe,25.0
2024-25,1629052,Oshae Brissett,27.0
2024-25,1642345,Oso Ighodaro,22.0
2024-25,1631172,Ousmane Dieng,22.0
2024-25,200782,P.J. Tucker,40.0
2024-25,1629023,P.J. Washington,26.0
2024-25,1628408,PJ Dozier,28.0
2024-25,1641790,PJ Hall,23.0
2024-25,1642359,Pacôme Dadiet,19.0
2024-25,1631094,Paolo Banchero,22.0
2024-25,1627783,Pascal Siakam,31.0
2024-25,1626192,Pat Connaughton,32.0
2024-25,1630311,Pat Spencer,28.0
2024-25,1631116,Patrick Baldwin Jr.,22.0
2024-25,1630172,Patrick Williams,23.0
2024-25,201988,Patty Mills,36.0
2024-25,202331,Paul George,35.0
2024-25,1630194,Paul Reed,26.0
2024-25,1630202,Payton Pritchard,27.0
2024-25,1641796,Pelle Larsson,24.0
2024-25,1631250,Pete Nance,25.0
2024-25,1631212,Peyton Watson,22.0
2024-25,1630762,Phillip Wheeler,23.0
2024-25,1630173,Precious Achiuwa,25.0
2024-25,1629656,Quentin Grimes,25.0
2024-25,1631245,Quenton Jackson,26.0
2024-25,1642439,Quincy Olivari,24.0
2024-25,1642366,Quinten Post,25.0
2024-25,1629628,RJ Barrett,25.0
2024-25,1642484,RayJ Dennis,24.0
2024-25,1641712,Rayan Rupert,21.0
2024-25,1641736,Reece Beekman,23.0
2024-25,1642263,Reed Sheppard,21.0
2024-25,202704,Reggie Jackson,35.0
2024-25,1626158,Richaun Holmes,31.0
2024-25,1641741,Ricky Council IV,23.0
2024-25,1642434,Riley Minix,24.0
2024-25,1642265,Rob Dillingham,20.0
2024-25,1629057,Robert Williams III,27.0
2024-25,1631199,Ron Harper Jr.,25.0
2024-25,1641842,Ronald Holland II,19.0
2024-25,1626220,Royce O'Neale,32.0
2024-25,203497,Rudy Gobert,33.0
2024-25,1629060,Rui Hachimura,27.0
2024-25,201566,Russell Westbrook,36.0
2024-25,1642346,Ryan Dunn,22.0
2024-25,1631157,Ryan Rollins,22.0
2024-25,1630573,Sam Hauser,27.0
2024-25,1630241,Sam Merrill,29.0
2024-25,1630572,Sandro Mamukelashvili,26.0
2024-25,1630583,Santi Aldama,24.0
2024-25,1630703,Scoot Henderson,21.0
2024-25,1630567,Scottie Barnes,23.0
2024-25,1630590,Scotty Pippen Jr.,24.0
2024-25,203552,Seth Curry,34.0
2024-25,1631101,Shaedon Sharpe,22.0
2024-25,1628983,Shai Gilgeous-Alexander,26.0
2024-25,1629003,Shake Milton,28.0
2024-25,1631321,Sidy Cissoko,21.0
2024-25,1631323,Simone Fontecchio,29.0
2024-25,1627746,Skal Labissiere,29.0
2024-25,203915,Spencer Dinwiddie,32.0
2024-25,1642461,Spencer Jones,24.0
2024-25,1630649,Stanley Umude,26.0
2024-25,201939,Stephen Curry,37.0
2024-25,1642264,Stephon Castle,20.0
2024-25,203500,Steven Adams,31.0
2024-25,1629004,Svi Mykhailiuk,28.0
2024-25,204456,T.J. McConnell,33.0
2024-25,201959,Taj Gibson,40.0
2024-25,1629659,Talen Horton-Tucker,24.0
2024-25,1631106,Tari Eason,24.0
2024-25,1627752,Taurean Prince,31.0
2024-25,1641707,Taylor Hendricks,21.0
2024-25,1631386,Taze Moore,27.0
2024-25,1629611,Terance Mann,28.0
2024-25,1629056,Terence Davis,28.0
2024-25,1630545,Terrence Shannon Jr.,24.0
2024-25,1626179,Terry Rozier,31.0
2024-25,1630678,Terry Taylor,25.0
2024-25,1628418,Thomas Bryant,27.0
2024-25,1642275,Tidjane Salaün,19.0
2024-25,203501,Tim Hardaway Jr.,33.0
2024-25,202699,Tobias Harris,32.0
2024-25,1642449,Tolu Smith,24.0
2024-25,1628396,Tony Bradley,27.0
2024-25,1628470,Torrey Craig,34.0
2024-25,1641787,Tosan Evbuomwan,24.0
2024-25,1641739,Toumani Camara,25.0
2024-25,1629027,Trae Young,26.0
2024-25,1631218,Trayce Jackson-Davis,25.0
2024-25,1630200,Tre Jones,25.0
2024-25,1630544,Tre Mann,24.0
2024-25,1630570,Trendon Watford,24.0
2024-25,1642280,Trentyn Flowers,20.0
2024-25,1630243,Trevelin Queen,28.0
2024-25,1641725,Trey Alexander,22.0
2024-25,1641998,Trey Jemison III,25.0
2024-25,1626168,Trey Lyles,29.0
2024-25,1630530,Trey Murphy III,25.0
2024-25,202684,Tristan Thompson,34.0
2024-25,1641774,Tristan Vukcevic,22.0
2024-25,1641783,Tristan da Silva,24.0
2024-25,1641803,Tristen Newton,24.0
2024-25,1629660,Ty Jerome,27.0
2024-25,1631102,TyTy Washington Jr.,23.0
2024-25,1629639,Tyler Herro,25.0
2024-25,1642278,Tyler Kolek,24.0
2024-25,1641890,Tyler Smith,20.0
2024-25,1630169,Tyrese Haliburton,25.0
2024-25,1631213,Tyrese Martin,26.0
2024-25,1630178,Tyrese Maxey,24.0
2024-25,1630623,Tyson Etienne,25.0
2024-25,1626145,Tyus Jones,29.0
2024-25,1642279,Ulrich Chomche,19.0
2024-25,203995,Vasilije Micic,31.0
2024-25,1641705,Victor Wembanyama,21.0
2024-25,1631246,Vince Williams Jr.,24.0
2024-25,1628427,Vlatko Čančar,28.0
2024-25,1630249,Vít Krejčí,25.0
2024-25,1631117,Walker Kessler,23.0
2024-25,1628976,Wendell Carter Jr.,26.0
2024-25,1631111,Wendell Moore Jr.,23.0
2024-25,1630214,Xavier Tillman,26.0
2024-25,1642530,Yuki Kawamura,24.0
2024-25,1641879,Yuri Collins,24.0
2024-25,1642274,Yves Missi,21.0
2024-25,1642258,Zaccharie Risacher,20.0
2024-25,1628380,Zach Collins,27.0
2024-25,1641744,Zach Edey,23.0
2024-25,203897,Zach LaVine,30.0
2024-25,1630192,Zeke Nnaji,24.0
2024-25,1630533,Ziaire Williams,23.0
2024-25,1629627,Zion Williamson,24.0
2024-25,1642389,Zyon Pullin,24.0
2025-26,1630639,A.J. Lawson,25.0
2025-26,1631260,AJ Green,26.0
2025-26,1642358,AJ Johnson,21.0
2025-26,203932,Aaron Gordon,30.0
2025-26,1628988,Aaron Holiday,29.0
2025-26,1630174,Aaron Nesmith,26.0
2025-26,1630598,Aaron Wiggins,27.0
2025-26,1642846,Ace Bailey,19.0
2025-26,1642380,Adama Bal,22.0
2025-26,1641737,Adem Bona,23.0
2025-26,1642876,Adou Thiero,22.0
2025-26,1642349,Ajay Mitchell,24.0
2025-26,201143,Al Horford,40.0
2025-26,1630828,Alex Antetokounmpo,24.0
2025-26,1627936,Alex Caruso,32.0
2025-26,1631457,Alex Morales,28.0
2025-26,1642259,Alex Sarr,21.0
2025-26,1642918,Alijah Martin,24.0
2025-26,1631214,Alondes Williams,27.0
2025-26,1630578,Alperen Sengun,23.0
2025-26,1642873,Amari Williams,24.0
2025-26,1641708,Amen Thompson,23.0
2025-26,1629599,Amir Coffey,29.0
2025-26,1643158,Andersson Garcia,25.0
2025-26,203083,Andre Drummond,32.0
2025-26,1641748,Andre Jackson Jr.,24.0
2025-26,1629614,Andrew Nembhard,26.0
2025-26,203952,Andrew Wiggins,31.0
2025-26,1629014,Anfernee Simons,27.0
2025-26,1641710,Anthony Black,22.0
2025-26,203076,Anthony Davis,33.0
2025-26,1630162,Anthony Edwards,24.0
2025-26,1630264,Anthony Gill,33.0
2025-26,1641810,Antonio Reeves,25.0
2025-26,1630574,Ariel Hukporti,24.0
2025-26,1642854,Asa Newell,20.0
2025-26,1641709,Ausar Thompson,23.0
2025-26,1630559,Austin Reaves,28.0
2025-26,1630245,Ayo Dosunmu,26.0
2025-26,1628389,Bam Adebayo,28.0
2025-26,1631248,Baylor Scheierman,25.0
2025-26,1642879,Ben Saraf,20.0
2025-26,1641767,Ben Sheppard,24.0
2025-26,1631097,Bennedict Mathurin,24.0
2025-26,1643016,Bez Mbeng,23.0
2025-26,1641731,Bilal Coulibaly,21.0
2025-26,202687,Bismack Biyombo,33.0
2025-26,1642396,Blake Hinson,26.0
2025-26,1631104,Blake Wesley,23.0
2025-26,1626171,Bobby Portis Jr.,31.0
2025-26,1641752,Bobi Klintman,23.0
2025-26,203992,Bogdan Bogdanović,33.0
2025-26,1630538,Bones Hyland,25.0
2025-26,203078,Bradley Beal,33.0
2025-26,1642382,Branden Carlson,27.0
2025-26,1641764,Brandin Podziemski,23.0
2025-26,1629634,Brandon Clarke,29.0
2025-26,1627742,Brandon Ingram,28.0
2025-26,1641706,Brandon Miller,23.0
2025-26,1630314,Brandon Williams,26.0
2025-26,1641729,Brice Sensabaugh,22.0
2025-26,1642355,Bronny James,21.0
2025-26,201572,Brook Lopez,38.0
2025-26,1642964,Brooks Barnhizer,24.0
2025-26,1628971,Bruce Brown,29.0
2025-26,1631121,Bryce McGowens,23.0
2025-26,1642267,Bub Carrington,20.0
2025-26,1631205,Buddy Boeheim,26.0
2025-26,1627741,Buddy Hield,33.0
2025-26,1643047,CJ Huntley,24.0
2025-26,203468,CJ McCollum,34.0
2025-26,1630595,Cade Cunningham,24.0
2025-26,1631216,Caleb Houstan,23.0
2025-26,1631126,Caleb Love,24.0
2025-26,1628997,Caleb Martin,30.0
2025-26,1642353,Cam Christie,20.0
2025-26,1642285,Cam Spencer,26.0
2025-26,1630560,Cam Thomas,24.0
2025-26,1641715,Cam Whitmore,21.0
2025-26,1629661,Cameron Johnson,30.0
2025-26,1626166,Cameron Payne,31.0
2025-26,1627747,Caris LeVert,31.0
2025-26,1642868,Carter Bryant,20.0
2025-26,1641717,Cason Wallace,22.0
2025-26,1642907,Cedric Coward,22.0
2025-26,1643052,Chaney Johnson,24.0
2025-26,1629646,Charles Bassey,25.0
2025-26,1642404,Chaz Lanier,24.0
2025-26,1631096,Chet Holmgren,24.0
2025-26,1628449,Chris Boucher,33.0
2025-26,1641753,Chris Livingston,22.0
2025-26,1643024,Chris Mañon,24.0
2025-26,101108,Chris Paul,41.0
2025-26,1642959,Chris Youngblood,24.0
2025-26,1631128,Christian Braun,25.0
2025-26,1631132,Christian Koloko,26.0
2025-26,1642935,Chucky Hepburn,23.0
2025-26,203991,Clint Capela,32.0
2025-26,1629632,Coby White,26.0
2025-26,1628998,Cody Martin,30.0
2025-26,1642262,Cody Williams,21.0
2025-26,1641732,Colby Jones,24.0
2025-26,1630175,Cole Anthony,26.0
2025-26,1630658,Colin Castleton,26.0
2025-26,1631221,Collin Gillespie,27.0
2025-26,1642867,Collin Murray-Boyles,21.0
2025-26,1629012,Collin Sexton,27.0
2025-26,1642843,Cooper Flagg,19.0
2025-26,1630557,Corey Kispert,27.0
2025-26,1642504,Cormac Ryan,27.0
2025-26,1641854,Craig Porter Jr.,26.0
2025-26,1642938,Curtis Jones,24.0
2025-26,1626156,D'Angelo Russell,30.0
2025-26,1629610,DaQuan Jeffries,28.0
2025-26,1641747,DaRon Holmes II,23.0
2025-26,1631342,Daeqwon Plowden,27.0
2025-26,1630625,Dalano Banton,26.0
2025-26,1631207,Dalen Terry,23.0
2025-26,1642261,Dalton Knecht,25.0
2025-26,1629655,Daniel Gafford,27.0
2025-26,1642450,Daniss Jenkins,24.0
2025-26,1642874,Danny Wolf,22.0
2025-26,203967,Dario Saric,32.0
2025-26,1641727,Dariq Whitehead,21.0
2025-26,1642468,Darius Brown II,26.0
2025-26,1629636,Darius Garland,26.0
2025-26,1642357,David Jones Garcia,24.0
2025-26,1631223,David Roddy,25.0
2025-26,1630558,Davion Mitchell,27.0
2025-26,1630549,Day'Ron Sharpe,24.0
2025-26,1628368,De'Aaron Fox,28.0
2025-26,1629631,De'Andre Hunter,28.0
2025-26,1629001,De'Anthony Melton,28.0
2025-26,201599,DeAndre Jordan,37.0
2025-26,1630610,DeJon Jarreau,28.0
2025-26,201942,DeMar DeRozan,36.0
2025-26,1629731,Dean Wade,29.0
2025-26,1629028,Deandre Ayton,27.0
2025-26,1627749,Dejounte Murray,29.0
2025-26,1630166,Deni Avdija,25.0
2025-26,203471,Dennis Schröder,32.0
2025-26,1641726,Dereck Lively II,22.0
2025-26,1642852,Derik Queen,21.0
2025-26,1627884,Derrick Jones Jr.,29.0
2025-26,1628401,Derrick White,31.0
2025-26,1630217,Desmond Bane,28.0
2025-26,1626164,Devin Booker,29.0
2025-26,1642269,Devin Carter,24.0
2025-26,1630170,Devin Vassell,25.0
2025-26,1628415,Dillon Brooks,30.0
2025-26,1641794,Dillon Jones,24.0
2025-26,1627734,Domantas Sabonis,30.0
2025-26,1631230,Dominick Barlow,23.0
2025-26,1642270,Donovan Clingan,22.0
2025-26,1628378,Donovan Mitchell,29.0
2025-26,1628978,Donte DiVincenzo,29.0
2025-26,1627827,Dorian Finney-Smith,33.0
2025-26,203926,Doug McDermott,34.0
2025-26,1642962,Drake Powell,20.0
2025-26,203110,Draymond Green,36.0
2025-26,1629234,Drew Eubanks,29.0
2025-26,1641809,Drew Peterson,26.0
2025-26,1631166,Drew Timme,25.0
2025-26,1630696,Dru Smith,28.0
2025-26,1629130,Duncan Robinson,32.0
2025-26,1641871,Duop Reath,30.0
2025-26,203939,Dwight Powell,34.0
2025-26,1642928,Dylan Cardwell,24.0
2025-26,1642844,Dylan Harper,20.0
2025-26,1630700,Dyson Daniels,23.0
2025-26,1630604,E.J. Liddell,25.0
2025-26,1642856,Egor Dëmin,20.0
2025-26,1641989,Elijah Harkless,26.0
2025-26,1641801,Emanuel Miller,26.0
2025-26,1642402,Enrique Freeman,25.0
2025-26,201569,Eric Gordon,37.0
2025-26,1630679,Ethan Thompson,27.0
2025-26,1630596,Evan Mobley,25.0
2025-26,1630532,Franz Wagner,24.0
2025-26,1641713,GG Jackson,21.0
2025-26,1629216,Gabe Vincent,30.0
2025-26,202066,Garrett Temple,40.0
2025-26,1629726,Garrison Mathews,29.0
2025-26,203914,Gary Harris,31.0
2025-26,1627780,Gary Payton II,33.0
2025-26,1629018,Gary Trent Jr.,27.0
2025-26,203507,Giannis Antetokounmpo,31.0
2025-26,1629048,Goga Bitadze,26.0
2025-26,1641711,Gradey Dick,22.0
2025-26,1641761,Grant Nelson,24.0
2025-26,1629684,Grant Williams,27.0
2025-26,1628960,Grayson Allen,30.0
2025-26,1627824,Guerschon Yabusele,30.0
2025-26,1630611,Gui Santos,24.0
2025-26,203084,Harrison Barnes,34.0
2025-26,1631127,Harrison Ingram,23.0
2025-26,1643060,Hayden Gray,23.0
2025-26,1629312,Haywood Highsmith,29.0
2025-26,1630529,Herbert Jones,27.0
2025-26,1642864,Hugo González,20.0
2025-26,1630621,Hunter Dickinson,25.0
2025-26,1642282,Hunter Sallis,23.0
2025-26,1641816,Hunter Tyson,26.0
2025-26,1630193,Immanuel Quickley,27.0
2025-26,1642403,Isaac Jones,25.0
2025-26,1630171,Isaac Okoro,25.0
2025-26,1642268,Isaiah Collier,21.0
2025-26,1642384,Isaiah Crawford,24.0
2025-26,1628392,Isaiah Hartenstein,28.0
2025-26,1630543,Isaiah Jackson,24.0
2025-26,1630198,Isaiah Joe,26.0
2025-26,1630587,Isaiah Livers,27.0
2025-26,1641815,Isaiah Stevens,25.0
2025-26,1630191,Isaiah Stewart,25.0
2025-26,1627826,Ivica Zubac,29.0
2025-26,1631120,JD Davison,23.0
2025-26,1629630,Ja Morant,26.0
2025-26,1642266,Ja'Kobe Walter,21.0
2025-26,1631095,Jabari Smith Jr.,23.0
2025-26,1631133,Jabari Walker,23.0
2025-26,1631210,Jacob Toppin,26.0
2025-26,1630702,Jaden Hardy,23.0
2025-26,1631093,Jaden Ivey,24.0
2025-26,1630183,Jaden McDaniels,25.0
2025-26,1630256,Jae'Sean Tate,30.0
2025-26,1642942,Jahmai Mashack,23.0
2025-26,1642443,Jahmir Young,25.0
2025-26,1643141,Jahmyl Telfort,25.0
2025-26,1631170,Jaime Jaquez Jr.,25.0
2025-26,1631222,Jake LaRavia,24.0
2025-26,1627751,Jakob Poeltl,30.0
2025-26,1628973,Jalen Brunson,29.0
2025-26,1631105,Jalen Duren,22.0
2025-26,1630224,Jalen Green,24.0
2025-26,1630552,Jalen Johnson,24.0
2025-26,1629618,Jalen Pickett,26.0
2025-26,1641771,Jalen Slawson,26.0
2025-26,1630188,Jalen Smith,26.0
2025-26,1630591,Jalen Suggs,25.0
2025-26,1631114,Jalen Williams,25.0
2025-26,1630592,Jalen Wilson,25.0
2025-26,1631288,Jamal Cain,27.0
2025-26,1627750,Jamal Murray,29.0
2025-26,1642347,Jamal Shead,23.0
2025-26,1631123,Jamaree Bouyea,27.0
2025-26,201935,James Harden,36.0
2025-26,1630164,James Wiseman,25.0
2025-26,1642364,Jamir Watkins,24.0
2025-26,1642419,Jamison Battle,25.0
2025-26,1641716,Jarace Walker,22.0
2025-26,1642272,Jared McCain,22.0
2025-26,1628991,Jaren Jackson Jr.,26.0
2025-26,1629020,Jarred Vanderbilt,27.0
2025-26,1628386,Jarrett Allen,28.0
2025-26,1642859,Jase Richardson,20.0
2025-26,1642914,Javon Small,23.0
2025-26,1631451,Javonte Cooke,26.0
2025-26,1629750,Javonte Green,32.0
2025-26,1629637,Jaxson Hayes,26.0
2025-26,1630643,Jay Huff,28.0
2025-26,1627759,Jaylen Brown,29.0
2025-26,1641740,Jaylen Clark,24.0
2025-26,1642377,Jaylen Wells,22.0
2025-26,1631119,Jaylin Williams,24.0
2025-26,1642281,Jaylon Tyson,23.0
2025-26,1643257,Jayson Kent,24.0
2025-26,1628369,Jayson Tatum,28.0
2025-26,201145,Jeff Green,39.0
2025-26,203924,Jerami Grant,32.0
2025-26,1642847,Jeremiah Fears,19.0
2025-26,1630526,Jeremiah Robinson-Earl,25.0
2025-26,1631110,Jeremy Sochan,23.0
2025-26,1630579,Jericho Sims,27.0
2025-26,1641724,Jett Howard,22.0
2025-26,1628975,Jevon Carter,30.0
2025-26,202710,Jimmy Butler III,36.0
2025-26,1642866,Joan Beringer,19.0
2025-26,1629111,Jock Landale,30.0
2025-26,204060,Joe Ingles,38.0
2025-26,203954,Joel Embiid,32.0
2025-26,1628381,John Collins,28.0
2025-26,1629723,John Konchar,30.0
2025-26,1642967,John Poulakidas,23.0
2025-26,1642910,John Tonje,25.0
2025-26,1641780,Johni Broome,23.0
2025-26,1642277,Johnny Furphy,21.0
2025-26,1630548,Johnny Juzang,25.0
2025-26,202685,Jonas Valanciunas,34.0
2025-26,1628371,Jonathan Isaac,28.0
2025-26,1630228,Jonathan Kuminga,23.0
2025-26,1642367,Jonathan Mogbo,24.0
2025-26,203903,Jordan Clarkson,34.0
2025-26,1630692,Jordan Goodwin,27.0
2025-26,1641722,Jordan Hawkins,24.0
2025-26,1629162,Jordan McLaughlin,30.0
2025-26,1641757,Jordan Miller,26.0
2025-26,1629673,Jordan Poole,27.0
2025-26,1641775,Jordan Walsh,22.0
2025-26,1630631,Jose Alvarado,28.0
2025-26,1630581,Josh Giddey,23.0
2025-26,1630182,Josh Green,25.0
2025-26,1628404,Josh Hart,31.0
2025-26,1631169,Josh Minott,23.0
2025-26,1642490,Josh Oduro,25.0
2025-26,1629006,Josh Okogie,27.0
2025-26,201950,Jrue Holiday,36.0
2025-26,1630577,Julian Champagnie,25.0
2025-26,1641763,Julian Phillips,22.0
2025-26,1642882,Julian Reese,23.0
2025-26,1631124,Julian Strawther,24.0
2025-26,203944,Julius Randle,31.0
2025-26,1630551,Justin Champagnie,25.0
2025-26,1642348,Justin Edwards,22.0
2025-26,203994,Jusuf Nurkić,31.0
2025-26,1642354,KJ Simpson,23.0
2025-26,1642955,Kadary Richmond,24.0
2025-26,1642880,Kam Jones,24.0
2025-26,1626157,Karl-Anthony Towns,30.0
2025-26,1631255,Karlo Matković,25.0
2025-26,1642857,Kasparas Jakučionis,20.0
2025-26,202695,Kawhi Leonard,35.0
2025-26,1630811,Keaton Wallace,27.0
2025-26,1631099,Keegan Murray,25.0
2025-26,1642276,Kel'el Ware,22.0
2025-26,1629640,Keldon Johnson,26.0
2025-26,203482,Kelly Olynyk,35.0
2025-26,1626162,Kelly Oubre Jr.,30.0
2025-26,1631113,Kennedy Chandler,23.0
2025-26,1629026,Kenrich Williams,31.0
2025-26,203484,Kentavious Caldwell-Pope,33.0
2025-26,1631165,Keon Ellis,26.0
2025-26,1642352,Keshad Johnson,25.0
2025-26,1642933,Keshon Gilbert,23.0
2025-26,201142,Kevin Durant,37.0
2025-26,1628989,Kevin Huerter,27.0
2025-26,201567,Kevin Love,37.0
2025-26,1641755,Kevin McCullar Jr.,25.0
2025-26,1629645,Kevin Porter Jr.,26.0
2025-26,1626172,Kevon Looney,30.0
2025-26,1641718,Keyonte George,22.0
2025-26,1642863,Khaman Maluach,19.0
2025-26,203114,Khris Middleton,34.0
2025-26,1630165,Killian Hayes,24.0
2025-26,202691,Klay Thompson,36.0
2025-26,1641738,Kobe Brown,26.0
2025-26,1641723,Kobe Bufkin,22.0
2025-26,1642920,Kobe Sanders,24.0
2025-26,1642886,Koby Brea,23.0
2025-26,1642851,Kon Knueppel,20.0
2025-26,1627739,Kris Dunn,32.0
2025-26,1631200,Kris Murray,25.0
2025-26,204001,Kristaps Porziņģis,30.0
2025-26,203937,Kyle Anderson,32.0
2025-26,1642271,Kyle Filipowski,22.0
2025-26,1628398,Kyle Kuzma,30.0
2025-26,200768,Kyle Lowry,40.0
2025-26,1642273,Kyshawn George,22.0
2025-26,1643018,LJ Cryer,24.0
2025-26,1630163,LaMelo Ball,24.0
2025-26,1642950,Lachlan Olbrich,22.0
2025-26,1629013,Landry Shamet,29.0
2025-26,1626204,Larry Nance Jr.,33.0
2025-26,1628374,Lauri Markkanen,29.0
2025-26,1643133,Lawson Lovering,23.0
2025-26,2544,LeBron James,41.0
2025-26,1641778,Leaky Black,27.0
2025-26,1631159,Leonard Miller,22.0
2025-26,1642862,Liam McNeeley,20.0
2025-26,1630322,Lindy Waters III,28.0
2025-26,1628366,Lonzo Ball,28.0
2025-26,1631351,Lucas Williamson,27.0
2025-26,1629652,Luguentz Dort,27.0
2025-26,1629029,Luka Dončić,27.0
2025-26,1630568,Luka Garza,27.0
2025-26,1628379,Luke Kennard,30.0
2025-26,1628436,Luke Kornet,30.0
2025-26,1631247,Luke Travers,24.0
2025-26,1630644,Mac McClung,27.0
2025-26,1641869,Malachi Smith,26.0
2025-26,1631103,Malaki Branham,23.0
2025-26,1642502,Malevy Leons,26.0
2025-26,1628370,Malik Monk,28.0
2025-26,1630699,MarJon Beauchamp,25.0
2025-26,1631204,Marcus Sasser,25.0
2025-26,203935,Marcus Smart,32.0
2025-26,1641813,Mark Sears,24.0
2025-26,1631109,Mark Williams,24.0
2025-26,1628365,Markelle Fultz,28.0
2025-26,1628963,Marvin Bagley III,27.0
2025-26,203486,Mason Plumlee,36.0
2025-26,1641824,Matas Buzelis,21.0
2025-26,1629680,Matisse Thybulle,29.0
2025-26,1631108,Max Christie,23.0
2025-26,1642917,Max Shulga,24.0
2025-26,1629622,Max Strus,30.0
2025-26,1628467,Maxi Kleber,34.0
2025-26,1642875,Maxime Raynaud,23.0
2025-26,1642877,Micah Peavy,24.0
2025-26,1630695,Micah Potter,28.0
2025-26,1629008,Michael Porter Jr.,28.0
2025-26,1628969,Mikal Bridges,29.0
2025-26,201144,Mike Conley,38.0
2025-26,1628970,Miles Bridges,28.0
2025-26,1642939,Miles Kelly,23.0
2025-26,1630540,Miles McBride,25.0
2025-26,1629011,Mitchell Robinson,28.0
2025-26,1628964,Mo Bamba,28.0
2025-26,1642885,Mohamed Diawara,21.0
2025-26,1628420,Monte Morris,31.0
2025-26,1629021,Moritz Wagner,29.0
2025-26,1630541,Moses Moody,24.0
2025-26,1631338,Mouhamadou Gueye,27.0
2025-26,1631243,Mouhamed Gueye,23.0
2025-26,1630619,Moussa Cisse,23.0
2025-26,1631217,Moussa Diabaté,24.0
2025-26,1626167,Myles Turner,30.0
2025-26,1642066,Myron Gardner,25.0
2025-26,1642368,N'Faly Dante,24.0
2025-26,1641772,Nae'Qwan Tomlin,25.0
2025-26,1630230,Naji Marshall,28.0
2025-26,1631466,Nate Williams,27.0
2025-26,1629675,Naz Reid,26.0
2025-26,1629674,Neemias Queta,26.0
2025-26,1629651,Nic Claxton,27.0
2025-26,1630208,Nick Richards,28.0
2025-26,1641733,Nick Smith Jr.,22.0
2025-26,1629638,Nickeil Alexander-Walker,27.0
2025-26,201587,Nicolas Batum,37.0
2025-26,1628502,Nigel Hayes-Davis,31.0
2025-26,203999,Nikola Jokić,31.0
2025-26,1631107,Nikola Jović,23.0
2025-26,1642260,Nikola Topić,20.0
2025-26,202696,Nikola Vučević,35.0
2025-26,1642363,Nique Clifford,24.0
2025-26,1642855,Noa Essengue,19.0
2025-26,1641730,Noah Clowney,21.0
2025-26,1642869,Noah Penda,21.0
2025-26,1642849,Nolan Traore,20.0
2025-26,1641807,Norchad Omier,24.0
2025-26,1626181,Norman Powell,33.0
2025-26,1628384,OG Anunoby,28.0
2025-26,1630167,Obi Toppin,28.0
2025-26,1630534,Ochai Agbaji,26.0
2025-26,1630846,Olivier Sarr,27.0
2025-26,1641765,Olivier-Maxence Prosper,23.0
2025-26,1630209,Omer Yurtseven,28.0
2025-26,1630168,Onyeka Okongwu,25.0
2025-26,1631115,Orlando Robinson,25.0
2025-26,1631131,Oscar Tshiebwe,26.0
2025-26,1642345,Oso Ighodaro,23.0
2025-26,1631172,Ousmane Dieng,23.0
2025-26,1629023,P.J. Washington,27.0
2025-26,1641790,PJ Hall,24.0
2025-26,1642359,Pacôme Dadiet,20.0
2025-26,1631094,Paolo Banchero,23.0
2025-26,1627783,Pascal Siakam,32.0
2025-26,1626192,Pat Connaughton,33.0
2025-26,1630311,Pat Spencer,29.0
2025-26,1631116,Patrick Baldwin Jr.,23.0
2025-26,1630172,Patrick Williams,24.0
2025-26,202331,Paul George,36.0
2025-26,1630194,Paul Reed,27.0
2025-26,1630202,Payton Pritchard,28.0
2025-26,1642362,Payton Sandfort,23.0
2025-26,1641796,Pelle Larsson,25.0
2025-26,1631250,Pete Nance,26.0
2025-26,1631212,Peyton Watson,23.0
2025-26,1630173,Precious Achiuwa,26.0
2025-26,1629656,Quentin Grimes,26.0
2025-26,1631245,Quenton Jackson,27.0
2025-26,1642366,Quinten Post,26.0
2025-26,1629628,RJ Barrett,26.0
2025-26,1642853,Rasheer Fleming,21.0
2025-26,1642484,RayJ Dennis,25.0
2025-26,1641712,Rayan Rupert,22.0
2025-26,1642263,Reed Sheppard,22.0
2025-26,1642434,Riley Minix,25.0
2025-26,1642265,Rob Dillingham,21.0
2025-26,1629057,Robert Williams III,28.0
2025-26,1642911,Rocco Zikarsky,19.0
2025-26,1631199,Ron Harper Jr.,26.0
2025-26,1641842,Ronald Holland II,20.0
2025-26,1626220,Royce O'Neale,33.0
2025-26,203497,Rudy Gobert,34.0
2025-26,1629060,Rui Hachimura,28.0
2025-26,201566,Russell Westbrook,37.0
2025-26,1642346,Ryan Dunn,23.0
2025-26,1641750,Ryan Kalkbrenner,24.0
2025-26,1642948,Ryan Nembhard,23.0
2025-26,1631157,Ryan Rollins,23.0
2025-26,1630180,Saddiq Bey,27.0
2025-26,1630573,Sam Hauser,28.0
2025-26,1630241,Sam Merrill,30.0
2025-26,1630572,Sandro Mamukelashvili,27.0
2025-26,1630583,Santi Aldama,25.0
2025-26,1630703,Scoot Henderson,22.0
2025-26,1630567,Scottie Barnes,24.0
2025-26,1630590,Scotty Pippen Jr.,25.0
2025-26,1642951,Sean Pedulla,23.0
2025-26,203552,Seth Curry,35.0
2025-26,1631101,Shaedon Sharpe,23.0
2025-26,1628983,Shai Gilgeous-Alexander,27.0
2025-26,1630536,Sharife Cooper,25.0
2025-26,1631321,Sidy Cissoko,22.0
2025-26,1631323,Simone Fontecchio,30.0
2025-26,1642883,Sion James,23.0
2025-26,1627746,Skal Labissiere,30.0
2025-26,1642461,Spencer Jones,25.0
2025-26,1630649,Stanley Umude,27.0
2025-26,201939,Stephen Curry,38.0
2025-26,1642264,Stephon Castle,21.0
2025-26,203500,Steven Adams,32.0
2025-26,1629004,Svi Mykhailiuk,29.0
2025-26,204456,T.J. McConnell,34.0
2025-26,1643007,Taelon Peter,24.0
2025-26,201959,Taj Gibson,41.0
2025-26,1631106,Tari Eason,25.0
2025-26,1627752,Taurean Prince,32.0
2025-26,1641707,Taylor Hendricks,22.0
2025-26,1629611,Terance Mann,29.0
2025-26,1630545,Terrence Shannon Jr,25.0
2025-26,203648,Thanasis Antetokounmpo,33.0
2025-26,1628418,Thomas Bryant,28.0
2025-26,1642275,Tidjane Salaün,20.0
2025-26,203501,Tim Hardaway Jr.,34.0
2025-26,202699,Tobias Harris,33.0
2025-26,1643253,Toby Okani,24.0
2025-26,1642449,Tolu Smith,25.0
2025-26,1628396,Tony Bradley,28.0
2025-26,1641787,Tosan Evbuomwan,25.0
2025-26,1641739,Toumani Camara,26.0
2025-26,1629027,Trae Young,27.0
2025-26,1631218,Trayce Jackson-Davis,26.0
2025-26,1642848,Tre Johnson,20.0
2025-26,1630200,Tre Jones,26.0
2025-26,1630544,Tre Mann,25.0
2025-26,1630570,Trendon Watford,25.0
2025-26,1642280,Trentyn Flowers,21.0
2025-26,1630286,Trevon Scott,29.0
2025-26,1631211,Trevor Keels,22.0
2025-26,1641725,Trey Alexander,23.0
2025-26,1641998,Trey Jemison III,26.0
2025-26,1630530,Trey Murphy III,26.0
2025-26,1642400,Tristan Enaruna,25.0
2025-26,1641774,Tristan Vukcevic,23.0
2025-26,1641783,Tristan da Silva,25.0
2025-26,1641803,Tristen Newton,25.0
2025-26,1629660,Ty Jerome,28.0
2025-26,1631102,TyTy Washington Jr.,24.0
2025-26,1631174,Tyler Burton,26.0
2025-26,1629639,Tyler Herro,26.0
2025-26,1642278,Tyler Kolek,25.0
2025-26,1641890,Tyler Smith,21.0
2025-26,1631213,Tyrese Martin,27.0
2025-26,1630178,Tyrese Maxey,25.0
2025-26,1642878,Tyrese Proctor,22.0
2025-26,1630623,Tyson Etienne,26.0
2025-26,1626145,Tyus Jones,30.0
2025-26,1642845,VJ Edgecombe,20.0
2025-26,1641705,Victor Wembanyama,22.0
2025-26,1631246,Vince Williams Jr.,25.0
2025-26,1642884,Vladislav Goldin,25.0
2025-26,1630249,Vít Krejčí,26.0
2025-26,1631117,Walker Kessler,24.0
2025-26,1642383,Walter Clayton Jr.,23.0
2025-26,1628976,Wendell Carter Jr.,27.0
2025-26,1631111,Wendell Moore Jr.,24.0
2025-26,1642954,Will Richard,23.0
2025-26,1642860,Will Riley,20.0
2025-26,1630214,Xavier Tillman,27.0
2025-26,1642905,Yang Hansen,21.0
2025-26,1642949,Yanic Konan Niederhäuser,23.0
2025-26,1642530,Yuki Kawamura,25.0
2025-26,1642274,Yves Missi,22.0
2025-26,1642258,Zaccharie Risacher,21.0
2025-26,1628380,Zach Collins,28.0
2025-26,1641744,Zach Edey,24.0
2025-26,203897,Zach LaVine,31.0
2025-26,1630192,Zeke Nnaji,25.0
2025-26,1630533,Ziaire Williams,24.0
2025-26,1629627,Zion Williamson,25.0
2025-26,1642389,Zyon Pullin,25.0
